dataset_id,title,url,publisher,guideline,status,check_score,points_lost,issues,suggested_fix
ab1a2463-380e-4150-aed9-e938000e65a7,Mental Health Prompts (Hindi),https://civicdataspace.in/datasets/ab1a2463-380e-4150-aed9-e938000e65a7,CivicDataLab,1.2 Description / Summary,fail,10,10.8,"Description is only 1 sentence. | Description does not state the time period covered. | Description does not state the geographic coverage. | Description does not say who collected or compiled the data. | Description does not state the periodicity (daily, monthly, annual…). | Description does not state the purpose or intended use.","Expand the description to 2–5 sentences. | State the years the data covers in the description. | Say which geography the data covers (country / state / district level). | Name the organisation that collected or compiled the data (and the method if derived). | Mention how often the data is recorded or updated (e.g. 'annual', 'daily'). | Add one line on what the dataset is intended to support."
984f16c9-9959-4a07-9b04-9a951ee7cd03,Prompt_test_cases_Agriculture_Assamese,https://civicdataspace.in/datasets/984f16c9-9959-4a07-9b04-9a951ee7cd03,CivicDataLab,1.2 Description / Summary,fail,10,10.8,"Description is only 1 sentence. | Description does not state the time period covered. | Description does not state the geographic coverage. | Description does not say who collected or compiled the data. | Description does not state the periodicity (daily, monthly, annual…). | Description does not state the purpose or intended use.","Expand the description to 2–5 sentences. | State the years the data covers in the description. | Say which geography the data covers (country / state / district level). | Name the organisation that collected or compiled the data (and the method if derived). | Mention how often the data is recorded or updated (e.g. 'annual', 'daily'). | Add one line on what the dataset is intended to support."
7e876e22-af77-40e1-aa97-f47eee3ee56f,District-wise Damage to Public utilities in Punjab from 1968 to 2022 (April to March),https://civicdataspace.in/datasets/7e876e22-af77-40e1-aa97-f47eee3ee56f,Prashasti Yadav,1.2 Description / Summary,fail,10,10.8,"Description is only 1 sentence. | Description does not state the time period covered. | Description does not state the geographic coverage. | Description does not say who collected or compiled the data. | Description does not state the periodicity (daily, monthly, annual…). | Description does not state the purpose or intended use.","Expand the description to 2–5 sentences. | State the years the data covers in the description. | Say which geography the data covers (country / state / district level). | Name the organisation that collected or compiled the data (and the method if derived). | Mention how often the data is recorded or updated (e.g. 'annual', 'daily'). | Add one line on what the dataset is intended to support."
a3949557-7e54-4c9d-9840-3a652b72117d,District-wise Area affected in Punjab from 1969 to 2022(April to March),https://civicdataspace.in/datasets/a3949557-7e54-4c9d-9840-3a652b72117d,Prashasti Yadav,1.2 Description / Summary,fail,10,10.8,"Description is only 1 sentence. | Description does not state the time period covered. | Description does not state the geographic coverage. | Description does not say who collected or compiled the data. | Description does not state the periodicity (daily, monthly, annual…). | Description does not state the purpose or intended use.","Expand the description to 2–5 sentences. | State the years the data covers in the description. | Say which geography the data covers (country / state / district level). | Name the organisation that collected or compiled the data (and the method if derived). | Mention how often the data is recorded or updated (e.g. 'annual', 'daily'). | Add one line on what the dataset is intended to support."
0c9dabe3-2c10-413b-a876-d840070d5cc4,District-wise Houses damaged (Private) in Punjab from 1968 to 2022 (April to March),https://civicdataspace.in/datasets/0c9dabe3-2c10-413b-a876-d840070d5cc4,Prashasti Yadav,1.2 Description / Summary,fail,10,10.8,"Description is only 1 sentence. | Description does not state the time period covered. | Description does not state the geographic coverage. | Description does not say who collected or compiled the data. | Description does not state the periodicity (daily, monthly, annual…). | Description does not state the purpose or intended use.","Expand the description to 2–5 sentences. | State the years the data covers in the description. | Say which geography the data covers (country / state / district level). | Name the organisation that collected or compiled the data (and the method if derived). | Mention how often the data is recorded or updated (e.g. 'annual', 'daily'). | Add one line on what the dataset is intended to support."
be93fd4e-2176-40c5-b11c-0141fc6a9e91,CROP-dataset-Odia,https://civicdataspace.in/datasets/be93fd4e-2176-40c5-b11c-0141fc6a9e91,Divitamayee Deogam,1.2 Description / Summary,fail,10,10.8,"Description is only 1 sentence. | Description does not state the time period covered. | Description does not state the geographic coverage. | Description does not say who collected or compiled the data. | Description does not state the periodicity (daily, monthly, annual…). | Description does not state the purpose or intended use.","Expand the description to 2–5 sentences. | State the years the data covers in the description. | Say which geography the data covers (country / state / district level). | Name the organisation that collected or compiled the data (and the method if derived). | Mention how often the data is recorded or updated (e.g. 'annual', 'daily'). | Add one line on what the dataset is intended to support."
86da8970-c68b-4da2-ac41-1e796ab05d74,Assamese NLP Dataset Repository,https://civicdataspace.in/datasets/86da8970-c68b-4da2-ac41-1e796ab05d74,Jahnabi Mitra,1.2 Description / Summary,fail,10,10.8,"Description is only 1 sentence. | Description does not state the time period covered. | Description does not state the geographic coverage. | Description does not say who collected or compiled the data. | Description does not state the periodicity (daily, monthly, annual…). | Description does not state the purpose or intended use.","Expand the description to 2–5 sentences. | State the years the data covers in the description. | Say which geography the data covers (country / state / district level). | Name the organisation that collected or compiled the data (and the method if derived). | Mention how often the data is recorded or updated (e.g. 'annual', 'daily'). | Add one line on what the dataset is intended to support."
bc43b3ef-7300-4db9-83f1-0b3b9ce7d372,District-wise Human Lives lost in Punjab from 1969 to 2022 (April to March),https://civicdataspace.in/datasets/bc43b3ef-7300-4db9-83f1-0b3b9ce7d372,Prashasti Yadav,1.2 Description / Summary,fail,10,10.8,"Description is only 1 sentence. | Description does not state the time period covered. | Description does not state the geographic coverage. | Description does not say who collected or compiled the data. | Description does not state the periodicity (daily, monthly, annual…). | Description does not state the purpose or intended use.","Expand the description to 2–5 sentences. | State the years the data covers in the description. | Say which geography the data covers (country / state / district level). | Name the organisation that collected or compiled the data (and the method if derived). | Mention how often the data is recorded or updated (e.g. 'annual', 'daily'). | Add one line on what the dataset is intended to support."
d559e5dc-e23e-44c0-8f89-00eb894a0b7b,Asia Pacific health dataset,https://civicdataspace.in/datasets/d559e5dc-e23e-44c0-8f89-00eb894a0b7b,Tarun Aggarwal,1.2 Description / Summary,fail,10,10.8,"Description is only 1 sentence. | Description does not state the time period covered. | Description does not state the geographic coverage. | Description does not say who collected or compiled the data. | Description does not state the periodicity (daily, monthly, annual…). | Description does not state the purpose or intended use.","Expand the description to 2–5 sentences. | State the years the data covers in the description. | Say which geography the data covers (country / state / district level). | Name the organisation that collected or compiled the data (and the method if derived). | Mention how often the data is recorded or updated (e.g. 'annual', 'daily'). | Add one line on what the dataset is intended to support."
61c3e3b0-89bb-466a-b2de-120f0061de2e,Odia Monolingual News Corpus,https://civicdataspace.in/datasets/61c3e3b0-89bb-466a-b2de-120f0061de2e,Divitamayee Deogam,1.2 Description / Summary,fail,10,10.8,"Description is only 1 sentence. | Description does not state the time period covered. | Description does not state the geographic coverage. | Description does not say who collected or compiled the data. | Description does not state the periodicity (daily, monthly, annual…). | Description does not state the purpose or intended use.","Expand the description to 2–5 sentences. | State the years the data covers in the description. | Say which geography the data covers (country / state / district level). | Name the organisation that collected or compiled the data (and the method if derived). | Mention how often the data is recorded or updated (e.g. 'annual', 'daily'). | Add one line on what the dataset is intended to support."
9a903e52-4db3-4cba-a3d1-cd8a83c45f43,Mental Health Adversarial Prompts (English),https://civicdataspace.in/datasets/9a903e52-4db3-4cba-a3d1-cd8a83c45f43,CivicDataLab,1.2 Description / Summary,fail,10,10.8,"Description is only 1 sentence. | Description does not state the time period covered. | Description does not state the geographic coverage. | Description does not say who collected or compiled the data. | Description does not state the periodicity (daily, monthly, annual…). | Description does not state the purpose or intended use.","Expand the description to 2–5 sentences. | State the years the data covers in the description. | Say which geography the data covers (country / state / district level). | Name the organisation that collected or compiled the data (and the method if derived). | Mention how often the data is recorded or updated (e.g. 'annual', 'daily'). | Add one line on what the dataset is intended to support."
6734a2e0-5295-4bd3-ae5f-7623e2cf1cba,Odia Text Dataset,https://civicdataspace.in/datasets/6734a2e0-5295-4bd3-ae5f-7623e2cf1cba,Divitamayee Deogam,1.2 Description / Summary,fail,10,10.8,"Description is only 1 sentence. | Description does not state the time period covered. | Description does not state the geographic coverage. | Description does not say who collected or compiled the data. | Description does not state the periodicity (daily, monthly, annual…). | Description does not state the purpose or intended use.","Expand the description to 2–5 sentences. | State the years the data covers in the description. | Say which geography the data covers (country / state / district level). | Name the organisation that collected or compiled the data (and the method if derived). | Mention how often the data is recorded or updated (e.g. 'annual', 'daily'). | Add one line on what the dataset is intended to support."
d7df85a3-9ee3-4d76-b60a-8d3e8bf4a9d7,Odia News Classification,https://civicdataspace.in/datasets/d7df85a3-9ee3-4d76-b60a-8d3e8bf4a9d7,Divitamayee Deogam,1.2 Description / Summary,fail,10,10.8,"Description is only 1 sentence. | Description does not state the time period covered. | Description does not state the geographic coverage. | Description does not say who collected or compiled the data. | Description does not state the periodicity (daily, monthly, annual…). | Description does not state the purpose or intended use.","Expand the description to 2–5 sentences. | State the years the data covers in the description. | Say which geography the data covers (country / state / district level). | Name the organisation that collected or compiled the data (and the method if derived). | Mention how often the data is recorded or updated (e.g. 'annual', 'daily'). | Add one line on what the dataset is intended to support."
8ecb5aa1-cb8d-48ba-99c6-bf6c88df9cce,Assamese agri related farmer queries (CDL Hackathon),https://civicdataspace.in/datasets/8ecb5aa1-cb8d-48ba-99c6-bf6c88df9cce,Thakshak B,1.2 Description / Summary,fail,10,10.8,"Description is only 1 sentence. | Description does not state the time period covered. | Description does not state the geographic coverage. | Description does not say who collected or compiled the data. | Description does not state the periodicity (daily, monthly, annual…). | Description does not state the purpose or intended use.","Expand the description to 2–5 sentences. | State the years the data covers in the description. | Say which geography the data covers (country / state / district level). | Name the organisation that collected or compiled the data (and the method if derived). | Mention how often the data is recorded or updated (e.g. 'annual', 'daily'). | Add one line on what the dataset is intended to support."
8e553b1d-0f02-46b4-9b78-f658d4d8494c,SpeeD-TB - Kokborok,https://civicdataspace.in/datasets/8e553b1d-0f02-46b4-9b78-f658d4d8494c,Sridhar S,1.2 Description / Summary,fail,10,10.8,"Description is only 1 sentence. | Description does not state the time period covered. | Description does not state the geographic coverage. | Description does not say who collected or compiled the data. | Description does not state the periodicity (daily, monthly, annual…). | Description does not state the purpose or intended use.","Expand the description to 2–5 sentences. | State the years the data covers in the description. | Say which geography the data covers (country / state / district level). | Name the organisation that collected or compiled the data (and the method if derived). | Mention how often the data is recorded or updated (e.g. 'annual', 'daily'). | Add one line on what the dataset is intended to support."
44669ce4-a85d-4d88-bab3-893f08a61edd,Pali,https://civicdataspace.in/datasets/44669ce4-a85d-4d88-bab3-893f08a61edd,Sridhar S,1.2 Description / Summary,fail,10,10.8,"Description is only 1 sentence. | Description does not state the time period covered. | Description does not state the geographic coverage. | Description does not say who collected or compiled the data. | Description does not state the periodicity (daily, monthly, annual…). | Description does not state the purpose or intended use.","Expand the description to 2–5 sentences. | State the years the data covers in the description. | Say which geography the data covers (country / state / district level). | Name the organisation that collected or compiled the data (and the method if derived). | Mention how often the data is recorded or updated (e.g. 'annual', 'daily'). | Add one line on what the dataset is intended to support."
8f0f26d9-5147-42ae-9220-0a6ec9b81da0,Pending Cases in India,https://civicdataspace.in/datasets/8f0f26d9-5147-42ae-9220-0a6ec9b81da0,JusticeHub,1.2 Description / Summary,fail,10,10.8,"Description is only 1 sentence. | Description does not state the time period covered. | Description does not state the geographic coverage. | Description does not say who collected or compiled the data. | Description does not state the periodicity (daily, monthly, annual…). | Description does not state the purpose or intended use.","Expand the description to 2–5 sentences. | State the years the data covers in the description. | Say which geography the data covers (country / state / district level). | Name the organisation that collected or compiled the data (and the method if derived). | Mention how often the data is recorded or updated (e.g. 'annual', 'daily'). | Add one line on what the dataset is intended to support."
50079941-ba34-4ae2-b920-a5c4388572eb,Budget At A Glance 2025-26,https://civicdataspace.in/datasets/50079941-ba34-4ae2-b920-a5c4388572eb,Prashasti Yadav,1.2 Description / Summary,fail,20,9.6,"Description is only 1 sentence. | Description just repeats the title. | Description does not state the geographic coverage. | Description does not say who collected or compiled the data. | Description does not state the periodicity (daily, monthly, annual…). | Description does not state the purpose or intended use.","Expand the description to 2–5 sentences. | Replace the repeated title with a real summary. | Say which geography the data covers (country / state / district level). | Name the organisation that collected or compiled the data (and the method if derived). | Mention how often the data is recorded or updated (e.g. 'annual', 'daily'). | Add one line on what the dataset is intended to support."
512a94f2-84fa-4a57-b354-4eb6332f5556,SpeeD-TB - Meitei,https://civicdataspace.in/datasets/512a94f2-84fa-4a57-b354-4eb6332f5556,Sridhar S,1.2 Description / Summary,fail,20,9.6,"Description is only 1 sentence. | Description does not state the time period covered. | Description does not state the geographic coverage. | Description does not say who collected or compiled the data. | Description does not state the periodicity (daily, monthly, annual…).","Expand the description to 2–5 sentences. | State the years the data covers in the description. | Say which geography the data covers (country / state / district level). | Name the organisation that collected or compiled the data (and the method if derived). | Mention how often the data is recorded or updated (e.g. 'annual', 'daily')."
c8eb58b8-0c4f-4cf1-bde7-b9702fc4e4d2,DOST Helpdesk,https://civicdataspace.in/datasets/c8eb58b8-0c4f-4cf1-bde7-b9702fc4e4d2,CivicDataLab,1.2 Description / Summary,fail,25,9.0,"Description does not state the time period covered. | Description does not state the geographic coverage. | Description does not say who collected or compiled the data. | Description does not state the periodicity (daily, monthly, annual…). | Description does not state the purpose or intended use.","State the years the data covers in the description. | Say which geography the data covers (country / state / district level). | Name the organisation that collected or compiled the data (and the method if derived). | Mention how often the data is recorded or updated (e.g. 'annual', 'daily'). | Add one line on what the dataset is intended to support."
6f37bc88-2d03-4e2a-8b0f-2f56200744ba,Types of Language Dataset Guide,https://civicdataspace.in/datasets/6f37bc88-2d03-4e2a-8b0f-2f56200744ba,CivicDataLab,1.2 Description / Summary,fail,25,9.0,"Description does not state the time period covered. | Description does not state the geographic coverage. | Description does not say who collected or compiled the data. | Description does not state the periodicity (daily, monthly, annual…). | Description does not state the purpose or intended use.","State the years the data covers in the description. | Say which geography the data covers (country / state / district level). | Name the organisation that collected or compiled the data (and the method if derived). | Mention how often the data is recorded or updated (e.g. 'annual', 'daily'). | Add one line on what the dataset is intended to support."
8e8dbbbb-25de-4247-8dd9-f7d702bb73c0,Dataset Preparation Guidelines,https://civicdataspace.in/datasets/8e8dbbbb-25de-4247-8dd9-f7d702bb73c0,CivicDataLab,1.2 Description / Summary,fail,25,9.0,"Description does not state the time period covered. | Description does not state the geographic coverage. | Description does not say who collected or compiled the data. | Description does not state the periodicity (daily, monthly, annual…). | Description does not state the purpose or intended use.","State the years the data covers in the description. | Say which geography the data covers (country / state / district level). | Name the organisation that collected or compiled the data (and the method if derived). | Mention how often the data is recorded or updated (e.g. 'annual', 'daily'). | Add one line on what the dataset is intended to support."
3e8186ae-b8a6-4579-be92-36a548520dac,Spatiotemporal Modeling of Aedes aegypti Risk: Enhancing Dengue Virus Control through Meteorological and Remote Sensing Data in French Guiana,https://civicdataspace.in/datasets/3e8186ae-b8a6-4579-be92-36a548520dac,Pasteur Network,1.2 Description / Summary,fail,25,9.0,"Description does not state the time period covered. | Description does not state the geographic coverage. | Description does not say who collected or compiled the data. | Description does not state the periodicity (daily, monthly, annual…). | Description does not state the purpose or intended use.","State the years the data covers in the description. | Say which geography the data covers (country / state / district level). | Name the organisation that collected or compiled the data (and the method if derived). | Mention how often the data is recorded or updated (e.g. 'annual', 'daily'). | Add one line on what the dataset is intended to support."
95ddbc2a-c04c-4802-93c9-90d806b6d56d,HPSDMA Memorandum of Loss and Damage,https://civicdataspace.in/datasets/95ddbc2a-c04c-4802-93c9-90d806b6d56d,Himachal Pradesh State Disaster Management Authority (HPSDMA),1.2 Description / Summary,fail,25,9.0,"Description is only 1 sentence. | Description does not state the time period covered. | Description does not state the geographic coverage. | Description does not state the periodicity (daily, monthly, annual…). | Description does not state the purpose or intended use.","Expand the description to 2–5 sentences. | State the years the data covers in the description. | Say which geography the data covers (country / state / district level). | Mention how often the data is recorded or updated (e.g. 'annual', 'daily'). | Add one line on what the dataset is intended to support."
2cc4b1c5-df4e-4332-9d57-2786bfd92352,OdiaNLP NMT Repo,https://civicdataspace.in/datasets/2cc4b1c5-df4e-4332-9d57-2786bfd92352,Divitamayee Deogam,1.2 Description / Summary,fail,25,9.0,"Description does not state the time period covered. | Description does not state the geographic coverage. | Description does not say who collected or compiled the data. | Description does not state the periodicity (daily, monthly, annual…). | Description does not state the purpose or intended use.","State the years the data covers in the description. | Say which geography the data covers (country / state / district level). | Name the organisation that collected or compiled the data (and the method if derived). | Mention how often the data is recorded or updated (e.g. 'annual', 'daily'). | Add one line on what the dataset is intended to support."
69f7f41f-5344-4100-bd7e-56888d303666,CLASSER – Fine-grained NER for Indic Languages,https://civicdataspace.in/datasets/69f7f41f-5344-4100-bd7e-56888d303666,Jahnabi Mitra,1.2 Description / Summary,fail,25,9.0,"Description does not state the time period covered. | Description does not state the geographic coverage. | Description does not say who collected or compiled the data. | Description does not state the periodicity (daily, monthly, annual…). | Description does not state the purpose or intended use.","State the years the data covers in the description. | Say which geography the data covers (country / state / district level). | Name the organisation that collected or compiled the data (and the method if derived). | Mention how often the data is recorded or updated (e.g. 'annual', 'daily'). | Add one line on what the dataset is intended to support."
4807543d-8bde-4fac-bbb2-f2f277db85fc,HPSDMA: Taru Hazard Risk and Vulnerability Assessment,https://civicdataspace.in/datasets/4807543d-8bde-4fac-bbb2-f2f277db85fc,Himachal Pradesh State Disaster Management Authority (HPSDMA),1.2 Description / Summary,fail,25,9.0,"Description is only 1 sentence. | Description does not state the time period covered. | Description does not state the geographic coverage. | Description does not state the periodicity (daily, monthly, annual…). | Description does not state the purpose or intended use.","Expand the description to 2–5 sentences. | State the years the data covers in the description. | Say which geography the data covers (country / state / district level). | Mention how often the data is recorded or updated (e.g. 'annual', 'daily'). | Add one line on what the dataset is intended to support."
5bc5632e-9cb4-411e-b036-8cabaec61619,hindi_odia_dataset,https://civicdataspace.in/datasets/5bc5632e-9cb4-411e-b036-8cabaec61619,Divitamayee Deogam,1.2 Description / Summary,fail,25,9.0,"Description does not state the time period covered. | Description does not state the geographic coverage. | Description does not say who collected or compiled the data. | Description does not state the periodicity (daily, monthly, annual…). | Description does not state the purpose or intended use.","State the years the data covers in the description. | Say which geography the data covers (country / state / district level). | Name the organisation that collected or compiled the data (and the method if derived). | Mention how often the data is recorded or updated (e.g. 'annual', 'daily'). | Add one line on what the dataset is intended to support."
509d6195-8e95-4df4-8280-f73c9cd567d4,Odia Structured Dictionary,https://civicdataspace.in/datasets/509d6195-8e95-4df4-8280-f73c9cd567d4,Divitamayee Deogam,1.2 Description / Summary,fail,25,9.0,"Description does not state the time period covered. | Description does not state the geographic coverage. | Description does not say who collected or compiled the data. | Description does not state the periodicity (daily, monthly, annual…). | Description does not state the purpose or intended use.","State the years the data covers in the description. | Say which geography the data covers (country / state / district level). | Name the organisation that collected or compiled the data (and the method if derived). | Mention how often the data is recorded or updated (e.g. 'annual', 'daily'). | Add one line on what the dataset is intended to support."
ea8616df-7288-4fb7-8478-22db9338e31e,Dictionary: English Odia word pairs,https://civicdataspace.in/datasets/ea8616df-7288-4fb7-8478-22db9338e31e,Divitamayee Deogam,1.2 Description / Summary,fail,25,9.0,"Description does not state the time period covered. | Description does not state the geographic coverage. | Description does not say who collected or compiled the data. | Description does not state the periodicity (daily, monthly, annual…). | Description does not state the purpose or intended use.","State the years the data covers in the description. | Say which geography the data covers (country / state / district level). | Name the organisation that collected or compiled the data (and the method if derived). | Mention how often the data is recorded or updated (e.g. 'annual', 'daily'). | Add one line on what the dataset is intended to support."
1b11f9d0-4414-4f64-aa6b-e65074674687,Assamese Mental Health Adversarial Prompts,https://civicdataspace.in/datasets/1b11f9d0-4414-4f64-aa6b-e65074674687,CivicDataLab,1.2 Description / Summary,fail,25,9.0,"Description does not state the time period covered. | Description does not state the geographic coverage. | Description does not say who collected or compiled the data. | Description does not state the periodicity (daily, monthly, annual…). | Description does not state the purpose or intended use.","State the years the data covers in the description. | Say which geography the data covers (country / state / district level). | Name the organisation that collected or compiled the data (and the method if derived). | Mention how often the data is recorded or updated (e.g. 'annual', 'daily'). | Add one line on what the dataset is intended to support."
8d780994-644e-4670-9fbc-cf73e06f9858,PahariLi Dataset,https://civicdataspace.in/datasets/8d780994-644e-4670-9fbc-cf73e06f9858,Avantik Zinta,1.2 Description / Summary,fail,25,9.0,"Description does not state the time period covered. | Description does not state the geographic coverage. | Description does not say who collected or compiled the data. | Description does not state the periodicity (daily, monthly, annual…). | Description does not state the purpose or intended use.","State the years the data covers in the description. | Say which geography the data covers (country / state / district level). | Name the organisation that collected or compiled the data (and the method if derived). | Mention how often the data is recorded or updated (e.g. 'annual', 'daily'). | Add one line on what the dataset is intended to support."
4c387b40-3e56-4523-97cf-1ddd51a69f88,Bhram-IL (Gujarati),https://civicdataspace.in/datasets/4c387b40-3e56-4523-97cf-1ddd51a69f88,CivicDataLab,1.2 Description / Summary,fail,25,9.0,"Description does not state the time period covered. | Description does not state the geographic coverage. | Description does not say who collected or compiled the data. | Description does not state the periodicity (daily, monthly, annual…). | Description does not state the purpose or intended use.","State the years the data covers in the description. | Say which geography the data covers (country / state / district level). | Name the organisation that collected or compiled the data (and the method if derived). | Mention how often the data is recorded or updated (e.g. 'annual', 'daily'). | Add one line on what the dataset is intended to support."
4c7598be-3315-4632-bdbe-7fe305bddf57,Bhram-IL (Marathi),https://civicdataspace.in/datasets/4c7598be-3315-4632-bdbe-7fe305bddf57,CivicDataLab,1.2 Description / Summary,fail,25,9.0,"Description does not state the time period covered. | Description does not state the geographic coverage. | Description does not say who collected or compiled the data. | Description does not state the periodicity (daily, monthly, annual…). | Description does not state the purpose or intended use.","State the years the data covers in the description. | Say which geography the data covers (country / state / district level). | Name the organisation that collected or compiled the data (and the method if derived). | Mention how often the data is recorded or updated (e.g. 'annual', 'daily'). | Add one line on what the dataset is intended to support."
cb93d9ec-587b-4b7d-b893-2413897ac4a6,BHRAM-IL (Hindi),https://civicdataspace.in/datasets/cb93d9ec-587b-4b7d-b893-2413897ac4a6,CivicDataLab,1.2 Description / Summary,fail,25,9.0,"Description does not state the time period covered. | Description does not state the geographic coverage. | Description does not say who collected or compiled the data. | Description does not state the periodicity (daily, monthly, annual…). | Description does not state the purpose or intended use.","State the years the data covers in the description. | Say which geography the data covers (country / state / district level). | Name the organisation that collected or compiled the data (and the method if derived). | Mention how often the data is recorded or updated (e.g. 'annual', 'daily'). | Add one line on what the dataset is intended to support."
9d50ff35-eb9a-4d77-b4ab-2d717c79fb93,Bhram-IL (Odia),https://civicdataspace.in/datasets/9d50ff35-eb9a-4d77-b4ab-2d717c79fb93,CivicDataLab,1.2 Description / Summary,fail,25,9.0,"Description does not state the time period covered. | Description does not state the geographic coverage. | Description does not say who collected or compiled the data. | Description does not state the periodicity (daily, monthly, annual…). | Description does not state the purpose or intended use.","State the years the data covers in the description. | Say which geography the data covers (country / state / district level). | Name the organisation that collected or compiled the data (and the method if derived). | Mention how often the data is recorded or updated (e.g. 'annual', 'daily'). | Add one line on what the dataset is intended to support."
2e97e3e2-b19d-4ee4-b5d1-13bb5ce9f0ec,Dogri Dataset,https://civicdataspace.in/datasets/2e97e3e2-b19d-4ee4-b5d1-13bb5ce9f0ec,Avantik Zinta,1.2 Description / Summary,fail,25,9.0,"Description does not state the time period covered. | Description does not state the geographic coverage. | Description does not say who collected or compiled the data. | Description does not state the periodicity (daily, monthly, annual…). | Description does not state the purpose or intended use.","State the years the data covers in the description. | Say which geography the data covers (country / state / district level). | Name the organisation that collected or compiled the data (and the method if derived). | Mention how often the data is recorded or updated (e.g. 'annual', 'daily'). | Add one line on what the dataset is intended to support."
8e471e7b-9d7d-483c-bba3-11a62aee1191,KHOJ - Dataset about the judges of the Madras High Court,https://civicdataspace.in/datasets/8e471e7b-9d7d-483c-bba3-11a62aee1191,JusticeHub,1.2 Description / Summary,fail,25,9.0,"Description does not state the time period covered. | Description does not state the geographic coverage. | Description does not say who collected or compiled the data. | Description does not state the periodicity (daily, monthly, annual…). | Description does not state the purpose or intended use.","State the years the data covers in the description. | Say which geography the data covers (country / state / district level). | Name the organisation that collected or compiled the data (and the method if derived). | Mention how often the data is recorded or updated (e.g. 'annual', 'daily'). | Add one line on what the dataset is intended to support."
ba4edec4-83c7-4936-9d6d-63a00934f37b,Assamese Poem (কবিতা),https://civicdataspace.in/datasets/ba4edec4-83c7-4936-9d6d-63a00934f37b,Jahnabi Mitra,1.2 Description / Summary,fail,25,9.0,"Description does not state the time period covered. | Description does not state the geographic coverage. | Description does not say who collected or compiled the data. | Description does not state the periodicity (daily, monthly, annual…). | Description does not state the purpose or intended use.","State the years the data covers in the description. | Say which geography the data covers (country / state / district level). | Name the organisation that collected or compiled the data (and the method if derived). | Mention how often the data is recorded or updated (e.g. 'annual', 'daily'). | Add one line on what the dataset is intended to support."
5cd8ca93-a66d-4c04-b90c-73ce5d92d473,A Comprehensive Indian Sign Language ISL Dataset for A to Z Alphabets Using MediaPipe Pose Skeletons,https://civicdataspace.in/datasets/5cd8ca93-a66d-4c04-b90c-73ce5d92d473,Sridhar S,1.2 Description / Summary,fail,25,9.0,"Description does not state the time period covered. | Description does not state the geographic coverage. | Description does not say who collected or compiled the data. | Description does not state the periodicity (daily, monthly, annual…). | Description does not state the purpose or intended use.","State the years the data covers in the description. | Say which geography the data covers (country / state / district level). | Name the organisation that collected or compiled the data (and the method if derived). | Mention how often the data is recorded or updated (e.g. 'annual', 'daily'). | Add one line on what the dataset is intended to support."
c8340221-9438-42d8-9713-bb65bd040712,Microsoft PARIKSHA,https://civicdataspace.in/datasets/c8340221-9438-42d8-9713-bb65bd040712,Saesha Parekh,1.2 Description / Summary,fail,25,9.0,"Description does not state the time period covered. | Description does not state the geographic coverage. | Description does not say who collected or compiled the data. | Description does not state the periodicity (daily, monthly, annual…). | Description does not state the purpose or intended use.","State the years the data covers in the description. | Say which geography the data covers (country / state / district level). | Name the organisation that collected or compiled the data (and the method if derived). | Mention how often the data is recorded or updated (e.g. 'annual', 'daily'). | Add one line on what the dataset is intended to support."
0681f7e5-a38c-454e-b76f-01ae1b840d20,XL-Sum Dataset,https://civicdataspace.in/datasets/0681f7e5-a38c-454e-b76f-01ae1b840d20,Jahnabi Mitra,1.2 Description / Summary,fail,25,9.0,"Description does not state the time period covered. | Description does not state the geographic coverage. | Description does not say who collected or compiled the data. | Description does not state the periodicity (daily, monthly, annual…). | Description does not state the purpose or intended use.","State the years the data covers in the description. | Say which geography the data covers (country / state / district level). | Name the organisation that collected or compiled the data (and the method if derived). | Mention how often the data is recorded or updated (e.g. 'annual', 'daily'). | Add one line on what the dataset is intended to support."
f7129164-0a29-4500-b135-d6f10128f770,Microsoft: PARIKSHA,https://civicdataspace.in/datasets/f7129164-0a29-4500-b135-d6f10128f770,CivicDataLab,1.2 Description / Summary,fail,25,9.0,"Description does not state the time period covered. | Description does not state the geographic coverage. | Description does not say who collected or compiled the data. | Description does not state the periodicity (daily, monthly, annual…). | Description does not state the purpose or intended use.","State the years the data covers in the description. | Say which geography the data covers (country / state / district level). | Name the organisation that collected or compiled the data (and the method if derived). | Mention how often the data is recorded or updated (e.g. 'annual', 'daily'). | Add one line on what the dataset is intended to support."
971759b2-91b9-4191-9e97-2b5aed0df3a9,Microsoft: PARIKSHA (Healthcare | English),https://civicdataspace.in/datasets/971759b2-91b9-4191-9e97-2b5aed0df3a9,CivicDataLab,1.2 Description / Summary,fail,25,9.0,"Description does not state the time period covered. | Description does not state the geographic coverage. | Description does not say who collected or compiled the data. | Description does not state the periodicity (daily, monthly, annual…). | Description does not state the purpose or intended use.","State the years the data covers in the description. | Say which geography the data covers (country / state / district level). | Name the organisation that collected or compiled the data (and the method if derived). | Mention how often the data is recorded or updated (e.g. 'annual', 'daily'). | Add one line on what the dataset is intended to support."
38dd6319-efe2-44ad-a4cf-98dd98611a67,Kangri-Hindi Dataset,https://civicdataspace.in/datasets/38dd6319-efe2-44ad-a4cf-98dd98611a67,Avantik Zinta,1.2 Description / Summary,fail,25,9.0,"Description does not state the time period covered. | Description does not state the geographic coverage. | Description does not say who collected or compiled the data. | Description does not state the periodicity (daily, monthly, annual…). | Description does not state the purpose or intended use.","State the years the data covers in the description. | Say which geography the data covers (country / state / district level). | Name the organisation that collected or compiled the data (and the method if derived). | Mention how often the data is recorded or updated (e.g. 'annual', 'daily'). | Add one line on what the dataset is intended to support."
a162dcf9-1297-4fe8-be91-84e74547561a,Child Budget 2018-2025,https://civicdataspace.in/datasets/a162dcf9-1297-4fe8-be91-84e74547561a,"FinAssam, Finance Department, Government of Assam",1.2 Description / Summary,fail,25,9.0,"Description does not state the time period covered. | Description does not state the geographic coverage. | Description does not say who collected or compiled the data. | Description does not state the periodicity (daily, monthly, annual…). | Description does not state the purpose or intended use.","State the years the data covers in the description. | Say which geography the data covers (country / state / district level). | Name the organisation that collected or compiled the data (and the method if derived). | Mention how often the data is recorded or updated (e.g. 'annual', 'daily'). | Add one line on what the dataset is intended to support."
737f51b1-5fa3-48ff-8d7f-4e85739c9dad,KHOJ - Dataset about the Indian High Court judges,https://civicdataspace.in/datasets/737f51b1-5fa3-48ff-8d7f-4e85739c9dad,JusticeHub,1.2 Description / Summary,fail,25,9.0,"Description does not state the time period covered. | Description does not state the geographic coverage. | Description does not say who collected or compiled the data. | Description does not state the periodicity (daily, monthly, annual…). | Description does not state the purpose or intended use.","State the years the data covers in the description. | Say which geography the data covers (country / state / district level). | Name the organisation that collected or compiled the data (and the method if derived). | Mention how often the data is recorded or updated (e.g. 'annual', 'daily'). | Add one line on what the dataset is intended to support."
7c776a76-a128-4a9d-9ea5-a33b4b63a57f,TamilCOCO,https://civicdataspace.in/datasets/7c776a76-a128-4a9d-9ea5-a33b4b63a57f,Sridhar S,1.2 Description / Summary,fail,25,9.0,"Description does not state the time period covered. | Description does not state the geographic coverage. | Description does not say who collected or compiled the data. | Description does not state the periodicity (daily, monthly, annual…). | Description does not state the purpose or intended use.","State the years the data covers in the description. | Say which geography the data covers (country / state / district level). | Name the organisation that collected or compiled the data (and the method if derived). | Mention how often the data is recorded or updated (e.g. 'annual', 'daily'). | Add one line on what the dataset is intended to support."
37d070d1-74e9-4c1c-809d-bd78ef930079,English to Assamese Dataset,https://civicdataspace.in/datasets/37d070d1-74e9-4c1c-809d-bd78ef930079,Jahnabi Mitra,1.2 Description / Summary,fail,25,9.0,"Description does not state the time period covered. | Description does not state the geographic coverage. | Description does not say who collected or compiled the data. | Description does not state the periodicity (daily, monthly, annual…). | Description does not state the purpose or intended use.","State the years the data covers in the description. | Say which geography the data covers (country / state / district level). | Name the organisation that collected or compiled the data (and the method if derived). | Mention how often the data is recorded or updated (e.g. 'annual', 'daily'). | Add one line on what the dataset is intended to support."
279f0a4d-0ccf-47e0-a7cc-e6f293a58b6e,Himachal Pradesh Tenders,https://civicdataspace.in/datasets/279f0a4d-0ccf-47e0-a7cc-e6f293a58b6e,Himachal Pradesh Tenders,1.2 Description / Summary,fail,30,8.4,"Description is only 1 sentence. | Description does not state the time period covered. | Description does not say who collected or compiled the data. | Description does not state the periodicity (daily, monthly, annual…). | Description does not state the purpose or intended use.","Expand the description to 2–5 sentences. | State the years the data covers in the description. | Name the organisation that collected or compiled the data (and the method if derived). | Mention how often the data is recorded or updated (e.g. 'annual', 'daily'). | Add one line on what the dataset is intended to support."
35cbee63-adf1-4632-9b5e-7c439ad2ba3c,Women's condition in Assam_2025,https://civicdataspace.in/datasets/35cbee63-adf1-4632-9b5e-7c439ad2ba3c,"Directorate of Economics and Statistics, Government of Assam",1.2 Description / Summary,fail,30,8.4,"Description is only 1 sentence. | Description does not state the time period covered. | Description does not say who collected or compiled the data. | Description does not state the periodicity (daily, monthly, annual…). | Description does not state the purpose or intended use.","Expand the description to 2–5 sentences. | State the years the data covers in the description. | Name the organisation that collected or compiled the data (and the method if derived). | Mention how often the data is recorded or updated (e.g. 'annual', 'daily'). | Add one line on what the dataset is intended to support."
533c9497-83d9-41bb-9ada-6190318991b4,Assam Maternal Health,https://civicdataspace.in/datasets/533c9497-83d9-41bb-9ada-6190318991b4,CivicDataLab,1.2 Description / Summary,fail,30,8.4,"Description is only 1 sentence. | Description does not state the time period covered. | Description does not say who collected or compiled the data. | Description does not state the periodicity (daily, monthly, annual…). | Description does not state the purpose or intended use.","Expand the description to 2–5 sentences. | State the years the data covers in the description. | Name the organisation that collected or compiled the data (and the method if derived). | Mention how often the data is recorded or updated (e.g. 'annual', 'daily'). | Add one line on what the dataset is intended to support."
4f1d5a40-a9ee-4d5c-8829-ab1771029fa1,"Assam State, District and Revenue Circle Administrative Boundary Files",https://civicdataspace.in/datasets/4f1d5a40-a9ee-4d5c-8829-ab1771029fa1,CivicDataLab,1.2 Description / Summary,fail,30,8.4,"Description is only 1 sentence. | Description does not state the time period covered. | Description does not say who collected or compiled the data. | Description does not state the periodicity (daily, monthly, annual…). | Description does not state the purpose or intended use.","Expand the description to 2–5 sentences. | State the years the data covers in the description. | Name the organisation that collected or compiled the data (and the method if derived). | Mention how often the data is recorded or updated (e.g. 'annual', 'daily'). | Add one line on what the dataset is intended to support."
a4e9f457-8c4b-43c1-8ea7-e0afa666be34,Assam Maternal Health,https://civicdataspace.in/datasets/a4e9f457-8c4b-43c1-8ea7-e0afa666be34,Open Contracting Partnership,1.2 Description / Summary,fail,30,8.4,"Description is only 1 sentence. | Description does not state the time period covered. | Description does not say who collected or compiled the data. | Description does not state the periodicity (daily, monthly, annual…). | Description does not state the purpose or intended use.","Expand the description to 2–5 sentences. | State the years the data covers in the description. | Name the organisation that collected or compiled the data (and the method if derived). | Mention how often the data is recorded or updated (e.g. 'annual', 'daily'). | Add one line on what the dataset is intended to support."
501422ec-923b-46d7-a4f2-5333af46331b,Bangkok Budget Details,https://civicdataspace.in/datasets/501422ec-923b-46d7-a4f2-5333af46331b,BMA,1.2 Description / Summary,fail,30,8.4,"Description is only 1 sentence. | Description does not state the time period covered. | Description does not say who collected or compiled the data. | Description does not state the periodicity (daily, monthly, annual…). | Description does not state the purpose or intended use.","Expand the description to 2–5 sentences. | State the years the data covers in the description. | Name the organisation that collected or compiled the data (and the method if derived). | Mention how often the data is recorded or updated (e.g. 'annual', 'daily'). | Add one line on what the dataset is intended to support."
b4246d18-67fe-429e-baee-c19502931156,CALPRA Case details Assam,https://civicdataspace.in/datasets/b4246d18-67fe-429e-baee-c19502931156,CivicDataLab,1.2 Description / Summary,fail,30,8.4,"Description is only 1 sentence. | Description does not state the time period covered. | Description does not say who collected or compiled the data. | Description does not state the periodicity (daily, monthly, annual…). | Description does not state the purpose or intended use.","Expand the description to 2–5 sentences. | State the years the data covers in the description. | Name the organisation that collected or compiled the data (and the method if derived). | Mention how often the data is recorded or updated (e.g. 'annual', 'daily'). | Add one line on what the dataset is intended to support."
14f28519-8039-4531-b1aa-6bf72f8aece2,Bangkok Fire and Other Disaster Management Report,https://civicdataspace.in/datasets/14f28519-8039-4531-b1aa-6bf72f8aece2,BMA,1.2 Description / Summary,fail,30,8.4,"Description is only 1 sentence. | Description does not state the time period covered. | Description does not say who collected or compiled the data. | Description does not state the periodicity (daily, monthly, annual…). | Description does not state the purpose or intended use.","Expand the description to 2–5 sentences. | State the years the data covers in the description. | Name the organisation that collected or compiled the data (and the method if derived). | Mention how often the data is recorded or updated (e.g. 'annual', 'daily'). | Add one line on what the dataset is intended to support."
bb4a8324-a4e6-440a-94ec-6216477abc56,Dataset Onboarding Toolkit,https://civicdataspace.in/datasets/bb4a8324-a4e6-440a-94ec-6216477abc56,CivicDataLab,1.2 Description / Summary,fail,35,7.8,"Description does not state the time period covered. | Description does not state the geographic coverage. | Description does not say who collected or compiled the data. | Description does not state the periodicity (daily, monthly, annual…).","State the years the data covers in the description. | Say which geography the data covers (country / state / district level). | Name the organisation that collected or compiled the data (and the method if derived). | Mention how often the data is recorded or updated (e.g. 'annual', 'daily')."
0bdfe6b8-a4d3-4ef3-ad3a-3f8858efdce6,Identifying Language Dataset Guide,https://civicdataspace.in/datasets/0bdfe6b8-a4d3-4ef3-ad3a-3f8858efdce6,CivicDataLab,1.2 Description / Summary,fail,35,7.8,"Description does not state the time period covered. | Description does not state the geographic coverage. | Description does not say who collected or compiled the data. | Description does not state the periodicity (daily, monthly, annual…).","State the years the data covers in the description. | Say which geography the data covers (country / state / district level). | Name the organisation that collected or compiled the data (and the method if derived). | Mention how often the data is recorded or updated (e.g. 'annual', 'daily')."
cb74b5be-b735-4108-bf56-2f67b79c7fc1,Climate and Health Observatory Accelerator Project,https://civicdataspace.in/datasets/cb74b5be-b735-4108-bf56-2f67b79c7fc1,CivicDataLab,1.2 Description / Summary,fail,35,7.8,"Description does not state the time period covered. | Description does not state the geographic coverage. | Description does not say who collected or compiled the data. | Description does not state the periodicity (daily, monthly, annual…).","State the years the data covers in the description. | Say which geography the data covers (country / state / district level). | Name the organisation that collected or compiled the data (and the method if derived). | Mention how often the data is recorded or updated (e.g. 'annual', 'daily')."
9693a4b6-7c24-45c3-800a-92914c5b9714,Assamese ASR Dataset,https://civicdataspace.in/datasets/9693a4b6-7c24-45c3-800a-92914c5b9714,Jahnabi Mitra,1.2 Description / Summary,fail,35,7.8,"Description does not state the time period covered. | Description does not state the geographic coverage. | Description does not say who collected or compiled the data. | Description does not state the periodicity (daily, monthly, annual…).","State the years the data covers in the description. | Say which geography the data covers (country / state / district level). | Name the organisation that collected or compiled the data (and the method if derived). | Mention how often the data is recorded or updated (e.g. 'annual', 'daily')."
84caefe5-fce4-4d50-9a64-dc8ab57864cf,odia_dataset,https://civicdataspace.in/datasets/84caefe5-fce4-4d50-9a64-dc8ab57864cf,Divitamayee Deogam,1.2 Description / Summary,fail,35,7.8,"Description does not state the time period covered. | Description does not state the geographic coverage. | Description does not say who collected or compiled the data. | Description does not state the periodicity (daily, monthly, annual…).","State the years the data covers in the description. | Say which geography the data covers (country / state / district level). | Name the organisation that collected or compiled the data (and the method if derived). | Mention how often the data is recorded or updated (e.g. 'annual', 'daily')."
bd187bae-236c-4105-9575-5002fdbdc6c7,Odia News Dataset,https://civicdataspace.in/datasets/bd187bae-236c-4105-9575-5002fdbdc6c7,Divitamayee Deogam,1.2 Description / Summary,fail,35,7.8,"Description does not state the time period covered. | Description does not state the geographic coverage. | Description does not say who collected or compiled the data. | Description does not state the periodicity (daily, monthly, annual…).","State the years the data covers in the description. | Say which geography the data covers (country / state / district level). | Name the organisation that collected or compiled the data (and the method if derived). | Mention how often the data is recorded or updated (e.g. 'annual', 'daily')."
dac6114c-0c1e-466b-a42c-3f4fe09f8b80,Multilingual Indian Sentiment Data,https://civicdataspace.in/datasets/dac6114c-0c1e-466b-a42c-3f4fe09f8b80,Divitamayee Deogam,1.2 Description / Summary,fail,35,7.8,"Description does not state the time period covered. | Description does not state the geographic coverage. | Description does not say who collected or compiled the data. | Description does not state the periodicity (daily, monthly, annual…).","State the years the data covers in the description. | Say which geography the data covers (country / state / district level). | Name the organisation that collected or compiled the data (and the method if derived). | Mention how often the data is recorded or updated (e.g. 'annual', 'daily')."
0458f4d3-d833-4f20-9ffc-83b36d4d4697,Takri Font Dataset,https://civicdataspace.in/datasets/0458f4d3-d833-4f20-9ffc-83b36d4d4697,Avantik Zinta,1.2 Description / Summary,fail,35,7.8,"Description does not state the time period covered. | Description does not state the geographic coverage. | Description does not say who collected or compiled the data. | Description does not state the periodicity (daily, monthly, annual…).","State the years the data covers in the description. | Say which geography the data covers (country / state / district level). | Name the organisation that collected or compiled the data (and the method if derived). | Mention how often the data is recorded or updated (e.g. 'annual', 'daily')."
e8cb7d4c-d85a-4a16-b6a5-07f25230104b,Background of Indian Supreme Court Judges,https://civicdataspace.in/datasets/e8cb7d4c-d85a-4a16-b6a5-07f25230104b,JusticeHub,1.2 Description / Summary,fail,35,7.8,"Description does not state the time period covered. | Description does not state the geographic coverage. | Description does not say who collected or compiled the data. | Description does not state the periodicity (daily, monthly, annual…).","State the years the data covers in the description. | Say which geography the data covers (country / state / district level). | Name the organisation that collected or compiled the data (and the method if derived). | Mention how often the data is recorded or updated (e.g. 'annual', 'daily')."
f89bc070-61f3-4906-928d-3290deb701d3,Object Head Wise Expenditure Report 23-26,https://civicdataspace.in/datasets/f89bc070-61f3-4906-928d-3290deb701d3,"FinAssam, Finance Department, Government of Assam",1.2 Description / Summary,fail,35,7.8,"Description does not state the time period covered. | Description does not state the geographic coverage. | Description does not say who collected or compiled the data. | Description does not state the periodicity (daily, monthly, annual…).","State the years the data covers in the description. | Say which geography the data covers (country / state / district level). | Name the organisation that collected or compiled the data (and the method if derived). | Mention how often the data is recorded or updated (e.g. 'annual', 'daily')."
8bb66216-3b5c-45bd-825a-55da0fbcc082,MLRD-20 Marathi Lip Reading,https://civicdataspace.in/datasets/8bb66216-3b5c-45bd-825a-55da0fbcc082,Sridhar S,1.2 Description / Summary,fail,35,7.8,"Description does not state the time period covered. | Description does not state the geographic coverage. | Description does not say who collected or compiled the data. | Description does not state the periodicity (daily, monthly, annual…).","State the years the data covers in the description. | Say which geography the data covers (country / state / district level). | Name the organisation that collected or compiled the data (and the method if derived). | Mention how often the data is recorded or updated (e.g. 'annual', 'daily')."
9dad8108-41e6-4dcd-b012-8ef638d127ce,Open Odia Corpus,https://civicdataspace.in/datasets/9dad8108-41e6-4dcd-b012-8ef638d127ce,Divitamayee Deogam,1.2 Description / Summary,fail,35,7.8,"Description does not state the time period covered. | Description does not state the geographic coverage. | Description does not say who collected or compiled the data. | Description does not state the periodicity (daily, monthly, annual…).","State the years the data covers in the description. | Say which geography the data covers (country / state / district level). | Name the organisation that collected or compiled the data (and the method if derived). | Mention how often the data is recorded or updated (e.g. 'annual', 'daily')."
f07c7047-3f08-484c-bc73-331084ca0b24,New dataset 31 Aug 2026 - 09:12:20,https://civicdataspace.in/datasets/f07c7047-3f08-484c-bc73-331084ca0b24,Nikil Augustine,1.2 Description / Summary,fail,35,7.8,"Description does not state the time period covered. | Description does not state the geographic coverage. | Description does not say who collected or compiled the data. | Description does not state the periodicity (daily, monthly, annual…).","State the years the data covers in the description. | Say which geography the data covers (country / state / district level). | Name the organisation that collected or compiled the data (and the method if derived). | Mention how often the data is recorded or updated (e.g. 'annual', 'daily')."
e7de500b-4163-4b20-a0ff-35b517c53754,DigiGreen: Human Curated QA Dataset (Agriculture) (English),https://civicdataspace.in/datasets/e7de500b-4163-4b20-a0ff-35b517c53754,CivicDataLab,1.2 Description / Summary,fail,35,7.8,"Description does not state the time period covered. | Description does not state the geographic coverage. | Description does not say who collected or compiled the data. | Description does not state the periodicity (daily, monthly, annual…).","State the years the data covers in the description. | Say which geography the data covers (country / state / district level). | Name the organisation that collected or compiled the data (and the method if derived). | Mention how often the data is recorded or updated (e.g. 'annual', 'daily')."
d4291706-0a9a-4063-b2ea-de840dc14a40,Imphal Municipal Corporation: Budget Summary Statement,https://civicdataspace.in/datasets/d4291706-0a9a-4063-b2ea-de840dc14a40,Imphal Municipal Corporation,1.2 Description / Summary,fail,35,7.8,"Description is only 1 sentence. | Description just repeats the title. | Description does not state the time period covered. | Description does not state the periodicity (daily, monthly, annual…). | Description does not state the purpose or intended use.","Expand the description to 2–5 sentences. | Replace the repeated title with a real summary. | State the years the data covers in the description. | Mention how often the data is recorded or updated (e.g. 'annual', 'daily'). | Add one line on what the dataset is intended to support."
71382798-d3fe-4ce3-b0f0-5e0e8b0ad136,Gandhinagar Municipal Corporation: Budget Summary Statement,https://civicdataspace.in/datasets/71382798-d3fe-4ce3-b0f0-5e0e8b0ad136,Gandhinagar Municipal Corporation,1.2 Description / Summary,fail,35,7.8,"Description is only 1 sentence. | Description just repeats the title. | Description does not state the time period covered. | Description does not state the periodicity (daily, monthly, annual…). | Description does not state the purpose or intended use.","Expand the description to 2–5 sentences. | Replace the repeated title with a real summary. | State the years the data covers in the description. | Mention how often the data is recorded or updated (e.g. 'annual', 'daily'). | Add one line on what the dataset is intended to support."
af53626b-0e3f-4161-a35c-6e779567751f,Vijayawada Municipal Corporation: Budget Summary Statement,https://civicdataspace.in/datasets/af53626b-0e3f-4161-a35c-6e779567751f,Vijayawada Municipal Corporation,1.2 Description / Summary,fail,35,7.8,"Description is only 1 sentence. | Description just repeats the title. | Description does not state the time period covered. | Description does not state the periodicity (daily, monthly, annual…). | Description does not state the purpose or intended use.","Expand the description to 2–5 sentences. | Replace the repeated title with a real summary. | State the years the data covers in the description. | Mention how often the data is recorded or updated (e.g. 'annual', 'daily'). | Add one line on what the dataset is intended to support."
3a1dc7f1-ab47-40b6-9aba-c38ad4bda247,State/UTs-wise Juvenile Homes Under Child Protection Services Scheme - Mission Vatsalya,https://civicdataspace.in/datasets/3a1dc7f1-ab47-40b6-9aba-c38ad4bda247,Rajya Sabha,1.1 Dataset Title,fail,10,7.2,Title is 87 characters (limit 60). | Title contains special characters: / | Title uses abbreviations: UTs | Title does not mention the time period covered.,"Shorten the title to 60 characters or fewer. | Remove special characters from the title (write 'and' instead of '&'). | Spell out abbreviations in the title (e.g. 'India Meteorological Department', not 'IMD'). | Add the period covered to the title, e.g. '(2000–2020)'."
856a8f02-90f0-4af1-8534-62a9731299ce,NASADEM SRTM Digital Elevation Model,https://civicdataspace.in/datasets/856a8f02-90f0-4af1-8534-62a9731299ce,NASADEM,1.2 Description / Summary,fail,40,7.2,"Description does not state the time period covered. | Description does not state the geographic coverage. | Description does not state the periodicity (daily, monthly, annual…). | Description does not state the purpose or intended use.","State the years the data covers in the description. | Say which geography the data covers (country / state / district level). | Mention how often the data is recorded or updated (e.g. 'annual', 'daily'). | Add one line on what the dataset is intended to support."
23b5d47a-9259-426b-9a26-438a572c539e,Kisan Call Centre (KCC) - Transcripts of Farmers Queries & Answers (Hindi),https://civicdataspace.in/datasets/23b5d47a-9259-426b-9a26-438a572c539e,CivicDataLab,1.1 Dataset Title,fail,10,7.2,Title is 74 characters (limit 60). | Title contains special characters: & | Title uses abbreviations: KCC | Title does not mention the time period covered.,"Shorten the title to 60 characters or fewer. | Remove special characters from the title (write 'and' instead of '&'). | Spell out abbreviations in the title (e.g. 'India Meteorological Department', not 'IMD'). | Add the period covered to the title, e.g. '(2000–2020)'."
e29ea52c-d9dc-4aff-8b81-74071f1e4c8e,Divyang Budget_2019-2025,https://civicdataspace.in/datasets/e29ea52c-d9dc-4aff-8b81-74071f1e4c8e,"FinAssam, Finance Department, Government of Assam",1.2 Description / Summary,fail,40,7.2,"Description does not state the time period covered. | Description does not state the geographic coverage. | Description does not state the periodicity (daily, monthly, annual…). | Description does not state the purpose or intended use.","State the years the data covers in the description. | Say which geography the data covers (country / state / district level). | Mention how often the data is recorded or updated (e.g. 'annual', 'daily'). | Add one line on what the dataset is intended to support."
55b2a082-c4a9-48f7-8b65-2fc84a8cd57a,Tamil Adversarial KCC Queries Prompts,https://civicdataspace.in/datasets/55b2a082-c4a9-48f7-8b65-2fc84a8cd57a,CivicDataLab,1.2 Description / Summary,fail,40,7.2,"Description does not state the time period covered. | Description does not state the geographic coverage. | Description does not state the periodicity (daily, monthly, annual…). | Description does not state the purpose or intended use.","State the years the data covers in the description. | Say which geography the data covers (country / state / district level). | Mention how often the data is recorded or updated (e.g. 'annual', 'daily'). | Add one line on what the dataset is intended to support."
28d9144f-e846-4017-86fc-7af83d078354,NASADEM SRTM Digital Elevation Model,https://civicdataspace.in/datasets/28d9144f-e846-4017-86fc-7af83d078354,NASADEM,1.2 Description / Summary,fail,40,7.2,"Description does not state the time period covered. | Description does not state the geographic coverage. | Description does not state the periodicity (daily, monthly, annual…). | Description does not state the purpose or intended use.","State the years the data covers in the description. | Say which geography the data covers (country / state / district level). | Mention how often the data is recorded or updated (e.g. 'annual', 'daily'). | Add one line on what the dataset is intended to support."
f41b8b02-e153-419f-b821-ebc66025f072,Odisha Budget 2022-23: Gender Budget Final,https://civicdataspace.in/datasets/f41b8b02-e153-419f-b821-ebc66025f072,Finance Department- Government of Odisha,1.2 Description / Summary,fail,40,7.2,"Description is only 1 sentence. | Description just repeats the title. | Description does not say who collected or compiled the data. | Description does not state the periodicity (daily, monthly, annual…). | Description does not state the purpose or intended use.","Expand the description to 2–5 sentences. | Replace the repeated title with a real summary. | Name the organisation that collected or compiled the data (and the method if derived). | Mention how often the data is recorded or updated (e.g. 'annual', 'daily'). | Add one line on what the dataset is intended to support."
df69e9e5-43fd-441c-89e7-71e5d0b11427,"Climate Change Claims in Bangla, Odia, Assamese",https://civicdataspace.in/datasets/df69e9e5-43fd-441c-89e7-71e5d0b11427,Jahnabi Mitra,1.2 Description / Summary,fail,40,7.2,"Description does not state the time period covered. | Description does not state the geographic coverage. | Description does not state the periodicity (daily, monthly, annual…). | Description does not state the purpose or intended use.","State the years the data covers in the description. | Say which geography the data covers (country / state / district level). | Mention how often the data is recorded or updated (e.g. 'annual', 'daily'). | Add one line on what the dataset is intended to support."
3eb1fad4-a8f8-4c4f-b89f-f0a435d370da,Assamese Wikimedia Corpus,https://civicdataspace.in/datasets/3eb1fad4-a8f8-4c4f-b89f-f0a435d370da,Jahnabi Mitra,1.2 Description / Summary,fail,40,7.2,"Description does not state the time period covered. | Description does not state the geographic coverage. | Description does not state the periodicity (daily, monthly, annual…). | Description does not state the purpose or intended use.","State the years the data covers in the description. | Say which geography the data covers (country / state / district level). | Mention how often the data is recorded or updated (e.g. 'annual', 'daily'). | Add one line on what the dataset is intended to support."
e21858df-9791-4957-97b3-e8429df674a5,"Unpacking Judicial Data to Track Implementation of the POCSO Act in Assam, Delhi & Haryana",https://civicdataspace.in/datasets/e21858df-9791-4957-97b3-e8429df674a5,JusticeHub,1.1 Dataset Title,fail,10,7.2,Title is 90 characters (limit 60). | Title contains special characters: & | Title uses abbreviations: POCSO | Title does not mention the time period covered.,"Shorten the title to 60 characters or fewer. | Remove special characters from the title (write 'and' instead of '&'). | Spell out abbreviations in the title (e.g. 'India Meteorological Department', not 'IMD'). | Add the period covered to the title, e.g. '(2000–2020)'."
e2ecc466-2158-4cd6-96fe-a7f5429a1d8c,Special Leave Petitions in Supreme Court 2001-2011,https://civicdataspace.in/datasets/e2ecc466-2158-4cd6-96fe-a7f5429a1d8c,JusticeHub,1.2 Description / Summary,fail,40,7.2,"Description does not state the time period covered. | Description does not state the geographic coverage. | Description does not state the periodicity (daily, monthly, annual…). | Description does not state the purpose or intended use.","State the years the data covers in the description. | Say which geography the data covers (country / state / district level). | Mention how often the data is recorded or updated (e.g. 'annual', 'daily'). | Add one line on what the dataset is intended to support."
c8eb58b8-0c4f-4cf1-bde7-b9702fc4e4d2,DOST Helpdesk,https://civicdataspace.in/datasets/c8eb58b8-0c4f-4cf1-bde7-b9702fc4e4d2,CivicDataLab,1.7 Spatial Coverage / Geography,fail,0,7.0,No geographic coverage recorded.,Set the geography (country / state / district) in metadata.
6f37bc88-2d03-4e2a-8b0f-2f56200744ba,Types of Language Dataset Guide,https://civicdataspace.in/datasets/6f37bc88-2d03-4e2a-8b0f-2f56200744ba,CivicDataLab,1.7 Spatial Coverage / Geography,fail,0,7.0,No geographic coverage recorded.,Set the geography (country / state / district) in metadata.
8e8dbbbb-25de-4247-8dd9-f7d702bb73c0,Dataset Preparation Guidelines,https://civicdataspace.in/datasets/8e8dbbbb-25de-4247-8dd9-f7d702bb73c0,CivicDataLab,1.7 Spatial Coverage / Geography,fail,0,7.0,No geographic coverage recorded.,Set the geography (country / state / district) in metadata.
bb4a8324-a4e6-440a-94ec-6216477abc56,Dataset Onboarding Toolkit,https://civicdataspace.in/datasets/bb4a8324-a4e6-440a-94ec-6216477abc56,CivicDataLab,1.7 Spatial Coverage / Geography,fail,0,7.0,No geographic coverage recorded.,Set the geography (country / state / district) in metadata.
0bdfe6b8-a4d3-4ef3-ad3a-3f8858efdce6,Identifying Language Dataset Guide,https://civicdataspace.in/datasets/0bdfe6b8-a4d3-4ef3-ad3a-3f8858efdce6,CivicDataLab,1.7 Spatial Coverage / Geography,fail,0,7.0,No geographic coverage recorded.,Set the geography (country / state / district) in metadata.
3e8186ae-b8a6-4579-be92-36a548520dac,Spatiotemporal Modeling of Aedes aegypti Risk: Enhancing Dengue Virus Control through Meteorological and Remote Sensing Data in French Guiana,https://civicdataspace.in/datasets/3e8186ae-b8a6-4579-be92-36a548520dac,Pasteur Network,1.7 Spatial Coverage / Geography,fail,0,7.0,No geographic coverage recorded.,Set the geography (country / state / district) in metadata.
ab1a2463-380e-4150-aed9-e938000e65a7,Mental Health Prompts (Hindi),https://civicdataspace.in/datasets/ab1a2463-380e-4150-aed9-e938000e65a7,CivicDataLab,1.7 Spatial Coverage / Geography,fail,0,7.0,No geographic coverage recorded.,Set the geography (country / state / district) in metadata.
279f0a4d-0ccf-47e0-a7cc-e6f293a58b6e,Himachal Pradesh Tenders,https://civicdataspace.in/datasets/279f0a4d-0ccf-47e0-a7cc-e6f293a58b6e,Himachal Pradesh Tenders,1.7 Spatial Coverage / Geography,fail,0,7.0,No geographic coverage recorded.,Set the geography (country / state / district) in metadata.
7e876e22-af77-40e1-aa97-f47eee3ee56f,District-wise Damage to Public utilities in Punjab from 1968 to 2022 (April to March),https://civicdataspace.in/datasets/7e876e22-af77-40e1-aa97-f47eee3ee56f,Prashasti Yadav,2.3 Column Naming,fail,0,7.0,"1/56 columns contain spaces or special characters, e.g. 'District/Year'. | Ambiguous column names: 2022, 2021, 2020, 2019, 2018","Rename columns to snake_case (lowercase, words joined with underscores). | Give every column a descriptive name (e.g. district_name, temp_max_c)."
a3949557-7e54-4c9d-9840-3a652b72117d,District-wise Area affected in Punjab from 1969 to 2022(April to March),https://civicdataspace.in/datasets/a3949557-7e54-4c9d-9840-3a652b72117d,Prashasti Yadav,2.3 Column Naming,fail,0,7.0,"1/55 columns contain spaces or special characters, e.g. 'District/Year'. | Ambiguous column names: 2022, 2021, 2020, 2019, 2018","Rename columns to snake_case (lowercase, words joined with underscores). | Give every column a descriptive name (e.g. district_name, temp_max_c)."
cb74b5be-b735-4108-bf56-2f67b79c7fc1,Climate and Health Observatory Accelerator Project,https://civicdataspace.in/datasets/cb74b5be-b735-4108-bf56-2f67b79c7fc1,CivicDataLab,1.7 Spatial Coverage / Geography,fail,0,7.0,No geographic coverage recorded.,Set the geography (country / state / district) in metadata.
0c9dabe3-2c10-413b-a876-d840070d5cc4,District-wise Houses damaged (Private) in Punjab from 1968 to 2022 (April to March),https://civicdataspace.in/datasets/0c9dabe3-2c10-413b-a876-d840070d5cc4,Prashasti Yadav,2.3 Column Naming,fail,0,7.0,"1/56 columns contain spaces or special characters, e.g. 'District/Year'. | Ambiguous column names: 2022, 2021, 2020, 2019, 2018","Rename columns to snake_case (lowercase, words joined with underscores). | Give every column a descriptive name (e.g. district_name, temp_max_c)."
43b62288-5c34-44a1-9433-74bc0ab9ff6f,The 2024 Annual Climate Summary : Global Climate Highlights 2024,https://civicdataspace.in/datasets/43b62288-5c34-44a1-9433-74bc0ab9ff6f,Pasteur Network,1.7 Spatial Coverage / Geography,fail,0,7.0,No geographic coverage recorded.,Set the geography (country / state / district) in metadata.
3a1dc7f1-ab47-40b6-9aba-c38ad4bda247,State/UTs-wise Juvenile Homes Under Child Protection Services Scheme - Mission Vatsalya,https://civicdataspace.in/datasets/3a1dc7f1-ab47-40b6-9aba-c38ad4bda247,Rajya Sabha,2.3 Column Naming,fail,0,7.0,"3/3 columns contain spaces or special characters, e.g. 'Sl. No.'.","Rename columns to snake_case (lowercase, words joined with underscores)."
bc43b3ef-7300-4db9-83f1-0b3b9ce7d372,District-wise Human Lives lost in Punjab from 1969 to 2022 (April to March),https://civicdataspace.in/datasets/bc43b3ef-7300-4db9-83f1-0b3b9ce7d372,Prashasti Yadav,2.3 Column Naming,fail,0,7.0,"1/56 columns contain spaces or special characters, e.g. 'District/Year'. | Ambiguous column names: 2022, 2021, 2020, 2019, 2018","Rename columns to snake_case (lowercase, words joined with underscores). | Give every column a descriptive name (e.g. district_name, temp_max_c)."
856a8f02-90f0-4af1-8534-62a9731299ce,NASADEM SRTM Digital Elevation Model,https://civicdataspace.in/datasets/856a8f02-90f0-4af1-8534-62a9731299ce,NASADEM,1.7 Spatial Coverage / Geography,fail,0,7.0,No geographic coverage recorded.,Set the geography (country / state / district) in metadata.
68e109a7-d6a8-4374-b7fb-b6c38e886715,State/UT-wise Complaints Received by NCPCR Relating to violation of Child Rights including Child Abuse from 2016-17 to 2019-20,https://civicdataspace.in/datasets/68e109a7-d6a8-4374-b7fb-b6c38e886715,Rajya Sabha,2.3 Column Naming,fail,0,7.0,"10/10 columns contain spaces or special characters, e.g. 'S. No. (Col. 1)'. | 6 column names exceed 40 characters.","Rename columns to snake_case (lowercase, words joined with underscores). | Shorten long column names; move detail to the column description."
45e52853-85e0-4b49-b290-3538884a17a7,"State/UT-wise Children covered by Child Care Institutions (CCIs) under the Juvenile Justice (Care and Protection of Children) Act, 2015 & Integrated Child Protection Scheme during 2018-19",https://civicdataspace.in/datasets/45e52853-85e0-4b49-b290-3538884a17a7,Rajya Sabha,2.3 Column Naming,fail,0,7.0,"14/14 columns contain spaces or special characters, e.g. 'Sl. No.'. | 4 column names exceed 40 characters.","Rename columns to snake_case (lowercase, words joined with underscores). | Shorten long column names; move detail to the column description."
28d9144f-e846-4017-86fc-7af83d078354,NASADEM SRTM Digital Elevation Model,https://civicdataspace.in/datasets/28d9144f-e846-4017-86fc-7af83d078354,NASADEM,1.7 Spatial Coverage / Geography,fail,0,7.0,No geographic coverage recorded.,Set the geography (country / state / district) in metadata.
3e72a5d4-23c2-455f-b621-b730b3613783,State/UTs-wise Funds Utilized under Beti Bachao Beti Padhao Scheme from 2018-19 to 2020-21,https://civicdataspace.in/datasets/3e72a5d4-23c2-455f-b621-b730b3613783,Rajya Sabha,2.3 Column Naming,fail,0,7.0,"5/5 columns contain spaces or special characters, e.g. 'Sl. No.'.","Rename columns to snake_case (lowercase, words joined with underscores)."
1d53def5-cd46-4f0a-b0b9-7f3e669c7062,Mission Antyodaya 2020: Bihar,https://civicdataspace.in/datasets/1d53def5-cd46-4f0a-b0b9-7f3e669c7062,Ministry of Rural Development,1.7 Spatial Coverage / Geography,fail,0,7.0,No geographic coverage recorded.,Set the geography (country / state / district) in metadata.
67aed609-cd88-4fab-8b90-ad88401caf01,State/UT-wise Details of Sagar Mitra Approved from 2021-22 to 2023-24,https://civicdataspace.in/datasets/67aed609-cd88-4fab-8b90-ad88401caf01,"Department of Fisheries, Government of India",2.3 Column Naming,fail,0,7.0,"5/5 columns contain spaces or special characters, e.g. 'Sl. No.'.","Rename columns to snake_case (lowercase, words joined with underscores)."
a33c6e71-fd59-4b57-b033-00c9bae34a9a,NASADEM SRTM Digital Elevation Model,https://civicdataspace.in/datasets/a33c6e71-fd59-4b57-b033-00c9bae34a9a,NASADEM,1.7 Spatial Coverage / Geography,fail,0,7.0,No geographic coverage recorded.,Set the geography (country / state / district) in metadata.
fb1b46f2-007e-4fbc-9a83-f2c60a270c6a,"State/UT-wise Number of Child Marriage Cases as per Prohibition of Child Marriage Act, 2006 from 2013 to 2017",https://civicdataspace.in/datasets/fb1b46f2-007e-4fbc-9a83-f2c60a270c6a,Rajya Sabha,2.3 Column Naming,fail,0,7.0,"2/7 columns contain spaces or special characters, e.g. 'Sl. No.'. | Ambiguous column names: 2013, 2014, 2015, 2016, 2017","Rename columns to snake_case (lowercase, words joined with underscores). | Give every column a descriptive name (e.g. district_name, temp_max_c)."
1ae42ff4-12dc-4acd-81c4-b48a53f95515,Status of FTSCs with exclusive POCSO courts set up across Country under NFSW for trial and disposal of pending cases related to rape and POCSO Act -2020,https://civicdataspace.in/datasets/1ae42ff4-12dc-4acd-81c4-b48a53f95515,Rajya Sabha,2.3 Column Naming,fail,0,7.0,"4/4 columns contain spaces or special characters, e.g. 'S.No'. | 1 column names exceed 40 characters.","Rename columns to snake_case (lowercase, words joined with underscores). | Shorten long column names; move detail to the column description."
40a7bd4e-fe04-4454-928c-f03b9fb8ba87,State/UTs-wise Grant Sanctioned under Child Protection Services Scheme from 2016-17 to 2020-21,https://civicdataspace.in/datasets/40a7bd4e-fe04-4454-928c-f03b9fb8ba87,Rajya Sabha,2.3 Column Naming,fail,0,7.0,"7/7 columns contain spaces or special characters, e.g. 'Sl. No.'. | 5 column names exceed 40 characters.","Rename columns to snake_case (lowercase, words joined with underscores). | Shorten long column names; move detail to the column description."
08b93f62-ee95-4e6c-a237-9617e50e6bd8,Bhubaneswar Ward-wise temporal summer mean LST,https://civicdataspace.in/datasets/08b93f62-ee95-4e6c-a237-9617e50e6bd8,CivicDataLab,1.7 Spatial Coverage / Geography,fail,0,7.0,No geographic coverage recorded.,Set the geography (country / state / district) in metadata.
4621b2ae-aecc-402e-8cc8-0848eff62027,Guwahati Ward-wise temporal summer mean LST,https://civicdataspace.in/datasets/4621b2ae-aecc-402e-8cc8-0848eff62027,CivicDataLab,1.7 Spatial Coverage / Geography,fail,0,7.0,No geographic coverage recorded.,Set the geography (country / state / district) in metadata.
f41b8b02-e153-419f-b821-ebc66025f072,Odisha Budget 2022-23: Gender Budget Final,https://civicdataspace.in/datasets/f41b8b02-e153-419f-b821-ebc66025f072,Finance Department- Government of Odisha,2.3 Column Naming,fail,0,7.0,"6/6 columns contain spaces or special characters, e.g. 'Annexure 1'.","Rename columns to snake_case (lowercase, words joined with underscores)."
b7935b94-90be-48a9-adb7-7dfa8ba38acb,State-wise Fund Released under the Scheme of Strengthening Education among ST Girl in Low Literacy Districts from 2018-19 to 2020-21,https://civicdataspace.in/datasets/b7935b94-90be-48a9-adb7-7dfa8ba38acb,Rajya Sabha,2.3 Column Naming,fail,0,7.0,"5/5 columns contain spaces or special characters, e.g. 'Sl. No.'.","Rename columns to snake_case (lowercase, words joined with underscores)."
257c474a-f95c-4996-9ef9-f35fd37c833f,Assam Average Land Surface Temperature (2004-2024),https://civicdataspace.in/datasets/257c474a-f95c-4996-9ef9-f35fd37c833f,CivicDataLab,1.7 Spatial Coverage / Geography,fail,0,7.0,No geographic coverage recorded.,Set the geography (country / state / district) in metadata.
8ecffbe9-0eab-410a-ba32-6bebbb82bc13,State/UT wise Dropout rates of  Girl Students  in Secondary and Elementary Education level (2016-17 to 2019-20),https://civicdataspace.in/datasets/8ecffbe9-0eab-410a-ba32-6bebbb82bc13,Rajya Sabha,2.3 Column Naming,fail,0,7.0,"9/9 columns contain spaces or special characters, e.g. 'State/UT'. | 8 column names exceed 40 characters.","Rename columns to snake_case (lowercase, words joined with underscores). | Shorten long column names; move detail to the column description."
4a54faa4-fd58-4cb9-b8ea-5cdf446a987f,HMIS child health Report Assam 2018-20,https://civicdataspace.in/datasets/4a54faa4-fd58-4cb9-b8ea-5cdf446a987f,CivicDataLab,2.3 Column Naming,fail,0,7.0,"108/108 columns contain spaces or special characters, e.g. 'Performance of Key HMIS Indicators for …'. | 1 column names exceed 40 characters.","Rename columns to snake_case (lowercase, words joined with underscores). | Shorten long column names; move detail to the column description."
360e8cff-50ff-4dfa-b78a-8125116a7cab,"Child Population by Residence and Sex & Child Sex Ratio of Sikkim, 2011",https://civicdataspace.in/datasets/360e8cff-50ff-4dfa-b78a-8125116a7cab,Census of India,2.3 Column Naming,fail,0,7.0,"8/8 columns contain spaces or special characters, e.g. 'SI.No.'. | 1 column names exceed 40 characters.","Rename columns to snake_case (lowercase, words joined with underscores). | Shorten long column names; move detail to the column description."
5efb5c65-61bf-44f5-b103-088ba720cbe5,Guwahati Land Surface Temperature 2022,https://civicdataspace.in/datasets/5efb5c65-61bf-44f5-b103-088ba720cbe5,CivicDataLab,1.7 Spatial Coverage / Geography,fail,0,7.0,No geographic coverage recorded.,Set the geography (country / state / district) in metadata.
179c950b-ce16-4271-b62d-75d98f20a858,Mission Antyodaya 2020,https://civicdataspace.in/datasets/179c950b-ce16-4271-b62d-75d98f20a858,Ministry of Rural Development,1.7 Spatial Coverage / Geography,fail,0,7.0,No geographic coverage recorded.,Set the geography (country / state / district) in metadata.
3dae89d2-a3b5-4dad-8dff-858a2576f3af,Revenue & Receipts 2018-26,https://civicdataspace.in/datasets/3dae89d2-a3b5-4dad-8dff-858a2576f3af,"FinAssam, Finance Department, Government of Assam",1.2 Description / Summary,fail,42,6.9,"Description runs to 6 sentences (guideline: 2–5). | Description does not state the time period covered. | Description does not state the geographic coverage. | Description does not state the periodicity (daily, monthly, annual…).","Tighten the description to at most 5 sentences; move methodology detail to a resource description. | State the years the data covers in the description. | Say which geography the data covers (country / state / district level). | Mention how often the data is recorded or updated (e.g. 'annual', 'daily')."
8e471e7b-9d7d-483c-bba3-11a62aee1191,KHOJ - Dataset about the judges of the Madras High Court,https://civicdataspace.in/datasets/8e471e7b-9d7d-483c-bba3-11a62aee1191,JusticeHub,2.3 Column Naming,fail,3,6.8,"41/43 columns contain spaces or special characters, e.g. 'Name of the Judge'. | 3 column names exceed 40 characters.","Rename columns to snake_case (lowercase, words joined with underscores). | Shorten long column names; move detail to the column description."
f9725ad8-f55a-481a-8906-84999d32c0e5,KHOJ - Dataset about the judges of the Telangana High Court,https://civicdataspace.in/datasets/f9725ad8-f55a-481a-8906-84999d32c0e5,JusticeHub,2.3 Column Naming,fail,3,6.8,"41/43 columns contain spaces or special characters, e.g. 'Name of the Judge'. | 3 column names exceed 40 characters.","Rename columns to snake_case (lowercase, words joined with underscores). | Shorten long column names; move detail to the column description."
69d31be5-7d82-4b38-b12c-f062af988edf,"State/UT-wise CR, Cases Chargesheeted (CCS), Cases Convicted (CON), Persons Arrested (PAR), PCS and Persons Convicted (PCV) on POCSO Act (Section 4 & 6) r/w Rape (Section 376 IPC) from 2014 to 2016",https://civicdataspace.in/datasets/69d31be5-7d82-4b38-b12c-f062af988edf,Rajya Sabha,2.3 Column Naming,fail,3,6.79,"19/20 columns contain spaces or special characters, e.g. 'States/UTs'.","Rename columns to snake_case (lowercase, words joined with underscores)."
a4fb3f18-c047-4e7f-8fd3-0179bf01f671,Victim compensation_POSCO_Assam_Nov 2022,https://civicdataspace.in/datasets/a4fb3f18-c047-4e7f-8fd3-0179bf01f671,CivicDataLab,2.3 Column Naming,fail,3,6.78,"18/19 columns contain spaces or special characters, e.g. 'Date of FIR'. | 6 column names exceed 40 characters.","Rename columns to snake_case (lowercase, words joined with underscores). | Shorten long column names; move detail to the column description."
749c89db-7dfc-4edc-a165-597675aa75fc,NFHS District Fact Sheet - Assam,https://civicdataspace.in/datasets/749c89db-7dfc-4edc-a165-597675aa75fc,CivicDataLab,2.3 Column Naming,fail,4,6.75,"16/17 columns contain spaces or special characters, e.g. 'Mothers who had atleast 1 antenatal vis…'. | 10 column names exceed 40 characters.","Rename columns to snake_case (lowercase, words joined with underscores). | Shorten long column names; move detail to the column description."
3fe1e9b3-94c4-4a19-8742-bfe039bee1c7,NFHS District Fact Sheets - Assam,https://civicdataspace.in/datasets/3fe1e9b3-94c4-4a19-8742-bfe039bee1c7,Open Contracting Partnership,2.3 Column Naming,fail,4,6.75,"16/17 columns contain spaces or special characters, e.g. 'Mothers who had atleast 1 antenatal vis…'. | 10 column names exceed 40 characters.","Rename columns to snake_case (lowercase, words joined with underscores). | Shorten long column names; move detail to the column description."
737f51b1-5fa3-48ff-8d7f-4e85739c9dad,KHOJ - Dataset about the Indian High Court judges,https://civicdataspace.in/datasets/737f51b1-5fa3-48ff-8d7f-4e85739c9dad,JusticeHub,2.3 Column Naming,fail,4,6.71,"41/44 columns contain spaces or special characters, e.g. 'Name of the Judge'. | 3 column names exceed 40 characters.","Rename columns to snake_case (lowercase, words joined with underscores). | Shorten long column names; move detail to the column description."
efcb804b-1e9d-429f-893e-744ce813b82c,HMIS MCH Assam 2022-23,https://civicdataspace.in/datasets/efcb804b-1e9d-429f-893e-744ce813b82c,CivicDataLab,2.3 Column Naming,fail,5,6.68,"12/13 columns contain spaces or special characters, e.g. 'Expected PW (2022-23)'. | 1 column names exceed 40 characters.","Rename columns to snake_case (lowercase, words joined with underscores). | Shorten long column names; move detail to the column description."
7667fe2b-0d20-402c-bd20-8dbd8b30b441,New dataset 09 Dec 2025 - 09:25:41,https://civicdataspace.in/datasets/7667fe2b-0d20-402c-bd20-8dbd8b30b441,CivicDataLab,2.3 Column Naming,fail,5,6.68,"12/13 columns contain spaces or special characters, e.g. 'Expected PW (2022-23)'. | 1 column names exceed 40 characters.","Rename columns to snake_case (lowercase, words joined with underscores). | Shorten long column names; move detail to the column description."
43b62288-5c34-44a1-9433-74bc0ab9ff6f,The 2024 Annual Climate Summary : Global Climate Highlights 2024,https://civicdataspace.in/datasets/43b62288-5c34-44a1-9433-74bc0ab9ff6f,Pasteur Network,1.2 Description / Summary,fail,45,6.6,"Description does not state the geographic coverage. | Description does not say who collected or compiled the data. | Description does not state the periodicity (daily, monthly, annual…). | Description does not state the purpose or intended use.","Say which geography the data covers (country / state / district level). | Name the organisation that collected or compiled the data (and the method if derived). | Mention how often the data is recorded or updated (e.g. 'annual', 'daily'). | Add one line on what the dataset is intended to support."
749c89db-7dfc-4edc-a165-597675aa75fc,NFHS District Fact Sheet - Assam,https://civicdataspace.in/datasets/749c89db-7dfc-4edc-a165-597675aa75fc,CivicDataLab,1.2 Description / Summary,fail,45,6.6,"Description is only 1 sentence. | Description does not state the time period covered. | Description does not state the periodicity (daily, monthly, annual…). | Description does not state the purpose or intended use.","Expand the description to 2–5 sentences. | State the years the data covers in the description. | Mention how often the data is recorded or updated (e.g. 'annual', 'daily'). | Add one line on what the dataset is intended to support."
3fe1e9b3-94c4-4a19-8742-bfe039bee1c7,NFHS District Fact Sheets - Assam,https://civicdataspace.in/datasets/3fe1e9b3-94c4-4a19-8742-bfe039bee1c7,Open Contracting Partnership,1.2 Description / Summary,fail,45,6.6,"Description is only 1 sentence. | Description does not state the time period covered. | Description does not state the periodicity (daily, monthly, annual…). | Description does not state the purpose or intended use.","Expand the description to 2–5 sentences. | State the years the data covers in the description. | Mention how often the data is recorded or updated (e.g. 'annual', 'daily'). | Add one line on what the dataset is intended to support."
3a1dc7f1-ab47-40b6-9aba-c38ad4bda247,State/UTs-wise Juvenile Homes Under Child Protection Services Scheme - Mission Vatsalya,https://civicdataspace.in/datasets/3a1dc7f1-ab47-40b6-9aba-c38ad4bda247,Rajya Sabha,1.2 Description / Summary,fail,45,6.6,"Description does not state the geographic coverage. | Description does not say who collected or compiled the data. | Description does not state the periodicity (daily, monthly, annual…). | Description does not state the purpose or intended use.","Say which geography the data covers (country / state / district level). | Name the organisation that collected or compiled the data (and the method if derived). | Mention how often the data is recorded or updated (e.g. 'annual', 'daily'). | Add one line on what the dataset is intended to support."
5e1a1739-8067-4320-a212-1395791ec78e,KCC English Queries,https://civicdataspace.in/datasets/5e1a1739-8067-4320-a212-1395791ec78e,CivicDataLab,1.2 Description / Summary,fail,45,6.6,"Description does not state the time period covered. | Description does not say who collected or compiled the data. | Description does not state the periodicity (daily, monthly, annual…). | Description does not state the purpose or intended use.","State the years the data covers in the description. | Name the organisation that collected or compiled the data (and the method if derived). | Mention how often the data is recorded or updated (e.g. 'annual', 'daily'). | Add one line on what the dataset is intended to support."
231d1338-60c7-4290-ab47-00df39edb53a,FiNERVINER,https://civicdataspace.in/datasets/231d1338-60c7-4290-ab47-00df39edb53a,Jahnabi Mitra,1.2 Description / Summary,fail,45,6.6,"Description does not state the time period covered. | Description does not say who collected or compiled the data. | Description does not state the periodicity (daily, monthly, annual…). | Description does not state the purpose or intended use.","State the years the data covers in the description. | Name the organisation that collected or compiled the data (and the method if derived). | Mention how often the data is recorded or updated (e.g. 'annual', 'daily'). | Add one line on what the dataset is intended to support."
23b5d47a-9259-426b-9a26-438a572c539e,Kisan Call Centre (KCC) - Transcripts of Farmers Queries & Answers (Hindi),https://civicdataspace.in/datasets/23b5d47a-9259-426b-9a26-438a572c539e,CivicDataLab,1.2 Description / Summary,fail,45,6.6,"Description does not state the time period covered. | Description does not say who collected or compiled the data. | Description does not state the periodicity (daily, monthly, annual…). | Description does not state the purpose or intended use.","State the years the data covers in the description. | Name the organisation that collected or compiled the data (and the method if derived). | Mention how often the data is recorded or updated (e.g. 'annual', 'daily'). | Add one line on what the dataset is intended to support."
69d31be5-7d82-4b38-b12c-f062af988edf,"State/UT-wise CR, Cases Chargesheeted (CCS), Cases Convicted (CON), Persons Arrested (PAR), PCS and Persons Convicted (PCV) on POCSO Act (Section 4 & 6) r/w Rape (Section 376 IPC) from 2014 to 2016",https://civicdataspace.in/datasets/69d31be5-7d82-4b38-b12c-f062af988edf,Rajya Sabha,1.2 Description / Summary,fail,45,6.6,"Description does not state the geographic coverage. | Description does not say who collected or compiled the data. | Description does not state the periodicity (daily, monthly, annual…). | Description does not state the purpose or intended use.","Say which geography the data covers (country / state / district level). | Name the organisation that collected or compiled the data (and the method if derived). | Mention how often the data is recorded or updated (e.g. 'annual', 'daily'). | Add one line on what the dataset is intended to support."
a59afb9a-7003-4b72-b66f-4cff680a5ebf,Himachal Pradesh Distance from River Indicators (Tehsil Level),https://civicdataspace.in/datasets/a59afb9a-7003-4b72-b66f-4cff680a5ebf,CivicDataLab,1.2 Description / Summary,fail,45,6.6,"Description does not state the time period covered. | Description does not say who collected or compiled the data. | Description does not state the periodicity (daily, monthly, annual…). | Description does not state the purpose or intended use.","State the years the data covers in the description. | Name the organisation that collected or compiled the data (and the method if derived). | Mention how often the data is recorded or updated (e.g. 'annual', 'daily'). | Add one line on what the dataset is intended to support."
61e361a7-91e2-445a-9558-3c36f946a795,odia-arc,https://civicdataspace.in/datasets/61e361a7-91e2-445a-9558-3c36f946a795,Divitamayee Deogam,1.2 Description / Summary,fail,45,6.6,"Description does not state the time period covered. | Description does not say who collected or compiled the data. | Description does not state the periodicity (daily, monthly, annual…). | Description does not state the purpose or intended use.","State the years the data covers in the description. | Name the organisation that collected or compiled the data (and the method if derived). | Mention how often the data is recorded or updated (e.g. 'annual', 'daily'). | Add one line on what the dataset is intended to support."
93a26985-5f8d-447a-b6b3-506e2a70c5c9,MCH Procurement data Assam 2019 to 2025,https://civicdataspace.in/datasets/93a26985-5f8d-447a-b6b3-506e2a70c5c9,CivicDataLab,1.2 Description / Summary,fail,45,6.6,"Description does not state the time period covered. | Description does not say who collected or compiled the data. | Description does not state the periodicity (daily, monthly, annual…). | Description does not state the purpose or intended use.","State the years the data covers in the description. | Name the organisation that collected or compiled the data (and the method if derived). | Mention how often the data is recorded or updated (e.g. 'annual', 'daily'). | Add one line on what the dataset is intended to support."
1f813c4c-943b-4962-927a-f04bf7da4f7d,OpenSpeaks Voice,https://civicdataspace.in/datasets/1f813c4c-943b-4962-927a-f04bf7da4f7d,Divitamayee Deogam,1.2 Description / Summary,fail,45,6.6,"Description does not state the geographic coverage. | Description does not say who collected or compiled the data. | Description does not state the periodicity (daily, monthly, annual…). | Description does not state the purpose or intended use.","Say which geography the data covers (country / state / district level). | Name the organisation that collected or compiled the data (and the method if derived). | Mention how often the data is recorded or updated (e.g. 'annual', 'daily'). | Add one line on what the dataset is intended to support."
241897c7-9366-40ce-b8bc-87efa5975105,Odia Wikisource Collection,https://civicdataspace.in/datasets/241897c7-9366-40ce-b8bc-87efa5975105,Divitamayee Deogam,1.2 Description / Summary,fail,45,6.6,"Description does not state the geographic coverage. | Description does not say who collected or compiled the data. | Description does not state the periodicity (daily, monthly, annual…). | Description does not state the purpose or intended use.","Say which geography the data covers (country / state / district level). | Name the organisation that collected or compiled the data (and the method if derived). | Mention how often the data is recorded or updated (e.g. 'annual', 'daily'). | Add one line on what the dataset is intended to support."
5a97eabf-b3af-4ed7-97bd-8734cc818a26,Snow Mountain Dataset,https://civicdataspace.in/datasets/5a97eabf-b3af-4ed7-97bd-8734cc818a26,Avantik Zinta,1.2 Description / Summary,fail,45,6.6,"Description does not state the time period covered. | Description does not say who collected or compiled the data. | Description does not state the periodicity (daily, monthly, annual…). | Description does not state the purpose or intended use.","State the years the data covers in the description. | Name the organisation that collected or compiled the data (and the method if derived). | Mention how often the data is recorded or updated (e.g. 'annual', 'daily'). | Add one line on what the dataset is intended to support."
e7adeb48-b12c-4a23-8606-b2988f447d05,HimVirasat Mandeali Dataset,https://civicdataspace.in/datasets/e7adeb48-b12c-4a23-8606-b2988f447d05,Avantik Zinta,1.2 Description / Summary,fail,45,6.6,"Description does not state the time period covered. | Description does not say who collected or compiled the data. | Description does not state the periodicity (daily, monthly, annual…). | Description does not state the purpose or intended use.","State the years the data covers in the description. | Name the organisation that collected or compiled the data (and the method if derived). | Mention how often the data is recorded or updated (e.g. 'annual', 'daily'). | Add one line on what the dataset is intended to support."
b4cd4bf9-efb6-4771-bf17-51ee80a148eb,Kinnauri Pahari Dataset,https://civicdataspace.in/datasets/b4cd4bf9-efb6-4771-bf17-51ee80a148eb,Avantik Zinta,1.2 Description / Summary,fail,45,6.6,"Description does not state the time period covered. | Description does not say who collected or compiled the data. | Description does not state the periodicity (daily, monthly, annual…). | Description does not state the purpose or intended use.","State the years the data covers in the description. | Name the organisation that collected or compiled the data (and the method if derived). | Mention how often the data is recorded or updated (e.g. 'annual', 'daily'). | Add one line on what the dataset is intended to support."
c3a600db-15f0-4e1a-b93e-c1736483ecf7,Himachal Pradesh Disaster Loss and Damage Indicators (2021-2024),https://civicdataspace.in/datasets/c3a600db-15f0-4e1a-b93e-c1736483ecf7,CivicDataLab,1.2 Description / Summary,fail,45,6.6,"Description does not state the time period covered. | Description does not say who collected or compiled the data. | Description does not state the periodicity (daily, monthly, annual…). | Description does not state the purpose or intended use.","State the years the data covers in the description. | Name the organisation that collected or compiled the data (and the method if derived). | Mention how often the data is recorded or updated (e.g. 'annual', 'daily'). | Add one line on what the dataset is intended to support."
a8cdabc3-36eb-4974-982c-7514d844cfad,Bangkok 50 district,https://civicdataspace.in/datasets/a8cdabc3-36eb-4974-982c-7514d844cfad,BMA,1.2 Description / Summary,fail,45,6.6,"Description does not state the time period covered. | Description does not say who collected or compiled the data. | Description does not state the periodicity (daily, monthly, annual…). | Description does not state the purpose or intended use.","State the years the data covers in the description. | Name the organisation that collected or compiled the data (and the method if derived). | Mention how often the data is recorded or updated (e.g. 'annual', 'daily'). | Add one line on what the dataset is intended to support."
9c994a5a-92d2-46cb-8139-1b3e9a0d97dd,Handbook on Fisheries Statistics,https://civicdataspace.in/datasets/9c994a5a-92d2-46cb-8139-1b3e9a0d97dd,"Department of Fisheries, Government of India",1.2 Description / Summary,fail,45,6.6,"Description does not state the geographic coverage. | Description does not say who collected or compiled the data. | Description does not state the periodicity (daily, monthly, annual…). | Description does not state the purpose or intended use.","Say which geography the data covers (country / state / district level). | Name the organisation that collected or compiled the data (and the method if derived). | Mention how often the data is recorded or updated (e.g. 'annual', 'daily'). | Add one line on what the dataset is intended to support."
1c1861a1-9c48-4cf2-9e70-eba4e13c156b,Mahasuvi Pahari Dataset,https://civicdataspace.in/datasets/1c1861a1-9c48-4cf2-9e70-eba4e13c156b,Avantik Zinta,1.2 Description / Summary,fail,45,6.6,"Description does not state the time period covered. | Description does not say who collected or compiled the data. | Description does not state the periodicity (daily, monthly, annual…). | Description does not state the purpose or intended use.","State the years the data covers in the description. | Name the organisation that collected or compiled the data (and the method if derived). | Mention how often the data is recorded or updated (e.g. 'annual', 'daily'). | Add one line on what the dataset is intended to support."
51f55dbc-61e7-4b40-bd85-850bedec1e04,Child Budget -2018-2024,https://civicdataspace.in/datasets/51f55dbc-61e7-4b40-bd85-850bedec1e04,CivicDataLab,1.2 Description / Summary,fail,45,6.6,"Description does not state the geographic coverage. | Description does not say who collected or compiled the data. | Description does not state the periodicity (daily, monthly, annual…). | Description does not state the purpose or intended use.","Say which geography the data covers (country / state / district level). | Name the organisation that collected or compiled the data (and the method if derived). | Mention how often the data is recorded or updated (e.g. 'annual', 'daily'). | Add one line on what the dataset is intended to support."
b18e3be5-72df-43b3-ab7b-a821a36a2e85,India Justice Report - 2022,https://civicdataspace.in/datasets/b18e3be5-72df-43b3-ab7b-a821a36a2e85,JusticeHub,1.2 Description / Summary,fail,45,6.6,"Description does not state the time period covered. | Description does not say who collected or compiled the data. | Description does not state the periodicity (daily, monthly, annual…). | Description does not state the purpose or intended use.","State the years the data covers in the description. | Name the organisation that collected or compiled the data (and the method if derived). | Mention how often the data is recorded or updated (e.g. 'annual', 'daily'). | Add one line on what the dataset is intended to support."
b8f28492-b865-46cd-82d6-b5a501179739,Odisha Drainage Density,https://civicdataspace.in/datasets/b8f28492-b865-46cd-82d6-b5a501179739,CivicDataLab,1.2 Description / Summary,fail,45,6.6,"Description does not state the time period covered. | Description does not say who collected or compiled the data. | Description does not state the periodicity (daily, monthly, annual…). | Description does not state the purpose or intended use.","State the years the data covers in the description. | Name the organisation that collected or compiled the data (and the method if derived). | Mention how often the data is recorded or updated (e.g. 'annual', 'daily'). | Add one line on what the dataset is intended to support."
0a0ec5e1-0055-4a43-87ed-037223f2ca80,KCC Hindi Queries,https://civicdataspace.in/datasets/0a0ec5e1-0055-4a43-87ed-037223f2ca80,CivicDataLab,1.2 Description / Summary,fail,45,6.6,"Description does not state the time period covered. | Description does not say who collected or compiled the data. | Description does not state the periodicity (daily, monthly, annual…). | Description does not state the purpose or intended use.","State the years the data covers in the description. | Name the organisation that collected or compiled the data (and the method if derived). | Mention how often the data is recorded or updated (e.g. 'annual', 'daily'). | Add one line on what the dataset is intended to support."
f9725ad8-f55a-481a-8906-84999d32c0e5,KHOJ - Dataset about the judges of the Telangana High Court,https://civicdataspace.in/datasets/f9725ad8-f55a-481a-8906-84999d32c0e5,JusticeHub,1.2 Description / Summary,fail,45,6.6,"Description does not state the time period covered. | Description does not say who collected or compiled the data. | Description does not state the periodicity (daily, monthly, annual…). | Description does not state the purpose or intended use.","State the years the data covers in the description. | Name the organisation that collected or compiled the data (and the method if derived). | Mention how often the data is recorded or updated (e.g. 'annual', 'daily'). | Add one line on what the dataset is intended to support."
5a9758b5-7a52-4f4a-9c4e-7460a791a2d1,Union Budget at a Glance (Timeseries) from 1995-1996 (Actuals) to 2024-2025 (Budget Estimates),https://civicdataspace.in/datasets/5a9758b5-7a52-4f4a-9c4e-7460a791a2d1,Ministry of Finance,1.2 Description / Summary,fail,45,6.6,"Description is only 1 sentence. | Description does not state the geographic coverage. | Description does not state the periodicity (daily, monthly, annual…). | Description does not state the purpose or intended use.","Expand the description to 2–5 sentences. | Say which geography the data covers (country / state / district level). | Mention how often the data is recorded or updated (e.g. 'annual', 'daily'). | Add one line on what the dataset is intended to support."
be323aed-d992-4cf7-a6cb-c68967a3315e,East Tusom,https://civicdataspace.in/datasets/be323aed-d992-4cf7-a6cb-c68967a3315e,Sridhar S,1.2 Description / Summary,fail,45,6.6,"Description does not state the time period covered. | Description does not say who collected or compiled the data. | Description does not state the periodicity (daily, monthly, annual…). | Description does not state the purpose or intended use.","State the years the data covers in the description. | Name the organisation that collected or compiled the data (and the method if derived). | Mention how often the data is recorded or updated (e.g. 'annual', 'daily'). | Add one line on what the dataset is intended to support."
06e2f5ed-3239-4854-ad7b-48c5800a27fa,Bangkok Government and Private Hospital Location,https://civicdataspace.in/datasets/06e2f5ed-3239-4854-ad7b-48c5800a27fa,BMA,1.2 Description / Summary,fail,45,6.6,"Description does not state the time period covered. | Description does not say who collected or compiled the data. | Description does not state the periodicity (daily, monthly, annual…). | Description does not state the purpose or intended use.","State the years the data covers in the description. | Name the organisation that collected or compiled the data (and the method if derived). | Mention how often the data is recorded or updated (e.g. 'annual', 'daily'). | Add one line on what the dataset is intended to support."
e8cb7d4c-d85a-4a16-b6a5-07f25230104b,Background of Indian Supreme Court Judges,https://civicdataspace.in/datasets/e8cb7d4c-d85a-4a16-b6a5-07f25230104b,JusticeHub,2.3 Column Naming,fail,6,6.58,"18/20 columns contain spaces or special characters, e.g. 'Date of Appointment'. | 10 column names exceed 40 characters.","Rename columns to snake_case (lowercase, words joined with underscores). | Shorten long column names; move detail to the column description."
c8eb58b8-0c4f-4cf1-bde7-b9702fc4e4d2,DOST Helpdesk,https://civicdataspace.in/datasets/c8eb58b8-0c4f-4cf1-bde7-b9702fc4e4d2,CivicDataLab,2.1 File Format,fail,20,6.4,PDF is not a machine-readable data format.,Publish the underlying data as CSV/JSON (keep the PDF only as supporting documentation).
6f37bc88-2d03-4e2a-8b0f-2f56200744ba,Types of Language Dataset Guide,https://civicdataspace.in/datasets/6f37bc88-2d03-4e2a-8b0f-2f56200744ba,CivicDataLab,2.1 File Format,fail,20,6.4,PDF is not a machine-readable data format.,Publish the underlying data as CSV/JSON (keep the PDF only as supporting documentation).
8e8dbbbb-25de-4247-8dd9-f7d702bb73c0,Dataset Preparation Guidelines,https://civicdataspace.in/datasets/8e8dbbbb-25de-4247-8dd9-f7d702bb73c0,CivicDataLab,2.1 File Format,fail,20,6.4,PDF is not a machine-readable data format.,Publish the underlying data as CSV/JSON (keep the PDF only as supporting documentation).
bb4a8324-a4e6-440a-94ec-6216477abc56,Dataset Onboarding Toolkit,https://civicdataspace.in/datasets/bb4a8324-a4e6-440a-94ec-6216477abc56,CivicDataLab,2.1 File Format,fail,20,6.4,PDF is not a machine-readable data format.,Publish the underlying data as CSV/JSON (keep the PDF only as supporting documentation).
0bdfe6b8-a4d3-4ef3-ad3a-3f8858efdce6,Identifying Language Dataset Guide,https://civicdataspace.in/datasets/0bdfe6b8-a4d3-4ef3-ad3a-3f8858efdce6,CivicDataLab,2.1 File Format,fail,20,6.4,PDF is not a machine-readable data format.,Publish the underlying data as CSV/JSON (keep the PDF only as supporting documentation).
3e8186ae-b8a6-4579-be92-36a548520dac,Spatiotemporal Modeling of Aedes aegypti Risk: Enhancing Dengue Virus Control through Meteorological and Remote Sensing Data in French Guiana,https://civicdataspace.in/datasets/3e8186ae-b8a6-4579-be92-36a548520dac,Pasteur Network,2.1 File Format,fail,20,6.4,PDF is not a machine-readable data format.,Publish the underlying data as CSV/JSON (keep the PDF only as supporting documentation).
cb74b5be-b735-4108-bf56-2f67b79c7fc1,Climate and Health Observatory Accelerator Project,https://civicdataspace.in/datasets/cb74b5be-b735-4108-bf56-2f67b79c7fc1,CivicDataLab,2.1 File Format,fail,20,6.4,PDF is not a machine-readable data format.,Publish the underlying data as CSV/JSON (keep the PDF only as supporting documentation).
95ddbc2a-c04c-4802-93c9-90d806b6d56d,HPSDMA Memorandum of Loss and Damage,https://civicdataspace.in/datasets/95ddbc2a-c04c-4802-93c9-90d806b6d56d,Himachal Pradesh State Disaster Management Authority (HPSDMA),2.1 File Format,fail,20,6.4,[MoU_LossesAndDamages_monsoon2024] PDF is not a machine-readable data format. | [MoU_LossesAndDamages_monsoon2023] PDF is not a machine-readable data format. | [MoU_LossesAndDamages_monsoon2013] PDF is not a machine-readable data format. | [MoU_LossesAndDamages_monsoon2020] PDF is not a machine-readable data format. | [MoU_LossesAndDamages_monsoon2022_otherd…] PDF is not a machine-readable data format. | [MoU_LossesAndDamages_monsoon2022] PDF is not a machine-readable data format. | [Department-lossesandDamages_2017-2022] PDF is not a machine-readable data format.,Publish the underlying data as CSV/JSON (keep the PDF only as supporting documentation).
35cbee63-adf1-4632-9b5e-7c439ad2ba3c,Women's condition in Assam_2025,https://civicdataspace.in/datasets/35cbee63-adf1-4632-9b5e-7c439ad2ba3c,"Directorate of Economics and Statistics, Government of Assam",2.1 File Format,fail,20,6.4,PDF is not a machine-readable data format.,Publish the underlying data as CSV/JSON (keep the PDF only as supporting documentation).
50079941-ba34-4ae2-b920-a5c4388572eb,Budget At A Glance 2025-26,https://civicdataspace.in/datasets/50079941-ba34-4ae2-b920-a5c4388572eb,Prashasti Yadav,2.1 File Format,fail,20,6.4,PDF is not a machine-readable data format.,Publish the underlying data as CSV/JSON (keep the PDF only as supporting documentation).
43b62288-5c34-44a1-9433-74bc0ab9ff6f,The 2024 Annual Climate Summary : Global Climate Highlights 2024,https://civicdataspace.in/datasets/43b62288-5c34-44a1-9433-74bc0ab9ff6f,Pasteur Network,2.1 File Format,fail,20,6.4,PDF is not a machine-readable data format.,Publish the underlying data as CSV/JSON (keep the PDF only as supporting documentation).
86da8970-c68b-4da2-ac41-1e796ab05d74,Assamese NLP Dataset Repository,https://civicdataspace.in/datasets/86da8970-c68b-4da2-ac41-1e796ab05d74,Jahnabi Mitra,2.1 File Format,fail,20,6.4,PDF is not a machine-readable data format.,Publish the underlying data as CSV/JSON (keep the PDF only as supporting documentation).
69f7f41f-5344-4100-bd7e-56888d303666,CLASSER – Fine-grained NER for Indic Languages,https://civicdataspace.in/datasets/69f7f41f-5344-4100-bd7e-56888d303666,Jahnabi Mitra,2.1 File Format,fail,20,6.4,PDF is not a machine-readable data format.,Publish the underlying data as CSV/JSON (keep the PDF only as supporting documentation).
9693a4b6-7c24-45c3-800a-92914c5b9714,Assamese ASR Dataset,https://civicdataspace.in/datasets/9693a4b6-7c24-45c3-800a-92914c5b9714,Jahnabi Mitra,2.1 File Format,fail,20,6.4,PDF is not a machine-readable data format.,Publish the underlying data as CSV/JSON (keep the PDF only as supporting documentation).
4ed151c2-3b1a-4177-b66d-b2185a22ec08,Tender value vs IMR District-wise Assam 2018-19 to 2022-23,https://civicdataspace.in/datasets/4ed151c2-3b1a-4177-b66d-b2185a22ec08,CivicDataLab,2.3 Column Naming,fail,9,6.4,"6/7 columns contain spaces or special characters, e.g. 'Tender value till 2023'.","Rename columns to snake_case (lowercase, words joined with underscores)."
231d1338-60c7-4290-ab47-00df39edb53a,FiNERVINER,https://civicdataspace.in/datasets/231d1338-60c7-4290-ab47-00df39edb53a,Jahnabi Mitra,2.1 File Format,fail,20,6.4,PDF is not a machine-readable data format.,Publish the underlying data as CSV/JSON (keep the PDF only as supporting documentation).
e29ea52c-d9dc-4aff-8b81-74071f1e4c8e,Divyang Budget_2019-2025,https://civicdataspace.in/datasets/e29ea52c-d9dc-4aff-8b81-74071f1e4c8e,"FinAssam, Finance Department, Government of Assam",2.1 File Format,fail,20,6.4,[Divyang Budget_2024-25.pdf] PDF is not a machine-readable data format. | [Divyang Budget_2023-24.pdf] PDF is not a machine-readable data format. | [Divyang Budget_2022-23.pdf] PDF is not a machine-readable data format. | [Divyang Budget_2021-22.pdf] PDF is not a machine-readable data format. | [Divyang Budget_2020-21.pdf] PDF is not a machine-readable data format. | [Divyang Budget_2019-20.pdf] PDF is not a machine-readable data format. | [Divyang Budget_2025-26.pdf] PDF is not a machine-readable data format.,Publish the underlying data as CSV/JSON (keep the PDF only as supporting documentation).
d02df76c-7cec-42dc-bed1-beb7b7592bad,Strategy for New India@75 | NITI Aayog | November 2018,https://civicdataspace.in/datasets/d02df76c-7cec-42dc-bed1-beb7b7592bad,Prashasti Yadav,2.1 File Format,fail,20,6.4,PDF is not a machine-readable data format.,Publish the underlying data as CSV/JSON (keep the PDF only as supporting documentation).
cdaed2cf-782a-4a57-9b67-8f1b43db1b5d,Gender Budget Statement Assam 2018-19 to 2025-26,https://civicdataspace.in/datasets/cdaed2cf-782a-4a57-9b67-8f1b43db1b5d,"FinAssam, Finance Department, Government of Assam",2.1 File Format,fail,20,6.4,[GenderBudget_Assam_2025-26.pdf] PDF is not a machine-readable data format. | [GenderBudget_Assam_2021-22.pdf] PDF is not a machine-readable data format. | [GenderBudget_Assam_2023-24.pdf] PDF is not a machine-readable data format. | [GenderBudget_Assam_2022-23.pdf] PDF is not a machine-readable data format. | [GenderBudget_Assam_2018-19.pdf] PDF is not a machine-readable data format. | [GenderBudget_Assam_2024-25.pdf] PDF is not a machine-readable data format. | [GenderBudget_Assam_2019-20.pdf] PDF is not a machine-readable data format.,Publish the underlying data as CSV/JSON (keep the PDF only as supporting documentation).
c3733db2-4060-405c-9aa1-321950b19481,Working Paper | India's Path To Global Leadership | Strategic Imperatives for Viksit Bharat @2047 | April 2025,https://civicdataspace.in/datasets/c3733db2-4060-405c-9aa1-321950b19481,Prashasti Yadav,2.1 File Format,fail,20,6.4,PDF is not a machine-readable data format.,Publish the underlying data as CSV/JSON (keep the PDF only as supporting documentation).
527e7809-5d96-4e66-a527-76636866eafa,Manipuri Handwritten Character Recognition,https://civicdataspace.in/datasets/527e7809-5d96-4e66-a527-76636866eafa,Jahnabi Mitra,2.1 File Format,fail,20,6.4,PDF is not a machine-readable data format.,Publish the underlying data as CSV/JSON (keep the PDF only as supporting documentation).
f89bc070-61f3-4906-928d-3290deb701d3,Object Head Wise Expenditure Report 23-26,https://civicdataspace.in/datasets/f89bc070-61f3-4906-928d-3290deb701d3,"FinAssam, Finance Department, Government of Assam",2.1 File Format,fail,20,6.4,[Object_Head_Wise_Expenditure_Report 24-…] PDF is not a machine-readable data format. | [Object_Head_Wise_Expenditure_Report 25-…] PDF is not a machine-readable data format. | [Object_Head_Wise_Expenditure_Report 23-…] PDF is not a machine-readable data format.,Publish the underlying data as CSV/JSON (keep the PDF only as supporting documentation).
9c994a5a-92d2-46cb-8139-1b3e9a0d97dd,Handbook on Fisheries Statistics,https://civicdataspace.in/datasets/9c994a5a-92d2-46cb-8139-1b3e9a0d97dd,"Department of Fisheries, Government of India",2.1 File Format,fail,20,6.4,PDF is not a machine-readable data format.,Publish the underlying data as CSV/JSON (keep the PDF only as supporting documentation).
71529257-d58b-462f-895f-a182c44c0a2b,New dataset 06 Oct 2025 - 09:41:07,https://civicdataspace.in/datasets/71529257-d58b-462f-895f-a182c44c0a2b,Himachal Pradesh State Disaster Management Authority (HPSDMA),2.1 File Format,fail,20,6.4,PDF is not a machine-readable data format.,Publish the underlying data as CSV/JSON (keep the PDF only as supporting documentation).
3e6f107d-0201-4492-825c-373bab4753c6,SDG Report_NER,https://civicdataspace.in/datasets/3e6f107d-0201-4492-825c-373bab4753c6,Niti Aayog,2.1 File Format,fail,20,6.4,[NER_SDG_Index_NITI_2021-22.pdf] PDF is not a machine-readable data format. | [SDG-NER-Report_2023-24.pdf] PDF is not a machine-readable data format.,Publish the underlying data as CSV/JSON (keep the PDF only as supporting documentation).
51f55dbc-61e7-4b40-bd85-850bedec1e04,Child Budget -2018-2024,https://civicdataspace.in/datasets/51f55dbc-61e7-4b40-bd85-850bedec1e04,CivicDataLab,2.1 File Format,fail,20,6.4,[Child_Budget-Assam-2018-2019.pdf] PDF is not a machine-readable data format. | [Child_Budget-Assam-2019-20.pdf] PDF is not a machine-readable data format. | [Child_Budget-Assam-2023-24.pdf] PDF is not a machine-readable data format. | [Child_Budget-Assam-2022-23.pdf] PDF is not a machine-readable data format. | [Child_Budget-Assam-2021-22.pdf] PDF is not a machine-readable data format. | [Child_Budget-Assam-2020-21.pdf] PDF is not a machine-readable data format.,Publish the underlying data as CSV/JSON (keep the PDF only as supporting documentation).
a162dcf9-1297-4fe8-be91-84e74547561a,Child Budget 2018-2025,https://civicdataspace.in/datasets/a162dcf9-1297-4fe8-be91-84e74547561a,"FinAssam, Finance Department, Government of Assam",2.1 File Format,fail,20,6.4,[Child Budget 2018-2019.pdf] PDF is not a machine-readable data format. | [Child Budget 2020-21.pdf] PDF is not a machine-readable data format. | [Child Budget 2021-22.pdf] PDF is not a machine-readable data format. | [Child Budget 2022-23.pdf] PDF is not a machine-readable data format. | [Child Budget 2025-26.pdf] PDF is not a machine-readable data format. | [Child Budget 2019-20.pdf] PDF is not a machine-readable data format. | [Child Budget 2023-24.pdf] PDF is not a machine-readable data format.,Publish the underlying data as CSV/JSON (keep the PDF only as supporting documentation).
3dae89d2-a3b5-4dad-8dff-858a2576f3af,Revenue & Receipts 2018-26,https://civicdataspace.in/datasets/3dae89d2-a3b5-4dad-8dff-858a2576f3af,"FinAssam, Finance Department, Government of Assam",2.1 File Format,fail,20,6.4,[Revenue & Receipts 2019-20.pdf] PDF is not a machine-readable data format. | [Revenue & Receipts 2020-21.pdf] PDF is not a machine-readable data format. | [Revenue & Receipts 2021-22.pdf] PDF is not a machine-readable data format. | [Revenue & Receipts 2022-23.pdf] PDF is not a machine-readable data format. | [Revenue & Receipts 2023-24.pdf] PDF is not a machine-readable data format. | [Revenue & Receipts 2024-25.pdf] PDF is not a machine-readable data format. | [Revenue & Receipts 2025-26.pdf] PDF is not a machine-readable data format. | [Revenue & Receipts 2018-2019.pdf] PDF is not a machine-readable data format.,Publish the underlying data as CSV/JSON (keep the PDF only as supporting documentation).
ba892c22-6d06-4c11-b3e2-ac21c9f5a9f8,Natural Calamities Data Odisha 2022-23,https://civicdataspace.in/datasets/ba892c22-6d06-4c11-b3e2-ac21c9f5a9f8,Aashi Srivastava,2.1 File Format,fail,20,6.4,PDF is not a machine-readable data format.,Publish the underlying data as CSV/JSON (keep the PDF only as supporting documentation).
08bc89d4-e562-4858-a5f3-415f51fe911d,Annual Reports-Natural Calamities-Odisha,https://civicdataspace.in/datasets/08bc89d4-e562-4858-a5f3-415f51fe911d,Odisha State Disaster Management Authority (OSDMA),2.1 File Format,fail,20,6.4,[Annual Report 2021-22] PDF is not a machine-readable data format. | [Annual Report 2023-24] PDF is not a machine-readable data format. | [Annual Report 2020-21 ] PDF is not a machine-readable data format. | [Annual Report 2019-20] PDF is not a machine-readable data format. | [Annual Report  2018-19] PDF is not a machine-readable data format. | [Annual Report 2015-16] PDF is not a machine-readable data format. | [Annual Report 2014-15] PDF is not a machine-readable data format. | [Annual Report 2013-14] PDF is not a machine-readable data format. | [Annual Report 2012-13] PDF is not a machine-readable data format. | [Annual Report 2011-12] PDF is not a machine-readable data format. | [Annual Report 2010-11] PDF is not a machine-readable data format. | [Annual Report 2008-09] PDF is not a machine-readable data format. | [Annual Report 2009-10] PDF is not a machine-readable data format. | [Annual Report 2007-08] PDF is not a machine-readable data format. | [Annual Report 2006-07] PDF is not a machine-readable data format. | [Annual Report 2005-06] PDF is not a machine-readable data format. | [Annual Report 2004-05] PDF is not a machine-readable data format. | [Annual Report 2001-02] PDF is not a machine-readable data format. | [Annual Report 2003-04] PDF is not a machine-readable data format. | [Annual Report 2002-03] PDF is not a machine-readable data format. | [Annual Report 2016-17] PDF is not a machine-readable data format. | [Annual Report 2022-23] PDF is not a machine-readable data format. | [Annual Report 2017-18] PDF is not a machine-readable data format.,Publish the underlying data as CSV/JSON (keep the PDF only as supporting documentation).
035b9750-809b-4388-8ca3-43f6ddacb633,The First Information Report Dataset from years 2015-2019,https://civicdataspace.in/datasets/035b9750-809b-4388-8ca3-43f6ddacb633,JusticeHub,2.1 File Format,fail,20,6.4,PDF is not a machine-readable data format.,Publish the underlying data as CSV/JSON (keep the PDF only as supporting documentation).
fa08be7f-9647-462b-8fc1-d218211271da,New dataset 03 Jul 2026 - 10:01:00,https://civicdataspace.in/datasets/fa08be7f-9647-462b-8fc1-d218211271da,Mihika Wakhloo,2.1 File Format,fail,20,6.4,PDF is not a machine-readable data format.,Publish the underlying data as CSV/JSON (keep the PDF only as supporting documentation).
35b5184d-13c9-44db-99f1-59406f5bf78b,Funds Released under Child Protection Services from 2016-17 to 2018-19,https://civicdataspace.in/datasets/35b5184d-13c9-44db-99f1-59406f5bf78b,Rajya Sabha,2.3 Column Naming,fail,9,6.4,"6/7 columns contain spaces or special characters, e.g. 'Si. No'.","Rename columns to snake_case (lowercase, words joined with underscores)."
fa2570a0-ee85-4e45-b2ca-e1b881ccece3,Demand for Estimates General Administration,https://civicdataspace.in/datasets/fa2570a0-ee85-4e45-b2ca-e1b881ccece3,Finance Department Himachal Pradesh,2.1 File Format,fail,20,6.4,PDF is not a machine-readable data format.,Publish the underlying data as CSV/JSON (keep the PDF only as supporting documentation).
3e86e623-17d7-4527-9932-d0156f99e79e,Green Budget 2023-26,https://civicdataspace.in/datasets/3e86e623-17d7-4527-9932-d0156f99e79e,"FinAssam, Finance Department, Government of Assam",2.1 File Format,fail,20,6.4,[green-budget-2024-25 (1).pdf] PDF is not a machine-readable data format. | [Green Budget 2023-24.pdf] PDF is not a machine-readable data format. | [Green Budget 2025-26.pdf] PDF is not a machine-readable data format.,Publish the underlying data as CSV/JSON (keep the PDF only as supporting documentation).
d954cb3c-22fd-41b6-a0c4-54ab2fc553f0,Outcome Budget 2018-2026,https://civicdataspace.in/datasets/d954cb3c-22fd-41b6-a0c4-54ab2fc553f0,"FinAssam, Finance Department, Government of Assam",2.1 File Format,fail,20,6.4,[Outcome Budget 2018-19.pdf] PDF is not a machine-readable data format. | [Outcome Budget 2021-22.pdf] PDF is not a machine-readable data format. | [Outcome Budget 2022-23.pdf] PDF is not a machine-readable data format. | [Outcome Budget 2023-24.pdf] PDF is not a machine-readable data format. | [Outcome Budget 2025-26.pdf] PDF is not a machine-readable data format. | [Outcome Budget 2019-20.pdf] PDF is not a machine-readable data format. | [Outcome Budget 2020-21.pdf] PDF is not a machine-readable data format. | [Outcome Budget 2024-25.pdf] PDF is not a machine-readable data format.,Publish the underlying data as CSV/JSON (keep the PDF only as supporting documentation).
46badaef-63cc-431e-8fc0-345c663b4ed4,Himachal Pradesh Budget Data - Department Wise 2025-26,https://civicdataspace.in/datasets/46badaef-63cc-431e-8fc0-345c663b4ed4,Finance Department Himachal Pradesh,2.1 File Format,fail,20,6.4,[Road & Water Transport BE 2025-26.pdf] PDF is not a machine-readable data format. | [Power Development BE 2025-26.pdf] PDF is not a machine-readable data format. | [Health and Family Welfare BE 2025-26.pdf] PDF is not a machine-readable data format. | [Land Revenue and District Administratio…] PDF is not a machine-readable data format. | [Agriculture BE 2025-26.pdf] PDF is not a machine-readable data format. | [Jal Shakti Vibhag BE 2025-26.pdf] PDF is not a machine-readable data format. | [Urban Development BE 2025-26.pdf] PDF is not a machine-readable data format. | [Forest and Wildlife BE 2025-26.pdf] PDF is not a machine-readable data format. | [Rural Development BE 2025-26 (Including…] PDF is not a machine-readable data format.,Publish the underlying data as CSV/JSON (keep the PDF only as supporting documentation).
47094da1-455d-42f8-8b34-4acaeb1c56e3,Summary Statements 2018-2026,https://civicdataspace.in/datasets/47094da1-455d-42f8-8b34-4acaeb1c56e3,"FinAssam, Finance Department, Government of Assam",2.1 File Format,fail,20,6.4,[Summary Statements 2019-20.pdf] PDF is not a machine-readable data format. | [Summary Statements 2020-21.pdf] PDF is not a machine-readable data format. | [Summary Statements 2021-22.pdf] PDF is not a machine-readable data format. | [Summary Statements 2022-23.pdf] PDF is not a machine-readable data format. | [Summary Statements 2023-24.pdf] PDF is not a machine-readable data format. | [Summary Statements 2024-25.pdf] PDF is not a machine-readable data format. | [Summary Statements 2025-26.pdf] PDF is not a machine-readable data format. | [Summary Statements 2018-19.pdf] PDF is not a machine-readable data format.,Publish the underlying data as CSV/JSON (keep the PDF only as supporting documentation).
e2ecc466-2158-4cd6-96fe-a7f5429a1d8c,Special Leave Petitions in Supreme Court 2001-2011,https://civicdataspace.in/datasets/e2ecc466-2158-4cd6-96fe-a7f5429a1d8c,JusticeHub,2.1 File Format,fail,20,6.4,PDF is not a machine-readable data format.,Publish the underlying data as CSV/JSON (keep the PDF only as supporting documentation).
c4c30f90-60cc-4461-811f-d171cdf584a7,Assam Gender Budget Statement 2018–25,https://civicdataspace.in/datasets/c4c30f90-60cc-4461-811f-d171cdf584a7,"FinAssam, Finance Department, Government of Assam",2.1 File Format,fail,20,6.4,[Gender Budget 2022-23.pdf] PDF is not a machine-readable data format. | [Gender Budget 2024-25.pdf] PDF is not a machine-readable data format. | [Gender Budget 2019-20.pdf] PDF is not a machine-readable data format. | [Gender Budget 2021-22.pdf] PDF is not a machine-readable data format. | [Gender Budget 2018-19.pdf] PDF is not a machine-readable data format. | [Gender Budget 2020-21.pdf] PDF is not a machine-readable data format. | [Gender Budget 2023-24.pdf] PDF is not a machine-readable data format.,Publish the underlying data as CSV/JSON (keep the PDF only as supporting documentation).
1cdab615-0577-42eb-8bd8-63c1e7785d96,Transfer to Local Bodies 2018-2026,https://civicdataspace.in/datasets/1cdab615-0577-42eb-8bd8-63c1e7785d96,"FinAssam, Finance Department, Government of Assam",2.1 File Format,fail,20,6.4,[Transfer to Local Bodies 2023-24.pdf] PDF is not a machine-readable data format. | [Transfer to Local Bodies 2024-25.pdf] PDF is not a machine-readable data format. | [Transfer to Local Bodies 2025-26.pdf] PDF is not a machine-readable data format. | [Transfer to Local Bodies 2019-20.pdf] PDF is not a machine-readable data format. | [Transfer to Local Bodies 2020-21.pdf] PDF is not a machine-readable data format. | [Transfer to Local Bodies 2021-22.pdf] PDF is not a machine-readable data format. | [Transfer to Local Bodies 2022-23.pdf] PDF is not a machine-readable data format. | [Transfer to Local Bodies 2018-19.pdf] PDF is not a machine-readable data format.,Publish the underlying data as CSV/JSON (keep the PDF only as supporting documentation).
1b676973-24f2-48cb-b0e8-8734b26f0e95,Jal Jeevan Mission (National Rural Drinking Water Programme): 2015 - 22,https://civicdataspace.in/datasets/1b676973-24f2-48cb-b0e8-8734b26f0e95,Department of Drinking Water and Sanitation,2.3 Column Naming,fail,9,6.36,"[JJM] 11/13 columns contain spaces or special characters, e.g. 'Financial  Year'. | [JJM] 5 column names exceed 40 characters. | [jjm.xlsx] 11/13 columns contain spaces or special characters, e.g. 'Financial  Year'. | [jjm.xlsx] 5 column names exceed 40 characters.","Rename columns to snake_case (lowercase, words joined with underscores). | Shorten long column names; move detail to the column description."
cdaed2cf-782a-4a57-9b67-8f1b43db1b5d,Gender Budget Statement Assam 2018-19 to 2025-26,https://civicdataspace.in/datasets/cdaed2cf-782a-4a57-9b67-8f1b43db1b5d,"FinAssam, Finance Department, Government of Assam",1.2 Description / Summary,fail,48,6.3,"Description runs to 6 sentences (guideline: 2–5). | Description does not state the time period covered. | Description does not say who collected or compiled the data. | Description does not state the periodicity (daily, monthly, annual…).","Tighten the description to at most 5 sentences; move methodology detail to a resource description. | State the years the data covers in the description. | Name the organisation that collected or compiled the data (and the method if derived). | Mention how often the data is recorded or updated (e.g. 'annual', 'daily')."
88be5d92-ac1d-4305-9280-1b4f3595c1ce,IMR District-wise Assam 2018-19 to 2022-23,https://civicdataspace.in/datasets/88be5d92-ac1d-4305-9280-1b4f3595c1ce,CivicDataLab,2.3 Column Naming,fail,10,6.3,"5/6 columns contain spaces or special characters, e.g. 'IMR (%) (2018-19)'.","Rename columns to snake_case (lowercase, words joined with underscores)."
7858ccac-a92b-4026-a85f-cf0e07b98068,Assam Health Indicators (October 2020),https://civicdataspace.in/datasets/7858ccac-a92b-4026-a85f-cf0e07b98068,Open Contracting Partnership,2.3 Column Naming,fail,10,6.27,"38/46 columns contain spaces or special characters, e.g. 'Unnamed: 0'. | 2 column names exceed 40 characters.","Rename columns to snake_case (lowercase, words joined with underscores). | Shorten long column names; move detail to the column description."
bdf543fd-9d9d-499f-8029-33c3d258bee2,Assam Health Indicators 2020,https://civicdataspace.in/datasets/bdf543fd-9d9d-499f-8029-33c3d258bee2,CivicDataLab,2.3 Column Naming,fail,10,6.27,"38/46 columns contain spaces or special characters, e.g. 'Unnamed: 0'. | 2 column names exceed 40 characters.","Rename columns to snake_case (lowercase, words joined with underscores). | Shorten long column names; move detail to the column description."
e8cb7d4c-d85a-4a16-b6a5-07f25230104b,Background of Indian Supreme Court Judges,https://civicdataspace.in/datasets/e8cb7d4c-d85a-4a16-b6a5-07f25230104b,JusticeHub,2.1 File Format,fail,22,6.2,[Codebook on ‘Indian Supreme Court Judge…] PDF is not a machine-readable data format. | [Who are our Judges.pdf] PDF is not a machine-readable data format. | [Rangin JusticeHub File] XLSX file with no CSV version. | [AN EMPIRICAL ASSESSMENT OF THE COLLEGIU…] PDF is not a machine-readable data format.,Publish the underlying data as CSV/JSON (keep the PDF only as supporting documentation). | Add a CSV version alongside every Excel file.
74c46595-4731-4d84-aa12-4083862bc942,Assam DRIMS Flood Impact and Response Indicators(2021-2026),https://civicdataspace.in/datasets/74c46595-4731-4d84-aa12-4083862bc942,CivicDataLab,2.3 Column Naming,fail,12,6.2,"5/52 columns contain spaces or special characters, e.g. 'Embankment breached__Embankment breached'. | 38 column names exceed 40 characters.","Rename columns to snake_case (lowercase, words joined with underscores). | Shorten long column names; move detail to the column description."
decec4bd-842d-4994-8f76-9c7bd6a99b0a,State-wise Details of Integrated Aquaparks approved under Pradhan Mantri Matsya Sampada Yojana (PMMSY) from 2020-21 to 2024-25,https://civicdataspace.in/datasets/decec4bd-842d-4994-8f76-9c7bd6a99b0a,"Department of Fisheries, Government of India",2.3 Column Naming,fail,12,6.16,"4/5 columns contain spaces or special characters, e.g. 'Sl. No.'. | 3 column names exceed 40 characters.","Rename columns to snake_case (lowercase, words joined with underscores). | Shorten long column names; move detail to the column description."
2a3c1abf-f767-481a-a7af-5b448ce72cb5,Assam Public Procurement Tenders,https://civicdataspace.in/datasets/2a3c1abf-f767-481a-a7af-5b448ce72cb5,CivicDataLab,2.3 Column Naming,fail,12,6.13,"23/29 columns contain spaces or special characters, e.g. 'Tender ID'.","Rename columns to snake_case (lowercase, words joined with underscores)."
37418952-42b5-4253-a8b8-bb7b0f4a4fe3,Himachal Pradesh Public Procurement Tenders,https://civicdataspace.in/datasets/37418952-42b5-4253-a8b8-bb7b0f4a4fe3,CivicDataLab,2.3 Column Naming,fail,13,6.1,"22/28 columns contain spaces or special characters, e.g. 'Tender ID'.","Rename columns to snake_case (lowercase, words joined with underscores)."
22baa45a-6ff4-4ea7-bfe6-5f3d28a6c2db,Odisha Public Procurement Tenders,https://civicdataspace.in/datasets/22baa45a-6ff4-4ea7-bfe6-5f3d28a6c2db,CivicDataLab,2.3 Column Naming,fail,13,6.1,"22/28 columns contain spaces or special characters, e.g. 'Tender ID'.","Rename columns to snake_case (lowercase, words joined with underscores)."
d559e5dc-e23e-44c0-8f89-00eb894a0b7b,Asia Pacific health dataset,https://civicdataspace.in/datasets/d559e5dc-e23e-44c0-8f89-00eb894a0b7b,Tarun Aggarwal,2.3 Column Naming,fail,14,6.03,"10/13 columns contain spaces or special characters, e.g. 'Sub-Region'.","Rename columns to snake_case (lowercase, words joined with underscores)."
52ddf9a2-5452-403b-9d50-b359206a80c6,Uttar Pradesh Tenders,https://civicdataspace.in/datasets/52ddf9a2-5452-403b-9d50-b359206a80c6,CivicDataLab,2.3 Column Naming,fail,14,6.02,"23/30 columns contain spaces or special characters, e.g. 'Tender ID'.","Rename columns to snake_case (lowercase, words joined with underscores)."
c8eb58b8-0c4f-4cf1-bde7-b9702fc4e4d2,DOST Helpdesk,https://civicdataspace.in/datasets/c8eb58b8-0c4f-4cf1-bde7-b9702fc4e4d2,CivicDataLab,1.10 Source Website,fail,0,6.0,No source website recorded.,Add the official page of the organisation that publishes the source data.
6f37bc88-2d03-4e2a-8b0f-2f56200744ba,Types of Language Dataset Guide,https://civicdataspace.in/datasets/6f37bc88-2d03-4e2a-8b0f-2f56200744ba,CivicDataLab,1.10 Source Website,fail,0,6.0,No source website recorded.,Add the official page of the organisation that publishes the source data.
8e8dbbbb-25de-4247-8dd9-f7d702bb73c0,Dataset Preparation Guidelines,https://civicdataspace.in/datasets/8e8dbbbb-25de-4247-8dd9-f7d702bb73c0,CivicDataLab,1.10 Source Website,fail,0,6.0,No source website recorded.,Add the official page of the organisation that publishes the source data.
bb4a8324-a4e6-440a-94ec-6216477abc56,Dataset Onboarding Toolkit,https://civicdataspace.in/datasets/bb4a8324-a4e6-440a-94ec-6216477abc56,CivicDataLab,1.10 Source Website,fail,0,6.0,No source website recorded.,Add the official page of the organisation that publishes the source data.
0bdfe6b8-a4d3-4ef3-ad3a-3f8858efdce6,Identifying Language Dataset Guide,https://civicdataspace.in/datasets/0bdfe6b8-a4d3-4ef3-ad3a-3f8858efdce6,CivicDataLab,1.10 Source Website,fail,0,6.0,No source website recorded.,Add the official page of the organisation that publishes the source data.
3e8186ae-b8a6-4579-be92-36a548520dac,Spatiotemporal Modeling of Aedes aegypti Risk: Enhancing Dengue Virus Control through Meteorological and Remote Sensing Data in French Guiana,https://civicdataspace.in/datasets/3e8186ae-b8a6-4579-be92-36a548520dac,Pasteur Network,1.10 Source Website,fail,0,6.0,No source website recorded.,Add the official page of the organisation that publishes the source data.
ab1a2463-380e-4150-aed9-e938000e65a7,Mental Health Prompts (Hindi),https://civicdataspace.in/datasets/ab1a2463-380e-4150-aed9-e938000e65a7,CivicDataLab,1.10 Source Website,fail,0,6.0,No source website recorded.,Add the official page of the organisation that publishes the source data.
984f16c9-9959-4a07-9b04-9a951ee7cd03,Prompt_test_cases_Agriculture_Assamese,https://civicdataspace.in/datasets/984f16c9-9959-4a07-9b04-9a951ee7cd03,CivicDataLab,1.10 Source Website,fail,0,6.0,No source website recorded.,Add the official page of the organisation that publishes the source data.
cb74b5be-b735-4108-bf56-2f67b79c7fc1,Climate and Health Observatory Accelerator Project,https://civicdataspace.in/datasets/cb74b5be-b735-4108-bf56-2f67b79c7fc1,CivicDataLab,1.10 Source Website,fail,0,6.0,No source website recorded.,Add the official page of the organisation that publishes the source data.
95ddbc2a-c04c-4802-93c9-90d806b6d56d,HPSDMA Memorandum of Loss and Damage,https://civicdataspace.in/datasets/95ddbc2a-c04c-4802-93c9-90d806b6d56d,Himachal Pradesh State Disaster Management Authority (HPSDMA),1.10 Source Website,fail,0,6.0,No source website recorded.,Add the official page of the organisation that publishes the source data.
35cbee63-adf1-4632-9b5e-7c439ad2ba3c,Women's condition in Assam_2025,https://civicdataspace.in/datasets/35cbee63-adf1-4632-9b5e-7c439ad2ba3c,"Directorate of Economics and Statistics, Government of Assam",1.10 Source Website,fail,0,6.0,No source website recorded.,Add the official page of the organisation that publishes the source data.
50079941-ba34-4ae2-b920-a5c4388572eb,Budget At A Glance 2025-26,https://civicdataspace.in/datasets/50079941-ba34-4ae2-b920-a5c4388572eb,Prashasti Yadav,1.10 Source Website,fail,0,6.0,No source website recorded.,Add the official page of the organisation that publishes the source data.
0c9dabe3-2c10-413b-a876-d840070d5cc4,District-wise Houses damaged (Private) in Punjab from 1968 to 2022 (April to March),https://civicdataspace.in/datasets/0c9dabe3-2c10-413b-a876-d840070d5cc4,Prashasti Yadav,1.10 Source Website,fail,0,6.0,No source website recorded.,Add the official page of the organisation that publishes the source data.
43b62288-5c34-44a1-9433-74bc0ab9ff6f,The 2024 Annual Climate Summary : Global Climate Highlights 2024,https://civicdataspace.in/datasets/43b62288-5c34-44a1-9433-74bc0ab9ff6f,Pasteur Network,1.10 Source Website,fail,0,6.0,No source website recorded.,Add the official page of the organisation that publishes the source data.
a57b2567-444d-410d-9fb5-25e959915fef,Cumulative Loss & Damages for Flood Odisha (2022-2023),https://civicdataspace.in/datasets/a57b2567-444d-410d-9fb5-25e959915fef,Odisha State Disaster Management Authority (OSDMA),1.2 Description / Summary,warn,50,6.0,"Description is only 1 sentence. | Description does not say who collected or compiled the data. | Description does not state the periodicity (daily, monthly, annual…). | Description does not state the purpose or intended use.","Expand the description to 2–5 sentences. | Name the organisation that collected or compiled the data (and the method if derived). | Mention how often the data is recorded or updated (e.g. 'annual', 'daily'). | Add one line on what the dataset is intended to support."
a57b2567-444d-410d-9fb5-25e959915fef,Cumulative Loss & Damages for Flood Odisha (2022-2023),https://civicdataspace.in/datasets/a57b2567-444d-410d-9fb5-25e959915fef,Odisha State Disaster Management Authority (OSDMA),1.10 Source Website,fail,0,6.0,No source website recorded.,Add the official page of the organisation that publishes the source data.
3fe1e9b3-94c4-4a19-8742-bfe039bee1c7,NFHS District Fact Sheets - Assam,https://civicdataspace.in/datasets/3fe1e9b3-94c4-4a19-8742-bfe039bee1c7,Open Contracting Partnership,1.10 Source Website,fail,0,6.0,No source website recorded.,Add the official page of the organisation that publishes the source data.
3a1dc7f1-ab47-40b6-9aba-c38ad4bda247,State/UTs-wise Juvenile Homes Under Child Protection Services Scheme - Mission Vatsalya,https://civicdataspace.in/datasets/3a1dc7f1-ab47-40b6-9aba-c38ad4bda247,Rajya Sabha,1.10 Source Website,fail,0,6.0,No source website recorded.,Add the official page of the organisation that publishes the source data.
2cc4b1c5-df4e-4332-9d57-2786bfd92352,OdiaNLP NMT Repo,https://civicdataspace.in/datasets/2cc4b1c5-df4e-4332-9d57-2786bfd92352,Divitamayee Deogam,1.10 Source Website,fail,0,6.0,No source website recorded.,Add the official page of the organisation that publishes the source data.
4807543d-8bde-4fac-bbb2-f2f277db85fc,HPSDMA: Taru Hazard Risk and Vulnerability Assessment,https://civicdataspace.in/datasets/4807543d-8bde-4fac-bbb2-f2f277db85fc,Himachal Pradesh State Disaster Management Authority (HPSDMA),1.10 Source Website,fail,0,6.0,No source website recorded.,Add the official page of the organisation that publishes the source data.
93ab0b46-54fb-4435-910f-103d51141579,Green-Segregated Tender Dataset Assam 2015-2025 (Till October),https://civicdataspace.in/datasets/93ab0b46-54fb-4435-910f-103d51141579,CivicDataLab,1.10 Source Website,fail,0,6.0,No source website recorded.,Add the official page of the organisation that publishes the source data.
d559e5dc-e23e-44c0-8f89-00eb894a0b7b,Asia Pacific health dataset,https://civicdataspace.in/datasets/d559e5dc-e23e-44c0-8f89-00eb894a0b7b,Tarun Aggarwal,1.10 Source Website,fail,0,6.0,No source website recorded.,Add the official page of the organisation that publishes the source data.
9a903e52-4db3-4cba-a3d1-cd8a83c45f43,Mental Health Adversarial Prompts (English),https://civicdataspace.in/datasets/9a903e52-4db3-4cba-a3d1-cd8a83c45f43,CivicDataLab,1.10 Source Website,fail,0,6.0,No source website recorded.,Add the official page of the organisation that publishes the source data.
e5b6026b-bab9-4850-9835-20c6eb6b70b6,Indic Language Data Registry,https://civicdataspace.in/datasets/e5b6026b-bab9-4850-9835-20c6eb6b70b6,CivicDataLab,1.2 Description / Summary,warn,50,6.0,"Description does not state the time period covered. | Description does not state the geographic coverage. | Description does not state the periodicity (daily, monthly, annual…).","State the years the data covers in the description. | Say which geography the data covers (country / state / district level). | Mention how often the data is recorded or updated (e.g. 'annual', 'daily')."
e5b6026b-bab9-4850-9835-20c6eb6b70b6,Indic Language Data Registry,https://civicdataspace.in/datasets/e5b6026b-bab9-4850-9835-20c6eb6b70b6,CivicDataLab,1.10 Source Website,fail,0,6.0,No source website recorded.,Add the official page of the organisation that publishes the source data.
4ed151c2-3b1a-4177-b66d-b2185a22ec08,Tender value vs IMR District-wise Assam 2018-19 to 2022-23,https://civicdataspace.in/datasets/4ed151c2-3b1a-4177-b66d-b2185a22ec08,CivicDataLab,1.2 Description / Summary,warn,50,6.0,"Description is only 1 sentence. | Description does not say who collected or compiled the data. | Description does not state the periodicity (daily, monthly, annual…). | Description does not state the purpose or intended use.","Expand the description to 2–5 sentences. | Name the organisation that collected or compiled the data (and the method if derived). | Mention how often the data is recorded or updated (e.g. 'annual', 'daily'). | Add one line on what the dataset is intended to support."
4ed151c2-3b1a-4177-b66d-b2185a22ec08,Tender value vs IMR District-wise Assam 2018-19 to 2022-23,https://civicdataspace.in/datasets/4ed151c2-3b1a-4177-b66d-b2185a22ec08,CivicDataLab,1.10 Source Website,fail,0,6.0,No source website recorded.,Add the official page of the organisation that publishes the source data.
231d1338-60c7-4290-ab47-00df39edb53a,FiNERVINER,https://civicdataspace.in/datasets/231d1338-60c7-4290-ab47-00df39edb53a,Jahnabi Mitra,1.10 Source Website,fail,0,6.0,No source website recorded.,Add the official page of the organisation that publishes the source data.
68e109a7-d6a8-4374-b7fb-b6c38e886715,State/UT-wise Complaints Received by NCPCR Relating to violation of Child Rights including Child Abuse from 2016-17 to 2019-20,https://civicdataspace.in/datasets/68e109a7-d6a8-4374-b7fb-b6c38e886715,Rajya Sabha,1.10 Source Website,fail,0,6.0,No source website recorded.,Add the official page of the organisation that publishes the source data.
45e52853-85e0-4b49-b290-3538884a17a7,"State/UT-wise Children covered by Child Care Institutions (CCIs) under the Juvenile Justice (Care and Protection of Children) Act, 2015 & Integrated Child Protection Scheme during 2018-19",https://civicdataspace.in/datasets/45e52853-85e0-4b49-b290-3538884a17a7,Rajya Sabha,1.10 Source Website,fail,0,6.0,No source website recorded.,Add the official page of the organisation that publishes the source data.
69d31be5-7d82-4b38-b12c-f062af988edf,"State/UT-wise CR, Cases Chargesheeted (CCS), Cases Convicted (CON), Persons Arrested (PAR), PCS and Persons Convicted (PCV) on POCSO Act (Section 4 & 6) r/w Rape (Section 376 IPC) from 2014 to 2016",https://civicdataspace.in/datasets/69d31be5-7d82-4b38-b12c-f062af988edf,Rajya Sabha,1.10 Source Website,fail,0,6.0,No source website recorded.,Add the official page of the organisation that publishes the source data.
b2505437-cb9a-45f9-b85a-8a6f4868039d,MCH Procurement District-wise Assam 2019 to 2023,https://civicdataspace.in/datasets/b2505437-cb9a-45f9-b85a-8a6f4868039d,CivicDataLab,1.10 Source Website,fail,0,6.0,No source website recorded.,Add the official page of the organisation that publishes the source data.
f9f95e8d-fe66-4f0f-9d38-0d4c266f143e,MCH Procurement Scheme-wise Assam 2019 to 2023,https://civicdataspace.in/datasets/f9f95e8d-fe66-4f0f-9d38-0d4c266f143e,CivicDataLab,1.10 Source Website,fail,0,6.0,No source website recorded.,Add the official page of the organisation that publishes the source data.
1b11f9d0-4414-4f64-aa6b-e65074674687,Assamese Mental Health Adversarial Prompts,https://civicdataspace.in/datasets/1b11f9d0-4414-4f64-aa6b-e65074674687,CivicDataLab,1.10 Source Website,fail,0,6.0,No source website recorded.,Add the official page of the organisation that publishes the source data.
d02df76c-7cec-42dc-bed1-beb7b7592bad,Strategy for New India@75 | NITI Aayog | November 2018,https://civicdataspace.in/datasets/d02df76c-7cec-42dc-bed1-beb7b7592bad,Prashasti Yadav,1.10 Source Website,fail,0,6.0,No source website recorded.,Add the official page of the organisation that publishes the source data.
a4fb3f18-c047-4e7f-8fd3-0179bf01f671,Victim compensation_POSCO_Assam_Nov 2022,https://civicdataspace.in/datasets/a4fb3f18-c047-4e7f-8fd3-0179bf01f671,CivicDataLab,1.10 Source Website,fail,0,6.0,No source website recorded.,Add the official page of the organisation that publishes the source data.
3e72a5d4-23c2-455f-b621-b730b3613783,State/UTs-wise Funds Utilized under Beti Bachao Beti Padhao Scheme from 2018-19 to 2020-21,https://civicdataspace.in/datasets/3e72a5d4-23c2-455f-b621-b730b3613783,Rajya Sabha,1.10 Source Website,fail,0,6.0,No source website recorded.,Add the official page of the organisation that publishes the source data.
c3733db2-4060-405c-9aa1-321950b19481,Working Paper | India's Path To Global Leadership | Strategic Imperatives for Viksit Bharat @2047 | April 2025,https://civicdataspace.in/datasets/c3733db2-4060-405c-9aa1-321950b19481,Prashasti Yadav,1.2 Description / Summary,warn,50,6.0,"Description is only 1 sentence. | Description does not say who collected or compiled the data. | Description does not state the periodicity (daily, monthly, annual…). | Description does not state the purpose or intended use.","Expand the description to 2–5 sentences. | Name the organisation that collected or compiled the data (and the method if derived). | Mention how often the data is recorded or updated (e.g. 'annual', 'daily'). | Add one line on what the dataset is intended to support."
4c387b40-3e56-4523-97cf-1ddd51a69f88,Bhram-IL (Gujarati),https://civicdataspace.in/datasets/4c387b40-3e56-4523-97cf-1ddd51a69f88,CivicDataLab,1.10 Source Website,fail,0,6.0,No source website recorded.,Add the official page of the organisation that publishes the source data.
4c7598be-3315-4632-bdbe-7fe305bddf57,Bhram-IL (Marathi),https://civicdataspace.in/datasets/4c7598be-3315-4632-bdbe-7fe305bddf57,CivicDataLab,1.10 Source Website,fail,0,6.0,No source website recorded.,Add the official page of the organisation that publishes the source data.
533c9497-83d9-41bb-9ada-6190318991b4,Assam Maternal Health,https://civicdataspace.in/datasets/533c9497-83d9-41bb-9ada-6190318991b4,CivicDataLab,1.10 Source Website,fail,0,6.0,No source website recorded.,Add the official page of the organisation that publishes the source data.
93a26985-5f8d-447a-b6b3-506e2a70c5c9,MCH Procurement data Assam 2019 to 2025,https://civicdataspace.in/datasets/93a26985-5f8d-447a-b6b3-506e2a70c5c9,CivicDataLab,1.10 Source Website,fail,0,6.0,No source website recorded.,Add the official page of the organisation that publishes the source data.
a4e9f457-8c4b-43c1-8ea7-e0afa666be34,Assam Maternal Health,https://civicdataspace.in/datasets/a4e9f457-8c4b-43c1-8ea7-e0afa666be34,Open Contracting Partnership,1.10 Source Website,fail,0,6.0,No source website recorded.,Add the official page of the organisation that publishes the source data.
4ec13774-1086-4eb1-b8cf-bd3329d46cf6,MCH Procurement Department-wise Assam 2019 to 2023,https://civicdataspace.in/datasets/4ec13774-1086-4eb1-b8cf-bd3329d46cf6,CivicDataLab,1.10 Source Website,fail,0,6.0,No source website recorded.,Add the official page of the organisation that publishes the source data.
527e7809-5d96-4e66-a527-76636866eafa,Manipuri Handwritten Character Recognition,https://civicdataspace.in/datasets/527e7809-5d96-4e66-a527-76636866eafa,Jahnabi Mitra,1.10 Source Website,fail,0,6.0,No source website recorded.,Add the official page of the organisation that publishes the source data.
501422ec-923b-46d7-a4f2-5333af46331b,Bangkok Budget Details,https://civicdataspace.in/datasets/501422ec-923b-46d7-a4f2-5333af46331b,BMA,1.10 Source Website,fail,0,6.0,No source website recorded.,Add the official page of the organisation that publishes the source data.
8ecb5aa1-cb8d-48ba-99c6-bf6c88df9cce,Assamese agri related farmer queries (CDL Hackathon),https://civicdataspace.in/datasets/8ecb5aa1-cb8d-48ba-99c6-bf6c88df9cce,Thakshak B,1.10 Source Website,fail,0,6.0,No source website recorded.,Add the official page of the organisation that publishes the source data.
fb1b46f2-007e-4fbc-9a83-f2c60a270c6a,"State/UT-wise Number of Child Marriage Cases as per Prohibition of Child Marriage Act, 2006 from 2013 to 2017",https://civicdataspace.in/datasets/fb1b46f2-007e-4fbc-9a83-f2c60a270c6a,Rajya Sabha,1.10 Source Website,fail,0,6.0,No source website recorded.,Add the official page of the organisation that publishes the source data.
ba4edec4-83c7-4936-9d6d-63a00934f37b,Assamese Poem (কবিতা),https://civicdataspace.in/datasets/ba4edec4-83c7-4936-9d6d-63a00934f37b,Jahnabi Mitra,1.10 Source Website,fail,0,6.0,No source website recorded.,Add the official page of the organisation that publishes the source data.
1ae42ff4-12dc-4acd-81c4-b48a53f95515,Status of FTSCs with exclusive POCSO courts set up across Country under NFSW for trial and disposal of pending cases related to rape and POCSO Act -2020,https://civicdataspace.in/datasets/1ae42ff4-12dc-4acd-81c4-b48a53f95515,Rajya Sabha,1.10 Source Website,fail,0,6.0,No source website recorded.,Add the official page of the organisation that publishes the source data.
a8cdabc3-36eb-4974-982c-7514d844cfad,Bangkok 50 district,https://civicdataspace.in/datasets/a8cdabc3-36eb-4974-982c-7514d844cfad,BMA,1.10 Source Website,fail,0,6.0,No source website recorded.,Add the official page of the organisation that publishes the source data.
c23ab16a-f389-46d1-b405-2a9096811cf5,District wise MCH Procurement data of Assam - 2019 to 2025,https://civicdataspace.in/datasets/c23ab16a-f389-46d1-b405-2a9096811cf5,CivicDataLab,1.10 Source Website,fail,0,6.0,No source website recorded.,Add the official page of the organisation that publishes the source data.
40a7bd4e-fe04-4454-928c-f03b9fb8ba87,State/UTs-wise Grant Sanctioned under Child Protection Services Scheme from 2016-17 to 2020-21,https://civicdataspace.in/datasets/40a7bd4e-fe04-4454-928c-f03b9fb8ba87,Rajya Sabha,1.10 Source Website,fail,0,6.0,No source website recorded.,Add the official page of the organisation that publishes the source data.
08b93f62-ee95-4e6c-a237-9617e50e6bd8,Bhubaneswar Ward-wise temporal summer mean LST,https://civicdataspace.in/datasets/08b93f62-ee95-4e6c-a237-9617e50e6bd8,CivicDataLab,1.10 Source Website,fail,0,6.0,No source website recorded.,Add the official page of the organisation that publishes the source data.
4621b2ae-aecc-402e-8cc8-0848eff62027,Guwahati Ward-wise temporal summer mean LST,https://civicdataspace.in/datasets/4621b2ae-aecc-402e-8cc8-0848eff62027,CivicDataLab,1.10 Source Website,fail,0,6.0,No source website recorded.,Add the official page of the organisation that publishes the source data.
0681f7e5-a38c-454e-b76f-01ae1b840d20,XL-Sum Dataset,https://civicdataspace.in/datasets/0681f7e5-a38c-454e-b76f-01ae1b840d20,Jahnabi Mitra,1.10 Source Website,fail,0,6.0,No source website recorded.,Add the official page of the organisation that publishes the source data.
71529257-d58b-462f-895f-a182c44c0a2b,New dataset 06 Oct 2025 - 09:41:07,https://civicdataspace.in/datasets/71529257-d58b-462f-895f-a182c44c0a2b,Himachal Pradesh State Disaster Management Authority (HPSDMA),1.2 Description / Summary,warn,50,6.0,"Description is only 1 sentence. | Description does not say who collected or compiled the data. | Description does not state the periodicity (daily, monthly, annual…). | Description does not state the purpose or intended use.","Expand the description to 2–5 sentences. | Name the organisation that collected or compiled the data (and the method if derived). | Mention how often the data is recorded or updated (e.g. 'annual', 'daily'). | Add one line on what the dataset is intended to support."
71529257-d58b-462f-895f-a182c44c0a2b,New dataset 06 Oct 2025 - 09:41:07,https://civicdataspace.in/datasets/71529257-d58b-462f-895f-a182c44c0a2b,Himachal Pradesh State Disaster Management Authority (HPSDMA),1.10 Source Website,fail,0,6.0,No source website recorded.,Add the official page of the organisation that publishes the source data.
f7129164-0a29-4500-b135-d6f10128f770,Microsoft: PARIKSHA,https://civicdataspace.in/datasets/f7129164-0a29-4500-b135-d6f10128f770,CivicDataLab,1.10 Source Website,fail,0,6.0,No source website recorded.,Add the official page of the organisation that publishes the source data.
f41b8b02-e153-419f-b821-ebc66025f072,Odisha Budget 2022-23: Gender Budget Final,https://civicdataspace.in/datasets/f41b8b02-e153-419f-b821-ebc66025f072,Finance Department- Government of Odisha,2.1 File Format,fail,25,6.0,[gender-budget-final-.pdf] PDF is not a machine-readable data format. | [gender-budget-final-.xlsx] XLSX file with no CSV version.,Publish the underlying data as CSV/JSON (keep the PDF only as supporting documentation). | Add a CSV version alongside every Excel file.
971759b2-91b9-4191-9e97-2b5aed0df3a9,Microsoft: PARIKSHA (Healthcare | English),https://civicdataspace.in/datasets/971759b2-91b9-4191-9e97-2b5aed0df3a9,CivicDataLab,1.10 Source Website,fail,0,6.0,No source website recorded.,Add the official page of the organisation that publishes the source data.
7858ccac-a92b-4026-a85f-cf0e07b98068,Assam Health Indicators (October 2020),https://civicdataspace.in/datasets/7858ccac-a92b-4026-a85f-cf0e07b98068,Open Contracting Partnership,1.2 Description / Summary,warn,50,6.0,"Description is only 1 sentence. | Description does not say who collected or compiled the data. | Description does not state the periodicity (daily, monthly, annual…). | Description does not state the purpose or intended use.","Expand the description to 2–5 sentences. | Name the organisation that collected or compiled the data (and the method if derived). | Mention how often the data is recorded or updated (e.g. 'annual', 'daily'). | Add one line on what the dataset is intended to support."
7858ccac-a92b-4026-a85f-cf0e07b98068,Assam Health Indicators (October 2020),https://civicdataspace.in/datasets/7858ccac-a92b-4026-a85f-cf0e07b98068,Open Contracting Partnership,1.10 Source Website,fail,0,6.0,No source website recorded.,Add the official page of the organisation that publishes the source data.
51f55dbc-61e7-4b40-bd85-850bedec1e04,Child Budget -2018-2024,https://civicdataspace.in/datasets/51f55dbc-61e7-4b40-bd85-850bedec1e04,CivicDataLab,1.10 Source Website,fail,0,6.0,No source website recorded.,Add the official page of the organisation that publishes the source data.
bdf543fd-9d9d-499f-8029-33c3d258bee2,Assam Health Indicators 2020,https://civicdataspace.in/datasets/bdf543fd-9d9d-499f-8029-33c3d258bee2,CivicDataLab,1.2 Description / Summary,warn,50,6.0,"Description is only 1 sentence. | Description does not say who collected or compiled the data. | Description does not state the periodicity (daily, monthly, annual…). | Description does not state the purpose or intended use.","Expand the description to 2–5 sentences. | Name the organisation that collected or compiled the data (and the method if derived). | Mention how often the data is recorded or updated (e.g. 'annual', 'daily'). | Add one line on what the dataset is intended to support."
bdf543fd-9d9d-499f-8029-33c3d258bee2,Assam Health Indicators 2020,https://civicdataspace.in/datasets/bdf543fd-9d9d-499f-8029-33c3d258bee2,CivicDataLab,1.10 Source Website,fail,0,6.0,No source website recorded.,Add the official page of the organisation that publishes the source data.
e2e5b52c-3aa5-4448-b532-2e3b5e71b4f1,Mission Antyodaya 2020,https://civicdataspace.in/datasets/e2e5b52c-3aa5-4448-b532-2e3b5e71b4f1,Ministry of Rural Development,1.10 Source Website,fail,0,6.0,No source website recorded.,Add the official page of the organisation that publishes the source data.
88be5d92-ac1d-4305-9280-1b4f3595c1ce,IMR District-wise Assam 2018-19 to 2022-23,https://civicdataspace.in/datasets/88be5d92-ac1d-4305-9280-1b4f3595c1ce,CivicDataLab,1.10 Source Website,fail,0,6.0,No source website recorded.,Add the official page of the organisation that publishes the source data.
b18e3be5-72df-43b3-ab7b-a821a36a2e85,India Justice Report - 2022,https://civicdataspace.in/datasets/b18e3be5-72df-43b3-ab7b-a821a36a2e85,JusticeHub,2.1 File Format,fail,25,6.0,[IJR Full Report 2022 - Hindi] PDF is not a machine-readable data format. | [State Ranking] XLSX file with no CSV version. | [State Indicators - Raw Data] XLSX file with no CSV version. | [Methodology.pdf] PDF is not a machine-readable data format. | [State Indicator Data] XLSX file with no CSV version. | [IJR 2022] PDF is not a machine-readable data format.,Publish the underlying data as CSV/JSON (keep the PDF only as supporting documentation). | Add a CSV version alongside every Excel file.
594e7709-6ec4-4362-bf8e-57b0fd13bdeb,Mission Antyodaya 2020,https://civicdataspace.in/datasets/594e7709-6ec4-4362-bf8e-57b0fd13bdeb,Ministry of Rural Development,1.10 Source Website,fail,0,6.0,No source website recorded.,Add the official page of the organisation that publishes the source data.
90dfe131-3fcc-41dc-8486-ea2319c53c12,Bhuvan,https://civicdataspace.in/datasets/90dfe131-3fcc-41dc-8486-ea2319c53c12,Bhuvan,1.10 Source Website,fail,0,6.0,No source website recorded.,Add the official page of the organisation that publishes the source data.
e63bc17f-61e7-456c-b009-a7a0b4bd3143,Odisha GCN250 Population Density Indicators (Block Level),https://civicdataspace.in/datasets/e63bc17f-61e7-456c-b009-a7a0b4bd3143,CivicDataLab,1.10 Source Website,fail,0,6.0,No source website recorded.,Add the official page of the organisation that publishes the source data.
360e8cff-50ff-4dfa-b78a-8125116a7cab,"Child Population by Residence and Sex & Child Sex Ratio of Sikkim, 2011",https://civicdataspace.in/datasets/360e8cff-50ff-4dfa-b78a-8125116a7cab,Census of India,1.10 Source Website,fail,0,6.0,No source website recorded.,Add the official page of the organisation that publishes the source data.
ba892c22-6d06-4c11-b3e2-ac21c9f5a9f8,Natural Calamities Data Odisha 2022-23,https://civicdataspace.in/datasets/ba892c22-6d06-4c11-b3e2-ac21c9f5a9f8,Aashi Srivastava,1.2 Description / Summary,warn,50,6.0,"Description is only 1 sentence. | Description does not say who collected or compiled the data. | Description does not state the periodicity (daily, monthly, annual…). | Description does not state the purpose or intended use.","Expand the description to 2–5 sentences. | Name the organisation that collected or compiled the data (and the method if derived). | Mention how often the data is recorded or updated (e.g. 'annual', 'daily'). | Add one line on what the dataset is intended to support."
d93c5e86-39f8-4d22-90a6-cec7c940c322,Odisha Heat-Related Tenders (Block Geotagged),https://civicdataspace.in/datasets/d93c5e86-39f8-4d22-90a6-cec7c940c322,CivicDataLab,1.10 Source Website,fail,0,6.0,No source website recorded.,Add the official page of the organisation that publishes the source data.
52ddf9a2-5452-403b-9d50-b359206a80c6,Uttar Pradesh Tenders,https://civicdataspace.in/datasets/52ddf9a2-5452-403b-9d50-b359206a80c6,CivicDataLab,1.10 Source Website,fail,0,6.0,No source website recorded.,Add the official page of the organisation that publishes the source data.
3eb1fad4-a8f8-4c4f-b89f-f0a435d370da,Assamese Wikimedia Corpus,https://civicdataspace.in/datasets/3eb1fad4-a8f8-4c4f-b89f-f0a435d370da,Jahnabi Mitra,1.10 Source Website,fail,0,6.0,No source website recorded.,Add the official page of the organisation that publishes the source data.
ded8759e-a5af-4a72-8dfa-bc49ee0e6242,Uttar Pradesh Flood-Related Tenders (District Geotagged),https://civicdataspace.in/datasets/ded8759e-a5af-4a72-8dfa-bc49ee0e6242,CivicDataLab,1.10 Source Website,fail,0,6.0,No source website recorded.,Add the official page of the organisation that publishes the source data.
1301d1a0-d8e9-414a-b406-b87a31a2d880,Odisha Heat-Related Public Procurement Tenders,https://civicdataspace.in/datasets/1301d1a0-d8e9-414a-b406-b87a31a2d880,CivicDataLab,1.10 Source Website,fail,0,6.0,No source website recorded.,Add the official page of the organisation that publishes the source data.
35b5184d-13c9-44db-99f1-59406f5bf78b,Funds Released under Child Protection Services from 2016-17 to 2018-19,https://civicdataspace.in/datasets/35b5184d-13c9-44db-99f1-59406f5bf78b,Rajya Sabha,1.10 Source Website,fail,0,6.0,No source website recorded.,Add the official page of the organisation that publishes the source data.
e7de500b-4163-4b20-a0ff-35b517c53754,DigiGreen: Human Curated QA Dataset (Agriculture) (English),https://civicdataspace.in/datasets/e7de500b-4163-4b20-a0ff-35b517c53754,CivicDataLab,1.10 Source Website,fail,0,6.0,No source website recorded.,Add the official page of the organisation that publishes the source data.
179c950b-ce16-4271-b62d-75d98f20a858,Mission Antyodaya 2020,https://civicdataspace.in/datasets/179c950b-ce16-4271-b62d-75d98f20a858,Ministry of Rural Development,1.10 Source Website,fail,0,6.0,No source website recorded.,Add the official page of the organisation that publishes the source data.
6df07eec-fd9b-4216-978d-528d642f5dd9,WorldPop,https://civicdataspace.in/datasets/6df07eec-fd9b-4216-978d-528d642f5dd9,WorldPOP,1.10 Source Website,fail,0,6.0,No source website recorded.,Add the official page of the organisation that publishes the source data.
7343af3c-f892-4610-b528-2444857b2081,WorldPop,https://civicdataspace.in/datasets/7343af3c-f892-4610-b528-2444857b2081,WorldPOP,1.10 Source Website,fail,0,6.0,No source website recorded.,Add the official page of the organisation that publishes the source data.
cee2015f-850f-4bcc-b35c-9fbe26620b4a,WorldPop,https://civicdataspace.in/datasets/cee2015f-850f-4bcc-b35c-9fbe26620b4a,WorldPOP,1.10 Source Website,fail,0,6.0,No source website recorded.,Add the official page of the organisation that publishes the source data.
865277d2-c379-488a-8d93-0d5a78fb7ae9,WorldPop,https://civicdataspace.in/datasets/865277d2-c379-488a-8d93-0d5a78fb7ae9,WorldPOP,1.10 Source Website,fail,0,6.0,No source website recorded.,Add the official page of the organisation that publishes the source data.
a8d41fb9-0b9e-4f1a-bdd4-964e5bd1e535,Uttar Pradesh Subdistrict-Level IMD Rainfall data -(2018-2026),https://civicdataspace.in/datasets/a8d41fb9-0b9e-4f1a-bdd4-964e5bd1e535,CivicDataLab,1.10 Source Website,fail,0,6.0,No source website recorded.,Add the official page of the organisation that publishes the source data.
b6090b4f-e18c-4e19-8beb-828d89d39fa5,HMIS IMR Assam 2022-23,https://civicdataspace.in/datasets/b6090b4f-e18c-4e19-8beb-828d89d39fa5,CivicDataLab,2.3 Column Naming,fail,15,5.95,"3/4 columns contain spaces or special characters, e.g. 'Infant deaths (2022-23)'.","Rename columns to snake_case (lowercase, words joined with underscores)."
0458f4d3-d833-4f20-9ffc-83b36d4d4697,Takri Font Dataset,https://civicdataspace.in/datasets/0458f4d3-d833-4f20-9ffc-83b36d4d4697,Avantik Zinta,2.3 Column Naming,fail,16,5.88,"11/15 columns contain spaces or special characters, e.g. 'Dataset Name'.","Rename columns to snake_case (lowercase, words joined with underscores)."
b4cd4bf9-efb6-4771-bf17-51ee80a148eb,Kinnauri Pahari Dataset,https://civicdataspace.in/datasets/b4cd4bf9-efb6-4771-bf17-51ee80a148eb,Avantik Zinta,2.3 Column Naming,fail,16,5.88,"11/15 columns contain spaces or special characters, e.g. 'Dataset Name'.","Rename columns to snake_case (lowercase, words joined with underscores)."
2e97e3e2-b19d-4ee4-b5d1-13bb5ce9f0ec,Dogri Dataset,https://civicdataspace.in/datasets/2e97e3e2-b19d-4ee4-b5d1-13bb5ce9f0ec,Avantik Zinta,2.3 Column Naming,fail,16,5.88,"11/15 columns contain spaces or special characters, e.g. 'Dataset Name'.","Rename columns to snake_case (lowercase, words joined with underscores)."
5b9279b3-5876-4d5a-a2fb-5ae40eca325d,Disaster Reporting and Information Management System (DRIMS),https://civicdataspace.in/datasets/5b9279b3-5876-4d5a-a2fb-5ae40eca325d,ASDMA,2.3 Column Naming,fail,16,5.88,"11/15 columns contain spaces or special characters, e.g. 'object-id'.","Rename columns to snake_case (lowercase, words joined with underscores)."
1c1861a1-9c48-4cf2-9e70-eba4e13c156b,Mahasuvi Pahari Dataset,https://civicdataspace.in/datasets/1c1861a1-9c48-4cf2-9e70-eba4e13c156b,Avantik Zinta,2.3 Column Naming,fail,16,5.88,"11/15 columns contain spaces or special characters, e.g. 'Dataset Name'.","Rename columns to snake_case (lowercase, words joined with underscores)."
f03bd4b0-8b7c-4bb4-b3e5-da6a0a572f86,Kangri Dataset,https://civicdataspace.in/datasets/f03bd4b0-8b7c-4bb4-b3e5-da6a0a572f86,Avantik Zinta,2.3 Column Naming,fail,16,5.88,"11/15 columns contain spaces or special characters, e.g. 'Dataset Name'.","Rename columns to snake_case (lowercase, words joined with underscores)."
a3ba09c9-a4d1-440c-b748-5635cb42b866,Constitution Benches of the Supreme Court of India (2010-22),https://civicdataspace.in/datasets/a3ba09c9-a4d1-440c-b748-5635cb42b866,JusticeHub,2.1 File Format,fail,27,5.86,[the-constitution-benches-of-the-supreme…] XLSX file with no CSV version. | [the-constitution-benches-of-the-supreme…] XLSX file with no CSV version. | [code-book-constitution-benches-of-the-s…] PDF is not a machine-readable data format.,Add a CSV version alongside every Excel file. | Publish the underlying data as CSV/JSON (keep the PDF only as supporting documentation).
8d04f121-4a0f-4666-af26-e8bc0f67c64c,BiharPublic Procurement Tenders,https://civicdataspace.in/datasets/8d04f121-4a0f-4666-af26-e8bc0f67c64c,CivicDataLab,2.3 Column Naming,fail,17,5.84,"21/29 columns contain spaces or special characters, e.g. 'Tender ID :'.","Rename columns to snake_case (lowercase, words joined with underscores)."
b18e3be5-72df-43b3-ab7b-a821a36a2e85,India Justice Report - 2022,https://civicdataspace.in/datasets/b18e3be5-72df-43b3-ab7b-a821a36a2e85,JusticeHub,2.3 Column Naming,fail,16,5.84,"[State Ranking] 12/15 columns contain spaces or special characters, e.g. 'Region Code'. | [State Indicators - Raw Data] 8/12 columns contain spaces or special characters, e.g. 'Indicator Name'. | [State Indicator Data] 12/17 columns contain spaces or special characters, e.g. 'Indicator Name'.","Rename columns to snake_case (lowercase, words joined with underscores)."
8d780994-644e-4670-9fbc-cf73e06f9858,PahariLi Dataset,https://civicdataspace.in/datasets/8d780994-644e-4670-9fbc-cf73e06f9858,Avantik Zinta,2.3 Column Naming,fail,17,5.8,"15/21 columns contain spaces or special characters, e.g. 'Dataset Name'.","Rename columns to snake_case (lowercase, words joined with underscores)."
5a97eabf-b3af-4ed7-97bd-8734cc818a26,Snow Mountain Dataset,https://civicdataspace.in/datasets/5a97eabf-b3af-4ed7-97bd-8734cc818a26,Avantik Zinta,2.3 Column Naming,fail,17,5.8,"15/21 columns contain spaces or special characters, e.g. 'Dataset Name'.","Rename columns to snake_case (lowercase, words joined with underscores)."
e7adeb48-b12c-4a23-8606-b2988f447d05,HimVirasat Mandeali Dataset,https://civicdataspace.in/datasets/e7adeb48-b12c-4a23-8606-b2988f447d05,Avantik Zinta,2.3 Column Naming,fail,17,5.8,"15/21 columns contain spaces or special characters, e.g. 'Dataset Name'.","Rename columns to snake_case (lowercase, words joined with underscores)."
67bc0053-0a1e-4343-97c3-e2cbdf487e93,Bangkok Air Quality Index Measured in Public parks 2021 to 2024,https://civicdataspace.in/datasets/67bc0053-0a1e-4343-97c3-e2cbdf487e93,BMA,2.3 Column Naming,fail,18,5.77,"36/51 columns contain spaces or special characters, e.g. 'jan_lowest_PM2.5'.","Rename columns to snake_case (lowercase, words joined with underscores)."
1daed3d7-608d-48bd-a657-4e20fdfddf05,Odia News & Wiki,https://civicdataspace.in/datasets/1daed3d7-608d-48bd-a657-4e20fdfddf05,Divitamayee Deogam,1.2 Description / Summary,warn,52,5.7,"Description runs to 6 sentences (guideline: 2–5). | Description does not state the time period covered. | Description does not state the periodicity (daily, monthly, annual…). | Description does not state the purpose or intended use.","Tighten the description to at most 5 sentences; move methodology detail to a resource description. | State the years the data covers in the description. | Mention how often the data is recorded or updated (e.g. 'annual', 'daily'). | Add one line on what the dataset is intended to support."
e21858df-9791-4957-97b3-e8429df674a5,"Unpacking Judicial Data to Track Implementation of the POCSO Act in Assam, Delhi & Haryana",https://civicdataspace.in/datasets/e21858df-9791-4957-97b3-e8429df674a5,JusticeHub,2.1 File Format,fail,29,5.69,[Fact Sheet Assam] PDF is not a machine-readable data format. | [Factbook 2021 Access to Justice and res…] PDF is not a machine-readable data format. | [Annexure 1.5 and 1.6 - List of Non Nego…] PDF is not a machine-readable data format. | [Data handbook] PDF is not a machine-readable data format. | [Research Report] PDF is not a machine-readable data format. | [Report Summary] PDF is not a machine-readable data format. | [BALANCING CHILDREN’S CONFIDENTIALITY AN…] PDF is not a machine-readable data format. | [Fact Sheet Haryana] PDF is not a machine-readable data format.,Publish the underlying data as CSV/JSON (keep the PDF only as supporting documentation).
a57b2567-444d-410d-9fb5-25e959915fef,Cumulative Loss & Damages for Flood Odisha (2022-2023),https://civicdataspace.in/datasets/a57b2567-444d-410d-9fb5-25e959915fef,Odisha State Disaster Management Authority (OSDMA),2.3 Column Naming,fail,19,5.68,"11/16 columns contain spaces or special characters, e.g. 'tender_val(Crores)2022-23'.","Rename columns to snake_case (lowercase, words joined with underscores)."
ab1a2463-380e-4150-aed9-e938000e65a7,Mental Health Prompts (Hindi),https://civicdataspace.in/datasets/ab1a2463-380e-4150-aed9-e938000e65a7,CivicDataLab,2.1 File Format,fail,30,5.6,XLSX file with no CSV version.,Add a CSV version alongside every Excel file.
984f16c9-9959-4a07-9b04-9a951ee7cd03,Prompt_test_cases_Agriculture_Assamese,https://civicdataspace.in/datasets/984f16c9-9959-4a07-9b04-9a951ee7cd03,CivicDataLab,2.1 File Format,fail,30,5.6,XLSX file with no CSV version.,Add a CSV version alongside every Excel file.
be93fd4e-2176-40c5-b11c-0141fc6a9e91,CROP-dataset-Odia,https://civicdataspace.in/datasets/be93fd4e-2176-40c5-b11c-0141fc6a9e91,Divitamayee Deogam,2.1 File Format,fail,30,5.6,XLSX file with no CSV version.,Add a CSV version alongside every Excel file.
a57b2567-444d-410d-9fb5-25e959915fef,Cumulative Loss & Damages for Flood Odisha (2022-2023),https://civicdataspace.in/datasets/a57b2567-444d-410d-9fb5-25e959915fef,Odisha State Disaster Management Authority (OSDMA),2.1 File Format,fail,30,5.6,XLSX file with no CSV version.,Add a CSV version alongside every Excel file.
749c89db-7dfc-4edc-a165-597675aa75fc,NFHS District Fact Sheet - Assam,https://civicdataspace.in/datasets/749c89db-7dfc-4edc-a165-597675aa75fc,CivicDataLab,2.1 File Format,fail,30,5.6,XLSX file with no CSV version.,Add a CSV version alongside every Excel file.
3fe1e9b3-94c4-4a19-8742-bfe039bee1c7,NFHS District Fact Sheets - Assam,https://civicdataspace.in/datasets/3fe1e9b3-94c4-4a19-8742-bfe039bee1c7,Open Contracting Partnership,2.1 File Format,fail,30,5.6,XLSX file with no CSV version.,Add a CSV version alongside every Excel file.
2cc4b1c5-df4e-4332-9d57-2786bfd92352,OdiaNLP NMT Repo,https://civicdataspace.in/datasets/2cc4b1c5-df4e-4332-9d57-2786bfd92352,Divitamayee Deogam,2.1 File Format,fail,30,5.6,XLSX file with no CSV version.,Add a CSV version alongside every Excel file.
5e1a1739-8067-4320-a212-1395791ec78e,KCC English Queries,https://civicdataspace.in/datasets/5e1a1739-8067-4320-a212-1395791ec78e,CivicDataLab,2.1 File Format,fail,30,5.6,XLSX file with no CSV version.,Add a CSV version alongside every Excel file.
93ab0b46-54fb-4435-910f-103d51141579,Green-Segregated Tender Dataset Assam 2015-2025 (Till October),https://civicdataspace.in/datasets/93ab0b46-54fb-4435-910f-103d51141579,CivicDataLab,2.1 File Format,fail,30,5.6,XLSX file with no CSV version.,Add a CSV version alongside every Excel file.
61c3e3b0-89bb-466a-b2de-120f0061de2e,Odia Monolingual News Corpus,https://civicdataspace.in/datasets/61c3e3b0-89bb-466a-b2de-120f0061de2e,Divitamayee Deogam,2.1 File Format,fail,30,5.6,XLSX file with no CSV version.,Add a CSV version alongside every Excel file.
5bc5632e-9cb4-411e-b036-8cabaec61619,hindi_odia_dataset,https://civicdataspace.in/datasets/5bc5632e-9cb4-411e-b036-8cabaec61619,Divitamayee Deogam,2.1 File Format,fail,30,5.6,XLSX file with no CSV version.,Add a CSV version alongside every Excel file.
9a903e52-4db3-4cba-a3d1-cd8a83c45f43,Mental Health Adversarial Prompts (English),https://civicdataspace.in/datasets/9a903e52-4db3-4cba-a3d1-cd8a83c45f43,CivicDataLab,2.1 File Format,fail,30,5.6,XLSX file with no CSV version.,Add a CSV version alongside every Excel file.
e5b6026b-bab9-4850-9835-20c6eb6b70b6,Indic Language Data Registry,https://civicdataspace.in/datasets/e5b6026b-bab9-4850-9835-20c6eb6b70b6,CivicDataLab,2.1 File Format,fail,30,5.6,XLSX file with no CSV version.,Add a CSV version alongside every Excel file.
84caefe5-fce4-4d50-9a64-dc8ab57864cf,odia_dataset,https://civicdataspace.in/datasets/84caefe5-fce4-4d50-9a64-dc8ab57864cf,Divitamayee Deogam,2.1 File Format,fail,30,5.6,XLSX file with no CSV version.,Add a CSV version alongside every Excel file.
509d6195-8e95-4df4-8280-f73c9cd567d4,Odia Structured Dictionary,https://civicdataspace.in/datasets/509d6195-8e95-4df4-8280-f73c9cd567d4,Divitamayee Deogam,2.1 File Format,fail,30,5.6,XLSX file with no CSV version.,Add a CSV version alongside every Excel file.
ea8616df-7288-4fb7-8478-22db9338e31e,Dictionary: English Odia word pairs,https://civicdataspace.in/datasets/ea8616df-7288-4fb7-8478-22db9338e31e,Divitamayee Deogam,2.1 File Format,fail,30,5.6,XLSX file with no CSV version.,Add a CSV version alongside every Excel file.
1b11f9d0-4414-4f64-aa6b-e65074674687,Assamese Mental Health Adversarial Prompts,https://civicdataspace.in/datasets/1b11f9d0-4414-4f64-aa6b-e65074674687,CivicDataLab,2.1 File Format,fail,30,5.6,XLSX file with no CSV version.,Add a CSV version alongside every Excel file.
a4fb3f18-c047-4e7f-8fd3-0179bf01f671,Victim compensation_POSCO_Assam_Nov 2022,https://civicdataspace.in/datasets/a4fb3f18-c047-4e7f-8fd3-0179bf01f671,CivicDataLab,2.1 File Format,fail,30,5.6,XLSX file with no CSV version.,Add a CSV version alongside every Excel file.
55b2a082-c4a9-48f7-8b65-2fc84a8cd57a,Tamil Adversarial KCC Queries Prompts,https://civicdataspace.in/datasets/55b2a082-c4a9-48f7-8b65-2fc84a8cd57a,CivicDataLab,2.1 File Format,fail,30,5.6,XLSX file with no CSV version.,Add a CSV version alongside every Excel file.
bd187bae-236c-4105-9575-5002fdbdc6c7,Odia News Dataset,https://civicdataspace.in/datasets/bd187bae-236c-4105-9575-5002fdbdc6c7,Divitamayee Deogam,2.1 File Format,fail,30,5.6,XLSX file with no CSV version.,Add a CSV version alongside every Excel file.
dac6114c-0c1e-466b-a42c-3f4fe09f8b80,Multilingual Indian Sentiment Data,https://civicdataspace.in/datasets/dac6114c-0c1e-466b-a42c-3f4fe09f8b80,Divitamayee Deogam,2.1 File Format,fail,30,5.6,XLSX file with no CSV version.,Add a CSV version alongside every Excel file.
61e361a7-91e2-445a-9558-3c36f946a795,odia-arc,https://civicdataspace.in/datasets/61e361a7-91e2-445a-9558-3c36f946a795,Divitamayee Deogam,2.1 File Format,fail,30,5.6,XLSX file with no CSV version.,Add a CSV version alongside every Excel file.
1daed3d7-608d-48bd-a657-4e20fdfddf05,Odia News & Wiki,https://civicdataspace.in/datasets/1daed3d7-608d-48bd-a657-4e20fdfddf05,Divitamayee Deogam,2.1 File Format,fail,30,5.6,XLSX file with no CSV version.,Add a CSV version alongside every Excel file.
1f813c4c-943b-4962-927a-f04bf7da4f7d,OpenSpeaks Voice,https://civicdataspace.in/datasets/1f813c4c-943b-4962-927a-f04bf7da4f7d,Divitamayee Deogam,2.1 File Format,fail,30,5.6,XLSX file with no CSV version.,Add a CSV version alongside every Excel file.
241897c7-9366-40ce-b8bc-87efa5975105,Odia Wikisource Collection,https://civicdataspace.in/datasets/241897c7-9366-40ce-b8bc-87efa5975105,Divitamayee Deogam,2.1 File Format,fail,30,5.6,XLSX file with no CSV version.,Add a CSV version alongside every Excel file.
6734a2e0-5295-4bd3-ae5f-7623e2cf1cba,Odia Text Dataset,https://civicdataspace.in/datasets/6734a2e0-5295-4bd3-ae5f-7623e2cf1cba,Divitamayee Deogam,2.1 File Format,fail,30,5.6,XLSX file with no CSV version.,Add a CSV version alongside every Excel file.
d7df85a3-9ee3-4d76-b60a-8d3e8bf4a9d7,Odia News Classification,https://civicdataspace.in/datasets/d7df85a3-9ee3-4d76-b60a-8d3e8bf4a9d7,Divitamayee Deogam,2.1 File Format,fail,30,5.6,XLSX file with no CSV version.,Add a CSV version alongside every Excel file.
5cd8ca93-a66d-4c04-b90c-73ce5d92d473,A Comprehensive Indian Sign Language ISL Dataset for A to Z Alphabets Using MediaPipe Pose Skeletons,https://civicdataspace.in/datasets/5cd8ca93-a66d-4c04-b90c-73ce5d92d473,Sridhar S,1.1 Dataset Title,fail,30,5.6,Title is 100 characters (limit 60). | Title uses abbreviations: ISL | Title does not mention the time period covered.,"Shorten the title to 60 characters or fewer. | Spell out abbreviations in the title (e.g. 'India Meteorological Department', not 'IMD'). | Add the period covered to the title, e.g. '(2000–2020)'."
9dad8108-41e6-4dcd-b012-8ef638d127ce,Open Odia Corpus,https://civicdataspace.in/datasets/9dad8108-41e6-4dcd-b012-8ef638d127ce,Divitamayee Deogam,2.1 File Format,fail,30,5.6,XLSX file with no CSV version.,Add a CSV version alongside every Excel file.
182dfc61-4dc4-47fe-bf58-e168aa4aacab,Assam GCN250 Population Density Indicators (Revenue Circle Level),https://civicdataspace.in/datasets/182dfc61-4dc4-47fe-bf58-e168aa4aacab,CivicDataLab,1.1 Dataset Title,fail,30,5.6,Title is 65 characters (limit 60). | Title uses abbreviations: GCN250 | Title does not mention the time period covered.,"Shorten the title to 60 characters or fewer. | Spell out abbreviations in the title (e.g. 'India Meteorological Department', not 'IMD'). | Add the period covered to the title, e.g. '(2000–2020)'."
3b4970ba-beb7-461c-915b-618535fd52a8,Himachal Pradesh GCN250 Population Density Indicators (Tehsil Level),https://civicdataspace.in/datasets/3b4970ba-beb7-461c-915b-618535fd52a8,CivicDataLab,1.1 Dataset Title,fail,30,5.6,Title is 68 characters (limit 60). | Title uses abbreviations: GCN250 | Title does not mention the time period covered.,"Shorten the title to 60 characters or fewer. | Spell out abbreviations in the title (e.g. 'India Meteorological Department', not 'IMD'). | Add the period covered to the title, e.g. '(2000–2020)'."
ac79af61-4a76-45f0-aef0-79d29856b628,Assam Heat- Related Public Procurement Tenders,https://civicdataspace.in/datasets/ac79af61-4a76-45f0-aef0-79d29856b628,CivicDataLab,2.3 Column Naming,fail,21,5.53,"26/40 columns contain spaces or special characters, e.g. 'Tender ID'.","Rename columns to snake_case (lowercase, words joined with underscores)."
93ab0b46-54fb-4435-910f-103d51141579,Green-Segregated Tender Dataset Assam 2015-2025 (Till October),https://civicdataspace.in/datasets/93ab0b46-54fb-4435-910f-103d51141579,CivicDataLab,2.3 Column Naming,fail,21,5.52,"24/37 columns contain spaces or special characters, e.g. 'S.no'.","Rename columns to snake_case (lowercase, words joined with underscores)."
1301d1a0-d8e9-414a-b406-b87a31a2d880,Odisha Heat-Related Public Procurement Tenders,https://civicdataspace.in/datasets/1301d1a0-d8e9-414a-b406-b87a31a2d880,CivicDataLab,2.3 Column Naming,fail,22,5.5,"25/39 columns contain spaces or special characters, e.g. 'Tender ID'.","Rename columns to snake_case (lowercase, words joined with underscores)."
b2505437-cb9a-45f9-b85a-8a6f4868039d,MCH Procurement District-wise Assam 2019 to 2023,https://civicdataspace.in/datasets/b2505437-cb9a-45f9-b85a-8a6f4868039d,CivicDataLab,1.2 Description / Summary,warn,55,5.4,"Description does not state the time period covered. | Description does not say who collected or compiled the data. | Description does not state the periodicity (daily, monthly, annual…).","State the years the data covers in the description. | Name the organisation that collected or compiled the data (and the method if derived). | Mention how often the data is recorded or updated (e.g. 'annual', 'daily')."
f9f95e8d-fe66-4f0f-9d38-0d4c266f143e,MCH Procurement Scheme-wise Assam 2019 to 2023,https://civicdataspace.in/datasets/f9f95e8d-fe66-4f0f-9d38-0d4c266f143e,CivicDataLab,1.2 Description / Summary,warn,55,5.4,"Description does not state the time period covered. | Description does not say who collected or compiled the data. | Description does not state the periodicity (daily, monthly, annual…).","State the years the data covers in the description. | Name the organisation that collected or compiled the data (and the method if derived). | Mention how often the data is recorded or updated (e.g. 'annual', 'daily')."
8d04f121-4a0f-4666-af26-e8bc0f67c64c,BiharPublic Procurement Tenders,https://civicdataspace.in/datasets/8d04f121-4a0f-4666-af26-e8bc0f67c64c,CivicDataLab,1.2 Description / Summary,warn,55,5.4,Description does not state the time period covered. | Description does not say who collected or compiled the data. | Description does not state the purpose or intended use.,State the years the data covers in the description. | Name the organisation that collected or compiled the data (and the method if derived). | Add one line on what the dataset is intended to support.
4ec13774-1086-4eb1-b8cf-bd3329d46cf6,MCH Procurement Department-wise Assam 2019 to 2023,https://civicdataspace.in/datasets/4ec13774-1086-4eb1-b8cf-bd3329d46cf6,CivicDataLab,1.2 Description / Summary,warn,55,5.4,"Description does not state the time period covered. | Description does not say who collected or compiled the data. | Description does not state the periodicity (daily, monthly, annual…).","State the years the data covers in the description. | Name the organisation that collected or compiled the data (and the method if derived). | Mention how often the data is recorded or updated (e.g. 'annual', 'daily')."
f238952e-3e0f-4fa7-8afb-2c0e2b2f698d,Bihar Flood-Related Tenders (Block Geotagged),https://civicdataspace.in/datasets/f238952e-3e0f-4fa7-8afb-2c0e2b2f698d,CivicDataLab,1.2 Description / Summary,warn,55,5.4,Description does not state the time period covered. | Description does not say who collected or compiled the data. | Description does not state the purpose or intended use.,State the years the data covers in the description. | Name the organisation that collected or compiled the data (and the method if derived). | Add one line on what the dataset is intended to support.
b89710f1-2999-4c4b-935c-00184e1d41ed,Assam Embankment Infrastructure Indicators (Revenue Circle Level),https://civicdataspace.in/datasets/b89710f1-2999-4c4b-935c-00184e1d41ed,CivicDataLab,1.2 Description / Summary,warn,55,5.4,"Description does not state the time period covered. | Description does not say who collected or compiled the data. | Description does not state the periodicity (daily, monthly, annual…).","State the years the data covers in the description. | Name the organisation that collected or compiled the data (and the method if derived). | Mention how often the data is recorded or updated (e.g. 'annual', 'daily')."
ac79af61-4a76-45f0-aef0-79d29856b628,Assam Heat- Related Public Procurement Tenders,https://civicdataspace.in/datasets/ac79af61-4a76-45f0-aef0-79d29856b628,CivicDataLab,1.2 Description / Summary,warn,55,5.4,Description does not state the time period covered. | Description does not say who collected or compiled the data. | Description does not state the purpose or intended use.,State the years the data covers in the description. | Name the organisation that collected or compiled the data (and the method if derived). | Add one line on what the dataset is intended to support.
257c474a-f95c-4996-9ef9-f35fd37c833f,Assam Average Land Surface Temperature (2004-2024),https://civicdataspace.in/datasets/257c474a-f95c-4996-9ef9-f35fd37c833f,CivicDataLab,1.2 Description / Summary,warn,55,5.4,"Description does not state the time period covered. | Description does not say who collected or compiled the data. | Description does not state the periodicity (daily, monthly, annual…).","State the years the data covers in the description. | Name the organisation that collected or compiled the data (and the method if derived). | Mention how often the data is recorded or updated (e.g. 'annual', 'daily')."
f03bd4b0-8b7c-4bb4-b3e5-da6a0a572f86,Kangri Dataset,https://civicdataspace.in/datasets/f03bd4b0-8b7c-4bb4-b3e5-da6a0a572f86,Avantik Zinta,1.2 Description / Summary,warn,55,5.4,"Description does not state the time period covered. | Description does not say who collected or compiled the data. | Description does not state the periodicity (daily, monthly, annual…).","State the years the data covers in the description. | Name the organisation that collected or compiled the data (and the method if derived). | Mention how often the data is recorded or updated (e.g. 'annual', 'daily')."
5efb5c65-61bf-44f5-b103-088ba720cbe5,Guwahati Land Surface Temperature 2022,https://civicdataspace.in/datasets/5efb5c65-61bf-44f5-b103-088ba720cbe5,CivicDataLab,1.2 Description / Summary,warn,55,5.4,"Description does not state the geographic coverage. | Description does not say who collected or compiled the data. | Description does not state the periodicity (daily, monthly, annual…).","Say which geography the data covers (country / state / district level). | Name the organisation that collected or compiled the data (and the method if derived). | Mention how often the data is recorded or updated (e.g. 'annual', 'daily')."
08bc89d4-e562-4858-a5f3-415f51fe911d,Annual Reports-Natural Calamities-Odisha,https://civicdataspace.in/datasets/08bc89d4-e562-4858-a5f3-415f51fe911d,Odisha State Disaster Management Authority (OSDMA),1.2 Description / Summary,warn,55,5.4,Description does not state the geographic coverage. | Description does not say who collected or compiled the data. | Description does not state the purpose or intended use.,Say which geography the data covers (country / state / district level). | Name the organisation that collected or compiled the data (and the method if derived). | Add one line on what the dataset is intended to support.
ebca0d4a-2df7-46ae-a315-640bce23968a,Odisha Distance from River,https://civicdataspace.in/datasets/ebca0d4a-2df7-46ae-a315-640bce23968a,CivicDataLab,1.2 Description / Summary,warn,55,5.4,Description does not state the time period covered. | Description does not say who collected or compiled the data. | Description does not state the purpose or intended use.,State the years the data covers in the description. | Name the organisation that collected or compiled the data (and the method if derived). | Add one line on what the dataset is intended to support.
1c1d7e48-83ce-4756-93b6-e7fa3e896cee,IndicSafe,https://civicdataspace.in/datasets/1c1d7e48-83ce-4756-93b6-e7fa3e896cee,CivicDataLab,1.2 Description / Summary,warn,55,5.4,"Description does not state the geographic coverage. | Description does not say who collected or compiled the data. | Description does not state the periodicity (daily, monthly, annual…).","Say which geography the data covers (country / state / district level). | Name the organisation that collected or compiled the data (and the method if derived). | Mention how often the data is recorded or updated (e.g. 'annual', 'daily')."
3e86e623-17d7-4527-9932-d0156f99e79e,Green Budget 2023-26,https://civicdataspace.in/datasets/3e86e623-17d7-4527-9932-d0156f99e79e,"FinAssam, Finance Department, Government of Assam",1.2 Description / Summary,warn,55,5.4,"Description does not state the time period covered. | Description does not say who collected or compiled the data. | Description does not state the periodicity (daily, monthly, annual…).","State the years the data covers in the description. | Name the organisation that collected or compiled the data (and the method if derived). | Mention how often the data is recorded or updated (e.g. 'annual', 'daily')."
d954cb3c-22fd-41b6-a0c4-54ab2fc553f0,Outcome Budget 2018-2026,https://civicdataspace.in/datasets/d954cb3c-22fd-41b6-a0c4-54ab2fc553f0,"FinAssam, Finance Department, Government of Assam",1.2 Description / Summary,warn,55,5.4,"Description does not state the time period covered. | Description does not say who collected or compiled the data. | Description does not state the periodicity (daily, monthly, annual…).","State the years the data covers in the description. | Name the organisation that collected or compiled the data (and the method if derived). | Mention how often the data is recorded or updated (e.g. 'annual', 'daily')."
46badaef-63cc-431e-8fc0-345c663b4ed4,Himachal Pradesh Budget Data - Department Wise 2025-26,https://civicdataspace.in/datasets/46badaef-63cc-431e-8fc0-345c663b4ed4,Finance Department Himachal Pradesh,1.2 Description / Summary,warn,55,5.4,Description is only 1 sentence. | Description does not state the time period covered. | Description does not state the purpose or intended use.,Expand the description to 2–5 sentences. | State the years the data covers in the description. | Add one line on what the dataset is intended to support.
e77e272a-31f9-44c0-b662-b55b7d1c89f8,Assamese Text-to-Speech (TTS),https://civicdataspace.in/datasets/e77e272a-31f9-44c0-b662-b55b7d1c89f8,Jahnabi Mitra,1.2 Description / Summary,warn,55,5.4,"Description does not state the time period covered. | Description does not say who collected or compiled the data. | Description does not state the periodicity (daily, monthly, annual…).","State the years the data covers in the description. | Name the organisation that collected or compiled the data (and the method if derived). | Mention how often the data is recorded or updated (e.g. 'annual', 'daily')."
076f5997-d42a-4ffb-9525-afdc028b37fa,Bangkok Procurement Details for the Buddhist year 2568,https://civicdataspace.in/datasets/076f5997-d42a-4ffb-9525-afdc028b37fa,BMA,1.2 Description / Summary,warn,55,5.4,"Description does not state the time period covered. | Description does not say who collected or compiled the data. | Description does not state the periodicity (daily, monthly, annual…).","State the years the data covers in the description. | Name the organisation that collected or compiled the data (and the method if derived). | Mention how often the data is recorded or updated (e.g. 'annual', 'daily')."
1e30a465-ac3a-4c16-96d2-3f25264e9432,Himachal Pradesh Tehsil-level Population Projections and Demographic Indicators(2017-2026),https://civicdataspace.in/datasets/1e30a465-ac3a-4c16-96d2-3f25264e9432,CivicDataLab,1.2 Description / Summary,warn,55,5.4,Description does not state the time period covered. | Description does not say who collected or compiled the data. | Description does not state the purpose or intended use.,State the years the data covers in the description. | Name the organisation that collected or compiled the data (and the method if derived). | Add one line on what the dataset is intended to support.
c23ab16a-f389-46d1-b405-2a9096811cf5,District wise MCH Procurement data of Assam - 2019 to 2025,https://civicdataspace.in/datasets/c23ab16a-f389-46d1-b405-2a9096811cf5,CivicDataLab,2.3 Column Naming,fail,25,5.28,"23/39 columns contain spaces or special characters, e.g. 'Tender ID'.","Rename columns to snake_case (lowercase, words joined with underscores)."
f238952e-3e0f-4fa7-8afb-2c0e2b2f698d,Bihar Flood-Related Tenders (Block Geotagged),https://civicdataspace.in/datasets/f238952e-3e0f-4fa7-8afb-2c0e2b2f698d,CivicDataLab,2.3 Column Naming,fail,25,5.23,"22/38 columns contain spaces or special characters, e.g. 'Unnamed: 0'.","Rename columns to snake_case (lowercase, words joined with underscores)."
ded8759e-a5af-4a72-8dfa-bc49ee0e6242,Uttar Pradesh Flood-Related Tenders (District Geotagged),https://civicdataspace.in/datasets/ded8759e-a5af-4a72-8dfa-bc49ee0e6242,CivicDataLab,2.3 Column Naming,fail,25,5.23,"26/45 columns contain spaces or special characters, e.g. 'Tender ID'.","Rename columns to snake_case (lowercase, words joined with underscores)."
279f0a4d-0ccf-47e0-a7cc-e6f293a58b6e,Himachal Pradesh Tenders,https://civicdataspace.in/datasets/279f0a4d-0ccf-47e0-a7cc-e6f293a58b6e,Himachal Pradesh Tenders,2.3 Column Naming,fail,26,5.21,"31/54 columns contain spaces or special characters, e.g. 'Bid Opening Date'.","Rename columns to snake_case (lowercase, words joined with underscores)."
68e109a7-d6a8-4374-b7fb-b6c38e886715,State/UT-wise Complaints Received by NCPCR Relating to violation of Child Rights including Child Abuse from 2016-17 to 2019-20,https://civicdataspace.in/datasets/68e109a7-d6a8-4374-b7fb-b6c38e886715,Rajya Sabha,1.1 Dataset Title,fail,35,5.2,"Title is 126 characters (limit 60). | Title contains special characters: / | Title uses abbreviations: NCPCR, UT","Shorten the title to 60 characters or fewer. | Remove special characters from the title (write 'and' instead of '&'). | Spell out abbreviations in the title (e.g. 'India Meteorological Department', not 'IMD')."
45e52853-85e0-4b49-b290-3538884a17a7,"State/UT-wise Children covered by Child Care Institutions (CCIs) under the Juvenile Justice (Care and Protection of Children) Act, 2015 & Integrated Child Protection Scheme during 2018-19",https://civicdataspace.in/datasets/45e52853-85e0-4b49-b290-3538884a17a7,Rajya Sabha,1.1 Dataset Title,fail,35,5.2,"Title is 187 characters (limit 60). | Title contains special characters: & / | Title uses abbreviations: CCIs, UT","Shorten the title to 60 characters or fewer. | Remove special characters from the title (write 'and' instead of '&'). | Spell out abbreviations in the title (e.g. 'India Meteorological Department', not 'IMD')."
69d31be5-7d82-4b38-b12c-f062af988edf,"State/UT-wise CR, Cases Chargesheeted (CCS), Cases Convicted (CON), Persons Arrested (PAR), PCS and Persons Convicted (PCV) on POCSO Act (Section 4 & 6) r/w Rape (Section 376 IPC) from 2014 to 2016",https://civicdataspace.in/datasets/69d31be5-7d82-4b38-b12c-f062af988edf,Rajya Sabha,1.1 Dataset Title,fail,35,5.2,"Title is 197 characters (limit 60). | Title contains special characters: & / | Title uses abbreviations: CCS, CON, CR, IPC, PAR, PCS, PCV, POCSO, UT","Shorten the title to 60 characters or fewer. | Remove special characters from the title (write 'and' instead of '&'). | Spell out abbreviations in the title (e.g. 'India Meteorological Department', not 'IMD')."
3e72a5d4-23c2-455f-b621-b730b3613783,State/UTs-wise Funds Utilized under Beti Bachao Beti Padhao Scheme from 2018-19 to 2020-21,https://civicdataspace.in/datasets/3e72a5d4-23c2-455f-b621-b730b3613783,Rajya Sabha,1.1 Dataset Title,fail,35,5.2,Title is 90 characters (limit 60). | Title contains special characters: / | Title uses abbreviations: UTs,"Shorten the title to 60 characters or fewer. | Remove special characters from the title (write 'and' instead of '&'). | Spell out abbreviations in the title (e.g. 'India Meteorological Department', not 'IMD')."
67aed609-cd88-4fab-8b90-ad88401caf01,State/UT-wise Details of Sagar Mitra Approved from 2021-22 to 2023-24,https://civicdataspace.in/datasets/67aed609-cd88-4fab-8b90-ad88401caf01,"Department of Fisheries, Government of India",1.1 Dataset Title,fail,35,5.2,Title is 69 characters (limit 60). | Title contains special characters: / | Title uses abbreviations: UT,"Shorten the title to 60 characters or fewer. | Remove special characters from the title (write 'and' instead of '&'). | Spell out abbreviations in the title (e.g. 'India Meteorological Department', not 'IMD')."
fb1b46f2-007e-4fbc-9a83-f2c60a270c6a,"State/UT-wise Number of Child Marriage Cases as per Prohibition of Child Marriage Act, 2006 from 2013 to 2017",https://civicdataspace.in/datasets/fb1b46f2-007e-4fbc-9a83-f2c60a270c6a,Rajya Sabha,1.1 Dataset Title,fail,35,5.2,Title is 109 characters (limit 60). | Title contains special characters: / | Title uses abbreviations: UT,"Shorten the title to 60 characters or fewer. | Remove special characters from the title (write 'and' instead of '&'). | Spell out abbreviations in the title (e.g. 'India Meteorological Department', not 'IMD')."
40a7bd4e-fe04-4454-928c-f03b9fb8ba87,State/UTs-wise Grant Sanctioned under Child Protection Services Scheme from 2016-17 to 2020-21,https://civicdataspace.in/datasets/40a7bd4e-fe04-4454-928c-f03b9fb8ba87,Rajya Sabha,1.1 Dataset Title,fail,35,5.2,Title is 94 characters (limit 60). | Title contains special characters: / | Title uses abbreviations: UTs,"Shorten the title to 60 characters or fewer. | Remove special characters from the title (write 'and' instead of '&'). | Spell out abbreviations in the title (e.g. 'India Meteorological Department', not 'IMD')."
3e6f107d-0201-4492-825c-373bab4753c6,SDG Report_NER,https://civicdataspace.in/datasets/3e6f107d-0201-4492-825c-373bab4753c6,Niti Aayog,1.1 Dataset Title,fail,35,5.2,Title contains special characters: _ | Title uses abbreviations: SDG | Title does not mention the time period covered.,"Remove special characters from the title (write 'and' instead of '&'). | Spell out abbreviations in the title (e.g. 'India Meteorological Department', not 'IMD'). | Add the period covered to the title, e.g. '(2000–2020)'."
bc2e34ba-21ce-496e-8462-518bdb0965db,Himachal Pradesh Flood-Related Tenders (District Geotagged),https://civicdataspace.in/datasets/bc2e34ba-21ce-496e-8462-518bdb0965db,CivicDataLab,2.3 Column Naming,fail,26,5.2,"24/42 columns contain spaces or special characters, e.g. 'Tender ID'.","Rename columns to snake_case (lowercase, words joined with underscores)."
971759b2-91b9-4191-9e97-2b5aed0df3a9,Microsoft: PARIKSHA (Healthcare | English),https://civicdataspace.in/datasets/971759b2-91b9-4191-9e97-2b5aed0df3a9,CivicDataLab,1.1 Dataset Title,fail,35,5.2,Title contains special characters: | | Title uses abbreviations: PARIKSHA | Title does not mention the time period covered.,"Remove special characters from the title (write 'and' instead of '&'). | Spell out abbreviations in the title (e.g. 'India Meteorological Department', not 'IMD'). | Add the period covered to the title, e.g. '(2000–2020)'."
8ecffbe9-0eab-410a-ba32-6bebbb82bc13,State/UT wise Dropout rates of  Girl Students  in Secondary and Elementary Education level (2016-17 to 2019-20),https://civicdataspace.in/datasets/8ecffbe9-0eab-410a-ba32-6bebbb82bc13,Rajya Sabha,1.1 Dataset Title,fail,35,5.2,Title is 111 characters (limit 60). | Title contains special characters: / | Title uses abbreviations: UT,"Shorten the title to 60 characters or fewer. | Remove special characters from the title (write 'and' instead of '&'). | Spell out abbreviations in the title (e.g. 'India Meteorological Department', not 'IMD')."
d02df76c-7cec-42dc-bed1-beb7b7592bad,Strategy for New India@75 | NITI Aayog | November 2018,https://civicdataspace.in/datasets/d02df76c-7cec-42dc-bed1-beb7b7592bad,Prashasti Yadav,1.2 Description / Summary,warn,57,5.1,"Description runs to 6 sentences (guideline: 2–5). | Description does not say who collected or compiled the data. | Description does not state the periodicity (daily, monthly, annual…). | Description does not state the purpose or intended use.","Tighten the description to at most 5 sentences; move methodology detail to a resource description. | Name the organisation that collected or compiled the data (and the method if derived). | Mention how often the data is recorded or updated (e.g. 'annual', 'daily'). | Add one line on what the dataset is intended to support."
e5b6026b-bab9-4850-9835-20c6eb6b70b6,Indic Language Data Registry,https://civicdataspace.in/datasets/e5b6026b-bab9-4850-9835-20c6eb6b70b6,CivicDataLab,2.3 Column Naming,fail,28,5.01,"10/19 columns contain spaces or special characters, e.g. 'Dataset Name'.","Rename columns to snake_case (lowercase, words joined with underscores)."
c8eb58b8-0c4f-4cf1-bde7-b9702fc4e4d2,DOST Helpdesk,https://civicdataspace.in/datasets/c8eb58b8-0c4f-4cf1-bde7-b9702fc4e4d2,CivicDataLab,1.8 Date of Creation,fail,0,5.0,No date of creation in the metadata.,Add the source's official creation date in YYYY-MM-DD format.
6f37bc88-2d03-4e2a-8b0f-2f56200744ba,Types of Language Dataset Guide,https://civicdataspace.in/datasets/6f37bc88-2d03-4e2a-8b0f-2f56200744ba,CivicDataLab,1.8 Date of Creation,fail,0,5.0,No date of creation in the metadata.,Add the source's official creation date in YYYY-MM-DD format.
8e8dbbbb-25de-4247-8dd9-f7d702bb73c0,Dataset Preparation Guidelines,https://civicdataspace.in/datasets/8e8dbbbb-25de-4247-8dd9-f7d702bb73c0,CivicDataLab,1.8 Date of Creation,fail,0,5.0,No date of creation in the metadata.,Add the source's official creation date in YYYY-MM-DD format.
bb4a8324-a4e6-440a-94ec-6216477abc56,Dataset Onboarding Toolkit,https://civicdataspace.in/datasets/bb4a8324-a4e6-440a-94ec-6216477abc56,CivicDataLab,1.8 Date of Creation,fail,0,5.0,No date of creation in the metadata.,Add the source's official creation date in YYYY-MM-DD format.
0bdfe6b8-a4d3-4ef3-ad3a-3f8858efdce6,Identifying Language Dataset Guide,https://civicdataspace.in/datasets/0bdfe6b8-a4d3-4ef3-ad3a-3f8858efdce6,CivicDataLab,1.8 Date of Creation,fail,0,5.0,No date of creation in the metadata.,Add the source's official creation date in YYYY-MM-DD format.
984f16c9-9959-4a07-9b04-9a951ee7cd03,Prompt_test_cases_Agriculture_Assamese,https://civicdataspace.in/datasets/984f16c9-9959-4a07-9b04-9a951ee7cd03,CivicDataLab,1.8 Date of Creation,fail,0,5.0,No date of creation in the metadata.,Add the source's official creation date in YYYY-MM-DD format.
279f0a4d-0ccf-47e0-a7cc-e6f293a58b6e,Himachal Pradesh Tenders,https://civicdataspace.in/datasets/279f0a4d-0ccf-47e0-a7cc-e6f293a58b6e,Himachal Pradesh Tenders,1.8 Date of Creation,fail,0,5.0,No date of creation in the metadata.,Add the source's official creation date in YYYY-MM-DD format.
7e876e22-af77-40e1-aa97-f47eee3ee56f,District-wise Damage to Public utilities in Punjab from 1968 to 2022 (April to March),https://civicdataspace.in/datasets/7e876e22-af77-40e1-aa97-f47eee3ee56f,Prashasti Yadav,1.8 Date of Creation,fail,0,5.0,No date of creation in the metadata.,Add the source's official creation date in YYYY-MM-DD format.
a3949557-7e54-4c9d-9840-3a652b72117d,District-wise Area affected in Punjab from 1969 to 2022(April to March),https://civicdataspace.in/datasets/a3949557-7e54-4c9d-9840-3a652b72117d,Prashasti Yadav,1.8 Date of Creation,fail,0,5.0,No date of creation in the metadata.,Add the source's official creation date in YYYY-MM-DD format.
95ddbc2a-c04c-4802-93c9-90d806b6d56d,HPSDMA Memorandum of Loss and Damage,https://civicdataspace.in/datasets/95ddbc2a-c04c-4802-93c9-90d806b6d56d,Himachal Pradesh State Disaster Management Authority (HPSDMA),1.8 Date of Creation,fail,0,5.0,No date of creation in the metadata.,Add the source's official creation date in YYYY-MM-DD format.
35cbee63-adf1-4632-9b5e-7c439ad2ba3c,Women's condition in Assam_2025,https://civicdataspace.in/datasets/35cbee63-adf1-4632-9b5e-7c439ad2ba3c,"Directorate of Economics and Statistics, Government of Assam",1.8 Date of Creation,fail,0,5.0,No date of creation in the metadata.,Add the source's official creation date in YYYY-MM-DD format.
50079941-ba34-4ae2-b920-a5c4388572eb,Budget At A Glance 2025-26,https://civicdataspace.in/datasets/50079941-ba34-4ae2-b920-a5c4388572eb,Prashasti Yadav,1.8 Date of Creation,fail,0,5.0,No date of creation in the metadata.,Add the source's official creation date in YYYY-MM-DD format.
be93fd4e-2176-40c5-b11c-0141fc6a9e91,CROP-dataset-Odia,https://civicdataspace.in/datasets/be93fd4e-2176-40c5-b11c-0141fc6a9e91,Divitamayee Deogam,1.8 Date of Creation,fail,0,5.0,No date of creation in the metadata.,Add the source's official creation date in YYYY-MM-DD format.
a57b2567-444d-410d-9fb5-25e959915fef,Cumulative Loss & Damages for Flood Odisha (2022-2023),https://civicdataspace.in/datasets/a57b2567-444d-410d-9fb5-25e959915fef,Odisha State Disaster Management Authority (OSDMA),1.8 Date of Creation,fail,0,5.0,No date of creation in the metadata.,Add the source's official creation date in YYYY-MM-DD format.
86da8970-c68b-4da2-ac41-1e796ab05d74,Assamese NLP Dataset Repository,https://civicdataspace.in/datasets/86da8970-c68b-4da2-ac41-1e796ab05d74,Jahnabi Mitra,1.8 Date of Creation,fail,0,5.0,No date of creation in the metadata.,Add the source's official creation date in YYYY-MM-DD format.
749c89db-7dfc-4edc-a165-597675aa75fc,NFHS District Fact Sheet - Assam,https://civicdataspace.in/datasets/749c89db-7dfc-4edc-a165-597675aa75fc,CivicDataLab,1.8 Date of Creation,fail,0,5.0,No date of creation in the metadata.,Add the source's official creation date in YYYY-MM-DD format.
bc43b3ef-7300-4db9-83f1-0b3b9ce7d372,District-wise Human Lives lost in Punjab from 1969 to 2022 (April to March),https://civicdataspace.in/datasets/bc43b3ef-7300-4db9-83f1-0b3b9ce7d372,Prashasti Yadav,1.8 Date of Creation,fail,0,5.0,No date of creation in the metadata.,Add the source's official creation date in YYYY-MM-DD format.
69f7f41f-5344-4100-bd7e-56888d303666,CLASSER – Fine-grained NER for Indic Languages,https://civicdataspace.in/datasets/69f7f41f-5344-4100-bd7e-56888d303666,Jahnabi Mitra,1.8 Date of Creation,fail,0,5.0,No date of creation in the metadata.,Add the source's official creation date in YYYY-MM-DD format.
4807543d-8bde-4fac-bbb2-f2f277db85fc,HPSDMA: Taru Hazard Risk and Vulnerability Assessment,https://civicdataspace.in/datasets/4807543d-8bde-4fac-bbb2-f2f277db85fc,Himachal Pradesh State Disaster Management Authority (HPSDMA),1.8 Date of Creation,fail,0,5.0,No date of creation in the metadata.,Add the source's official creation date in YYYY-MM-DD format.
5e1a1739-8067-4320-a212-1395791ec78e,KCC English Queries,https://civicdataspace.in/datasets/5e1a1739-8067-4320-a212-1395791ec78e,CivicDataLab,1.8 Date of Creation,fail,0,5.0,No date of creation in the metadata.,Add the source's official creation date in YYYY-MM-DD format.
93ab0b46-54fb-4435-910f-103d51141579,Green-Segregated Tender Dataset Assam 2015-2025 (Till October),https://civicdataspace.in/datasets/93ab0b46-54fb-4435-910f-103d51141579,CivicDataLab,1.8 Date of Creation,fail,0,5.0,No date of creation in the metadata.,Add the source's official creation date in YYYY-MM-DD format.
61c3e3b0-89bb-466a-b2de-120f0061de2e,Odia Monolingual News Corpus,https://civicdataspace.in/datasets/61c3e3b0-89bb-466a-b2de-120f0061de2e,Divitamayee Deogam,1.8 Date of Creation,fail,0,5.0,No date of creation in the metadata.,Add the source's official creation date in YYYY-MM-DD format.
5bc5632e-9cb4-411e-b036-8cabaec61619,hindi_odia_dataset,https://civicdataspace.in/datasets/5bc5632e-9cb4-411e-b036-8cabaec61619,Divitamayee Deogam,1.8 Date of Creation,fail,0,5.0,No date of creation in the metadata.,Add the source's official creation date in YYYY-MM-DD format.
856a8f02-90f0-4af1-8534-62a9731299ce,NASADEM SRTM Digital Elevation Model,https://civicdataspace.in/datasets/856a8f02-90f0-4af1-8534-62a9731299ce,NASADEM,1.8 Date of Creation,fail,0,5.0,No date of creation in the metadata.,Add the source's official creation date in YYYY-MM-DD format.
9693a4b6-7c24-45c3-800a-92914c5b9714,Assamese ASR Dataset,https://civicdataspace.in/datasets/9693a4b6-7c24-45c3-800a-92914c5b9714,Jahnabi Mitra,1.8 Date of Creation,fail,0,5.0,No date of creation in the metadata.,Add the source's official creation date in YYYY-MM-DD format.
4ed151c2-3b1a-4177-b66d-b2185a22ec08,Tender value vs IMR District-wise Assam 2018-19 to 2022-23,https://civicdataspace.in/datasets/4ed151c2-3b1a-4177-b66d-b2185a22ec08,CivicDataLab,1.8 Date of Creation,fail,0,5.0,No date of creation in the metadata.,Add the source's official creation date in YYYY-MM-DD format.
84caefe5-fce4-4d50-9a64-dc8ab57864cf,odia_dataset,https://civicdataspace.in/datasets/84caefe5-fce4-4d50-9a64-dc8ab57864cf,Divitamayee Deogam,1.8 Date of Creation,fail,0,5.0,No date of creation in the metadata.,Add the source's official creation date in YYYY-MM-DD format.
23b5d47a-9259-426b-9a26-438a572c539e,Kisan Call Centre (KCC) - Transcripts of Farmers Queries & Answers (Hindi),https://civicdataspace.in/datasets/23b5d47a-9259-426b-9a26-438a572c539e,CivicDataLab,1.8 Date of Creation,fail,0,5.0,No date of creation in the metadata.,Add the source's official creation date in YYYY-MM-DD format.
509d6195-8e95-4df4-8280-f73c9cd567d4,Odia Structured Dictionary,https://civicdataspace.in/datasets/509d6195-8e95-4df4-8280-f73c9cd567d4,Divitamayee Deogam,1.8 Date of Creation,fail,0,5.0,No date of creation in the metadata.,Add the source's official creation date in YYYY-MM-DD format.
ea8616df-7288-4fb7-8478-22db9338e31e,Dictionary: English Odia word pairs,https://civicdataspace.in/datasets/ea8616df-7288-4fb7-8478-22db9338e31e,Divitamayee Deogam,1.8 Date of Creation,fail,0,5.0,No date of creation in the metadata.,Add the source's official creation date in YYYY-MM-DD format.
68e109a7-d6a8-4374-b7fb-b6c38e886715,State/UT-wise Complaints Received by NCPCR Relating to violation of Child Rights including Child Abuse from 2016-17 to 2019-20,https://civicdataspace.in/datasets/68e109a7-d6a8-4374-b7fb-b6c38e886715,Rajya Sabha,1.8 Date of Creation,fail,0,5.0,No date of creation in the metadata.,Add the source's official creation date in YYYY-MM-DD format.
b2505437-cb9a-45f9-b85a-8a6f4868039d,MCH Procurement District-wise Assam 2019 to 2023,https://civicdataspace.in/datasets/b2505437-cb9a-45f9-b85a-8a6f4868039d,CivicDataLab,1.8 Date of Creation,fail,0,5.0,No date of creation in the metadata.,Add the source's official creation date in YYYY-MM-DD format.
f9f95e8d-fe66-4f0f-9d38-0d4c266f143e,MCH Procurement Scheme-wise Assam 2019 to 2023,https://civicdataspace.in/datasets/f9f95e8d-fe66-4f0f-9d38-0d4c266f143e,CivicDataLab,1.8 Date of Creation,fail,0,5.0,No date of creation in the metadata.,Add the source's official creation date in YYYY-MM-DD format.
e29ea52c-d9dc-4aff-8b81-74071f1e4c8e,Divyang Budget_2019-2025,https://civicdataspace.in/datasets/e29ea52c-d9dc-4aff-8b81-74071f1e4c8e,"FinAssam, Finance Department, Government of Assam",1.8 Date of Creation,fail,0,5.0,No date of creation in the metadata.,Add the source's official creation date in YYYY-MM-DD format.
8d780994-644e-4670-9fbc-cf73e06f9858,PahariLi Dataset,https://civicdataspace.in/datasets/8d780994-644e-4670-9fbc-cf73e06f9858,Avantik Zinta,1.8 Date of Creation,fail,0,5.0,No date of creation in the metadata.,Add the source's official creation date in YYYY-MM-DD format.
cdaed2cf-782a-4a57-9b67-8f1b43db1b5d,Gender Budget Statement Assam 2018-19 to 2025-26,https://civicdataspace.in/datasets/cdaed2cf-782a-4a57-9b67-8f1b43db1b5d,"FinAssam, Finance Department, Government of Assam",1.8 Date of Creation,fail,0,5.0,No date of creation in the metadata.,Add the source's official creation date in YYYY-MM-DD format.
55b2a082-c4a9-48f7-8b65-2fc84a8cd57a,Tamil Adversarial KCC Queries Prompts,https://civicdataspace.in/datasets/55b2a082-c4a9-48f7-8b65-2fc84a8cd57a,CivicDataLab,1.8 Date of Creation,fail,0,5.0,No date of creation in the metadata.,Add the source's official creation date in YYYY-MM-DD format.
bd187bae-236c-4105-9575-5002fdbdc6c7,Odia News Dataset,https://civicdataspace.in/datasets/bd187bae-236c-4105-9575-5002fdbdc6c7,Divitamayee Deogam,1.8 Date of Creation,fail,0,5.0,No date of creation in the metadata.,Add the source's official creation date in YYYY-MM-DD format.
dac6114c-0c1e-466b-a42c-3f4fe09f8b80,Multilingual Indian Sentiment Data,https://civicdataspace.in/datasets/dac6114c-0c1e-466b-a42c-3f4fe09f8b80,Divitamayee Deogam,1.8 Date of Creation,fail,0,5.0,No date of creation in the metadata.,Add the source's official creation date in YYYY-MM-DD format.
a59afb9a-7003-4b72-b66f-4cff680a5ebf,Himachal Pradesh Distance from River Indicators (Tehsil Level),https://civicdataspace.in/datasets/a59afb9a-7003-4b72-b66f-4cff680a5ebf,CivicDataLab,1.8 Date of Creation,fail,0,5.0,No date of creation in the metadata.,Add the source's official creation date in YYYY-MM-DD format.
28d9144f-e846-4017-86fc-7af83d078354,NASADEM SRTM Digital Elevation Model,https://civicdataspace.in/datasets/28d9144f-e846-4017-86fc-7af83d078354,NASADEM,1.8 Date of Creation,fail,0,5.0,No date of creation in the metadata.,Add the source's official creation date in YYYY-MM-DD format.
61e361a7-91e2-445a-9558-3c36f946a795,odia-arc,https://civicdataspace.in/datasets/61e361a7-91e2-445a-9558-3c36f946a795,Divitamayee Deogam,1.8 Date of Creation,fail,0,5.0,No date of creation in the metadata.,Add the source's official creation date in YYYY-MM-DD format.
c3733db2-4060-405c-9aa1-321950b19481,Working Paper | India's Path To Global Leadership | Strategic Imperatives for Viksit Bharat @2047 | April 2025,https://civicdataspace.in/datasets/c3733db2-4060-405c-9aa1-321950b19481,Prashasti Yadav,1.8 Date of Creation,fail,0,5.0,No date of creation in the metadata.,Add the source's official creation date in YYYY-MM-DD format.
1daed3d7-608d-48bd-a657-4e20fdfddf05,Odia News & Wiki,https://civicdataspace.in/datasets/1daed3d7-608d-48bd-a657-4e20fdfddf05,Divitamayee Deogam,1.8 Date of Creation,fail,0,5.0,No date of creation in the metadata.,Add the source's official creation date in YYYY-MM-DD format.
93a26985-5f8d-447a-b6b3-506e2a70c5c9,MCH Procurement data Assam 2019 to 2025,https://civicdataspace.in/datasets/93a26985-5f8d-447a-b6b3-506e2a70c5c9,CivicDataLab,1.8 Date of Creation,fail,0,5.0,No date of creation in the metadata.,Add the source's official creation date in YYYY-MM-DD format.
1f813c4c-943b-4962-927a-f04bf7da4f7d,OpenSpeaks Voice,https://civicdataspace.in/datasets/1f813c4c-943b-4962-927a-f04bf7da4f7d,Divitamayee Deogam,1.8 Date of Creation,fail,0,5.0,No date of creation in the metadata.,Add the source's official creation date in YYYY-MM-DD format.
241897c7-9366-40ce-b8bc-87efa5975105,Odia Wikisource Collection,https://civicdataspace.in/datasets/241897c7-9366-40ce-b8bc-87efa5975105,Divitamayee Deogam,1.8 Date of Creation,fail,0,5.0,No date of creation in the metadata.,Add the source's official creation date in YYYY-MM-DD format.
5a97eabf-b3af-4ed7-97bd-8734cc818a26,Snow Mountain Dataset,https://civicdataspace.in/datasets/5a97eabf-b3af-4ed7-97bd-8734cc818a26,Avantik Zinta,1.8 Date of Creation,fail,0,5.0,No date of creation in the metadata.,Add the source's official creation date in YYYY-MM-DD format.
8d04f121-4a0f-4666-af26-e8bc0f67c64c,BiharPublic Procurement Tenders,https://civicdataspace.in/datasets/8d04f121-4a0f-4666-af26-e8bc0f67c64c,CivicDataLab,1.8 Date of Creation,fail,0,5.0,No date of creation in the metadata.,Add the source's official creation date in YYYY-MM-DD format.
0458f4d3-d833-4f20-9ffc-83b36d4d4697,Takri Font Dataset,https://civicdataspace.in/datasets/0458f4d3-d833-4f20-9ffc-83b36d4d4697,Avantik Zinta,1.8 Date of Creation,fail,0,5.0,No date of creation in the metadata.,Add the source's official creation date in YYYY-MM-DD format.
4f1d5a40-a9ee-4d5c-8829-ab1771029fa1,"Assam State, District and Revenue Circle Administrative Boundary Files",https://civicdataspace.in/datasets/4f1d5a40-a9ee-4d5c-8829-ab1771029fa1,CivicDataLab,1.8 Date of Creation,fail,0,5.0,No date of creation in the metadata.,Add the source's official creation date in YYYY-MM-DD format.
cb93d9ec-587b-4b7d-b893-2413897ac4a6,BHRAM-IL (Hindi),https://civicdataspace.in/datasets/cb93d9ec-587b-4b7d-b893-2413897ac4a6,CivicDataLab,1.8 Date of Creation,fail,0,5.0,No date of creation in the metadata.,Add the source's official creation date in YYYY-MM-DD format.
9d50ff35-eb9a-4d77-b4ab-2d717c79fb93,Bhram-IL (Odia),https://civicdataspace.in/datasets/9d50ff35-eb9a-4d77-b4ab-2d717c79fb93,CivicDataLab,1.8 Date of Creation,fail,0,5.0,No date of creation in the metadata.,Add the source's official creation date in YYYY-MM-DD format.
e7adeb48-b12c-4a23-8606-b2988f447d05,HimVirasat Mandeali Dataset,https://civicdataspace.in/datasets/e7adeb48-b12c-4a23-8606-b2988f447d05,Avantik Zinta,1.8 Date of Creation,fail,0,5.0,No date of creation in the metadata.,Add the source's official creation date in YYYY-MM-DD format.
4ec13774-1086-4eb1-b8cf-bd3329d46cf6,MCH Procurement Department-wise Assam 2019 to 2023,https://civicdataspace.in/datasets/4ec13774-1086-4eb1-b8cf-bd3329d46cf6,CivicDataLab,1.8 Date of Creation,fail,0,5.0,No date of creation in the metadata.,Add the source's official creation date in YYYY-MM-DD format.
1d53def5-cd46-4f0a-b0b9-7f3e669c7062,Mission Antyodaya 2020: Bihar,https://civicdataspace.in/datasets/1d53def5-cd46-4f0a-b0b9-7f3e669c7062,Ministry of Rural Development,1.8 Date of Creation,fail,0,5.0,No date of creation in the metadata.,Add the source's official creation date in YYYY-MM-DD format.
f238952e-3e0f-4fa7-8afb-2c0e2b2f698d,Bihar Flood-Related Tenders (Block Geotagged),https://civicdataspace.in/datasets/f238952e-3e0f-4fa7-8afb-2c0e2b2f698d,CivicDataLab,1.8 Date of Creation,fail,0,5.0,No date of creation in the metadata.,Add the source's official creation date in YYYY-MM-DD format.
b4cd4bf9-efb6-4771-bf17-51ee80a148eb,Kinnauri Pahari Dataset,https://civicdataspace.in/datasets/b4cd4bf9-efb6-4771-bf17-51ee80a148eb,Avantik Zinta,1.8 Date of Creation,fail,0,5.0,No date of creation in the metadata.,Add the source's official creation date in YYYY-MM-DD format.
501422ec-923b-46d7-a4f2-5333af46331b,Bangkok Budget Details,https://civicdataspace.in/datasets/501422ec-923b-46d7-a4f2-5333af46331b,BMA,1.8 Date of Creation,fail,0,5.0,No date of creation in the metadata.,Add the source's official creation date in YYYY-MM-DD format.
efcb804b-1e9d-429f-893e-744ce813b82c,HMIS MCH Assam 2022-23,https://civicdataspace.in/datasets/efcb804b-1e9d-429f-893e-744ce813b82c,CivicDataLab,1.8 Date of Creation,fail,0,5.0,No date of creation in the metadata.,Add the source's official creation date in YYYY-MM-DD format.
2e97e3e2-b19d-4ee4-b5d1-13bb5ce9f0ec,Dogri Dataset,https://civicdataspace.in/datasets/2e97e3e2-b19d-4ee4-b5d1-13bb5ce9f0ec,Avantik Zinta,1.8 Date of Creation,fail,0,5.0,No date of creation in the metadata.,Add the source's official creation date in YYYY-MM-DD format.
a33c6e71-fd59-4b57-b033-00c9bae34a9a,NASADEM SRTM Digital Elevation Model,https://civicdataspace.in/datasets/a33c6e71-fd59-4b57-b033-00c9bae34a9a,NASADEM,1.8 Date of Creation,fail,0,5.0,No date of creation in the metadata.,Add the source's official creation date in YYYY-MM-DD format.
b89710f1-2999-4c4b-935c-00184e1d41ed,Assam Embankment Infrastructure Indicators (Revenue Circle Level),https://civicdataspace.in/datasets/b89710f1-2999-4c4b-935c-00184e1d41ed,CivicDataLab,1.8 Date of Creation,fail,0,5.0,No date of creation in the metadata.,Add the source's official creation date in YYYY-MM-DD format.
0cfc9ba5-a7b3-49e8-bec9-d4419eaf5031,Assam Heat-Related Tenders (RC-Geotagged),https://civicdataspace.in/datasets/0cfc9ba5-a7b3-49e8-bec9-d4419eaf5031,CivicDataLab,1.8 Date of Creation,fail,0,5.0,No date of creation in the metadata.,Add the source's official creation date in YYYY-MM-DD format.
c3a600db-15f0-4e1a-b93e-c1736483ecf7,Himachal Pradesh Disaster Loss and Damage Indicators (2021-2024),https://civicdataspace.in/datasets/c3a600db-15f0-4e1a-b93e-c1736483ecf7,CivicDataLab,1.8 Date of Creation,fail,0,5.0,No date of creation in the metadata.,Add the source's official creation date in YYYY-MM-DD format.
5cd8ca93-a66d-4c04-b90c-73ce5d92d473,A Comprehensive Indian Sign Language ISL Dataset for A to Z Alphabets Using MediaPipe Pose Skeletons,https://civicdataspace.in/datasets/5cd8ca93-a66d-4c04-b90c-73ce5d92d473,Sridhar S,1.8 Date of Creation,fail,0,5.0,No date of creation in the metadata.,Add the source's official creation date in YYYY-MM-DD format.
a8cdabc3-36eb-4974-982c-7514d844cfad,Bangkok 50 district,https://civicdataspace.in/datasets/a8cdabc3-36eb-4974-982c-7514d844cfad,BMA,1.8 Date of Creation,fail,0,5.0,No date of creation in the metadata.,Add the source's official creation date in YYYY-MM-DD format.
c8340221-9438-42d8-9713-bb65bd040712,Microsoft PARIKSHA,https://civicdataspace.in/datasets/c8340221-9438-42d8-9713-bb65bd040712,Saesha Parekh,1.8 Date of Creation,fail,0,5.0,No date of creation in the metadata.,Add the source's official creation date in YYYY-MM-DD format.
c23ab16a-f389-46d1-b405-2a9096811cf5,District wise MCH Procurement data of Assam - 2019 to 2025,https://civicdataspace.in/datasets/c23ab16a-f389-46d1-b405-2a9096811cf5,CivicDataLab,1.8 Date of Creation,fail,0,5.0,No date of creation in the metadata.,Add the source's official creation date in YYYY-MM-DD format.
7667fe2b-0d20-402c-bd20-8dbd8b30b441,New dataset 09 Dec 2025 - 09:25:41,https://civicdataspace.in/datasets/7667fe2b-0d20-402c-bd20-8dbd8b30b441,CivicDataLab,1.8 Date of Creation,fail,0,5.0,No date of creation in the metadata.,Add the source's official creation date in YYYY-MM-DD format.
ac79af61-4a76-45f0-aef0-79d29856b628,Assam Heat- Related Public Procurement Tenders,https://civicdataspace.in/datasets/ac79af61-4a76-45f0-aef0-79d29856b628,CivicDataLab,1.8 Date of Creation,fail,0,5.0,No date of creation in the metadata.,Add the source's official creation date in YYYY-MM-DD format.
37418952-42b5-4253-a8b8-bb7b0f4a4fe3,Himachal Pradesh Public Procurement Tenders,https://civicdataspace.in/datasets/37418952-42b5-4253-a8b8-bb7b0f4a4fe3,CivicDataLab,1.8 Date of Creation,fail,0,5.0,No date of creation in the metadata.,Add the source's official creation date in YYYY-MM-DD format.
4cf485b0-d49a-4ead-b7f8-b565dd1f1f92,Assam Flood-Related Tenders (Revenue Circle Geotagged),https://civicdataspace.in/datasets/4cf485b0-d49a-4ead-b7f8-b565dd1f1f92,CivicDataLab,1.8 Date of Creation,fail,0,5.0,No date of creation in the metadata.,Add the source's official creation date in YYYY-MM-DD format.
bc2e34ba-21ce-496e-8462-518bdb0965db,Himachal Pradesh Flood-Related Tenders (District Geotagged),https://civicdataspace.in/datasets/bc2e34ba-21ce-496e-8462-518bdb0965db,CivicDataLab,1.8 Date of Creation,fail,0,5.0,No date of creation in the metadata.,Add the source's official creation date in YYYY-MM-DD format.
8e553b1d-0f02-46b4-9b78-f658d4d8494c,SpeeD-TB - Kokborok,https://civicdataspace.in/datasets/8e553b1d-0f02-46b4-9b78-f658d4d8494c,Sridhar S,1.8 Date of Creation,fail,0,5.0,No date of creation in the metadata.,Add the source's official creation date in YYYY-MM-DD format.
edc944e7-b7bd-4c49-8ecf-1ec582ad1aa9,Assam NASADEM Elevation (Revenue Circle Level),https://civicdataspace.in/datasets/edc944e7-b7bd-4c49-8ecf-1ec582ad1aa9,CivicDataLab,1.8 Date of Creation,fail,0,5.0,No date of creation in the metadata.,Add the source's official creation date in YYYY-MM-DD format.
1c1861a1-9c48-4cf2-9e70-eba4e13c156b,Mahasuvi Pahari Dataset,https://civicdataspace.in/datasets/1c1861a1-9c48-4cf2-9e70-eba4e13c156b,Avantik Zinta,1.8 Date of Creation,fail,0,5.0,No date of creation in the metadata.,Add the source's official creation date in YYYY-MM-DD format.
8bb66216-3b5c-45bd-825a-55da0fbcc082,MLRD-20 Marathi Lip Reading,https://civicdataspace.in/datasets/8bb66216-3b5c-45bd-825a-55da0fbcc082,Sridhar S,1.8 Date of Creation,fail,0,5.0,No date of creation in the metadata.,Add the source's official creation date in YYYY-MM-DD format.
4b5248fe-28fc-45eb-982f-2332d4c9e108,Himachal Pradesh Tehsil Level IMD Rainfall Inidcators (2018-2026),https://civicdataspace.in/datasets/4b5248fe-28fc-45eb-982f-2332d4c9e108,CivicDataLab,1.8 Date of Creation,fail,0,5.0,No date of creation in the metadata.,Add the source's official creation date in YYYY-MM-DD format.
2a3c1abf-f767-481a-a7af-5b448ce72cb5,Assam Public Procurement Tenders,https://civicdataspace.in/datasets/2a3c1abf-f767-481a-a7af-5b448ce72cb5,CivicDataLab,1.8 Date of Creation,fail,0,5.0,No date of creation in the metadata.,Add the source's official creation date in YYYY-MM-DD format.
22baa45a-6ff4-4ea7-bfe6-5f3d28a6c2db,Odisha Public Procurement Tenders,https://civicdataspace.in/datasets/22baa45a-6ff4-4ea7-bfe6-5f3d28a6c2db,CivicDataLab,1.8 Date of Creation,fail,0,5.0,No date of creation in the metadata.,Add the source's official creation date in YYYY-MM-DD format.
e7ddf347-a353-4135-a96f-7543e2202fc5,Odisha Flood-Related Tenders (Block Geotagged),https://civicdataspace.in/datasets/e7ddf347-a353-4135-a96f-7543e2202fc5,CivicDataLab,1.8 Date of Creation,fail,0,5.0,No date of creation in the metadata.,Add the source's official creation date in YYYY-MM-DD format.
38dd6319-efe2-44ad-a4cf-98dd98611a67,Kangri-Hindi Dataset,https://civicdataspace.in/datasets/38dd6319-efe2-44ad-a4cf-98dd98611a67,Avantik Zinta,1.8 Date of Creation,fail,0,5.0,No date of creation in the metadata.,Add the source's official creation date in YYYY-MM-DD format.
e2e5b52c-3aa5-4448-b532-2e3b5e71b4f1,Mission Antyodaya 2020,https://civicdataspace.in/datasets/e2e5b52c-3aa5-4448-b532-2e3b5e71b4f1,Ministry of Rural Development,1.8 Date of Creation,fail,0,5.0,No date of creation in the metadata.,Add the source's official creation date in YYYY-MM-DD format.
b4246d18-67fe-429e-baee-c19502931156,CALPRA Case details Assam,https://civicdataspace.in/datasets/b4246d18-67fe-429e-baee-c19502931156,CivicDataLab,1.8 Date of Creation,fail,0,5.0,No date of creation in the metadata.,Add the source's official creation date in YYYY-MM-DD format.
44669ce4-a85d-4d88-bab3-893f08a61edd,Pali,https://civicdataspace.in/datasets/44669ce4-a85d-4d88-bab3-893f08a61edd,Sridhar S,1.8 Date of Creation,fail,0,5.0,No date of creation in the metadata.,Add the source's official creation date in YYYY-MM-DD format.
88be5d92-ac1d-4305-9280-1b4f3595c1ce,IMR District-wise Assam 2018-19 to 2022-23,https://civicdataspace.in/datasets/88be5d92-ac1d-4305-9280-1b4f3595c1ce,CivicDataLab,1.8 Date of Creation,fail,0,5.0,No date of creation in the metadata.,Add the source's official creation date in YYYY-MM-DD format.
b7935b94-90be-48a9-adb7-7dfa8ba38acb,State-wise Fund Released under the Scheme of Strengthening Education among ST Girl in Low Literacy Districts from 2018-19 to 2020-21,https://civicdataspace.in/datasets/b7935b94-90be-48a9-adb7-7dfa8ba38acb,Rajya Sabha,1.8 Date of Creation,fail,0,5.0,No date of creation in the metadata.,Add the source's official creation date in YYYY-MM-DD format.
257c474a-f95c-4996-9ef9-f35fd37c833f,Assam Average Land Surface Temperature (2004-2024),https://civicdataspace.in/datasets/257c474a-f95c-4996-9ef9-f35fd37c833f,CivicDataLab,1.8 Date of Creation,fail,0,5.0,No date of creation in the metadata.,Add the source's official creation date in YYYY-MM-DD format.
86006661-704a-43c9-bb66-1c2d6ca018b4,Odisha Surface Runoff Indicators (Block Level),https://civicdataspace.in/datasets/86006661-704a-43c9-bb66-1c2d6ca018b4,CivicDataLab,1.8 Date of Creation,fail,0,5.0,No date of creation in the metadata.,Add the source's official creation date in YYYY-MM-DD format.
594e7709-6ec4-4362-bf8e-57b0fd13bdeb,Mission Antyodaya 2020,https://civicdataspace.in/datasets/594e7709-6ec4-4362-bf8e-57b0fd13bdeb,Ministry of Rural Development,1.8 Date of Creation,fail,0,5.0,No date of creation in the metadata.,Add the source's official creation date in YYYY-MM-DD format.
90dfe131-3fcc-41dc-8486-ea2319c53c12,Bhuvan,https://civicdataspace.in/datasets/90dfe131-3fcc-41dc-8486-ea2319c53c12,Bhuvan,1.8 Date of Creation,fail,0,5.0,No date of creation in the metadata.,Add the source's official creation date in YYYY-MM-DD format.
74c46595-4731-4d84-aa12-4083862bc942,Assam DRIMS Flood Impact and Response Indicators(2021-2026),https://civicdataspace.in/datasets/74c46595-4731-4d84-aa12-4083862bc942,CivicDataLab,1.8 Date of Creation,fail,0,5.0,No date of creation in the metadata.,Add the source's official creation date in YYYY-MM-DD format.
512a94f2-84fa-4a57-b354-4eb6332f5556,SpeeD-TB - Meitei,https://civicdataspace.in/datasets/512a94f2-84fa-4a57-b354-4eb6332f5556,Sridhar S,1.8 Date of Creation,fail,0,5.0,No date of creation in the metadata.,Add the source's official creation date in YYYY-MM-DD format.
8ecffbe9-0eab-410a-ba32-6bebbb82bc13,State/UT wise Dropout rates of  Girl Students  in Secondary and Elementary Education level (2016-17 to 2019-20),https://civicdataspace.in/datasets/8ecffbe9-0eab-410a-ba32-6bebbb82bc13,Rajya Sabha,1.8 Date of Creation,fail,0,5.0,No date of creation in the metadata.,Add the source's official creation date in YYYY-MM-DD format.
182dfc61-4dc4-47fe-bf58-e168aa4aacab,Assam GCN250 Population Density Indicators (Revenue Circle Level),https://civicdataspace.in/datasets/182dfc61-4dc4-47fe-bf58-e168aa4aacab,CivicDataLab,1.8 Date of Creation,fail,0,5.0,No date of creation in the metadata.,Add the source's official creation date in YYYY-MM-DD format.
3b4970ba-beb7-461c-915b-618535fd52a8,Himachal Pradesh GCN250 Population Density Indicators (Tehsil Level),https://civicdataspace.in/datasets/3b4970ba-beb7-461c-915b-618535fd52a8,CivicDataLab,1.8 Date of Creation,fail,0,5.0,No date of creation in the metadata.,Add the source's official creation date in YYYY-MM-DD format.
df69e9e5-43fd-441c-89e7-71e5d0b11427,"Climate Change Claims in Bangla, Odia, Assamese",https://civicdataspace.in/datasets/df69e9e5-43fd-441c-89e7-71e5d0b11427,Jahnabi Mitra,1.8 Date of Creation,fail,0,5.0,No date of creation in the metadata.,Add the source's official creation date in YYYY-MM-DD format.
f03bd4b0-8b7c-4bb4-b3e5-da6a0a572f86,Kangri Dataset,https://civicdataspace.in/datasets/f03bd4b0-8b7c-4bb4-b3e5-da6a0a572f86,Avantik Zinta,1.8 Date of Creation,fail,0,5.0,No date of creation in the metadata.,Add the source's official creation date in YYYY-MM-DD format.
4a54faa4-fd58-4cb9-b8ea-5cdf446a987f,HMIS child health Report Assam 2018-20,https://civicdataspace.in/datasets/4a54faa4-fd58-4cb9-b8ea-5cdf446a987f,CivicDataLab,1.8 Date of Creation,fail,0,5.0,No date of creation in the metadata.,Add the source's official creation date in YYYY-MM-DD format.
b8f28492-b865-46cd-82d6-b5a501179739,Odisha Drainage Density,https://civicdataspace.in/datasets/b8f28492-b865-46cd-82d6-b5a501179739,CivicDataLab,1.8 Date of Creation,fail,0,5.0,No date of creation in the metadata.,Add the source's official creation date in YYYY-MM-DD format.
5efb5c65-61bf-44f5-b103-088ba720cbe5,Guwahati Land Surface Temperature 2022,https://civicdataspace.in/datasets/5efb5c65-61bf-44f5-b103-088ba720cbe5,CivicDataLab,1.8 Date of Creation,fail,0,5.0,No date of creation in the metadata.,Add the source's official creation date in YYYY-MM-DD format.
316b848d-fc5e-44ac-bb46-523b98a2893c,Mission Antodaya -Uttar Pradesh(Subdistrict Level),https://civicdataspace.in/datasets/316b848d-fc5e-44ac-bb46-523b98a2893c,CivicDataLab,1.8 Date of Creation,fail,0,5.0,No date of creation in the metadata.,Add the source's official creation date in YYYY-MM-DD format.
0a0ec5e1-0055-4a43-87ed-037223f2ca80,KCC Hindi Queries,https://civicdataspace.in/datasets/0a0ec5e1-0055-4a43-87ed-037223f2ca80,CivicDataLab,1.8 Date of Creation,fail,0,5.0,No date of creation in the metadata.,Add the source's official creation date in YYYY-MM-DD format.
0fe407db-7204-4c3b-8478-a02ebe060f20,Himachal Pradesh Mission Antyodaya,https://civicdataspace.in/datasets/0fe407db-7204-4c3b-8478-a02ebe060f20,CivicDataLab,1.8 Date of Creation,fail,0,5.0,No date of creation in the metadata.,Add the source's official creation date in YYYY-MM-DD format.
f07c7047-3f08-484c-bc73-331084ca0b24,New dataset 31 Aug 2026 - 09:12:20,https://civicdataspace.in/datasets/f07c7047-3f08-484c-bc73-331084ca0b24,Nikil Augustine,1.8 Date of Creation,fail,0,5.0,No date of creation in the metadata.,Add the source's official creation date in YYYY-MM-DD format.
035b9750-809b-4388-8ca3-43f6ddacb633,The First Information Report Dataset from years 2015-2019,https://civicdataspace.in/datasets/035b9750-809b-4388-8ca3-43f6ddacb633,JusticeHub,1.8 Date of Creation,fail,0,5.0,No date of creation in the metadata.,Add the source's official creation date in YYYY-MM-DD format.
7c776a76-a128-4a9d-9ea5-a33b4b63a57f,TamilCOCO,https://civicdataspace.in/datasets/7c776a76-a128-4a9d-9ea5-a33b4b63a57f,Sridhar S,1.8 Date of Creation,fail,0,5.0,No date of creation in the metadata.,Add the source's official creation date in YYYY-MM-DD format.
ebca0d4a-2df7-46ae-a315-640bce23968a,Odisha Distance from River,https://civicdataspace.in/datasets/ebca0d4a-2df7-46ae-a315-640bce23968a,CivicDataLab,1.8 Date of Creation,fail,0,5.0,No date of creation in the metadata.,Add the source's official creation date in YYYY-MM-DD format.
fa08be7f-9647-462b-8fc1-d218211271da,New dataset 03 Jul 2026 - 10:01:00,https://civicdataspace.in/datasets/fa08be7f-9647-462b-8fc1-d218211271da,Mihika Wakhloo,1.8 Date of Creation,fail,0,5.0,No date of creation in the metadata.,Add the source's official creation date in YYYY-MM-DD format.
bfa3e73b-893e-4f9b-b9de-11c26f7a229e,Assam IMD Subdistrict-Level  Rainfall(2018-2026),https://civicdataspace.in/datasets/bfa3e73b-893e-4f9b-b9de-11c26f7a229e,CivicDataLab,1.8 Date of Creation,fail,0,5.0,No date of creation in the metadata.,Add the source's official creation date in YYYY-MM-DD format.
42a03126-8f44-4962-948c-209c1a8ae459,Uttar Pradesh NASADEM Elevation,https://civicdataspace.in/datasets/42a03126-8f44-4962-948c-209c1a8ae459,CivicDataLab,1.8 Date of Creation,fail,0,5.0,No date of creation in the metadata.,Add the source's official creation date in YYYY-MM-DD format.
8dd7c6af-6c52-48e0-9daa-75ff7b8c0e89,Himachal Pradesh Bharat Maps,https://civicdataspace.in/datasets/8dd7c6af-6c52-48e0-9daa-75ff7b8c0e89,CivicDataLab,1.8 Date of Creation,fail,0,5.0,No date of creation in the metadata.,Add the source's official creation date in YYYY-MM-DD format.
7d35734f-6a09-43d5-a553-e4231f586544,Himachal Pradesh Tehsil-Level NDVI Indicators(2019-2024),https://civicdataspace.in/datasets/7d35734f-6a09-43d5-a553-e4231f586544,CivicDataLab,1.8 Date of Creation,fail,0,5.0,No date of creation in the metadata.,Add the source's official creation date in YYYY-MM-DD format.
43c6cbce-70ca-41e9-94fe-c55c8b6b4056,Bihar Sub-District Level IMD Rainfall (2018-2026),https://civicdataspace.in/datasets/43c6cbce-70ca-41e9-94fe-c55c8b6b4056,CivicDataLab,1.8 Date of Creation,fail,0,5.0,No date of creation in the metadata.,Add the source's official creation date in YYYY-MM-DD format.
3cc57bb1-7713-4538-935a-c69e06bf8bf5,Odisha NDVI Indicators (2019-2023),https://civicdataspace.in/datasets/3cc57bb1-7713-4538-935a-c69e06bf8bf5,CivicDataLab,1.8 Date of Creation,fail,0,5.0,No date of creation in the metadata.,Add the source's official creation date in YYYY-MM-DD format.
16eda4f3-78fa-4702-833f-da332458792c,Bihar Bharat Maps Infrastructure Indicators (Subdistrict Level),https://civicdataspace.in/datasets/16eda4f3-78fa-4702-833f-da332458792c,CivicDataLab,1.8 Date of Creation,fail,0,5.0,No date of creation in the metadata.,Add the source's official creation date in YYYY-MM-DD format.
37d070d1-74e9-4c1c-809d-bd78ef930079,English to Assamese Dataset,https://civicdataspace.in/datasets/37d070d1-74e9-4c1c-809d-bd78ef930079,Jahnabi Mitra,1.8 Date of Creation,fail,0,5.0,No date of creation in the metadata.,Add the source's official creation date in YYYY-MM-DD format.
57de123e-2e73-4d9d-a91e-24210fcfc32e,State/UT wise Enrolment of students  by Gender 2021-22,https://civicdataspace.in/datasets/57de123e-2e73-4d9d-a91e-24210fcfc32e,"Dept. of School Education and Literacy, Ministry of Education",1.8 Date of Creation,fail,0,5.0,No date of creation in the metadata.,Add the source's official creation date in YYYY-MM-DD format.
1c1d7e48-83ce-4756-93b6-e7fa3e896cee,IndicSafe,https://civicdataspace.in/datasets/1c1d7e48-83ce-4756-93b6-e7fa3e896cee,CivicDataLab,1.8 Date of Creation,fail,0,5.0,No date of creation in the metadata.,Add the source's official creation date in YYYY-MM-DD format.
df5f4a6e-9115-4d49-8ee6-d5d2da0fec55,Bharat Maps,https://civicdataspace.in/datasets/df5f4a6e-9115-4d49-8ee6-d5d2da0fec55,Bharat Maps,1.8 Date of Creation,fail,0,5.0,No date of creation in the metadata.,Add the source's official creation date in YYYY-MM-DD format.
b6090b4f-e18c-4e19-8beb-828d89d39fa5,HMIS IMR Assam 2022-23,https://civicdataspace.in/datasets/b6090b4f-e18c-4e19-8beb-828d89d39fa5,CivicDataLab,1.8 Date of Creation,fail,0,5.0,No date of creation in the metadata.,Add the source's official creation date in YYYY-MM-DD format.
14f28519-8039-4531-b1aa-6bf72f8aece2,Bangkok Fire and Other Disaster Management Report,https://civicdataspace.in/datasets/14f28519-8039-4531-b1aa-6bf72f8aece2,BMA,1.8 Date of Creation,fail,0,5.0,No date of creation in the metadata.,Add the source's official creation date in YYYY-MM-DD format.
f12065ab-4cbe-4a19-b7fd-aea17fc28448,Himachal Pradesh Tehsil-Level Surface Runoff(2021-2025),https://civicdataspace.in/datasets/f12065ab-4cbe-4a19-b7fd-aea17fc28448,CivicDataLab,1.8 Date of Creation,fail,0,5.0,No date of creation in the metadata.,Add the source's official creation date in YYYY-MM-DD format.
6df07eec-fd9b-4216-978d-528d642f5dd9,WorldPop,https://civicdataspace.in/datasets/6df07eec-fd9b-4216-978d-528d642f5dd9,WorldPOP,1.8 Date of Creation,fail,0,5.0,No date of creation in the metadata.,Add the source's official creation date in YYYY-MM-DD format.
a2586c90-4aaf-48c5-a49f-b0d321434a23,Uttar Pradesh Bharat Maps(Subdistrict Level),https://civicdataspace.in/datasets/a2586c90-4aaf-48c5-a49f-b0d321434a23,CivicDataLab,1.8 Date of Creation,fail,0,5.0,No date of creation in the metadata.,Add the source's official creation date in YYYY-MM-DD format.
de6f19af-bac3-4c0f-ba3a-49371304a718,Cummilative Assam Human Lives Lost (2021-2026),https://civicdataspace.in/datasets/de6f19af-bac3-4c0f-ba3a-49371304a718,CivicDataLab,1.8 Date of Creation,fail,0,5.0,No date of creation in the metadata.,Add the source's official creation date in YYYY-MM-DD format.
e77e272a-31f9-44c0-b662-b55b7d1c89f8,Assamese Text-to-Speech (TTS),https://civicdataspace.in/datasets/e77e272a-31f9-44c0-b662-b55b7d1c89f8,Jahnabi Mitra,1.8 Date of Creation,fail,0,5.0,No date of creation in the metadata.,Add the source's official creation date in YYYY-MM-DD format.
85ed80f2-6315-412a-b7aa-3b8410f2027e,Odisha NDBI Indicators (2019-2023),https://civicdataspace.in/datasets/85ed80f2-6315-412a-b7aa-3b8410f2027e,CivicDataLab,1.8 Date of Creation,fail,0,5.0,No date of creation in the metadata.,Add the source's official creation date in YYYY-MM-DD format.
7343af3c-f892-4610-b528-2444857b2081,WorldPop,https://civicdataspace.in/datasets/7343af3c-f892-4610-b528-2444857b2081,WorldPOP,1.8 Date of Creation,fail,0,5.0,No date of creation in the metadata.,Add the source's official creation date in YYYY-MM-DD format.
be323aed-d992-4cf7-a6cb-c68967a3315e,East Tusom,https://civicdataspace.in/datasets/be323aed-d992-4cf7-a6cb-c68967a3315e,Sridhar S,1.8 Date of Creation,fail,0,5.0,No date of creation in the metadata.,Add the source's official creation date in YYYY-MM-DD format.
f7154703-5460-485f-b753-7b2710865836,Assam Revenue Circle Level Flood Inundation(2015-2025),https://civicdataspace.in/datasets/f7154703-5460-485f-b753-7b2710865836,CivicDataLab,1.8 Date of Creation,fail,0,5.0,No date of creation in the metadata.,Add the source's official creation date in YYYY-MM-DD format.
1e7a3edb-0614-486c-bab6-0fc29f0d4ce7,Odisha IMD Block Level Rainfall Indicators (2018-2026),https://civicdataspace.in/datasets/1e7a3edb-0614-486c-bab6-0fc29f0d4ce7,CivicDataLab,1.8 Date of Creation,fail,0,5.0,No date of creation in the metadata.,Add the source's official creation date in YYYY-MM-DD format.
6144f565-86bc-4993-8e30-593aa263d4c6,Bangkok Museums Location,https://civicdataspace.in/datasets/6144f565-86bc-4993-8e30-593aa263d4c6,BMA,1.8 Date of Creation,fail,0,5.0,No date of creation in the metadata.,Add the source's official creation date in YYYY-MM-DD format.
cee2015f-850f-4bcc-b35c-9fbe26620b4a,WorldPop,https://civicdataspace.in/datasets/cee2015f-850f-4bcc-b35c-9fbe26620b4a,WorldPOP,1.8 Date of Creation,fail,0,5.0,No date of creation in the metadata.,Add the source's official creation date in YYYY-MM-DD format.
865277d2-c379-488a-8d93-0d5a78fb7ae9,WorldPop,https://civicdataspace.in/datasets/865277d2-c379-488a-8d93-0d5a78fb7ae9,WorldPOP,1.8 Date of Creation,fail,0,5.0,No date of creation in the metadata.,Add the source's official creation date in YYYY-MM-DD format.
06e2f5ed-3239-4854-ad7b-48c5800a27fa,Bangkok Government and Private Hospital Location,https://civicdataspace.in/datasets/06e2f5ed-3239-4854-ad7b-48c5800a27fa,BMA,1.8 Date of Creation,fail,0,5.0,No date of creation in the metadata.,Add the source's official creation date in YYYY-MM-DD format.
e1f0295b-a0f3-4921-9449-f87cb689c794,Himachal Pradesh Tehsil-Level NDBI Indicators (2019-2024),https://civicdataspace.in/datasets/e1f0295b-a0f3-4921-9449-f87cb689c794,CivicDataLab,1.8 Date of Creation,fail,0,5.0,No date of creation in the metadata.,Add the source's official creation date in YYYY-MM-DD format.
6b1393ec-4c37-441e-a3b0-4eb90cdec934,Uttar Pradesh Flood Inundation Maps - (2021-2025),https://civicdataspace.in/datasets/6b1393ec-4c37-441e-a3b0-4eb90cdec934,CivicDataLab,1.8 Date of Creation,fail,0,5.0,No date of creation in the metadata.,Add the source's official creation date in YYYY-MM-DD format.
4c852bf8-99d8-4254-b4b3-26b60e11304e,Odisha Bhuvan Flood Inundation (2021-2025),https://civicdataspace.in/datasets/4c852bf8-99d8-4254-b4b3-26b60e11304e,CivicDataLab,1.8 Date of Creation,fail,0,5.0,No date of creation in the metadata.,Add the source's official creation date in YYYY-MM-DD format.
2c10ed21-6f6b-4f58-83dc-5406fb048e25,Bihar Sub-District Level Flood Inundation (2021-2025),https://civicdataspace.in/datasets/2c10ed21-6f6b-4f58-83dc-5406fb048e25,CivicDataLab,1.8 Date of Creation,fail,0,5.0,No date of creation in the metadata.,Add the source's official creation date in YYYY-MM-DD format.
1e30a465-ac3a-4c16-96d2-3f25264e9432,Himachal Pradesh Tehsil-level Population Projections and Demographic Indicators(2017-2026),https://civicdataspace.in/datasets/1e30a465-ac3a-4c16-96d2-3f25264e9432,CivicDataLab,1.8 Date of Creation,fail,0,5.0,No date of creation in the metadata.,Add the source's official creation date in YYYY-MM-DD format.
d5fe2150-672d-455b-9b60-1e779919a053,WorldPop,https://civicdataspace.in/datasets/d5fe2150-672d-455b-9b60-1e779919a053,WorldPOP,1.8 Date of Creation,fail,0,5.0,No date of creation in the metadata.,Add the source's official creation date in YYYY-MM-DD format.
30b57b54-fe31-4483-86bb-874900cef050,Uttar Pradesh Subdistrict Level Worldpop Data(2017-2026),https://civicdataspace.in/datasets/30b57b54-fe31-4483-86bb-874900cef050,CivicDataLab,1.8 Date of Creation,fail,0,5.0,No date of creation in the metadata.,Add the source's official creation date in YYYY-MM-DD format.
d93c5e86-39f8-4d22-90a6-cec7c940c322,Odisha Heat-Related Tenders (Block Geotagged),https://civicdataspace.in/datasets/d93c5e86-39f8-4d22-90a6-cec7c940c322,CivicDataLab,2.3 Column Naming,fail,29,4.98,"26/50 columns contain spaces or special characters, e.g. 'Unnamed: 0'.","Rename columns to snake_case (lowercase, words joined with underscores)."
b2505437-cb9a-45f9-b85a-8a6f4868039d,MCH Procurement District-wise Assam 2019 to 2023,https://civicdataspace.in/datasets/b2505437-cb9a-45f9-b85a-8a6f4868039d,CivicDataLab,2.3 Column Naming,fail,30,4.9,"2/4 columns contain spaces or special characters, e.g. 'Tender ID'.","Rename columns to snake_case (lowercase, words joined with underscores)."
f9f95e8d-fe66-4f0f-9d38-0d4c266f143e,MCH Procurement Scheme-wise Assam 2019 to 2023,https://civicdataspace.in/datasets/f9f95e8d-fe66-4f0f-9d38-0d4c266f143e,CivicDataLab,2.3 Column Naming,fail,30,4.9,"2/4 columns contain spaces or special characters, e.g. 'Tender ID'.","Rename columns to snake_case (lowercase, words joined with underscores)."
533c9497-83d9-41bb-9ada-6190318991b4,Assam Maternal Health,https://civicdataspace.in/datasets/533c9497-83d9-41bb-9ada-6190318991b4,CivicDataLab,2.3 Column Naming,fail,30,4.9,"1/4 columns contain spaces or special characters, e.g. 'Unnamed: 0'. | Ambiguous column names: n","Rename columns to snake_case (lowercase, words joined with underscores). | Give every column a descriptive name (e.g. district_name, temp_max_c)."
a4e9f457-8c4b-43c1-8ea7-e0afa666be34,Assam Maternal Health,https://civicdataspace.in/datasets/a4e9f457-8c4b-43c1-8ea7-e0afa666be34,Open Contracting Partnership,2.3 Column Naming,fail,30,4.9,"1/4 columns contain spaces or special characters, e.g. 'Unnamed: 0'. | Ambiguous column names: n","Rename columns to snake_case (lowercase, words joined with underscores). | Give every column a descriptive name (e.g. district_name, temp_max_c)."
4ec13774-1086-4eb1-b8cf-bd3329d46cf6,MCH Procurement Department-wise Assam 2019 to 2023,https://civicdataspace.in/datasets/4ec13774-1086-4eb1-b8cf-bd3329d46cf6,CivicDataLab,2.3 Column Naming,fail,30,4.9,"2/4 columns contain spaces or special characters, e.g. 'Tender ID'.","Rename columns to snake_case (lowercase, words joined with underscores)."
0cfc9ba5-a7b3-49e8-bec9-d4419eaf5031,Assam Heat-Related Tenders (RC-Geotagged),https://civicdataspace.in/datasets/0cfc9ba5-a7b3-49e8-bec9-d4419eaf5031,CivicDataLab,2.3 Column Naming,fail,30,4.9,"26/52 columns contain spaces or special characters, e.g. 'Tender ID'.","Rename columns to snake_case (lowercase, words joined with underscores)."
4cf485b0-d49a-4ead-b7f8-b565dd1f1f92,Assam Flood-Related Tenders (Revenue Circle Geotagged),https://civicdataspace.in/datasets/4cf485b0-d49a-4ead-b7f8-b565dd1f1f92,CivicDataLab,2.3 Column Naming,fail,30,4.9,"26/52 columns contain spaces or special characters, e.g. 'Unnamed: 0'.","Rename columns to snake_case (lowercase, words joined with underscores)."
e7ddf347-a353-4135-a96f-7543e2202fc5,Odisha Flood-Related Tenders (Block Geotagged),https://civicdataspace.in/datasets/e7ddf347-a353-4135-a96f-7543e2202fc5,CivicDataLab,2.3 Column Naming,fail,30,4.9,"24/48 columns contain spaces or special characters, e.g. 'Tender ID'.","Rename columns to snake_case (lowercase, words joined with underscores)."
45e52853-85e0-4b49-b290-3538884a17a7,"State/UT-wise Children covered by Child Care Institutions (CCIs) under the Juvenile Justice (Care and Protection of Children) Act, 2015 & Integrated Child Protection Scheme during 2018-19",https://civicdataspace.in/datasets/45e52853-85e0-4b49-b290-3538884a17a7,Rajya Sabha,1.2 Description / Summary,warn,60,4.8,"Description does not state the geographic coverage. | Description does not state the periodicity (daily, monthly, annual…). | Description does not state the purpose or intended use.","Say which geography the data covers (country / state / district level). | Mention how often the data is recorded or updated (e.g. 'annual', 'daily'). | Add one line on what the dataset is intended to support."
a33c6e71-fd59-4b57-b033-00c9bae34a9a,NASADEM SRTM Digital Elevation Model,https://civicdataspace.in/datasets/a33c6e71-fd59-4b57-b033-00c9bae34a9a,NASADEM,1.2 Description / Summary,warn,60,4.8,"Description does not state the time period covered. | Description does not state the periodicity (daily, monthly, annual…). | Description does not state the purpose or intended use.","State the years the data covers in the description. | Mention how often the data is recorded or updated (e.g. 'annual', 'daily'). | Add one line on what the dataset is intended to support."
37418952-42b5-4253-a8b8-bb7b0f4a4fe3,Himachal Pradesh Public Procurement Tenders,https://civicdataspace.in/datasets/37418952-42b5-4253-a8b8-bb7b0f4a4fe3,CivicDataLab,1.2 Description / Summary,warn,60,4.8,"Description does not state the time period covered. | Description does not state the periodicity (daily, monthly, annual…). | Description does not state the purpose or intended use.","State the years the data covers in the description. | Mention how often the data is recorded or updated (e.g. 'annual', 'daily'). | Add one line on what the dataset is intended to support."
90dfe131-3fcc-41dc-8486-ea2319c53c12,Bhuvan,https://civicdataspace.in/datasets/90dfe131-3fcc-41dc-8486-ea2319c53c12,Bhuvan,1.2 Description / Summary,warn,60,4.8,"Description does not state the time period covered. | Description does not state the periodicity (daily, monthly, annual…). | Description does not state the purpose or intended use.","State the years the data covers in the description. | Mention how often the data is recorded or updated (e.g. 'annual', 'daily'). | Add one line on what the dataset is intended to support."
74c46595-4731-4d84-aa12-4083862bc942,Assam DRIMS Flood Impact and Response Indicators(2021-2026),https://civicdataspace.in/datasets/74c46595-4731-4d84-aa12-4083862bc942,CivicDataLab,1.2 Description / Summary,warn,60,4.8,"Description does not state the time period covered. | Description does not state the periodicity (daily, monthly, annual…). | Description does not state the purpose or intended use.","State the years the data covers in the description. | Mention how often the data is recorded or updated (e.g. 'annual', 'daily'). | Add one line on what the dataset is intended to support."
182dfc61-4dc4-47fe-bf58-e168aa4aacab,Assam GCN250 Population Density Indicators (Revenue Circle Level),https://civicdataspace.in/datasets/182dfc61-4dc4-47fe-bf58-e168aa4aacab,CivicDataLab,1.2 Description / Summary,warn,60,4.8,"Description does not state the time period covered. | Description does not state the periodicity (daily, monthly, annual…). | Description does not state the purpose or intended use.","State the years the data covers in the description. | Mention how often the data is recorded or updated (e.g. 'annual', 'daily'). | Add one line on what the dataset is intended to support."
3b4970ba-beb7-461c-915b-618535fd52a8,Himachal Pradesh GCN250 Population Density Indicators (Tehsil Level),https://civicdataspace.in/datasets/3b4970ba-beb7-461c-915b-618535fd52a8,CivicDataLab,1.2 Description / Summary,warn,60,4.8,"Description does not state the time period covered. | Description does not state the periodicity (daily, monthly, annual…). | Description does not state the purpose or intended use.","State the years the data covers in the description. | Mention how often the data is recorded or updated (e.g. 'annual', 'daily'). | Add one line on what the dataset is intended to support."
e63bc17f-61e7-456c-b009-a7a0b4bd3143,Odisha GCN250 Population Density Indicators (Block Level),https://civicdataspace.in/datasets/e63bc17f-61e7-456c-b009-a7a0b4bd3143,CivicDataLab,1.2 Description / Summary,warn,60,4.8,"Description does not state the time period covered. | Description does not state the periodicity (daily, monthly, annual…). | Description does not state the purpose or intended use.","State the years the data covers in the description. | Mention how often the data is recorded or updated (e.g. 'annual', 'daily'). | Add one line on what the dataset is intended to support."
0fe407db-7204-4c3b-8478-a02ebe060f20,Himachal Pradesh Mission Antyodaya,https://civicdataspace.in/datasets/0fe407db-7204-4c3b-8478-a02ebe060f20,CivicDataLab,1.2 Description / Summary,warn,60,4.8,"Description does not state the time period covered. | Description does not state the periodicity (daily, monthly, annual…). | Description does not state the purpose or intended use.","State the years the data covers in the description. | Mention how often the data is recorded or updated (e.g. 'annual', 'daily'). | Add one line on what the dataset is intended to support."
035b9750-809b-4388-8ca3-43f6ddacb633,The First Information Report Dataset from years 2015-2019,https://civicdataspace.in/datasets/035b9750-809b-4388-8ca3-43f6ddacb633,JusticeHub,1.2 Description / Summary,warn,60,4.8,"Description does not state the time period covered. | Description does not state the periodicity (daily, monthly, annual…). | Description does not state the purpose or intended use.","State the years the data covers in the description. | Mention how often the data is recorded or updated (e.g. 'annual', 'daily'). | Add one line on what the dataset is intended to support."
df5f4a6e-9115-4d49-8ee6-d5d2da0fec55,Bharat Maps,https://civicdataspace.in/datasets/df5f4a6e-9115-4d49-8ee6-d5d2da0fec55,Bharat Maps,1.2 Description / Summary,warn,60,4.8,"Description does not state the geographic coverage. | Description does not state the periodicity (daily, monthly, annual…). | Description does not state the purpose or intended use.","Say which geography the data covers (country / state / district level). | Mention how often the data is recorded or updated (e.g. 'annual', 'daily'). | Add one line on what the dataset is intended to support."
47094da1-455d-42f8-8b34-4acaeb1c56e3,Summary Statements 2018-2026,https://civicdataspace.in/datasets/47094da1-455d-42f8-8b34-4acaeb1c56e3,"FinAssam, Finance Department, Government of Assam",1.2 Description / Summary,warn,60,4.8,"Description does not state the time period covered. | Description does not state the periodicity (daily, monthly, annual…). | Description does not state the purpose or intended use.","State the years the data covers in the description. | Mention how often the data is recorded or updated (e.g. 'annual', 'daily'). | Add one line on what the dataset is intended to support."
6144f565-86bc-4993-8e30-593aa263d4c6,Bangkok Museums Location,https://civicdataspace.in/datasets/6144f565-86bc-4993-8e30-593aa263d4c6,BMA,1.2 Description / Summary,warn,60,4.8,"Description does not state the time period covered. | Description does not state the periodicity (daily, monthly, annual…). | Description does not state the purpose or intended use.","State the years the data covers in the description. | Mention how often the data is recorded or updated (e.g. 'annual', 'daily'). | Add one line on what the dataset is intended to support."
71382798-d3fe-4ce3-b0f0-5e0e8b0ad136,Gandhinagar Municipal Corporation: Budget Summary Statement,https://civicdataspace.in/datasets/71382798-d3fe-4ce3-b0f0-5e0e8b0ad136,Gandhinagar Municipal Corporation,2.3 Column Naming,fail,35,4.55,"[Gandhinagar Municipal Corporation Budge…] 12/12 columns contain spaces or special characters, e.g. 'Unnamed: 0'. | [Gandhinagar Municipal Corporation Budge…] 11/12 columns contain spaces or special characters, e.g. 'Unnamed: 0'.","Rename columns to snake_case (lowercase, words joined with underscores)."
d4291706-0a9a-4063-b2ea-de840dc14a40,Imphal Municipal Corporation: Budget Summary Statement,https://civicdataspace.in/datasets/d4291706-0a9a-4063-b2ea-de840dc14a40,Imphal Municipal Corporation,2.3 Column Naming,fail,36,4.49,"[Imphal Municipal Corporation Budget Sum…] 7/8 columns contain spaces or special characters, e.g. 'Unnamed: 0'. | [Imphal Municipal Corporation Budget Sta…] 8/8 columns contain spaces or special characters, e.g. 'Unnamed: 0'.","Rename columns to snake_case (lowercase, words joined with underscores)."
5bc5632e-9cb4-411e-b036-8cabaec61619,hindi_odia_dataset,https://civicdataspace.in/datasets/5bc5632e-9cb4-411e-b036-8cabaec61619,Divitamayee Deogam,1.1 Dataset Title,fail,45,4.4,Title contains special characters: _ | Title is not in sentence case or Title Case. | Title does not mention the time period covered.,"Remove special characters from the title (write 'and' instead of '&'). | Use sentence case for the title. | Add the period covered to the title, e.g. '(2000–2020)'."
84caefe5-fce4-4d50-9a64-dc8ab57864cf,odia_dataset,https://civicdataspace.in/datasets/84caefe5-fce4-4d50-9a64-dc8ab57864cf,Divitamayee Deogam,1.1 Dataset Title,fail,45,4.4,Title contains special characters: _ | Title is not in sentence case or Title Case. | Title does not mention the time period covered.,"Remove special characters from the title (write 'and' instead of '&'). | Use sentence case for the title. | Add the period covered to the title, e.g. '(2000–2020)'."
5e1a1739-8067-4320-a212-1395791ec78e,KCC English Queries,https://civicdataspace.in/datasets/5e1a1739-8067-4320-a212-1395791ec78e,CivicDataLab,2.3 Column Naming,fail,38,4.33,"4/11 columns contain spaces or special characters, e.g. 'S.No.'.","Rename columns to snake_case (lowercase, words joined with underscores)."
527e7809-5d96-4e66-a527-76636866eafa,Manipuri Handwritten Character Recognition,https://civicdataspace.in/datasets/527e7809-5d96-4e66-a527-76636866eafa,Jahnabi Mitra,1.2 Description / Summary,warn,65,4.2,"Description does not say who collected or compiled the data. | Description does not state the periodicity (daily, monthly, annual…). | Description does not state the purpose or intended use.","Name the organisation that collected or compiled the data (and the method if derived). | Mention how often the data is recorded or updated (e.g. 'annual', 'daily'). | Add one line on what the dataset is intended to support."
efcb804b-1e9d-429f-893e-744ce813b82c,HMIS MCH Assam 2022-23,https://civicdataspace.in/datasets/efcb804b-1e9d-429f-893e-744ce813b82c,CivicDataLab,1.2 Description / Summary,warn,65,4.2,"Description does not say who collected or compiled the data. | Description does not state the periodicity (daily, monthly, annual…). | Description does not state the purpose or intended use.","Name the organisation that collected or compiled the data (and the method if derived). | Mention how often the data is recorded or updated (e.g. 'annual', 'daily'). | Add one line on what the dataset is intended to support."
67aed609-cd88-4fab-8b90-ad88401caf01,State/UT-wise Details of Sagar Mitra Approved from 2021-22 to 2023-24,https://civicdataspace.in/datasets/67aed609-cd88-4fab-8b90-ad88401caf01,"Department of Fisheries, Government of India",1.2 Description / Summary,warn,65,4.2,"Description does not say who collected or compiled the data. | Description does not state the periodicity (daily, monthly, annual…). | Description does not state the purpose or intended use.","Name the organisation that collected or compiled the data (and the method if derived). | Mention how often the data is recorded or updated (e.g. 'annual', 'daily'). | Add one line on what the dataset is intended to support."
0cfc9ba5-a7b3-49e8-bec9-d4419eaf5031,Assam Heat-Related Tenders (RC-Geotagged),https://civicdataspace.in/datasets/0cfc9ba5-a7b3-49e8-bec9-d4419eaf5031,CivicDataLab,1.2 Description / Summary,warn,65,4.2,Description does not state the time period covered. | Description does not say who collected or compiled the data.,State the years the data covers in the description. | Name the organisation that collected or compiled the data (and the method if derived).
7667fe2b-0d20-402c-bd20-8dbd8b30b441,New dataset 09 Dec 2025 - 09:25:41,https://civicdataspace.in/datasets/7667fe2b-0d20-402c-bd20-8dbd8b30b441,CivicDataLab,1.2 Description / Summary,warn,65,4.2,"Description does not say who collected or compiled the data. | Description does not state the periodicity (daily, monthly, annual…). | Description does not state the purpose or intended use.","Name the organisation that collected or compiled the data (and the method if derived). | Mention how often the data is recorded or updated (e.g. 'annual', 'daily'). | Add one line on what the dataset is intended to support."
4cf485b0-d49a-4ead-b7f8-b565dd1f1f92,Assam Flood-Related Tenders (Revenue Circle Geotagged),https://civicdataspace.in/datasets/4cf485b0-d49a-4ead-b7f8-b565dd1f1f92,CivicDataLab,1.2 Description / Summary,warn,65,4.2,Description does not state the time period covered. | Description does not say who collected or compiled the data.,State the years the data covers in the description. | Name the organisation that collected or compiled the data (and the method if derived).
3e6f107d-0201-4492-825c-373bab4753c6,SDG Report_NER,https://civicdataspace.in/datasets/3e6f107d-0201-4492-825c-373bab4753c6,Niti Aayog,1.2 Description / Summary,warn,65,4.2,Description does not state the time period covered. | Description does not say who collected or compiled the data.,State the years the data covers in the description. | Name the organisation that collected or compiled the data (and the method if derived).
bc2e34ba-21ce-496e-8462-518bdb0965db,Himachal Pradesh Flood-Related Tenders (District Geotagged),https://civicdataspace.in/datasets/bc2e34ba-21ce-496e-8462-518bdb0965db,CivicDataLab,1.2 Description / Summary,warn,65,4.2,Description does not state the time period covered. | Description does not say who collected or compiled the data.,State the years the data covers in the description. | Name the organisation that collected or compiled the data (and the method if derived).
e7ddf347-a353-4135-a96f-7543e2202fc5,Odisha Flood-Related Tenders (Block Geotagged),https://civicdataspace.in/datasets/e7ddf347-a353-4135-a96f-7543e2202fc5,CivicDataLab,1.2 Description / Summary,warn,65,4.2,Description does not state the time period covered. | Description does not say who collected or compiled the data.,State the years the data covers in the description. | Name the organisation that collected or compiled the data (and the method if derived).
86006661-704a-43c9-bb66-1c2d6ca018b4,Odisha Surface Runoff Indicators (Block Level),https://civicdataspace.in/datasets/86006661-704a-43c9-bb66-1c2d6ca018b4,CivicDataLab,1.2 Description / Summary,warn,65,4.2,Description does not state the time period covered. | Description does not say who collected or compiled the data.,State the years the data covers in the description. | Name the organisation that collected or compiled the data (and the method if derived).
d93c5e86-39f8-4d22-90a6-cec7c940c322,Odisha Heat-Related Tenders (Block Geotagged),https://civicdataspace.in/datasets/d93c5e86-39f8-4d22-90a6-cec7c940c322,CivicDataLab,1.2 Description / Summary,warn,65,4.2,Description does not state the time period covered. | Description does not say who collected or compiled the data.,State the years the data covers in the description. | Name the organisation that collected or compiled the data (and the method if derived).
ded8759e-a5af-4a72-8dfa-bc49ee0e6242,Uttar Pradesh Flood-Related Tenders (District Geotagged),https://civicdataspace.in/datasets/ded8759e-a5af-4a72-8dfa-bc49ee0e6242,CivicDataLab,1.2 Description / Summary,warn,65,4.2,Description does not state the time period covered. | Description does not say who collected or compiled the data.,State the years the data covers in the description. | Name the organisation that collected or compiled the data (and the method if derived).
1301d1a0-d8e9-414a-b406-b87a31a2d880,Odisha Heat-Related Public Procurement Tenders,https://civicdataspace.in/datasets/1301d1a0-d8e9-414a-b406-b87a31a2d880,CivicDataLab,1.2 Description / Summary,warn,65,4.2,Description does not state the time period covered. | Description does not say who collected or compiled the data.,State the years the data covers in the description. | Name the organisation that collected or compiled the data (and the method if derived).
57de123e-2e73-4d9d-a91e-24210fcfc32e,State/UT wise Enrolment of students  by Gender 2021-22,https://civicdataspace.in/datasets/57de123e-2e73-4d9d-a91e-24210fcfc32e,"Dept. of School Education and Literacy, Ministry of Education",1.2 Description / Summary,warn,65,4.2,"Description does not say who collected or compiled the data. | Description does not state the periodicity (daily, monthly, annual…). | Description does not state the purpose or intended use.","Name the organisation that collected or compiled the data (and the method if derived). | Mention how often the data is recorded or updated (e.g. 'annual', 'daily'). | Add one line on what the dataset is intended to support."
1c1d7e48-83ce-4756-93b6-e7fa3e896cee,IndicSafe,https://civicdataspace.in/datasets/1c1d7e48-83ce-4756-93b6-e7fa3e896cee,CivicDataLab,2.3 Column Naming,fail,40,4.2,"Duplicate column names: category | Mixed naming conventions: {'other': 4, 'snake': 1, 'snake_or_single': 1}",Make every column name unique. | Use one convention (snake_case recommended) for every column.
de6f19af-bac3-4c0f-ba3a-49371304a718,Cummilative Assam Human Lives Lost (2021-2026),https://civicdataspace.in/datasets/de6f19af-bac3-4c0f-ba3a-49371304a718,CivicDataLab,1.2 Description / Summary,warn,65,4.2,Description does not state the time period covered. | Description does not say who collected or compiled the data.,State the years the data covers in the description. | Name the organisation that collected or compiled the data (and the method if derived).
c4c30f90-60cc-4461-811f-d171cdf584a7,Assam Gender Budget Statement 2018–25,https://civicdataspace.in/datasets/c4c30f90-60cc-4461-811f-d171cdf584a7,"FinAssam, Finance Department, Government of Assam",1.2 Description / Summary,warn,65,4.2,"Description does not say who collected or compiled the data. | Description does not state the periodicity (daily, monthly, annual…). | Description does not state the purpose or intended use.","Name the organisation that collected or compiled the data (and the method if derived). | Mention how often the data is recorded or updated (e.g. 'annual', 'daily'). | Add one line on what the dataset is intended to support."
67bc0053-0a1e-4343-97c3-e2cbdf487e93,Bangkok Air Quality Index Measured in Public parks 2021 to 2024,https://civicdataspace.in/datasets/67bc0053-0a1e-4343-97c3-e2cbdf487e93,BMA,1.2 Description / Summary,warn,65,4.2,"Description does not say who collected or compiled the data. | Description does not state the periodicity (daily, monthly, annual…). | Description does not state the purpose or intended use.","Name the organisation that collected or compiled the data (and the method if derived). | Mention how often the data is recorded or updated (e.g. 'annual', 'daily'). | Add one line on what the dataset is intended to support."
a3ba09c9-a4d1-440c-b748-5635cb42b866,Constitution Benches of the Supreme Court of India (2010-22),https://civicdataspace.in/datasets/a3ba09c9-a4d1-440c-b748-5635cb42b866,JusticeHub,1.2 Description / Summary,warn,65,4.2,"Description does not say who collected or compiled the data. | Description does not state the periodicity (daily, monthly, annual…). | Description does not state the purpose or intended use.","Name the organisation that collected or compiled the data (and the method if derived). | Mention how often the data is recorded or updated (e.g. 'annual', 'daily'). | Add one line on what the dataset is intended to support."
080356e2-46e5-41cb-a4ed-217d158ccb93,Justices of the Supreme Court of India (1950-2019),https://civicdataspace.in/datasets/080356e2-46e5-41cb-a4ed-217d158ccb93,JusticeHub,1.2 Description / Summary,warn,65,4.2,"Description does not say who collected or compiled the data. | Description does not state the periodicity (daily, monthly, annual…). | Description does not state the purpose or intended use.","Name the organisation that collected or compiled the data (and the method if derived). | Mention how often the data is recorded or updated (e.g. 'annual', 'daily'). | Add one line on what the dataset is intended to support."
4ed10473-9f39-45f9-a990-a5673aac786e,India Justice Report - 2020,https://civicdataspace.in/datasets/4ed10473-9f39-45f9-a990-a5673aac786e,JusticeHub,1.2 Description / Summary,warn,65,4.2,"Description does not say who collected or compiled the data. | Description does not state the periodicity (daily, monthly, annual…). | Description does not state the purpose or intended use.","Name the organisation that collected or compiled the data (and the method if derived). | Mention how often the data is recorded or updated (e.g. 'annual', 'daily'). | Add one line on what the dataset is intended to support."
93a26985-5f8d-447a-b6b3-506e2a70c5c9,MCH Procurement data Assam 2019 to 2025,https://civicdataspace.in/datasets/93a26985-5f8d-447a-b6b3-506e2a70c5c9,CivicDataLab,2.3 Column Naming,fail,42,4.02,"[MCH_tenderdata_Assam_2019_to_2025.csv] 23/41 columns contain spaces or special characters, e.g. 'Tender ID'. | [MCH_tenderdata_Assam_2019_to_2025_polyg…] 1/45 columns contain spaces or special characters, e.g. 'independent_external_monitor/remarks'.","Rename columns to snake_case (lowercase, words joined with underscores)."
3e8186ae-b8a6-4579-be92-36a548520dac,Spatiotemporal Modeling of Aedes aegypti Risk: Enhancing Dengue Virus Control through Meteorological and Remote Sensing Data in French Guiana,https://civicdataspace.in/datasets/3e8186ae-b8a6-4579-be92-36a548520dac,Pasteur Network,1.1 Dataset Title,warn,50,4.0,Title is 141 characters (limit 60). | Title does not mention the time period covered.,"Shorten the title to 60 characters or fewer. | Add the period covered to the title, e.g. '(2000–2020)'."
7e876e22-af77-40e1-aa97-f47eee3ee56f,District-wise Damage to Public utilities in Punjab from 1968 to 2022 (April to March),https://civicdataspace.in/datasets/7e876e22-af77-40e1-aa97-f47eee3ee56f,Prashasti Yadav,2.5 Units of Measurement,fail,0,4.0,"55/55 measurement columns have no documented unit, e.g. 2022, 2021, 2020, 2019. | Column descriptions are still the platform's auto-generated placeholders.","Document the unit of every measurement column (name suffix like _mm / _inr_crore, or column description). | Fill in column descriptions on the resource schema, including units."
a3949557-7e54-4c9d-9840-3a652b72117d,District-wise Area affected in Punjab from 1969 to 2022(April to March),https://civicdataspace.in/datasets/a3949557-7e54-4c9d-9840-3a652b72117d,Prashasti Yadav,2.5 Units of Measurement,fail,0,4.0,"53/53 measurement columns have no documented unit, e.g. 2022, 2021, 2020, 2019. | Column descriptions are still the platform's auto-generated placeholders.","Document the unit of every measurement column (name suffix like _mm / _inr_crore, or column description). | Fill in column descriptions on the resource schema, including units."
0c9dabe3-2c10-413b-a876-d840070d5cc4,District-wise Houses damaged (Private) in Punjab from 1968 to 2022 (April to March),https://civicdataspace.in/datasets/0c9dabe3-2c10-413b-a876-d840070d5cc4,Prashasti Yadav,2.5 Units of Measurement,fail,0,4.0,"55/55 measurement columns have no documented unit, e.g. 2022, 2021, 2020, 2019. | Column descriptions are still the platform's auto-generated placeholders.","Document the unit of every measurement column (name suffix like _mm / _inr_crore, or column description). | Fill in column descriptions on the resource schema, including units."
3a1dc7f1-ab47-40b6-9aba-c38ad4bda247,State/UTs-wise Juvenile Homes Under Child Protection Services Scheme - Mission Vatsalya,https://civicdataspace.in/datasets/3a1dc7f1-ab47-40b6-9aba-c38ad4bda247,Rajya Sabha,2.5 Units of Measurement,fail,0,4.0,"1/1 measurement columns have no documented unit, e.g. Juvenile Homes. | Column descriptions are still the platform's auto-generated placeholders.","Document the unit of every measurement column (name suffix like _mm / _inr_crore, or column description). | Fill in column descriptions on the resource schema, including units."
bc43b3ef-7300-4db9-83f1-0b3b9ce7d372,District-wise Human Lives lost in Punjab from 1969 to 2022 (April to March),https://civicdataspace.in/datasets/bc43b3ef-7300-4db9-83f1-0b3b9ce7d372,Prashasti Yadav,2.5 Units of Measurement,fail,0,4.0,"55/55 measurement columns have no documented unit, e.g. 2022, 2021, 2020, 2019. | Column descriptions are still the platform's auto-generated placeholders.","Document the unit of every measurement column (name suffix like _mm / _inr_crore, or column description). | Fill in column descriptions on the resource schema, including units."
4807543d-8bde-4fac-bbb2-f2f277db85fc,HPSDMA: Taru Hazard Risk and Vulnerability Assessment,https://civicdataspace.in/datasets/4807543d-8bde-4fac-bbb2-f2f277db85fc,Himachal Pradesh State Disaster Management Authority (HPSDMA),2.5 Units of Measurement,fail,0,4.0,"[Administriative Boundary - Blocks] 1/1 measurement columns have no documented unit, e.g. FID0. | [Administriative Boundary - Blocks] Column descriptions are still the platform's auto-generated placeholders. | [Composite Vulnerability Index - Rural] 6/6 measurement columns have no documented unit, e.g. CVIAll02, CVIAll24, CVIAll46, CVIAll68. | [Composite Vulnerability Index - Rural] Column descriptions are still the platform's auto-generated placeholders. | [Natural Vulnerability Index Rural] 6/6 measurement columns have no documented unit, e.g. CVIAll02, CVIAll24, CVIAll46, CVIAll68. | [Natural Vulnerability Index Rural] Column descriptions are still the platform's auto-generated placeholders. | [Human Vulnerability Index - AllGroups] 6/6 measurement columns have no documented unit, e.g. HVIAll02, HVIAll24, HVIAll46, HVIAll68. | [Human Vulnerability Index - AllGroups] Column descriptions are still the platform's auto-generated placeholders. | [Financial Vulnerability Index Rural - A…] 1/1 measurement columns have no documented unit, e.g. FID0. | [Financial Vulnerability Index Rural - A…] Column descriptions are still the platform's auto-generated placeholders. | [Social Vulnerability Index Rural - AllG…] 6/6 measurement columns have no documented unit, e.g. SVIAll02, SVIAll24, SVIAll46, SVIAll68. | [Social Vulnerability Index Rural - AllG…] Column descriptions are still the platform's auto-generated placeholders. | [Composite risk - agricultural drought, …] 4/4 measurement columns have no documented unit, e.g. EQ, AD, HD, FID0. | [Composite risk - agricultural drought, …] Column descriptions are still the platform's auto-generated placeholders.","Document the unit of every measurement column (name suffix like _mm / _inr_crore, or column description). | Fill in column descriptions on the resource schema, including units."
d559e5dc-e23e-44c0-8f89-00eb894a0b7b,Asia Pacific health dataset,https://civicdataspace.in/datasets/d559e5dc-e23e-44c0-8f89-00eb894a0b7b,Tarun Aggarwal,2.5 Units of Measurement,fail,0,4.0,"3/3 measurement columns have no documented unit, e.g. Maternal Mortality, Neonatal Mortality, TB Incidence. | Column descriptions are still the platform's auto-generated placeholders.","Document the unit of every measurement column (name suffix like _mm / _inr_crore, or column description). | Fill in column descriptions on the resource schema, including units."
856a8f02-90f0-4af1-8534-62a9731299ce,NASADEM SRTM Digital Elevation Model,https://civicdataspace.in/datasets/856a8f02-90f0-4af1-8534-62a9731299ce,NASADEM,2.5 Units of Measurement,fail,0,4.0,"[drainage_density] 1/1 measurement columns have no documented unit, e.g. drainage_density. | [drainage_density] Column descriptions are still the platform's auto-generated placeholders. | [Mean Slope and Elevation by Tehsil] 1/1 measurement columns have no documented unit, e.g. drainage_density. | [Mean Slope and Elevation by Tehsil] Column descriptions are still the platform's auto-generated placeholders.","Document the unit of every measurement column (name suffix like _mm / _inr_crore, or column description). | Fill in column descriptions on the resource schema, including units."
e5b6026b-bab9-4850-9835-20c6eb6b70b6,Indic Language Data Registry,https://civicdataspace.in/datasets/e5b6026b-bab9-4850-9835-20c6eb6b70b6,CivicDataLab,2.5 Units of Measurement,fail,0,4.0,"2/2 measurement columns have no documented unit, e.g. Dataset Rows, Frequency. | Column descriptions are still the platform's auto-generated placeholders.","Document the unit of every measurement column (name suffix like _mm / _inr_crore, or column description). | Fill in column descriptions on the resource schema, including units."
4ed151c2-3b1a-4177-b66d-b2185a22ec08,Tender value vs IMR District-wise Assam 2018-19 to 2022-23,https://civicdataspace.in/datasets/4ed151c2-3b1a-4177-b66d-b2185a22ec08,CivicDataLab,2.5 Units of Measurement,fail,0,4.0,"6/6 measurement columns have no documented unit, e.g. Tender value till 2023, IMR(2018-19), IMR(2019-20), IMR(2020-21). | Column descriptions are still the platform's auto-generated placeholders.","Document the unit of every measurement column (name suffix like _mm / _inr_crore, or column description). | Fill in column descriptions on the resource schema, including units."
23b5d47a-9259-426b-9a26-438a572c539e,Kisan Call Centre (KCC) - Transcripts of Farmers Queries & Answers (Hindi),https://civicdataspace.in/datasets/23b5d47a-9259-426b-9a26-438a572c539e,CivicDataLab,2.3 Column Naming,fail,43,4.0,"2/7 columns contain spaces or special characters, e.g. 'S.No.'.","Rename columns to snake_case (lowercase, words joined with underscores)."
68e109a7-d6a8-4374-b7fb-b6c38e886715,State/UT-wise Complaints Received by NCPCR Relating to violation of Child Rights including Child Abuse from 2016-17 to 2019-20,https://civicdataspace.in/datasets/68e109a7-d6a8-4374-b7fb-b6c38e886715,Rajya Sabha,2.5 Units of Measurement,fail,0,4.0,"8/8 measurement columns have no documented unit, e.g. Complaints Pending as on 01 April, 2016 (Col. 3), No. of Complaints Received - 2016-17 (Col. 4), No. of Complaints Received - 2017-18 (Col. 5), No. of Complaints Received - 2018-19 (Col. 6). | Column descriptions are still the platform's auto-generated placeholders.","Document the unit of every measurement column (name suffix like _mm / _inr_crore, or column description). | Fill in column descriptions on the resource schema, including units."
45e52853-85e0-4b49-b290-3538884a17a7,"State/UT-wise Children covered by Child Care Institutions (CCIs) under the Juvenile Justice (Care and Protection of Children) Act, 2015 & Integrated Child Protection Scheme during 2018-19",https://civicdataspace.in/datasets/45e52853-85e0-4b49-b290-3538884a17a7,Rajya Sabha,2.5 Units of Measurement,fail,0,4.0,"12/12 measurement columns have no documented unit, e.g. Institutional Care [Homes] - No. Assisted, Institutional Care [Homes] - Beneficiaries, Open Shelters - No. Assisted, Open Shelters - Beneficiaries. | Column descriptions are still the platform's auto-generated placeholders.","Document the unit of every measurement column (name suffix like _mm / _inr_crore, or column description). | Fill in column descriptions on the resource schema, including units."
b2505437-cb9a-45f9-b85a-8a6f4868039d,MCH Procurement District-wise Assam 2019 to 2023,https://civicdataspace.in/datasets/b2505437-cb9a-45f9-b85a-8a6f4868039d,CivicDataLab,2.5 Units of Measurement,fail,0,4.0,"1/1 measurement columns have no documented unit, e.g. Tender Value in ₹. | Column descriptions are still the platform's auto-generated placeholders.","Document the unit of every measurement column (name suffix like _mm / _inr_crore, or column description). | Fill in column descriptions on the resource schema, including units."
f9f95e8d-fe66-4f0f-9d38-0d4c266f143e,MCH Procurement Scheme-wise Assam 2019 to 2023,https://civicdataspace.in/datasets/f9f95e8d-fe66-4f0f-9d38-0d4c266f143e,CivicDataLab,2.5 Units of Measurement,fail,0,4.0,"1/1 measurement columns have no documented unit, e.g. Tender Value. | Column descriptions are still the platform's auto-generated placeholders.","Document the unit of every measurement column (name suffix like _mm / _inr_crore, or column description). | Fill in column descriptions on the resource schema, including units."
a4fb3f18-c047-4e7f-8fd3-0179bf01f671,Victim compensation_POSCO_Assam_Nov 2022,https://civicdataspace.in/datasets/a4fb3f18-c047-4e7f-8fd3-0179bf01f671,CivicDataLab,2.5 Units of Measurement,fail,0,4.0,"2/2 measurement columns have no documented unit, e.g. Financial Assistance Social Welfare Scheme Grant Date, Total Compensation awarded. | Column descriptions are still the platform's auto-generated placeholders.","Document the unit of every measurement column (name suffix like _mm / _inr_crore, or column description). | Fill in column descriptions on the resource schema, including units."
a59afb9a-7003-4b72-b66f-4cff680a5ebf,Himachal Pradesh Distance from River Indicators (Tehsil Level),https://civicdataspace.in/datasets/a59afb9a-7003-4b72-b66f-4cff680a5ebf,CivicDataLab,1.1 Dataset Title,warn,50,4.0,Title is 62 characters (limit 60). | Title does not mention the time period covered.,"Shorten the title to 60 characters or fewer. | Add the period covered to the title, e.g. '(2000–2020)'."
a59afb9a-7003-4b72-b66f-4cff680a5ebf,Himachal Pradesh Distance from River Indicators (Tehsil Level),https://civicdataspace.in/datasets/a59afb9a-7003-4b72-b66f-4cff680a5ebf,CivicDataLab,2.5 Units of Measurement,fail,0,4.0,"1/1 measurement columns have no documented unit, e.g. distance-from-river-mean. | Column descriptions are still the platform's auto-generated placeholders.","Document the unit of every measurement column (name suffix like _mm / _inr_crore, or column description). | Fill in column descriptions on the resource schema, including units."
28d9144f-e846-4017-86fc-7af83d078354,NASADEM SRTM Digital Elevation Model,https://civicdataspace.in/datasets/28d9144f-e846-4017-86fc-7af83d078354,NASADEM,2.5 Units of Measurement,fail,0,4.0,"4/4 measurement columns have no documented unit, e.g. dtcode11, block_area, elevation_mean, slope_mean. | Column descriptions are still the platform's auto-generated placeholders.","Document the unit of every measurement column (name suffix like _mm / _inr_crore, or column description). | Fill in column descriptions on the resource schema, including units."
3e72a5d4-23c2-455f-b621-b730b3613783,State/UTs-wise Funds Utilized under Beti Bachao Beti Padhao Scheme from 2018-19 to 2020-21,https://civicdataspace.in/datasets/3e72a5d4-23c2-455f-b621-b730b3613783,Rajya Sabha,2.5 Units of Measurement,fail,0,4.0,"3/3 measurement columns have no documented unit, e.g. Utilization during 2018-19, Utilization during 2019-20, Utilization during 2020-21. | Column descriptions are still the platform's auto-generated placeholders.","Document the unit of every measurement column (name suffix like _mm / _inr_crore, or column description). | Fill in column descriptions on the resource schema, including units."
4c387b40-3e56-4523-97cf-1ddd51a69f88,Bhram-IL (Gujarati),https://civicdataspace.in/datasets/4c387b40-3e56-4523-97cf-1ddd51a69f88,CivicDataLab,2.5 Units of Measurement,fail,0,4.0,"3/3 measurement columns have no documented unit, e.g. sentences, ner_tags, statements. | Column descriptions are still the platform's auto-generated placeholders.","Document the unit of every measurement column (name suffix like _mm / _inr_crore, or column description). | Fill in column descriptions on the resource schema, including units."
4c7598be-3315-4632-bdbe-7fe305bddf57,Bhram-IL (Marathi),https://civicdataspace.in/datasets/4c7598be-3315-4632-bdbe-7fe305bddf57,CivicDataLab,2.5 Units of Measurement,fail,0,4.0,"3/3 measurement columns have no documented unit, e.g. sentences, ner_tags, statements. | Column descriptions are still the platform's auto-generated placeholders.","Document the unit of every measurement column (name suffix like _mm / _inr_crore, or column description). | Fill in column descriptions on the resource schema, including units."
533c9497-83d9-41bb-9ada-6190318991b4,Assam Maternal Health,https://civicdataspace.in/datasets/533c9497-83d9-41bb-9ada-6190318991b4,CivicDataLab,2.5 Units of Measurement,fail,0,4.0,"2/2 measurement columns have no documented unit, e.g. Unnamed: 0, n. | Column descriptions are still the platform's auto-generated placeholders.","Document the unit of every measurement column (name suffix like _mm / _inr_crore, or column description). | Fill in column descriptions on the resource schema, including units."
8d04f121-4a0f-4666-af26-e8bc0f67c64c,BiharPublic Procurement Tenders,https://civicdataspace.in/datasets/8d04f121-4a0f-4666-af26-e8bc0f67c64c,CivicDataLab,2.5 Units of Measurement,fail,0,4.0,"6/6 measurement columns have no documented unit, e.g. Tender Value in ₹, EMD Amount, Tender Fee Amount, Tender Processing Fee Amount. | Column descriptions are still the platform's auto-generated placeholders.","Document the unit of every measurement column (name suffix like _mm / _inr_crore, or column description). | Fill in column descriptions on the resource schema, including units."
4f1d5a40-a9ee-4d5c-8829-ab1771029fa1,"Assam State, District and Revenue Circle Administrative Boundary Files",https://civicdataspace.in/datasets/4f1d5a40-a9ee-4d5c-8829-ab1771029fa1,CivicDataLab,1.1 Dataset Title,warn,50,4.0,Title is 70 characters (limit 60). | Title does not mention the time period covered.,"Shorten the title to 60 characters or fewer. | Add the period covered to the title, e.g. '(2000–2020)'."
cb93d9ec-587b-4b7d-b893-2413897ac4a6,BHRAM-IL (Hindi),https://civicdataspace.in/datasets/cb93d9ec-587b-4b7d-b893-2413897ac4a6,CivicDataLab,2.5 Units of Measurement,fail,0,4.0,"3/3 measurement columns have no documented unit, e.g. sentences, ner_tags, statements. | Column descriptions are still the platform's auto-generated placeholders.","Document the unit of every measurement column (name suffix like _mm / _inr_crore, or column description). | Fill in column descriptions on the resource schema, including units."
9d50ff35-eb9a-4d77-b4ab-2d717c79fb93,Bhram-IL (Odia),https://civicdataspace.in/datasets/9d50ff35-eb9a-4d77-b4ab-2d717c79fb93,CivicDataLab,2.5 Units of Measurement,fail,0,4.0,"3/3 measurement columns have no documented unit, e.g. sentences, ner_tags, statements. | Column descriptions are still the platform's auto-generated placeholders.","Document the unit of every measurement column (name suffix like _mm / _inr_crore, or column description). | Fill in column descriptions on the resource schema, including units."
a4e9f457-8c4b-43c1-8ea7-e0afa666be34,Assam Maternal Health,https://civicdataspace.in/datasets/a4e9f457-8c4b-43c1-8ea7-e0afa666be34,Open Contracting Partnership,2.5 Units of Measurement,fail,0,4.0,"2/2 measurement columns have no documented unit, e.g. Unnamed: 0, n. | Column descriptions are still the platform's auto-generated placeholders.","Document the unit of every measurement column (name suffix like _mm / _inr_crore, or column description). | Fill in column descriptions on the resource schema, including units."
f238952e-3e0f-4fa7-8afb-2c0e2b2f698d,Bihar Flood-Related Tenders (Block Geotagged),https://civicdataspace.in/datasets/f238952e-3e0f-4fa7-8afb-2c0e2b2f698d,CivicDataLab,2.5 Units of Measurement,fail,0,4.0,"8/8 measurement columns have no documented unit, e.g. Unnamed: 0, Tender Value in ₹, EMD Amount, Tender Fee Amount. | Column descriptions are still the platform's auto-generated placeholders.","Document the unit of every measurement column (name suffix like _mm / _inr_crore, or column description). | Fill in column descriptions on the resource schema, including units."
efcb804b-1e9d-429f-893e-744ce813b82c,HMIS MCH Assam 2022-23,https://civicdataspace.in/datasets/efcb804b-1e9d-429f-893e-744ce813b82c,CivicDataLab,2.5 Units of Measurement,fail,0,4.0,"4/4 measurement columns have no documented unit, e.g. Expected PW (2022-23), Total reported live births (2022-23), Infant deaths (2022-23), Maternal deaths (2022-23). | Column descriptions are still the platform's auto-generated placeholders.","Document the unit of every measurement column (name suffix like _mm / _inr_crore, or column description). | Fill in column descriptions on the resource schema, including units."
67aed609-cd88-4fab-8b90-ad88401caf01,State/UT-wise Details of Sagar Mitra Approved from 2021-22 to 2023-24,https://civicdataspace.in/datasets/67aed609-cd88-4fab-8b90-ad88401caf01,"Department of Fisheries, Government of India",2.5 Units of Measurement,fail,0,4.0,"2/2 measurement columns have no documented unit, e.g. Project Cost, Government of India Share. | Column descriptions are still the platform's auto-generated placeholders.","Document the unit of every measurement column (name suffix like _mm / _inr_crore, or column description). | Fill in column descriptions on the resource schema, including units."
a33c6e71-fd59-4b57-b033-00c9bae34a9a,NASADEM SRTM Digital Elevation Model,https://civicdataspace.in/datasets/a33c6e71-fd59-4b57-b033-00c9bae34a9a,NASADEM,2.5 Units of Measurement,fail,0,4.0,"4/4 measurement columns have no documented unit, e.g. dtcode11, block_area, elevation_mean, slope_mean. | Column descriptions are still the platform's auto-generated placeholders.","Document the unit of every measurement column (name suffix like _mm / _inr_crore, or column description). | Fill in column descriptions on the resource schema, including units."
fb1b46f2-007e-4fbc-9a83-f2c60a270c6a,"State/UT-wise Number of Child Marriage Cases as per Prohibition of Child Marriage Act, 2006 from 2013 to 2017",https://civicdataspace.in/datasets/fb1b46f2-007e-4fbc-9a83-f2c60a270c6a,Rajya Sabha,2.5 Units of Measurement,fail,0,4.0,"5/5 measurement columns have no documented unit, e.g. 2013, 2014, 2015, 2016. | Column descriptions are still the platform's auto-generated placeholders.","Document the unit of every measurement column (name suffix like _mm / _inr_crore, or column description). | Fill in column descriptions on the resource schema, including units."
b89710f1-2999-4c4b-935c-00184e1d41ed,Assam Embankment Infrastructure Indicators (Revenue Circle Level),https://civicdataspace.in/datasets/b89710f1-2999-4c4b-935c-00184e1d41ed,CivicDataLab,1.1 Dataset Title,warn,50,4.0,Title is 65 characters (limit 60). | Title does not mention the time period covered.,"Shorten the title to 60 characters or fewer. | Add the period covered to the title, e.g. '(2000–2020)'."
1ae42ff4-12dc-4acd-81c4-b48a53f95515,Status of FTSCs with exclusive POCSO courts set up across Country under NFSW for trial and disposal of pending cases related to rape and POCSO Act -2020,https://civicdataspace.in/datasets/1ae42ff4-12dc-4acd-81c4-b48a53f95515,Rajya Sabha,2.5 Units of Measurement,fail,0,4.0,"2/2 measurement columns have no documented unit, e.g. No of FTSCs set up for trial and disposal Rape& POCSO act  , No of Exclusive POCSO courts . | Column descriptions are still the platform's auto-generated placeholders.","Document the unit of every measurement column (name suffix like _mm / _inr_crore, or column description). | Fill in column descriptions on the resource schema, including units."
a8cdabc3-36eb-4974-982c-7514d844cfad,Bangkok 50 district,https://civicdataspace.in/datasets/a8cdabc3-36eb-4974-982c-7514d844cfad,BMA,2.5 Units of Measurement,fail,0,4.0,"2/2 measurement columns have no documented unit, e.g. dcode, area_dis. | Column descriptions are still the platform's auto-generated placeholders.","Document the unit of every measurement column (name suffix like _mm / _inr_crore, or column description). | Fill in column descriptions on the resource schema, including units."
c8340221-9438-42d8-9713-bb65bd040712,Microsoft PARIKSHA,https://civicdataspace.in/datasets/c8340221-9438-42d8-9713-bb65bd040712,Saesha Parekh,2.5 Units of Measurement,fail,0,4.0,"1/1 measurement columns have no documented unit, e.g. prompt_timestamp. | Column descriptions are still the platform's auto-generated placeholders.","Document the unit of every measurement column (name suffix like _mm / _inr_crore, or column description). | Fill in column descriptions on the resource schema, including units."
7667fe2b-0d20-402c-bd20-8dbd8b30b441,New dataset 09 Dec 2025 - 09:25:41,https://civicdataspace.in/datasets/7667fe2b-0d20-402c-bd20-8dbd8b30b441,CivicDataLab,2.5 Units of Measurement,fail,0,4.0,"4/4 measurement columns have no documented unit, e.g. Expected PW (2022-23), Total reported live births (2022-23), Infant deaths (2022-23), Maternal deaths (2022-23). | Column descriptions are still the platform's auto-generated placeholders.","Document the unit of every measurement column (name suffix like _mm / _inr_crore, or column description). | Fill in column descriptions on the resource schema, including units."
f7129164-0a29-4500-b135-d6f10128f770,Microsoft: PARIKSHA,https://civicdataspace.in/datasets/f7129164-0a29-4500-b135-d6f10128f770,CivicDataLab,2.5 Units of Measurement,fail,0,4.0,"1/1 measurement columns have no documented unit, e.g. prompt_timestamp. | Column descriptions are still the platform's auto-generated placeholders.","Document the unit of every measurement column (name suffix like _mm / _inr_crore, or column description). | Fill in column descriptions on the resource schema, including units."
edc944e7-b7bd-4c49-8ecf-1ec582ad1aa9,Assam NASADEM Elevation (Revenue Circle Level),https://civicdataspace.in/datasets/edc944e7-b7bd-4c49-8ecf-1ec582ad1aa9,CivicDataLab,2.5 Units of Measurement,fail,0,4.0,"3/3 measurement columns have no documented unit, e.g. are_new, elevation_mean, slope_mean. | Column descriptions are still the platform's auto-generated placeholders.","Document the unit of every measurement column (name suffix like _mm / _inr_crore, or column description). | Fill in column descriptions on the resource schema, including units."
8bb66216-3b5c-45bd-825a-55da0fbcc082,MLRD-20 Marathi Lip Reading,https://civicdataspace.in/datasets/8bb66216-3b5c-45bd-825a-55da0fbcc082,Sridhar S,2.5 Units of Measurement,fail,0,4.0,"3/3 measurement columns have no documented unit, e.g. frames, fps, duration. | Column descriptions are still the platform's auto-generated placeholders.","Document the unit of every measurement column (name suffix like _mm / _inr_crore, or column description). | Fill in column descriptions on the resource schema, including units."
b4246d18-67fe-429e-baee-c19502931156,CALPRA Case details Assam,https://civicdataspace.in/datasets/b4246d18-67fe-429e-baee-c19502931156,CivicDataLab,2.5 Units of Measurement,fail,0,4.0,"7/7 measurement columns have no documented unit, e.g. desgcode, disp_nature, purpose_next, child_labour. | Column descriptions are still the platform's auto-generated placeholders.","Document the unit of every measurement column (name suffix like _mm / _inr_crore, or column description). | Fill in column descriptions on the resource schema, including units."
b7935b94-90be-48a9-adb7-7dfa8ba38acb,State-wise Fund Released under the Scheme of Strengthening Education among ST Girl in Low Literacy Districts from 2018-19 to 2020-21,https://civicdataspace.in/datasets/b7935b94-90be-48a9-adb7-7dfa8ba38acb,Rajya Sabha,2.5 Units of Measurement,fail,0,4.0,"3/3 measurement columns have no documented unit, e.g. 2018-19, 2019-20, 2020-21. | Column descriptions are still the platform's auto-generated placeholders.","Document the unit of every measurement column (name suffix like _mm / _inr_crore, or column description). | Fill in column descriptions on the resource schema, including units."
86006661-704a-43c9-bb66-1c2d6ca018b4,Odisha Surface Runoff Indicators (Block Level),https://civicdataspace.in/datasets/86006661-704a-43c9-bb66-1c2d6ca018b4,CivicDataLab,2.5 Units of Measurement,fail,0,4.0,"3/3 measurement columns have no documented unit, e.g. Mean_Daily_Runoff, Sum_Runoff, Peak_Runoff. | Column descriptions are still the platform's auto-generated placeholders.","Document the unit of every measurement column (name suffix like _mm / _inr_crore, or column description). | Fill in column descriptions on the resource schema, including units."
df69e9e5-43fd-441c-89e7-71e5d0b11427,"Climate Change Claims in Bangla, Odia, Assamese",https://civicdataspace.in/datasets/df69e9e5-43fd-441c-89e7-71e5d0b11427,Jahnabi Mitra,2.5 Units of Measurement,fail,0,4.0,"3/3 measurement columns have no documented unit, e.g. claim_label, evidence_label, entropy. | Column descriptions are still the platform's auto-generated placeholders.","Document the unit of every measurement column (name suffix like _mm / _inr_crore, or column description). | Fill in column descriptions on the resource schema, including units."
b8f28492-b865-46cd-82d6-b5a501179739,Odisha Drainage Density,https://civicdataspace.in/datasets/b8f28492-b865-46cd-82d6-b5a501179739,CivicDataLab,2.5 Units of Measurement,fail,0,4.0,"1/1 measurement columns have no documented unit, e.g. drainage_density. | Column descriptions are still the platform's auto-generated placeholders.","Document the unit of every measurement column (name suffix like _mm / _inr_crore, or column description). | Fill in column descriptions on the resource schema, including units."
ebca0d4a-2df7-46ae-a315-640bce23968a,Odisha Distance from River,https://civicdataspace.in/datasets/ebca0d4a-2df7-46ae-a315-640bce23968a,CivicDataLab,2.5 Units of Measurement,fail,0,4.0,"1/1 measurement columns have no documented unit, e.g. distance_from_river. | Column descriptions are still the platform's auto-generated placeholders.","Document the unit of every measurement column (name suffix like _mm / _inr_crore, or column description). | Fill in column descriptions on the resource schema, including units."
42a03126-8f44-4962-948c-209c1a8ae459,Uttar Pradesh NASADEM Elevation,https://civicdataspace.in/datasets/42a03126-8f44-4962-948c-209c1a8ae459,CivicDataLab,2.5 Units of Measurement,fail,0,4.0,"7/7 measurement columns have no documented unit, e.g. st_area_sh, st_length_, remarks, st_length(shape). | Column descriptions are still the platform's auto-generated placeholders.","Document the unit of every measurement column (name suffix like _mm / _inr_crore, or column description). | Fill in column descriptions on the resource schema, including units."
decec4bd-842d-4994-8f76-9c7bd6a99b0a,State-wise Details of Integrated Aquaparks approved under Pradhan Mantri Matsya Sampada Yojana (PMMSY) from 2020-21 to 2024-25,https://civicdataspace.in/datasets/decec4bd-842d-4994-8f76-9c7bd6a99b0a,"Department of Fisheries, Government of India",2.5 Units of Measurement,fail,0,4.0,"2/2 measurement columns have no documented unit, e.g. Details of Integrated Aquaparks - Project Cost, Details of Integrated Aquaparks - GoI Share. | Column descriptions are still the platform's auto-generated placeholders.","Document the unit of every measurement column (name suffix like _mm / _inr_crore, or column description). | Fill in column descriptions on the resource schema, including units."
35b5184d-13c9-44db-99f1-59406f5bf78b,Funds Released under Child Protection Services from 2016-17 to 2018-19,https://civicdataspace.in/datasets/35b5184d-13c9-44db-99f1-59406f5bf78b,Rajya Sabha,2.5 Units of Measurement,fail,0,4.0,"5/5 measurement columns have no documented unit, e.g. 2016-17 - Released, 2016-17 - Utilized, 2017- 18 - Released, 2017- 18 - Utilized. | Column descriptions are still the platform's auto-generated placeholders.","Document the unit of every measurement column (name suffix like _mm / _inr_crore, or column description). | Fill in column descriptions on the resource schema, including units."
d4291706-0a9a-4063-b2ea-de840dc14a40,Imphal Municipal Corporation: Budget Summary Statement,https://civicdataspace.in/datasets/d4291706-0a9a-4063-b2ea-de840dc14a40,Imphal Municipal Corporation,2.5 Units of Measurement,fail,0,4.0,"6/6 measurement columns have no documented unit, e.g. 2012-13 Actuals , 2013-14 Budget Estimates ,  2013-14 Actuals, 2014-15 Budget Estimates . | Column descriptions are still the platform's auto-generated placeholders.","Document the unit of every measurement column (name suffix like _mm / _inr_crore, or column description). | Fill in column descriptions on the resource schema, including units."
71382798-d3fe-4ce3-b0f0-5e0e8b0ad136,Gandhinagar Municipal Corporation: Budget Summary Statement,https://civicdataspace.in/datasets/71382798-d3fe-4ce3-b0f0-5e0e8b0ad136,Gandhinagar Municipal Corporation,2.5 Units of Measurement,fail,0,4.0,"10/10 measurement columns have no documented unit, e.g. 2012-13 Actuals, 2013-14 Budget Estimates, 2013-14 Revised Estimates, 2013-14 Actuals . | Column descriptions are still the platform's auto-generated placeholders.","Document the unit of every measurement column (name suffix like _mm / _inr_crore, or column description). | Fill in column descriptions on the resource schema, including units."
16eda4f3-78fa-4702-833f-da332458792c,Bihar Bharat Maps Infrastructure Indicators (Subdistrict Level),https://civicdataspace.in/datasets/16eda4f3-78fa-4702-833f-da332458792c,CivicDataLab,1.1 Dataset Title,warn,50,4.0,Title is 63 characters (limit 60). | Title does not mention the time period covered.,"Shorten the title to 60 characters or fewer. | Add the period covered to the title, e.g. '(2000–2020)'."
af53626b-0e3f-4161-a35c-6e779567751f,Vijayawada Municipal Corporation: Budget Summary Statement,https://civicdataspace.in/datasets/af53626b-0e3f-4161-a35c-6e779567751f,Vijayawada Municipal Corporation,2.5 Units of Measurement,fail,0,4.0,"10/10 measurement columns have no documented unit, e.g. 2012-13 Actuals , 2013-14  Budget Estimates , 2013-14 Revised Estimates , 2013-14 Actuals. | Column descriptions are still the platform's auto-generated placeholders.","Document the unit of every measurement column (name suffix like _mm / _inr_crore, or column description). | Fill in column descriptions on the resource schema, including units."
8f0f26d9-5147-42ae-9220-0a6ec9b81da0,Pending Cases in India,https://civicdataspace.in/datasets/8f0f26d9-5147-42ae-9220-0a6ec9b81da0,JusticeHub,2.5 Units of Measurement,fail,0,4.0,"6/6 measurement columns have no documented unit, e.g. date_of_decision, desgcode, disp_name, disp_nature. | Column descriptions are still the platform's auto-generated placeholders.","Document the unit of every measurement column (name suffix like _mm / _inr_crore, or column description). | Fill in column descriptions on the resource schema, including units."
f12065ab-4cbe-4a19-b7fd-aea17fc28448,Himachal Pradesh Tehsil-Level Surface Runoff(2021-2025),https://civicdataspace.in/datasets/f12065ab-4cbe-4a19-b7fd-aea17fc28448,CivicDataLab,2.5 Units of Measurement,fail,0,4.0,"3/3 measurement columns have no documented unit, e.g. Mean_Daily_Runoff, Sum_Runoff, Peak_Runoff. | Column descriptions are still the platform's auto-generated placeholders.","Document the unit of every measurement column (name suffix like _mm / _inr_crore, or column description). | Fill in column descriptions on the resource schema, including units."
de6f19af-bac3-4c0f-ba3a-49371304a718,Cummilative Assam Human Lives Lost (2021-2026),https://civicdataspace.in/datasets/de6f19af-bac3-4c0f-ba3a-49371304a718,CivicDataLab,2.5 Units of Measurement,fail,0,4.0,"1/1 measurement columns have no documented unit, e.g. Human_Live_Lost. | Column descriptions are still the platform's auto-generated placeholders.","Document the unit of every measurement column (name suffix like _mm / _inr_crore, or column description). | Fill in column descriptions on the resource schema, including units."
5a9758b5-7a52-4f4a-9c4e-7460a791a2d1,Union Budget at a Glance (Timeseries) from 1995-1996 (Actuals) to 2024-2025 (Budget Estimates),https://civicdataspace.in/datasets/5a9758b5-7a52-4f4a-9c4e-7460a791a2d1,Ministry of Finance,2.5 Units of Measurement,fail,0,4.0,"18/18 measurement columns have no documented unit, e.g. 2010-2011 Revised Estimates, 2010-2011 Actuals, 2011-2012 Budget Estimates, 2011-2012 Revised Estimates. | Column descriptions are still the platform's auto-generated placeholders.","Document the unit of every measurement column (name suffix like _mm / _inr_crore, or column description). | Fill in column descriptions on the resource schema, including units."
67bc0053-0a1e-4343-97c3-e2cbdf487e93,Bangkok Air Quality Index Measured in Public parks 2021 to 2024,https://civicdataspace.in/datasets/67bc0053-0a1e-4343-97c3-e2cbdf487e93,BMA,2.5 Units of Measurement,fail,0,4.0,"36/36 measurement columns have no documented unit, e.g. jan_lowest_PM2.5, jan_highest_PM2.5, jan_average_PM2.5, feb_lowest_PM2.5. | Column descriptions are still the platform's auto-generated placeholders.","Document the unit of every measurement column (name suffix like _mm / _inr_crore, or column description). | Fill in column descriptions on the resource schema, including units."
6144f565-86bc-4993-8e30-593aa263d4c6,Bangkok Museums Location,https://civicdataspace.in/datasets/6144f565-86bc-4993-8e30-593aa263d4c6,BMA,2.5 Units of Measurement,fail,0,4.0,"1/1 measurement columns have no documented unit, e.g. dcode. | Column descriptions are still the platform's auto-generated placeholders.","Document the unit of every measurement column (name suffix like _mm / _inr_crore, or column description). | Fill in column descriptions on the resource schema, including units."
1b676973-24f2-48cb-b0e8-8734b26f0e95,Jal Jeevan Mission (National Rural Drinking Water Programme): 2015 - 22,https://civicdataspace.in/datasets/1b676973-24f2-48cb-b0e8-8734b26f0e95,Department of Drinking Water and Sanitation,2.5 Units of Measurement,fail,0,4.0,"[JJM] 10/10 measurement columns have no documented unit, e.g. Opening Balance , Funds Allocated by Government of India, Funds Released by Government of India, Total Funds Available (Government of India's Share). | [JJM] Column descriptions are still the platform's auto-generated placeholders. | [jjm.xlsx] 10/10 measurement columns have no documented unit, e.g. Opening Balance , Funds Allocated by Government of India, Funds Released by Government of India, Total Funds Available (Government of India's Share). | [jjm.xlsx] Column descriptions are still the platform's auto-generated placeholders.","Document the unit of every measurement column (name suffix like _mm / _inr_crore, or column description). | Fill in column descriptions on the resource schema, including units."
eef58526-ca04-4732-bd79-c7b655de63ee,Budgets for Justice - Assam,https://civicdataspace.in/datasets/eef58526-ca04-4732-bd79-c7b655de63ee,"FinAssam, Finance Department, Government of Assam",2.5 Units of Measurement,fail,0,4.0,"[Assam Grant Summary Overall] 1/1 measurement columns have no documented unit, e.g. Value. | [Assam Grant Summary Overall] Column descriptions are still the platform's auto-generated placeholders. | [Grant No 15 - Jails] 5/5 measurement columns have no documented unit, e.g. total_actuals, total_estimate_py, total_revised_py, total_estimate_cy. | [Grant No 15 - Jails] Column descriptions are still the platform's auto-generated placeholders. | [Grant No 14 - Police] 5/5 measurement columns have no documented unit, e.g. total_actuals, total_estimate_py, total_revised_py, total_estimate_cy. | [Grant No 14 - Police] Column descriptions are still the platform's auto-generated placeholders. | [Grant No 3 - Administration of Justice] 5/5 measurement columns have no documented unit, e.g. total_actuals, total_estimate_py, total_revised_py, total_estimate_cy. | [Grant No 3 - Administration of Justice] Column descriptions are still the platform's auto-generated placeholders.","Document the unit of every measurement column (name suffix like _mm / _inr_crore, or column description). | Fill in column descriptions on the resource schema, including units."
080356e2-46e5-41cb-a4ed-217d158ccb93,Justices of the Supreme Court of India (1950-2019),https://civicdataspace.in/datasets/080356e2-46e5-41cb-a4ed-217d158ccb93,JusticeHub,2.5 Units of Measurement,fail,0,4.0,"[Access] 1/1 measurement columns have no documented unit, e.g. contentUrl. | [Access] Column descriptions are still the platform's auto-generated placeholders. | [Biblio] 10/10 measurement columns have no documented unit, e.g. license, funder, geographicDescription, northBoundCoord. | [Biblio] Column descriptions are still the platform's auto-generated placeholders.","Document the unit of every measurement column (name suffix like _mm / _inr_crore, or column description). | Fill in column descriptions on the resource schema, including units."
a59afb9a-7003-4b72-b66f-4cff680a5ebf,Himachal Pradesh Distance from River Indicators (Tehsil Level),https://civicdataspace.in/datasets/a59afb9a-7003-4b72-b66f-4cff680a5ebf,CivicDataLab,2.3 Column Naming,fail,45,3.85,"1/4 columns contain spaces or special characters, e.g. 'distance-from-river-mean'.","Rename columns to snake_case (lowercase, words joined with underscores)."
b89710f1-2999-4c4b-935c-00184e1d41ed,Assam Embankment Infrastructure Indicators (Revenue Circle Level),https://civicdataspace.in/datasets/b89710f1-2999-4c4b-935c-00184e1d41ed,CivicDataLab,2.3 Column Naming,fail,45,3.85,"1/4 columns contain spaces or special characters, e.g. 'Unnamed: 0'.","Rename columns to snake_case (lowercase, words joined with underscores)."
c3a600db-15f0-4e1a-b93e-c1736483ecf7,Himachal Pradesh Disaster Loss and Damage Indicators (2021-2024),https://civicdataspace.in/datasets/c3a600db-15f0-4e1a-b93e-c1736483ecf7,CivicDataLab,2.5 Units of Measurement,fail,6,3.78,"17/18 measurement columns have no documented unit, e.g. schools_damaged__schools_damaged, streetlights__streetlights, structure_lost__structure_lost, total_livestock_loss__total_livestock_loss. | Column descriptions are still the platform's auto-generated placeholders.","Document the unit of every measurement column (name suffix like _mm / _inr_crore, or column description). | Fill in column descriptions on the resource schema, including units."
74c46595-4731-4d84-aa12-4083862bc942,Assam DRIMS Flood Impact and Response Indicators(2021-2026),https://civicdataspace.in/datasets/74c46595-4731-4d84-aa12-4083862bc942,CivicDataLab,2.5 Units of Measurement,fail,6,3.76,"47/50 measurement columns have no documented unit, e.g. Total_House_Damaged_Others__Total_House_Damaged_Others, Total_House_Fully_Damaged__Total_House_Fully_Damaged, Total_House_Partially_Damaged__Total_House_Partially_Damaged, Animal_Affected_Big__Animal_Affected_Big. | Column descriptions are still the platform's auto-generated placeholders.","Document the unit of every measurement column (name suffix like _mm / _inr_crore, or column description). | Fill in column descriptions on the resource schema, including units."
594e7709-6ec4-4362-bf8e-57b0fd13bdeb,Mission Antyodaya 2020,https://civicdataspace.in/datasets/594e7709-6ec4-4362-bf8e-57b0fd13bdeb,Ministry of Rural Development,2.5 Units of Measurement,fail,7,3.7,"[MissionAntyodaya2020_Odisha_untaggedRC] 175/189 measurement columns have no documented unit, e.g. Unnamed: 0, total_hhd, total_hhd_engaged_in_farm_activities, total_hhd_engaged_in_non_farm_activities. | [MissionAntyodaya2020_Odisha_untaggedRC] Column descriptions are still the platform's auto-generated placeholders. | [antyodaya_variable] 175/189 measurement columns have no documented unit, e.g. total_shg, total_hhd_mobilized_into_shg, total_no_of_shg_promoted, total_hhd_mobilized_into_pg. | [antyodaya_variable] Column descriptions are still the platform's auto-generated placeholders.","Document the unit of every measurement column (name suffix like _mm / _inr_crore, or column description). | Fill in column descriptions on the resource schema, including units."
594e7709-6ec4-4362-bf8e-57b0fd13bdeb,Mission Antyodaya 2020,https://civicdataspace.in/datasets/594e7709-6ec4-4362-bf8e-57b0fd13bdeb,Ministry of Rural Development,2.3 Column Naming,fail,48,3.67,"[MissionAntyodaya2020_Odisha_untaggedRC] 5/217 columns contain spaces or special characters, e.g. 'Unnamed: 0'. | [MissionAntyodaya2020_Odisha_untaggedRC] 40 column names exceed 40 characters. | [antyodaya_variable] 5/217 columns contain spaces or special characters, e.g. 'Unnamed: 198'. | [antyodaya_variable] 40 column names exceed 40 characters.","Rename columns to snake_case (lowercase, words joined with underscores). | Shorten long column names; move detail to the column description."
5b9279b3-5876-4d5a-a2fb-5ae40eca325d,Disaster Reporting and Information Management System (DRIMS),https://civicdataspace.in/datasets/5b9279b3-5876-4d5a-a2fb-5ae40eca325d,ASDMA,2.5 Units of Measurement,fail,9,3.64,"10/11 measurement columns have no documented unit, e.g. total-animal-washed-away, total-animal-affected, crop-area, total-house-fully-damaged. | Column descriptions are still the platform's auto-generated placeholders.","Document the unit of every measurement column (name suffix like _mm / _inr_crore, or column description). | Fill in column descriptions on the resource schema, including units."
c8eb58b8-0c4f-4cf1-bde7-b9702fc4e4d2,DOST Helpdesk,https://civicdataspace.in/datasets/c8eb58b8-0c4f-4cf1-bde7-b9702fc4e4d2,CivicDataLab,1.1 Dataset Title,warn,55,3.6,Title uses abbreviations: DOST | Title does not mention the time period covered.,"Spell out abbreviations in the title (e.g. 'India Meteorological Department', not 'IMD'). | Add the period covered to the title, e.g. '(2000–2020)'."
984f16c9-9959-4a07-9b04-9a951ee7cd03,Prompt_test_cases_Agriculture_Assamese,https://civicdataspace.in/datasets/984f16c9-9959-4a07-9b04-9a951ee7cd03,CivicDataLab,1.1 Dataset Title,warn,55,3.6,Title contains special characters: _ | Title does not mention the time period covered.,"Remove special characters from the title (write 'and' instead of '&'). | Add the period covered to the title, e.g. '(2000–2020)'."
95ddbc2a-c04c-4802-93c9-90d806b6d56d,HPSDMA Memorandum of Loss and Damage,https://civicdataspace.in/datasets/95ddbc2a-c04c-4802-93c9-90d806b6d56d,Himachal Pradesh State Disaster Management Authority (HPSDMA),1.1 Dataset Title,warn,55,3.6,Title uses abbreviations: HPSDMA | Title does not mention the time period covered.,"Spell out abbreviations in the title (e.g. 'India Meteorological Department', not 'IMD'). | Add the period covered to the title, e.g. '(2000–2020)'."
be93fd4e-2176-40c5-b11c-0141fc6a9e91,CROP-dataset-Odia,https://civicdataspace.in/datasets/be93fd4e-2176-40c5-b11c-0141fc6a9e91,Divitamayee Deogam,1.1 Dataset Title,warn,55,3.6,Title uses abbreviations: CROP | Title does not mention the time period covered.,"Spell out abbreviations in the title (e.g. 'India Meteorological Department', not 'IMD'). | Add the period covered to the title, e.g. '(2000–2020)'."
86da8970-c68b-4da2-ac41-1e796ab05d74,Assamese NLP Dataset Repository,https://civicdataspace.in/datasets/86da8970-c68b-4da2-ac41-1e796ab05d74,Jahnabi Mitra,1.1 Dataset Title,warn,55,3.6,Title uses abbreviations: NLP | Title does not mention the time period covered.,"Spell out abbreviations in the title (e.g. 'India Meteorological Department', not 'IMD'). | Add the period covered to the title, e.g. '(2000–2020)'."
749c89db-7dfc-4edc-a165-597675aa75fc,NFHS District Fact Sheet - Assam,https://civicdataspace.in/datasets/749c89db-7dfc-4edc-a165-597675aa75fc,CivicDataLab,1.1 Dataset Title,warn,55,3.6,Title uses abbreviations: NFHS | Title does not mention the time period covered.,"Spell out abbreviations in the title (e.g. 'India Meteorological Department', not 'IMD'). | Add the period covered to the title, e.g. '(2000–2020)'."
3fe1e9b3-94c4-4a19-8742-bfe039bee1c7,NFHS District Fact Sheets - Assam,https://civicdataspace.in/datasets/3fe1e9b3-94c4-4a19-8742-bfe039bee1c7,Open Contracting Partnership,1.1 Dataset Title,warn,55,3.6,Title uses abbreviations: NFHS | Title does not mention the time period covered.,"Spell out abbreviations in the title (e.g. 'India Meteorological Department', not 'IMD'). | Add the period covered to the title, e.g. '(2000–2020)'."
2cc4b1c5-df4e-4332-9d57-2786bfd92352,OdiaNLP NMT Repo,https://civicdataspace.in/datasets/2cc4b1c5-df4e-4332-9d57-2786bfd92352,Divitamayee Deogam,1.1 Dataset Title,warn,55,3.6,Title uses abbreviations: NMT | Title does not mention the time period covered.,"Spell out abbreviations in the title (e.g. 'India Meteorological Department', not 'IMD'). | Add the period covered to the title, e.g. '(2000–2020)'."
69f7f41f-5344-4100-bd7e-56888d303666,CLASSER – Fine-grained NER for Indic Languages,https://civicdataspace.in/datasets/69f7f41f-5344-4100-bd7e-56888d303666,Jahnabi Mitra,1.1 Dataset Title,warn,55,3.6,"Title uses abbreviations: CLASSER, NER | Title does not mention the time period covered.","Spell out abbreviations in the title (e.g. 'India Meteorological Department', not 'IMD'). | Add the period covered to the title, e.g. '(2000–2020)'."
4807543d-8bde-4fac-bbb2-f2f277db85fc,HPSDMA: Taru Hazard Risk and Vulnerability Assessment,https://civicdataspace.in/datasets/4807543d-8bde-4fac-bbb2-f2f277db85fc,Himachal Pradesh State Disaster Management Authority (HPSDMA),1.1 Dataset Title,warn,55,3.6,Title uses abbreviations: HPSDMA | Title does not mention the time period covered.,"Spell out abbreviations in the title (e.g. 'India Meteorological Department', not 'IMD'). | Add the period covered to the title, e.g. '(2000–2020)'."
5e1a1739-8067-4320-a212-1395791ec78e,KCC English Queries,https://civicdataspace.in/datasets/5e1a1739-8067-4320-a212-1395791ec78e,CivicDataLab,1.1 Dataset Title,warn,55,3.6,Title uses abbreviations: KCC | Title does not mention the time period covered.,"Spell out abbreviations in the title (e.g. 'India Meteorological Department', not 'IMD'). | Add the period covered to the title, e.g. '(2000–2020)'."
856a8f02-90f0-4af1-8534-62a9731299ce,NASADEM SRTM Digital Elevation Model,https://civicdataspace.in/datasets/856a8f02-90f0-4af1-8534-62a9731299ce,NASADEM,1.1 Dataset Title,warn,55,3.6,"Title uses abbreviations: NASADEM, SRTM | Title does not mention the time period covered.","Spell out abbreviations in the title (e.g. 'India Meteorological Department', not 'IMD'). | Add the period covered to the title, e.g. '(2000–2020)'."
9693a4b6-7c24-45c3-800a-92914c5b9714,Assamese ASR Dataset,https://civicdataspace.in/datasets/9693a4b6-7c24-45c3-800a-92914c5b9714,Jahnabi Mitra,1.1 Dataset Title,warn,55,3.6,Title uses abbreviations: ASR | Title does not mention the time period covered.,"Spell out abbreviations in the title (e.g. 'India Meteorological Department', not 'IMD'). | Add the period covered to the title, e.g. '(2000–2020)'."
55b2a082-c4a9-48f7-8b65-2fc84a8cd57a,Tamil Adversarial KCC Queries Prompts,https://civicdataspace.in/datasets/55b2a082-c4a9-48f7-8b65-2fc84a8cd57a,CivicDataLab,1.1 Dataset Title,warn,55,3.6,Title uses abbreviations: KCC | Title does not mention the time period covered.,"Spell out abbreviations in the title (e.g. 'India Meteorological Department', not 'IMD'). | Add the period covered to the title, e.g. '(2000–2020)'."
28d9144f-e846-4017-86fc-7af83d078354,NASADEM SRTM Digital Elevation Model,https://civicdataspace.in/datasets/28d9144f-e846-4017-86fc-7af83d078354,NASADEM,1.1 Dataset Title,warn,55,3.6,"Title uses abbreviations: NASADEM, SRTM | Title does not mention the time period covered.","Spell out abbreviations in the title (e.g. 'India Meteorological Department', not 'IMD'). | Add the period covered to the title, e.g. '(2000–2020)'."
3e72a5d4-23c2-455f-b621-b730b3613783,State/UTs-wise Funds Utilized under Beti Bachao Beti Padhao Scheme from 2018-19 to 2020-21,https://civicdataspace.in/datasets/3e72a5d4-23c2-455f-b621-b730b3613783,Rajya Sabha,1.2 Description / Summary,warn,70,3.6,Description does not state the geographic coverage. | Description does not state the purpose or intended use.,Say which geography the data covers (country / state / district level). | Add one line on what the dataset is intended to support.
c3733db2-4060-405c-9aa1-321950b19481,Working Paper | India's Path To Global Leadership | Strategic Imperatives for Viksit Bharat @2047 | April 2025,https://civicdataspace.in/datasets/c3733db2-4060-405c-9aa1-321950b19481,Prashasti Yadav,1.1 Dataset Title,warn,55,3.6,Title is 110 characters (limit 60). | Title contains special characters: @ |,Shorten the title to 60 characters or fewer. | Remove special characters from the title (write 'and' instead of '&').
1daed3d7-608d-48bd-a657-4e20fdfddf05,Odia News & Wiki,https://civicdataspace.in/datasets/1daed3d7-608d-48bd-a657-4e20fdfddf05,Divitamayee Deogam,1.1 Dataset Title,warn,55,3.6,Title contains special characters: & | Title does not mention the time period covered.,"Remove special characters from the title (write 'and' instead of '&'). | Add the period covered to the title, e.g. '(2000–2020)'."
4c387b40-3e56-4523-97cf-1ddd51a69f88,Bhram-IL (Gujarati),https://civicdataspace.in/datasets/4c387b40-3e56-4523-97cf-1ddd51a69f88,CivicDataLab,1.1 Dataset Title,warn,55,3.6,Title uses abbreviations: IL | Title does not mention the time period covered.,"Spell out abbreviations in the title (e.g. 'India Meteorological Department', not 'IMD'). | Add the period covered to the title, e.g. '(2000–2020)'."
4c7598be-3315-4632-bdbe-7fe305bddf57,Bhram-IL (Marathi),https://civicdataspace.in/datasets/4c7598be-3315-4632-bdbe-7fe305bddf57,CivicDataLab,1.1 Dataset Title,warn,55,3.6,Title uses abbreviations: IL | Title does not mention the time period covered.,"Spell out abbreviations in the title (e.g. 'India Meteorological Department', not 'IMD'). | Add the period covered to the title, e.g. '(2000–2020)'."
cb93d9ec-587b-4b7d-b893-2413897ac4a6,BHRAM-IL (Hindi),https://civicdataspace.in/datasets/cb93d9ec-587b-4b7d-b893-2413897ac4a6,CivicDataLab,1.1 Dataset Title,warn,55,3.6,"Title uses abbreviations: BHRAM, IL | Title does not mention the time period covered.","Spell out abbreviations in the title (e.g. 'India Meteorological Department', not 'IMD'). | Add the period covered to the title, e.g. '(2000–2020)'."
9d50ff35-eb9a-4d77-b4ab-2d717c79fb93,Bhram-IL (Odia),https://civicdataspace.in/datasets/9d50ff35-eb9a-4d77-b4ab-2d717c79fb93,CivicDataLab,1.1 Dataset Title,warn,55,3.6,Title uses abbreviations: IL | Title does not mention the time period covered.,"Spell out abbreviations in the title (e.g. 'India Meteorological Department', not 'IMD'). | Add the period covered to the title, e.g. '(2000–2020)'."
8ecb5aa1-cb8d-48ba-99c6-bf6c88df9cce,Assamese agri related farmer queries (CDL Hackathon),https://civicdataspace.in/datasets/8ecb5aa1-cb8d-48ba-99c6-bf6c88df9cce,Thakshak B,1.1 Dataset Title,warn,55,3.6,Title uses abbreviations: CDL | Title does not mention the time period covered.,"Spell out abbreviations in the title (e.g. 'India Meteorological Department', not 'IMD'). | Add the period covered to the title, e.g. '(2000–2020)'."
8e471e7b-9d7d-483c-bba3-11a62aee1191,KHOJ - Dataset about the judges of the Madras High Court,https://civicdataspace.in/datasets/8e471e7b-9d7d-483c-bba3-11a62aee1191,JusticeHub,1.1 Dataset Title,warn,55,3.6,Title uses abbreviations: KHOJ | Title does not mention the time period covered.,"Spell out abbreviations in the title (e.g. 'India Meteorological Department', not 'IMD'). | Add the period covered to the title, e.g. '(2000–2020)'."
a33c6e71-fd59-4b57-b033-00c9bae34a9a,NASADEM SRTM Digital Elevation Model,https://civicdataspace.in/datasets/a33c6e71-fd59-4b57-b033-00c9bae34a9a,NASADEM,1.1 Dataset Title,warn,55,3.6,"Title uses abbreviations: NASADEM, SRTM | Title does not mention the time period covered.","Spell out abbreviations in the title (e.g. 'India Meteorological Department', not 'IMD'). | Add the period covered to the title, e.g. '(2000–2020)'."
0cfc9ba5-a7b3-49e8-bec9-d4419eaf5031,Assam Heat-Related Tenders (RC-Geotagged),https://civicdataspace.in/datasets/0cfc9ba5-a7b3-49e8-bec9-d4419eaf5031,CivicDataLab,1.1 Dataset Title,warn,55,3.6,Title uses abbreviations: RC | Title does not mention the time period covered.,"Spell out abbreviations in the title (e.g. 'India Meteorological Department', not 'IMD'). | Add the period covered to the title, e.g. '(2000–2020)'."
ba4edec4-83c7-4936-9d6d-63a00934f37b,Assamese Poem (কবিতা),https://civicdataspace.in/datasets/ba4edec4-83c7-4936-9d6d-63a00934f37b,Jahnabi Mitra,1.1 Dataset Title,warn,55,3.6,Title contains special characters: া ি | Title does not mention the time period covered.,"Remove special characters from the title (write 'and' instead of '&'). | Add the period covered to the title, e.g. '(2000–2020)'."
1ae42ff4-12dc-4acd-81c4-b48a53f95515,Status of FTSCs with exclusive POCSO courts set up across Country under NFSW for trial and disposal of pending cases related to rape and POCSO Act -2020,https://civicdataspace.in/datasets/1ae42ff4-12dc-4acd-81c4-b48a53f95515,Rajya Sabha,1.1 Dataset Title,warn,55,3.6,"Title is 152 characters (limit 60). | Title uses abbreviations: FTSCs, NFSW, POCSO","Shorten the title to 60 characters or fewer. | Spell out abbreviations in the title (e.g. 'India Meteorological Department', not 'IMD')."
c8340221-9438-42d8-9713-bb65bd040712,Microsoft PARIKSHA,https://civicdataspace.in/datasets/c8340221-9438-42d8-9713-bb65bd040712,Saesha Parekh,1.1 Dataset Title,warn,55,3.6,Title uses abbreviations: PARIKSHA | Title does not mention the time period covered.,"Spell out abbreviations in the title (e.g. 'India Meteorological Department', not 'IMD'). | Add the period covered to the title, e.g. '(2000–2020)'."
08b93f62-ee95-4e6c-a237-9617e50e6bd8,Bhubaneswar Ward-wise temporal summer mean LST,https://civicdataspace.in/datasets/08b93f62-ee95-4e6c-a237-9617e50e6bd8,CivicDataLab,1.1 Dataset Title,warn,55,3.6,Title uses abbreviations: LST | Title does not mention the time period covered.,"Spell out abbreviations in the title (e.g. 'India Meteorological Department', not 'IMD'). | Add the period covered to the title, e.g. '(2000–2020)'."
4621b2ae-aecc-402e-8cc8-0848eff62027,Guwahati Ward-wise temporal summer mean LST,https://civicdataspace.in/datasets/4621b2ae-aecc-402e-8cc8-0848eff62027,CivicDataLab,1.1 Dataset Title,warn,55,3.6,Title uses abbreviations: LST | Title does not mention the time period covered.,"Spell out abbreviations in the title (e.g. 'India Meteorological Department', not 'IMD'). | Add the period covered to the title, e.g. '(2000–2020)'."
5b9279b3-5876-4d5a-a2fb-5ae40eca325d,Disaster Reporting and Information Management System (DRIMS),https://civicdataspace.in/datasets/5b9279b3-5876-4d5a-a2fb-5ae40eca325d,ASDMA,1.1 Dataset Title,warn,55,3.6,Title uses abbreviations: DRIMS | Title does not mention the time period covered.,"Spell out abbreviations in the title (e.g. 'India Meteorological Department', not 'IMD'). | Add the period covered to the title, e.g. '(2000–2020)'."
5b9279b3-5876-4d5a-a2fb-5ae40eca325d,Disaster Reporting and Information Management System (DRIMS),https://civicdataspace.in/datasets/5b9279b3-5876-4d5a-a2fb-5ae40eca325d,ASDMA,1.2 Description / Summary,warn,70,3.6,Description does not state the time period covered. | Description does not state the purpose or intended use.,State the years the data covers in the description. | Add one line on what the dataset is intended to support.
0681f7e5-a38c-454e-b76f-01ae1b840d20,XL-Sum Dataset,https://civicdataspace.in/datasets/0681f7e5-a38c-454e-b76f-01ae1b840d20,Jahnabi Mitra,1.1 Dataset Title,warn,55,3.6,Title uses abbreviations: XL | Title does not mention the time period covered.,"Spell out abbreviations in the title (e.g. 'India Meteorological Department', not 'IMD'). | Add the period covered to the title, e.g. '(2000–2020)'."
f7129164-0a29-4500-b135-d6f10128f770,Microsoft: PARIKSHA,https://civicdataspace.in/datasets/f7129164-0a29-4500-b135-d6f10128f770,CivicDataLab,1.1 Dataset Title,warn,55,3.6,Title uses abbreviations: PARIKSHA | Title does not mention the time period covered.,"Spell out abbreviations in the title (e.g. 'India Meteorological Department', not 'IMD'). | Add the period covered to the title, e.g. '(2000–2020)'."
8e553b1d-0f02-46b4-9b78-f658d4d8494c,SpeeD-TB - Kokborok,https://civicdataspace.in/datasets/8e553b1d-0f02-46b4-9b78-f658d4d8494c,Sridhar S,1.1 Dataset Title,warn,55,3.6,Title uses abbreviations: TB | Title does not mention the time period covered.,"Spell out abbreviations in the title (e.g. 'India Meteorological Department', not 'IMD'). | Add the period covered to the title, e.g. '(2000–2020)'."
edc944e7-b7bd-4c49-8ecf-1ec582ad1aa9,Assam NASADEM Elevation (Revenue Circle Level),https://civicdataspace.in/datasets/edc944e7-b7bd-4c49-8ecf-1ec582ad1aa9,CivicDataLab,1.1 Dataset Title,warn,55,3.6,Title uses abbreviations: NASADEM | Title does not mention the time period covered.,"Spell out abbreviations in the title (e.g. 'India Meteorological Department', not 'IMD'). | Add the period covered to the title, e.g. '(2000–2020)'."
edc944e7-b7bd-4c49-8ecf-1ec582ad1aa9,Assam NASADEM Elevation (Revenue Circle Level),https://civicdataspace.in/datasets/edc944e7-b7bd-4c49-8ecf-1ec582ad1aa9,CivicDataLab,1.2 Description / Summary,warn,70,3.6,"Description does not state the time period covered. | Description does not state the periodicity (daily, monthly, annual…).","State the years the data covers in the description. | Mention how often the data is recorded or updated (e.g. 'annual', 'daily')."
8bb66216-3b5c-45bd-825a-55da0fbcc082,MLRD-20 Marathi Lip Reading,https://civicdataspace.in/datasets/8bb66216-3b5c-45bd-825a-55da0fbcc082,Sridhar S,1.1 Dataset Title,warn,55,3.6,Title uses abbreviations: MLRD | Title does not mention the time period covered.,"Spell out abbreviations in the title (e.g. 'India Meteorological Department', not 'IMD'). | Add the period covered to the title, e.g. '(2000–2020)'."
4b5248fe-28fc-45eb-982f-2332d4c9e108,Himachal Pradesh Tehsil Level IMD Rainfall Inidcators (2018-2026),https://civicdataspace.in/datasets/4b5248fe-28fc-45eb-982f-2332d4c9e108,CivicDataLab,1.1 Dataset Title,warn,55,3.6,Title is 65 characters (limit 60). | Title uses abbreviations: IMD,"Shorten the title to 60 characters or fewer. | Spell out abbreviations in the title (e.g. 'India Meteorological Department', not 'IMD')."
4b5248fe-28fc-45eb-982f-2332d4c9e108,Himachal Pradesh Tehsil Level IMD Rainfall Inidcators (2018-2026),https://civicdataspace.in/datasets/4b5248fe-28fc-45eb-982f-2332d4c9e108,CivicDataLab,1.2 Description / Summary,warn,70,3.6,Description does not state the time period covered. | Description does not state the purpose or intended use.,State the years the data covers in the description. | Add one line on what the dataset is intended to support.
2a3c1abf-f767-481a-a7af-5b448ce72cb5,Assam Public Procurement Tenders,https://civicdataspace.in/datasets/2a3c1abf-f767-481a-a7af-5b448ce72cb5,CivicDataLab,1.2 Description / Summary,warn,70,3.6,"Description does not state the time period covered. | Description does not state the periodicity (daily, monthly, annual…).","State the years the data covers in the description. | Mention how often the data is recorded or updated (e.g. 'annual', 'daily')."
22baa45a-6ff4-4ea7-bfe6-5f3d28a6c2db,Odisha Public Procurement Tenders,https://civicdataspace.in/datasets/22baa45a-6ff4-4ea7-bfe6-5f3d28a6c2db,CivicDataLab,1.2 Description / Summary,warn,70,3.6,"Description does not state the time period covered. | Description does not state the periodicity (daily, monthly, annual…).","State the years the data covers in the description. | Mention how often the data is recorded or updated (e.g. 'annual', 'daily')."
b4246d18-67fe-429e-baee-c19502931156,CALPRA Case details Assam,https://civicdataspace.in/datasets/b4246d18-67fe-429e-baee-c19502931156,CivicDataLab,1.1 Dataset Title,warn,55,3.6,Title uses abbreviations: CALPRA | Title does not mention the time period covered.,"Spell out abbreviations in the title (e.g. 'India Meteorological Department', not 'IMD'). | Add the period covered to the title, e.g. '(2000–2020)'."
b7935b94-90be-48a9-adb7-7dfa8ba38acb,State-wise Fund Released under the Scheme of Strengthening Education among ST Girl in Low Literacy Districts from 2018-19 to 2020-21,https://civicdataspace.in/datasets/b7935b94-90be-48a9-adb7-7dfa8ba38acb,Rajya Sabha,1.1 Dataset Title,warn,55,3.6,Title is 132 characters (limit 60). | Title uses abbreviations: ST,"Shorten the title to 60 characters or fewer. | Spell out abbreviations in the title (e.g. 'India Meteorological Department', not 'IMD')."
737f51b1-5fa3-48ff-8d7f-4e85739c9dad,KHOJ - Dataset about the Indian High Court judges,https://civicdataspace.in/datasets/737f51b1-5fa3-48ff-8d7f-4e85739c9dad,JusticeHub,1.1 Dataset Title,warn,55,3.6,Title uses abbreviations: KHOJ | Title does not mention the time period covered.,"Spell out abbreviations in the title (e.g. 'India Meteorological Department', not 'IMD'). | Add the period covered to the title, e.g. '(2000–2020)'."
512a94f2-84fa-4a57-b354-4eb6332f5556,SpeeD-TB - Meitei,https://civicdataspace.in/datasets/512a94f2-84fa-4a57-b354-4eb6332f5556,Sridhar S,1.1 Dataset Title,warn,55,3.6,Title uses abbreviations: TB | Title does not mention the time period covered.,"Spell out abbreviations in the title (e.g. 'India Meteorological Department', not 'IMD'). | Add the period covered to the title, e.g. '(2000–2020)'."
e63bc17f-61e7-456c-b009-a7a0b4bd3143,Odisha GCN250 Population Density Indicators (Block Level),https://civicdataspace.in/datasets/e63bc17f-61e7-456c-b009-a7a0b4bd3143,CivicDataLab,1.1 Dataset Title,warn,55,3.6,Title uses abbreviations: GCN250 | Title does not mention the time period covered.,"Spell out abbreviations in the title (e.g. 'India Meteorological Department', not 'IMD'). | Add the period covered to the title, e.g. '(2000–2020)'."
e63bc17f-61e7-456c-b009-a7a0b4bd3143,Odisha GCN250 Population Density Indicators (Block Level),https://civicdataspace.in/datasets/e63bc17f-61e7-456c-b009-a7a0b4bd3143,CivicDataLab,2.5 Units of Measurement,fail,10,3.6,"54/60 measurement columns have no documented unit, e.g. GNS_dsg_co, GNS_dsg_st, GNS_uni, addr_city. | Column descriptions are still the platform's auto-generated placeholders.","Document the unit of every measurement column (name suffix like _mm / _inr_crore, or column description). | Fill in column descriptions on the resource schema, including units."
360e8cff-50ff-4dfa-b78a-8125116a7cab,"Child Population by Residence and Sex & Child Sex Ratio of Sikkim, 2011",https://civicdataspace.in/datasets/360e8cff-50ff-4dfa-b78a-8125116a7cab,Census of India,1.1 Dataset Title,warn,55,3.6,Title is 71 characters (limit 60). | Title contains special characters: &,Shorten the title to 60 characters or fewer. | Remove special characters from the title (write 'and' instead of '&').
316b848d-fc5e-44ac-bb46-523b98a2893c,Mission Antodaya -Uttar Pradesh(Subdistrict Level),https://civicdataspace.in/datasets/316b848d-fc5e-44ac-bb46-523b98a2893c,CivicDataLab,1.2 Description / Summary,warn,70,3.6,"Description does not state the time period covered. | Description does not state the periodicity (daily, monthly, annual…).","State the years the data covers in the description. | Mention how often the data is recorded or updated (e.g. 'annual', 'daily')."
316b848d-fc5e-44ac-bb46-523b98a2893c,Mission Antodaya -Uttar Pradesh(Subdistrict Level),https://civicdataspace.in/datasets/316b848d-fc5e-44ac-bb46-523b98a2893c,CivicDataLab,2.5 Units of Measurement,fail,10,3.6,"18/20 measurement columns have no documented unit, e.g. stcode11, dtcode11, st_area_sh, st_length_. | Column descriptions are still the platform's auto-generated placeholders.","Document the unit of every measurement column (name suffix like _mm / _inr_crore, or column description). | Fill in column descriptions on the resource schema, including units."
0a0ec5e1-0055-4a43-87ed-037223f2ca80,KCC Hindi Queries,https://civicdataspace.in/datasets/0a0ec5e1-0055-4a43-87ed-037223f2ca80,CivicDataLab,1.1 Dataset Title,warn,55,3.6,Title uses abbreviations: KCC | Title does not mention the time period covered.,"Spell out abbreviations in the title (e.g. 'India Meteorological Department', not 'IMD'). | Add the period covered to the title, e.g. '(2000–2020)'."
52ddf9a2-5452-403b-9d50-b359206a80c6,Uttar Pradesh Tenders,https://civicdataspace.in/datasets/52ddf9a2-5452-403b-9d50-b359206a80c6,CivicDataLab,1.2 Description / Summary,warn,70,3.6,"Description does not state the time period covered. | Description does not state the periodicity (daily, monthly, annual…).","State the years the data covers in the description. | Mention how often the data is recorded or updated (e.g. 'annual', 'daily')."
f9725ad8-f55a-481a-8906-84999d32c0e5,KHOJ - Dataset about the judges of the Telangana High Court,https://civicdataspace.in/datasets/f9725ad8-f55a-481a-8906-84999d32c0e5,JusticeHub,1.1 Dataset Title,warn,55,3.6,Title uses abbreviations: KHOJ | Title does not mention the time period covered.,"Spell out abbreviations in the title (e.g. 'India Meteorological Department', not 'IMD'). | Add the period covered to the title, e.g. '(2000–2020)'."
fa08be7f-9647-462b-8fc1-d218211271da,New dataset 03 Jul 2026 - 10:01:00,https://civicdataspace.in/datasets/fa08be7f-9647-462b-8fc1-d218211271da,Mihika Wakhloo,1.2 Description / Summary,warn,70,3.6,"Description does not state the time period covered. | Description does not state the periodicity (daily, monthly, annual…).","State the years the data covers in the description. | Mention how often the data is recorded or updated (e.g. 'annual', 'daily')."
bfa3e73b-893e-4f9b-b9de-11c26f7a229e,Assam IMD Subdistrict-Level  Rainfall(2018-2026),https://civicdataspace.in/datasets/bfa3e73b-893e-4f9b-b9de-11c26f7a229e,CivicDataLab,1.2 Description / Summary,warn,70,3.6,Description does not state the time period covered. | Description does not state the purpose or intended use.,State the years the data covers in the description. | Add one line on what the dataset is intended to support.
42a03126-8f44-4962-948c-209c1a8ae459,Uttar Pradesh NASADEM Elevation,https://civicdataspace.in/datasets/42a03126-8f44-4962-948c-209c1a8ae459,CivicDataLab,1.1 Dataset Title,warn,55,3.6,Title uses abbreviations: NASADEM | Title does not mention the time period covered.,"Spell out abbreviations in the title (e.g. 'India Meteorological Department', not 'IMD'). | Add the period covered to the title, e.g. '(2000–2020)'."
42a03126-8f44-4962-948c-209c1a8ae459,Uttar Pradesh NASADEM Elevation,https://civicdataspace.in/datasets/42a03126-8f44-4962-948c-209c1a8ae459,CivicDataLab,1.2 Description / Summary,warn,70,3.6,"Description does not state the time period covered. | Description does not state the periodicity (daily, monthly, annual…).","State the years the data covers in the description. | Mention how often the data is recorded or updated (e.g. 'annual', 'daily')."
decec4bd-842d-4994-8f76-9c7bd6a99b0a,State-wise Details of Integrated Aquaparks approved under Pradhan Mantri Matsya Sampada Yojana (PMMSY) from 2020-21 to 2024-25,https://civicdataspace.in/datasets/decec4bd-842d-4994-8f76-9c7bd6a99b0a,"Department of Fisheries, Government of India",1.1 Dataset Title,warn,55,3.6,Title is 126 characters (limit 60). | Title uses abbreviations: PMMSY,"Shorten the title to 60 characters or fewer. | Spell out abbreviations in the title (e.g. 'India Meteorological Department', not 'IMD')."
8dd7c6af-6c52-48e0-9daa-75ff7b8c0e89,Himachal Pradesh Bharat Maps,https://civicdataspace.in/datasets/8dd7c6af-6c52-48e0-9daa-75ff7b8c0e89,CivicDataLab,1.2 Description / Summary,warn,70,3.6,"Description does not state the time period covered. | Description does not state the periodicity (daily, monthly, annual…).","State the years the data covers in the description. | Mention how often the data is recorded or updated (e.g. 'annual', 'daily')."
7d35734f-6a09-43d5-a553-e4231f586544,Himachal Pradesh Tehsil-Level NDVI Indicators(2019-2024),https://civicdataspace.in/datasets/7d35734f-6a09-43d5-a553-e4231f586544,CivicDataLab,1.2 Description / Summary,warn,70,3.6,Description does not state the time period covered. | Description does not state the purpose or intended use.,State the years the data covers in the description. | Add one line on what the dataset is intended to support.
e7de500b-4163-4b20-a0ff-35b517c53754,DigiGreen: Human Curated QA Dataset (Agriculture) (English),https://civicdataspace.in/datasets/e7de500b-4163-4b20-a0ff-35b517c53754,CivicDataLab,1.1 Dataset Title,warn,55,3.6,Title uses abbreviations: QA | Title does not mention the time period covered.,"Spell out abbreviations in the title (e.g. 'India Meteorological Department', not 'IMD'). | Add the period covered to the title, e.g. '(2000–2020)'."
fa2570a0-ee85-4e45-b2ca-e1b881ccece3,Demand for Estimates General Administration,https://civicdataspace.in/datasets/fa2570a0-ee85-4e45-b2ca-e1b881ccece3,Finance Department Himachal Pradesh,1.2 Description / Summary,warn,70,3.6,Description does not state the time period covered. | Description does not state the purpose or intended use.,State the years the data covers in the description. | Add one line on what the dataset is intended to support.
3cc57bb1-7713-4538-935a-c69e06bf8bf5,Odisha NDVI Indicators (2019-2023),https://civicdataspace.in/datasets/3cc57bb1-7713-4538-935a-c69e06bf8bf5,CivicDataLab,2.5 Units of Measurement,fail,10,3.6,"54/60 measurement columns have no documented unit, e.g. GNS_dsg_co, GNS_dsg_st, GNS_uni, addr_city. | Column descriptions are still the platform's auto-generated placeholders.","Document the unit of every measurement column (name suffix like _mm / _inr_crore, or column description). | Fill in column descriptions on the resource schema, including units."
16eda4f3-78fa-4702-833f-da332458792c,Bihar Bharat Maps Infrastructure Indicators (Subdistrict Level),https://civicdataspace.in/datasets/16eda4f3-78fa-4702-833f-da332458792c,CivicDataLab,1.2 Description / Summary,warn,70,3.6,"Description does not state the time period covered. | Description does not state the periodicity (daily, monthly, annual…).","State the years the data covers in the description. | Mention how often the data is recorded or updated (e.g. 'annual', 'daily')."
6df07eec-fd9b-4216-978d-528d642f5dd9,WorldPop,https://civicdataspace.in/datasets/6df07eec-fd9b-4216-978d-528d642f5dd9,WorldPOP,1.2 Description / Summary,warn,70,3.6,Description does not state the geographic coverage. | Description does not state the purpose or intended use.,Say which geography the data covers (country / state / district level). | Add one line on what the dataset is intended to support.
a2586c90-4aaf-48c5-a49f-b0d321434a23,Uttar Pradesh Bharat Maps(Subdistrict Level),https://civicdataspace.in/datasets/a2586c90-4aaf-48c5-a49f-b0d321434a23,CivicDataLab,1.2 Description / Summary,warn,70,3.6,"Description does not state the time period covered. | Description does not state the periodicity (daily, monthly, annual…).","State the years the data covers in the description. | Mention how often the data is recorded or updated (e.g. 'annual', 'daily')."
e77e272a-31f9-44c0-b662-b55b7d1c89f8,Assamese Text-to-Speech (TTS),https://civicdataspace.in/datasets/e77e272a-31f9-44c0-b662-b55b7d1c89f8,Jahnabi Mitra,1.1 Dataset Title,warn,55,3.6,Title uses abbreviations: TTS | Title does not mention the time period covered.,"Spell out abbreviations in the title (e.g. 'India Meteorological Department', not 'IMD'). | Add the period covered to the title, e.g. '(2000–2020)'."
85ed80f2-6315-412a-b7aa-3b8410f2027e,Odisha NDBI Indicators (2019-2023),https://civicdataspace.in/datasets/85ed80f2-6315-412a-b7aa-3b8410f2027e,CivicDataLab,2.5 Units of Measurement,fail,10,3.6,"54/60 measurement columns have no documented unit, e.g. GNS_dsg_co, GNS_dsg_st, GNS_uni, addr_city. | Column descriptions are still the platform's auto-generated placeholders.","Document the unit of every measurement column (name suffix like _mm / _inr_crore, or column description). | Fill in column descriptions on the resource schema, including units."
7343af3c-f892-4610-b528-2444857b2081,WorldPop,https://civicdataspace.in/datasets/7343af3c-f892-4610-b528-2444857b2081,WorldPOP,1.2 Description / Summary,warn,70,3.6,Description does not state the geographic coverage. | Description does not state the purpose or intended use.,Say which geography the data covers (country / state / district level). | Add one line on what the dataset is intended to support.
1cdab615-0577-42eb-8bd8-63c1e7785d96,Transfer to Local Bodies 2018-2026,https://civicdataspace.in/datasets/1cdab615-0577-42eb-8bd8-63c1e7785d96,"FinAssam, Finance Department, Government of Assam",1.2 Description / Summary,warn,70,3.6,"Description does not state the time period covered. | Description does not state the periodicity (daily, monthly, annual…).","State the years the data covers in the description. | Mention how often the data is recorded or updated (e.g. 'annual', 'daily')."
cee2015f-850f-4bcc-b35c-9fbe26620b4a,WorldPop,https://civicdataspace.in/datasets/cee2015f-850f-4bcc-b35c-9fbe26620b4a,WorldPOP,1.2 Description / Summary,warn,70,3.6,Description does not state the geographic coverage. | Description does not state the purpose or intended use.,Say which geography the data covers (country / state / district level). | Add one line on what the dataset is intended to support.
865277d2-c379-488a-8d93-0d5a78fb7ae9,WorldPop,https://civicdataspace.in/datasets/865277d2-c379-488a-8d93-0d5a78fb7ae9,WorldPOP,1.2 Description / Summary,warn,70,3.6,Description does not state the geographic coverage. | Description does not state the purpose or intended use.,Say which geography the data covers (country / state / district level). | Add one line on what the dataset is intended to support.
a8d41fb9-0b9e-4f1a-bdd4-964e5bd1e535,Uttar Pradesh Subdistrict-Level IMD Rainfall data -(2018-2026),https://civicdataspace.in/datasets/a8d41fb9-0b9e-4f1a-bdd4-964e5bd1e535,CivicDataLab,1.1 Dataset Title,warn,55,3.6,Title is 62 characters (limit 60). | Title uses abbreviations: IMD,"Shorten the title to 60 characters or fewer. | Spell out abbreviations in the title (e.g. 'India Meteorological Department', not 'IMD')."
d5fe2150-672d-455b-9b60-1e779919a053,WorldPop,https://civicdataspace.in/datasets/d5fe2150-672d-455b-9b60-1e779919a053,WorldPOP,1.2 Description / Summary,warn,70,3.6,Description does not state the geographic coverage. | Description does not state the purpose or intended use.,Say which geography the data covers (country / state / district level). | Add one line on what the dataset is intended to support.
4b5248fe-28fc-45eb-982f-2332d4c9e108,Himachal Pradesh Tehsil Level IMD Rainfall Inidcators (2018-2026),https://civicdataspace.in/datasets/4b5248fe-28fc-45eb-982f-2332d4c9e108,CivicDataLab,2.5 Units of Measurement,fail,11,3.56,"8/9 measurement columns have no documented unit, e.g. Unnamed: 0, Shape_Leng, Shape_Area, max. | Column descriptions are still the platform's auto-generated placeholders.","Document the unit of every measurement column (name suffix like _mm / _inr_crore, or column description). | Fill in column descriptions on the resource schema, including units."
43c6cbce-70ca-41e9-94fe-c55c8b6b4056,Bihar Sub-District Level IMD Rainfall (2018-2026),https://civicdataspace.in/datasets/43c6cbce-70ca-41e9-94fe-c55c8b6b4056,CivicDataLab,2.5 Units of Measurement,fail,11,3.56,"8/9 measurement columns have no documented unit, e.g. st_area_sh, st_length_, remarks, st_length(shape). | Column descriptions are still the platform's auto-generated placeholders.","Document the unit of every measurement column (name suffix like _mm / _inr_crore, or column description). | Fill in column descriptions on the resource schema, including units."
279f0a4d-0ccf-47e0-a7cc-e6f293a58b6e,Himachal Pradesh Tenders,https://civicdataspace.in/datasets/279f0a4d-0ccf-47e0-a7cc-e6f293a58b6e,Himachal Pradesh Tenders,1.9 License and Terms of Use,warn,50,3.5,Source is an Indian government site but the license is CC_BY_SA_4_0_ATTRIBUTION_SHARE_ALIKE.,Set the license to Government Open Data License (GODL) for data sourced from government platforms.
7e876e22-af77-40e1-aa97-f47eee3ee56f,District-wise Damage to Public utilities in Punjab from 1968 to 2022 (April to March),https://civicdataspace.in/datasets/7e876e22-af77-40e1-aa97-f47eee3ee56f,Prashasti Yadav,1.9 License and Terms of Use,warn,50,3.5,Source is an Indian government site but the license is CC_BY_SA_4_0_ATTRIBUTION_SHARE_ALIKE.,Set the license to Government Open Data License (GODL) for data sourced from government platforms.
a3949557-7e54-4c9d-9840-3a652b72117d,District-wise Area affected in Punjab from 1969 to 2022(April to March),https://civicdataspace.in/datasets/a3949557-7e54-4c9d-9840-3a652b72117d,Prashasti Yadav,1.9 License and Terms of Use,warn,50,3.5,Source is an Indian government site but the license is CC_BY_SA_4_0_ATTRIBUTION_SHARE_ALIKE.,Set the license to Government Open Data License (GODL) for data sourced from government platforms.
5e1a1739-8067-4320-a212-1395791ec78e,KCC English Queries,https://civicdataspace.in/datasets/5e1a1739-8067-4320-a212-1395791ec78e,CivicDataLab,1.9 License and Terms of Use,warn,50,3.5,Source is an Indian government site but the license is CC_BY_SA_4_0_ATTRIBUTION_SHARE_ALIKE.,Set the license to Government Open Data License (GODL) for data sourced from government platforms.
23b5d47a-9259-426b-9a26-438a572c539e,Kisan Call Centre (KCC) - Transcripts of Farmers Queries & Answers (Hindi),https://civicdataspace.in/datasets/23b5d47a-9259-426b-9a26-438a572c539e,CivicDataLab,1.9 License and Terms of Use,warn,50,3.5,Source is an Indian government site but the license is CC_BY_4_0_ATTRIBUTION (the platform default — likely never set).,Set the license to Government Open Data License (GODL) for data sourced from government platforms.
e29ea52c-d9dc-4aff-8b81-74071f1e4c8e,Divyang Budget_2019-2025,https://civicdataspace.in/datasets/e29ea52c-d9dc-4aff-8b81-74071f1e4c8e,"FinAssam, Finance Department, Government of Assam",1.9 License and Terms of Use,warn,50,3.5,Source is an Indian government site but the license is CC_BY_4_0_ATTRIBUTION (the platform default — likely never set).,Set the license to Government Open Data License (GODL) for data sourced from government platforms.
cdaed2cf-782a-4a57-9b67-8f1b43db1b5d,Gender Budget Statement Assam 2018-19 to 2025-26,https://civicdataspace.in/datasets/cdaed2cf-782a-4a57-9b67-8f1b43db1b5d,"FinAssam, Finance Department, Government of Assam",1.9 License and Terms of Use,warn,50,3.5,Source is an Indian government site but the license is CC_BY_SA_4_0_ATTRIBUTION_SHARE_ALIKE.,Set the license to Government Open Data License (GODL) for data sourced from government platforms.
55b2a082-c4a9-48f7-8b65-2fc84a8cd57a,Tamil Adversarial KCC Queries Prompts,https://civicdataspace.in/datasets/55b2a082-c4a9-48f7-8b65-2fc84a8cd57a,CivicDataLab,1.9 License and Terms of Use,warn,50,3.5,Source is an Indian government site but the license is CC_BY_SA_4_0_ATTRIBUTION_SHARE_ALIKE.,Set the license to Government Open Data License (GODL) for data sourced from government platforms.
a59afb9a-7003-4b72-b66f-4cff680a5ebf,Himachal Pradesh Distance from River Indicators (Tehsil Level),https://civicdataspace.in/datasets/a59afb9a-7003-4b72-b66f-4cff680a5ebf,CivicDataLab,1.9 License and Terms of Use,warn,50,3.5,Source is an Indian government site but the license is CC_BY_SA_4_0_ATTRIBUTION_SHARE_ALIKE.,Set the license to Government Open Data License (GODL) for data sourced from government platforms.
8d04f121-4a0f-4666-af26-e8bc0f67c64c,BiharPublic Procurement Tenders,https://civicdataspace.in/datasets/8d04f121-4a0f-4666-af26-e8bc0f67c64c,CivicDataLab,1.9 License and Terms of Use,warn,50,3.5,Source is an Indian government site but the license is CC_BY_SA_4_0_ATTRIBUTION_SHARE_ALIKE.,Set the license to Government Open Data License (GODL) for data sourced from government platforms.
4f1d5a40-a9ee-4d5c-8829-ab1771029fa1,"Assam State, District and Revenue Circle Administrative Boundary Files",https://civicdataspace.in/datasets/4f1d5a40-a9ee-4d5c-8829-ab1771029fa1,CivicDataLab,1.9 License and Terms of Use,warn,50,3.5,Source is an Indian government site but the license is CC_BY_SA_4_0_ATTRIBUTION_SHARE_ALIKE.,Set the license to Government Open Data License (GODL) for data sourced from government platforms.
1d53def5-cd46-4f0a-b0b9-7f3e669c7062,Mission Antyodaya 2020: Bihar,https://civicdataspace.in/datasets/1d53def5-cd46-4f0a-b0b9-7f3e669c7062,Ministry of Rural Development,1.9 License and Terms of Use,warn,50,3.5,Source is an Indian government site but the license is CC_BY_SA_4_0_ATTRIBUTION_SHARE_ALIKE.,Set the license to Government Open Data License (GODL) for data sourced from government platforms.
f238952e-3e0f-4fa7-8afb-2c0e2b2f698d,Bihar Flood-Related Tenders (Block Geotagged),https://civicdataspace.in/datasets/f238952e-3e0f-4fa7-8afb-2c0e2b2f698d,CivicDataLab,1.9 License and Terms of Use,warn,50,3.5,Source is an Indian government site but the license is CC_BY_SA_4_0_ATTRIBUTION_SHARE_ALIKE.,Set the license to Government Open Data License (GODL) for data sourced from government platforms.
efcb804b-1e9d-429f-893e-744ce813b82c,HMIS MCH Assam 2022-23,https://civicdataspace.in/datasets/efcb804b-1e9d-429f-893e-744ce813b82c,CivicDataLab,1.9 License and Terms of Use,warn,50,3.5,Source is an Indian government site but the license is CC_BY_SA_4_0_ATTRIBUTION_SHARE_ALIKE.,Set the license to Government Open Data License (GODL) for data sourced from government platforms.
67aed609-cd88-4fab-8b90-ad88401caf01,State/UT-wise Details of Sagar Mitra Approved from 2021-22 to 2023-24,https://civicdataspace.in/datasets/67aed609-cd88-4fab-8b90-ad88401caf01,"Department of Fisheries, Government of India",1.9 License and Terms of Use,warn,50,3.5,Source is an Indian government site but the license is CC_BY_4_0_ATTRIBUTION (the platform default — likely never set).,Set the license to Government Open Data License (GODL) for data sourced from government platforms.
b89710f1-2999-4c4b-935c-00184e1d41ed,Assam Embankment Infrastructure Indicators (Revenue Circle Level),https://civicdataspace.in/datasets/b89710f1-2999-4c4b-935c-00184e1d41ed,CivicDataLab,1.9 License and Terms of Use,warn,50,3.5,Source is an Indian government site but the license is CC_BY_4_0_ATTRIBUTION (the platform default — likely never set).,Set the license to Government Open Data License (GODL) for data sourced from government platforms.
0cfc9ba5-a7b3-49e8-bec9-d4419eaf5031,Assam Heat-Related Tenders (RC-Geotagged),https://civicdataspace.in/datasets/0cfc9ba5-a7b3-49e8-bec9-d4419eaf5031,CivicDataLab,1.9 License and Terms of Use,warn,50,3.5,Source is an Indian government site but the license is CC_BY_SA_4_0_ATTRIBUTION_SHARE_ALIKE.,Set the license to Government Open Data License (GODL) for data sourced from government platforms.
f89bc070-61f3-4906-928d-3290deb701d3,Object Head Wise Expenditure Report 23-26,https://civicdataspace.in/datasets/f89bc070-61f3-4906-928d-3290deb701d3,"FinAssam, Finance Department, Government of Assam",1.9 License and Terms of Use,warn,50,3.5,Source is an Indian government site but the license is CC_BY_SA_4_0_ATTRIBUTION_SHARE_ALIKE.,Set the license to Government Open Data License (GODL) for data sourced from government platforms.
c3a600db-15f0-4e1a-b93e-c1736483ecf7,Himachal Pradesh Disaster Loss and Damage Indicators (2021-2024),https://civicdataspace.in/datasets/c3a600db-15f0-4e1a-b93e-c1736483ecf7,CivicDataLab,1.9 License and Terms of Use,warn,50,3.5,Source is an Indian government site but the license is CC_BY_SA_4_0_ATTRIBUTION_SHARE_ALIKE.,Set the license to Government Open Data License (GODL) for data sourced from government platforms.
7667fe2b-0d20-402c-bd20-8dbd8b30b441,New dataset 09 Dec 2025 - 09:25:41,https://civicdataspace.in/datasets/7667fe2b-0d20-402c-bd20-8dbd8b30b441,CivicDataLab,1.9 License and Terms of Use,warn,50,3.5,Source is an Indian government site but the license is CC_BY_SA_4_0_ATTRIBUTION_SHARE_ALIKE.,Set the license to Government Open Data License (GODL) for data sourced from government platforms.
ac79af61-4a76-45f0-aef0-79d29856b628,Assam Heat- Related Public Procurement Tenders,https://civicdataspace.in/datasets/ac79af61-4a76-45f0-aef0-79d29856b628,CivicDataLab,1.9 License and Terms of Use,warn,50,3.5,Source is an Indian government site but the license is CC_BY_SA_4_0_ATTRIBUTION_SHARE_ALIKE.,Set the license to Government Open Data License (GODL) for data sourced from government platforms.
37418952-42b5-4253-a8b8-bb7b0f4a4fe3,Himachal Pradesh Public Procurement Tenders,https://civicdataspace.in/datasets/37418952-42b5-4253-a8b8-bb7b0f4a4fe3,CivicDataLab,1.9 License and Terms of Use,warn,50,3.5,Source is an Indian government site but the license is CC_BY_SA_4_0_ATTRIBUTION_SHARE_ALIKE.,Set the license to Government Open Data License (GODL) for data sourced from government platforms.
4cf485b0-d49a-4ead-b7f8-b565dd1f1f92,Assam Flood-Related Tenders (Revenue Circle Geotagged),https://civicdataspace.in/datasets/4cf485b0-d49a-4ead-b7f8-b565dd1f1f92,CivicDataLab,1.9 License and Terms of Use,warn,50,3.5,Source is an Indian government site but the license is CC_BY_SA_4_0_ATTRIBUTION_SHARE_ALIKE.,Set the license to Government Open Data License (GODL) for data sourced from government platforms.
9c994a5a-92d2-46cb-8139-1b3e9a0d97dd,Handbook on Fisheries Statistics,https://civicdataspace.in/datasets/9c994a5a-92d2-46cb-8139-1b3e9a0d97dd,"Department of Fisheries, Government of India",1.9 License and Terms of Use,warn,50,3.5,Source is an Indian government site but the license is CC_BY_4_0_ATTRIBUTION (the platform default — likely never set).,Set the license to Government Open Data License (GODL) for data sourced from government platforms.
5b9279b3-5876-4d5a-a2fb-5ae40eca325d,Disaster Reporting and Information Management System (DRIMS),https://civicdataspace.in/datasets/5b9279b3-5876-4d5a-a2fb-5ae40eca325d,ASDMA,1.9 License and Terms of Use,warn,50,3.5,Source is an Indian government site but the license is CC_BY_4_0_ATTRIBUTION (the platform default — likely never set).,Set the license to Government Open Data License (GODL) for data sourced from government platforms.
3e6f107d-0201-4492-825c-373bab4753c6,SDG Report_NER,https://civicdataspace.in/datasets/3e6f107d-0201-4492-825c-373bab4753c6,Niti Aayog,1.9 License and Terms of Use,warn,50,3.5,Source is an Indian government site but the license is CC_BY_4_0_ATTRIBUTION (the platform default — likely never set).,Set the license to Government Open Data License (GODL) for data sourced from government platforms.
bc2e34ba-21ce-496e-8462-518bdb0965db,Himachal Pradesh Flood-Related Tenders (District Geotagged),https://civicdataspace.in/datasets/bc2e34ba-21ce-496e-8462-518bdb0965db,CivicDataLab,1.9 License and Terms of Use,warn,50,3.5,Source is an Indian government site but the license is CC_BY_SA_4_0_ATTRIBUTION_SHARE_ALIKE.,Set the license to Government Open Data License (GODL) for data sourced from government platforms.
edc944e7-b7bd-4c49-8ecf-1ec582ad1aa9,Assam NASADEM Elevation (Revenue Circle Level),https://civicdataspace.in/datasets/edc944e7-b7bd-4c49-8ecf-1ec582ad1aa9,CivicDataLab,1.9 License and Terms of Use,warn,50,3.5,Source is an Indian government site but the license is CC_BY_SA_4_0_ATTRIBUTION_SHARE_ALIKE.,Set the license to Government Open Data License (GODL) for data sourced from government platforms.
4b5248fe-28fc-45eb-982f-2332d4c9e108,Himachal Pradesh Tehsil Level IMD Rainfall Inidcators (2018-2026),https://civicdataspace.in/datasets/4b5248fe-28fc-45eb-982f-2332d4c9e108,CivicDataLab,1.9 License and Terms of Use,warn,50,3.5,Source is an Indian government site but the license is CC_BY_SA_4_0_ATTRIBUTION_SHARE_ALIKE.,Set the license to Government Open Data License (GODL) for data sourced from government platforms.
2a3c1abf-f767-481a-a7af-5b448ce72cb5,Assam Public Procurement Tenders,https://civicdataspace.in/datasets/2a3c1abf-f767-481a-a7af-5b448ce72cb5,CivicDataLab,1.9 License and Terms of Use,warn,50,3.5,Source is an Indian government site but the license is CC_BY_SA_4_0_ATTRIBUTION_SHARE_ALIKE.,Set the license to Government Open Data License (GODL) for data sourced from government platforms.
22baa45a-6ff4-4ea7-bfe6-5f3d28a6c2db,Odisha Public Procurement Tenders,https://civicdataspace.in/datasets/22baa45a-6ff4-4ea7-bfe6-5f3d28a6c2db,CivicDataLab,1.9 License and Terms of Use,warn,50,3.5,Source is an Indian government site but the license is CC_BY_SA_4_0_ATTRIBUTION_SHARE_ALIKE.,Set the license to Government Open Data License (GODL) for data sourced from government platforms.
e7ddf347-a353-4135-a96f-7543e2202fc5,Odisha Flood-Related Tenders (Block Geotagged),https://civicdataspace.in/datasets/e7ddf347-a353-4135-a96f-7543e2202fc5,CivicDataLab,1.9 License and Terms of Use,warn,50,3.5,Source is an Indian government site but the license is CC_BY_SA_4_0_ATTRIBUTION_SHARE_ALIKE.,Set the license to Government Open Data License (GODL) for data sourced from government platforms.
a162dcf9-1297-4fe8-be91-84e74547561a,Child Budget 2018-2025,https://civicdataspace.in/datasets/a162dcf9-1297-4fe8-be91-84e74547561a,"FinAssam, Finance Department, Government of Assam",1.9 License and Terms of Use,warn,50,3.5,Source is an Indian government site but the license is CC_BY_SA_4_0_ATTRIBUTION_SHARE_ALIKE.,Set the license to Government Open Data License (GODL) for data sourced from government platforms.
3dae89d2-a3b5-4dad-8dff-858a2576f3af,Revenue & Receipts 2018-26,https://civicdataspace.in/datasets/3dae89d2-a3b5-4dad-8dff-858a2576f3af,"FinAssam, Finance Department, Government of Assam",1.9 License and Terms of Use,warn,50,3.5,Source is an Indian government site but the license is CC_BY_4_0_ATTRIBUTION (the platform default — likely never set).,Set the license to Government Open Data License (GODL) for data sourced from government platforms.
86006661-704a-43c9-bb66-1c2d6ca018b4,Odisha Surface Runoff Indicators (Block Level),https://civicdataspace.in/datasets/86006661-704a-43c9-bb66-1c2d6ca018b4,CivicDataLab,1.9 License and Terms of Use,warn,50,3.5,Source is an Indian government site but the license is CC_BY_SA_4_0_ATTRIBUTION_SHARE_ALIKE.,Set the license to Government Open Data License (GODL) for data sourced from government platforms.
4a54faa4-fd58-4cb9-b8ea-5cdf446a987f,HMIS child health Report Assam 2018-20,https://civicdataspace.in/datasets/4a54faa4-fd58-4cb9-b8ea-5cdf446a987f,CivicDataLab,1.9 License and Terms of Use,warn,50,3.5,Source is an Indian government site but the license is CC_BY_SA_4_0_ATTRIBUTION_SHARE_ALIKE.,Set the license to Government Open Data License (GODL) for data sourced from government platforms.
b8f28492-b865-46cd-82d6-b5a501179739,Odisha Drainage Density,https://civicdataspace.in/datasets/b8f28492-b865-46cd-82d6-b5a501179739,CivicDataLab,1.9 License and Terms of Use,warn,50,3.5,Source is an Indian government site but the license is CC_BY_SA_4_0_ATTRIBUTION_SHARE_ALIKE.,Set the license to Government Open Data License (GODL) for data sourced from government platforms.
ba892c22-6d06-4c11-b3e2-ac21c9f5a9f8,Natural Calamities Data Odisha 2022-23,https://civicdataspace.in/datasets/ba892c22-6d06-4c11-b3e2-ac21c9f5a9f8,Aashi Srivastava,1.9 License and Terms of Use,warn,50,3.5,Source is an Indian government site but the license is CC_BY_SA_4_0_ATTRIBUTION_SHARE_ALIKE.,Set the license to Government Open Data License (GODL) for data sourced from government platforms.
316b848d-fc5e-44ac-bb46-523b98a2893c,Mission Antodaya -Uttar Pradesh(Subdistrict Level),https://civicdataspace.in/datasets/316b848d-fc5e-44ac-bb46-523b98a2893c,CivicDataLab,1.9 License and Terms of Use,warn,50,3.5,Source is an Indian government site but the license is CC_BY_SA_4_0_ATTRIBUTION_SHARE_ALIKE.,Set the license to Government Open Data License (GODL) for data sourced from government platforms.
0a0ec5e1-0055-4a43-87ed-037223f2ca80,KCC Hindi Queries,https://civicdataspace.in/datasets/0a0ec5e1-0055-4a43-87ed-037223f2ca80,CivicDataLab,1.9 License and Terms of Use,warn,50,3.5,Source is an Indian government site but the license is CC_BY_SA_4_0_ATTRIBUTION_SHARE_ALIKE.,Set the license to Government Open Data License (GODL) for data sourced from government platforms.
0fe407db-7204-4c3b-8478-a02ebe060f20,Himachal Pradesh Mission Antyodaya,https://civicdataspace.in/datasets/0fe407db-7204-4c3b-8478-a02ebe060f20,CivicDataLab,1.9 License and Terms of Use,warn,50,3.5,Source is an Indian government site but the license is CC_BY_SA_4_0_ATTRIBUTION_SHARE_ALIKE.,Set the license to Government Open Data License (GODL) for data sourced from government platforms.
08bc89d4-e562-4858-a5f3-415f51fe911d,Annual Reports-Natural Calamities-Odisha,https://civicdataspace.in/datasets/08bc89d4-e562-4858-a5f3-415f51fe911d,Odisha State Disaster Management Authority (OSDMA),1.9 License and Terms of Use,warn,50,3.5,Source is an Indian government site but the license is CC_BY_SA_4_0_ATTRIBUTION_SHARE_ALIKE.,Set the license to Government Open Data License (GODL) for data sourced from government platforms.
f07c7047-3f08-484c-bc73-331084ca0b24,New dataset 31 Aug 2026 - 09:12:20,https://civicdataspace.in/datasets/f07c7047-3f08-484c-bc73-331084ca0b24,Nikil Augustine,1.9 License and Terms of Use,warn,50,3.5,Source is an Indian government site but the license is OPEN_DATABASE_LICENSE.,Set the license to Government Open Data License (GODL) for data sourced from government platforms.
ebca0d4a-2df7-46ae-a315-640bce23968a,Odisha Distance from River,https://civicdataspace.in/datasets/ebca0d4a-2df7-46ae-a315-640bce23968a,CivicDataLab,1.9 License and Terms of Use,warn,50,3.5,Source is an Indian government site but the license is CC_BY_SA_4_0_ATTRIBUTION_SHARE_ALIKE.,Set the license to Government Open Data License (GODL) for data sourced from government platforms.
bfa3e73b-893e-4f9b-b9de-11c26f7a229e,Assam IMD Subdistrict-Level  Rainfall(2018-2026),https://civicdataspace.in/datasets/bfa3e73b-893e-4f9b-b9de-11c26f7a229e,CivicDataLab,1.9 License and Terms of Use,warn,50,3.5,Source is an Indian government site but the license is CC_BY_SA_4_0_ATTRIBUTION_SHARE_ALIKE.,Set the license to Government Open Data License (GODL) for data sourced from government platforms.
decec4bd-842d-4994-8f76-9c7bd6a99b0a,State-wise Details of Integrated Aquaparks approved under Pradhan Mantri Matsya Sampada Yojana (PMMSY) from 2020-21 to 2024-25,https://civicdataspace.in/datasets/decec4bd-842d-4994-8f76-9c7bd6a99b0a,"Department of Fisheries, Government of India",1.9 License and Terms of Use,warn,50,3.5,Source is an Indian government site but the license is CC_BY_4_0_ATTRIBUTION (the platform default — likely never set).,Set the license to Government Open Data License (GODL) for data sourced from government platforms.
8dd7c6af-6c52-48e0-9daa-75ff7b8c0e89,Himachal Pradesh Bharat Maps,https://civicdataspace.in/datasets/8dd7c6af-6c52-48e0-9daa-75ff7b8c0e89,CivicDataLab,1.9 License and Terms of Use,warn,50,3.5,Source is an Indian government site but the license is CC_BY_SA_4_0_ATTRIBUTION_SHARE_ALIKE.,Set the license to Government Open Data License (GODL) for data sourced from government platforms.
7d35734f-6a09-43d5-a553-e4231f586544,Himachal Pradesh Tehsil-Level NDVI Indicators(2019-2024),https://civicdataspace.in/datasets/7d35734f-6a09-43d5-a553-e4231f586544,CivicDataLab,1.9 License and Terms of Use,warn,50,3.5,Source is an Indian government site but the license is CC_BY_SA_4_0_ATTRIBUTION_SHARE_ALIKE.,Set the license to Government Open Data License (GODL) for data sourced from government platforms.
fa2570a0-ee85-4e45-b2ca-e1b881ccece3,Demand for Estimates General Administration,https://civicdataspace.in/datasets/fa2570a0-ee85-4e45-b2ca-e1b881ccece3,Finance Department Himachal Pradesh,1.9 License and Terms of Use,warn,50,3.5,Source is an Indian government site but the license is CC_BY_4_0_ATTRIBUTION (the platform default — likely never set).,Set the license to Government Open Data License (GODL) for data sourced from government platforms.
43c6cbce-70ca-41e9-94fe-c55c8b6b4056,Bihar Sub-District Level IMD Rainfall (2018-2026),https://civicdataspace.in/datasets/43c6cbce-70ca-41e9-94fe-c55c8b6b4056,CivicDataLab,1.9 License and Terms of Use,warn,50,3.5,Source is an Indian government site but the license is CC_BY_SA_4_0_ATTRIBUTION_SHARE_ALIKE.,Set the license to Government Open Data License (GODL) for data sourced from government platforms.
3cc57bb1-7713-4538-935a-c69e06bf8bf5,Odisha NDVI Indicators (2019-2023),https://civicdataspace.in/datasets/3cc57bb1-7713-4538-935a-c69e06bf8bf5,CivicDataLab,1.9 License and Terms of Use,warn,50,3.5,Source is an Indian government site but the license is CC_BY_SA_4_0_ATTRIBUTION_SHARE_ALIKE.,Set the license to Government Open Data License (GODL) for data sourced from government platforms.
16eda4f3-78fa-4702-833f-da332458792c,Bihar Bharat Maps Infrastructure Indicators (Subdistrict Level),https://civicdataspace.in/datasets/16eda4f3-78fa-4702-833f-da332458792c,CivicDataLab,1.9 License and Terms of Use,warn,50,3.5,Source is an Indian government site but the license is CC_BY_SA_4_0_ATTRIBUTION_SHARE_ALIKE.,Set the license to Government Open Data License (GODL) for data sourced from government platforms.
57de123e-2e73-4d9d-a91e-24210fcfc32e,State/UT wise Enrolment of students  by Gender 2021-22,https://civicdataspace.in/datasets/57de123e-2e73-4d9d-a91e-24210fcfc32e,"Dept. of School Education and Literacy, Ministry of Education",1.9 License and Terms of Use,warn,50,3.5,Source is an Indian government site but the license is CC_BY_SA_4_0_ATTRIBUTION_SHARE_ALIKE.,Set the license to Government Open Data License (GODL) for data sourced from government platforms.
df5f4a6e-9115-4d49-8ee6-d5d2da0fec55,Bharat Maps,https://civicdataspace.in/datasets/df5f4a6e-9115-4d49-8ee6-d5d2da0fec55,Bharat Maps,1.9 License and Terms of Use,warn,50,3.5,Source is an Indian government site but the license is CC_BY_4_0_ATTRIBUTION (the platform default — likely never set).,Set the license to Government Open Data License (GODL) for data sourced from government platforms.
3e86e623-17d7-4527-9932-d0156f99e79e,Green Budget 2023-26,https://civicdataspace.in/datasets/3e86e623-17d7-4527-9932-d0156f99e79e,"FinAssam, Finance Department, Government of Assam",1.9 License and Terms of Use,warn,50,3.5,Source is an Indian government site but the license is CC_BY_4_0_ATTRIBUTION (the platform default — likely never set).,Set the license to Government Open Data License (GODL) for data sourced from government platforms.
d954cb3c-22fd-41b6-a0c4-54ab2fc553f0,Outcome Budget 2018-2026,https://civicdataspace.in/datasets/d954cb3c-22fd-41b6-a0c4-54ab2fc553f0,"FinAssam, Finance Department, Government of Assam",1.9 License and Terms of Use,warn,50,3.5,Source is an Indian government site but the license is CC_BY_4_0_ATTRIBUTION (the platform default — likely never set).,Set the license to Government Open Data License (GODL) for data sourced from government platforms.
46badaef-63cc-431e-8fc0-345c663b4ed4,Himachal Pradesh Budget Data - Department Wise 2025-26,https://civicdataspace.in/datasets/46badaef-63cc-431e-8fc0-345c663b4ed4,Finance Department Himachal Pradesh,1.9 License and Terms of Use,warn,50,3.5,Source is an Indian government site but the license is CC_BY_SA_4_0_ATTRIBUTION_SHARE_ALIKE.,Set the license to Government Open Data License (GODL) for data sourced from government platforms.
f12065ab-4cbe-4a19-b7fd-aea17fc28448,Himachal Pradesh Tehsil-Level Surface Runoff(2021-2025),https://civicdataspace.in/datasets/f12065ab-4cbe-4a19-b7fd-aea17fc28448,CivicDataLab,1.9 License and Terms of Use,warn,50,3.5,Source is an Indian government site but the license is CC_BY_SA_4_0_ATTRIBUTION_SHARE_ALIKE.,Set the license to Government Open Data License (GODL) for data sourced from government platforms.
47094da1-455d-42f8-8b34-4acaeb1c56e3,Summary Statements 2018-2026,https://civicdataspace.in/datasets/47094da1-455d-42f8-8b34-4acaeb1c56e3,"FinAssam, Finance Department, Government of Assam",1.9 License and Terms of Use,warn,50,3.5,Source is an Indian government site but the license is CC_BY_SA_4_0_ATTRIBUTION_SHARE_ALIKE.,Set the license to Government Open Data License (GODL) for data sourced from government platforms.
a2586c90-4aaf-48c5-a49f-b0d321434a23,Uttar Pradesh Bharat Maps(Subdistrict Level),https://civicdataspace.in/datasets/a2586c90-4aaf-48c5-a49f-b0d321434a23,CivicDataLab,1.9 License and Terms of Use,warn,50,3.5,Source is an Indian government site but the license is CC_BY_4_0_ATTRIBUTION (the platform default — likely never set).,Set the license to Government Open Data License (GODL) for data sourced from government platforms.
c4c30f90-60cc-4461-811f-d171cdf584a7,Assam Gender Budget Statement 2018–25,https://civicdataspace.in/datasets/c4c30f90-60cc-4461-811f-d171cdf584a7,"FinAssam, Finance Department, Government of Assam",1.9 License and Terms of Use,warn,50,3.5,Source is an Indian government site but the license is CC_BY_SA_4_0_ATTRIBUTION_SHARE_ALIKE.,Set the license to Government Open Data License (GODL) for data sourced from government platforms.
f7154703-5460-485f-b753-7b2710865836,Assam Revenue Circle Level Flood Inundation(2015-2025),https://civicdataspace.in/datasets/f7154703-5460-485f-b753-7b2710865836,CivicDataLab,1.9 License and Terms of Use,warn,50,3.5,Source is an Indian government site but the license is CC_BY_SA_4_0_ATTRIBUTION_SHARE_ALIKE.,Set the license to Government Open Data License (GODL) for data sourced from government platforms.
1cdab615-0577-42eb-8bd8-63c1e7785d96,Transfer to Local Bodies 2018-2026,https://civicdataspace.in/datasets/1cdab615-0577-42eb-8bd8-63c1e7785d96,"FinAssam, Finance Department, Government of Assam",1.9 License and Terms of Use,warn,50,3.5,Source is an Indian government site but the license is CC_BY_4_0_ATTRIBUTION (the platform default — likely never set).,Set the license to Government Open Data License (GODL) for data sourced from government platforms.
1e7a3edb-0614-486c-bab6-0fc29f0d4ce7,Odisha IMD Block Level Rainfall Indicators (2018-2026),https://civicdataspace.in/datasets/1e7a3edb-0614-486c-bab6-0fc29f0d4ce7,CivicDataLab,1.9 License and Terms of Use,warn,50,3.5,Source is an Indian government site but the license is CC_BY_SA_4_0_ATTRIBUTION_SHARE_ALIKE.,Set the license to Government Open Data License (GODL) for data sourced from government platforms.
6b1393ec-4c37-441e-a3b0-4eb90cdec934,Uttar Pradesh Flood Inundation Maps - (2021-2025),https://civicdataspace.in/datasets/6b1393ec-4c37-441e-a3b0-4eb90cdec934,CivicDataLab,1.9 License and Terms of Use,warn,50,3.5,Source is an Indian government site but the license is CC_BY_SA_4_0_ATTRIBUTION_SHARE_ALIKE.,Set the license to Government Open Data License (GODL) for data sourced from government platforms.
4c852bf8-99d8-4254-b4b3-26b60e11304e,Odisha Bhuvan Flood Inundation (2021-2025),https://civicdataspace.in/datasets/4c852bf8-99d8-4254-b4b3-26b60e11304e,CivicDataLab,1.9 License and Terms of Use,warn,50,3.5,Source is an Indian government site but the license is CC_BY_SA_4_0_ATTRIBUTION_SHARE_ALIKE.,Set the license to Government Open Data License (GODL) for data sourced from government platforms.
2c10ed21-6f6b-4f58-83dc-5406fb048e25,Bihar Sub-District Level Flood Inundation (2021-2025),https://civicdataspace.in/datasets/2c10ed21-6f6b-4f58-83dc-5406fb048e25,CivicDataLab,1.9 License and Terms of Use,warn,50,3.5,Source is an Indian government site but the license is CC_BY_SA_4_0_ATTRIBUTION_SHARE_ALIKE.,Set the license to Government Open Data License (GODL) for data sourced from government platforms.
020e2dfa-8036-4533-8ac7-145b91ecee2d,Bharat Maps Odisha,https://civicdataspace.in/datasets/020e2dfa-8036-4533-8ac7-145b91ecee2d,Bharat Maps,1.9 License and Terms of Use,warn,50,3.5,Source is an Indian government site but the license is CC_BY_4_0_ATTRIBUTION (the platform default — likely never set).,Set the license to Government Open Data License (GODL) for data sourced from government platforms.
5a9758b5-7a52-4f4a-9c4e-7460a791a2d1,Union Budget at a Glance (Timeseries) from 1995-1996 (Actuals) to 2024-2025 (Budget Estimates),https://civicdataspace.in/datasets/5a9758b5-7a52-4f4a-9c4e-7460a791a2d1,Ministry of Finance,2.3 Column Naming,warn,50,3.48,"[budget-at-a-glance-updated1---budget-at…] 88/89 columns contain spaces or special characters, e.g. '1994-1995 Actuals'.","Rename columns to snake_case (lowercase, words joined with underscores)."
5a97eabf-b3af-4ed7-97bd-8734cc818a26,Snow Mountain Dataset,https://civicdataspace.in/datasets/5a97eabf-b3af-4ed7-97bd-8734cc818a26,Avantik Zinta,2.5 Units of Measurement,fail,14,3.43,"6/7 measurement columns have no documented unit, e.g. Assigned to, Priority, Preparation Level, Created Date. | Column descriptions are still the platform's auto-generated placeholders.","Document the unit of every measurement column (name suffix like _mm / _inr_crore, or column description). | Fill in column descriptions on the resource schema, including units."
1d53def5-cd46-4f0a-b0b9-7f3e669c7062,Mission Antyodaya 2020: Bihar,https://civicdataspace.in/datasets/1d53def5-cd46-4f0a-b0b9-7f3e669c7062,Ministry of Rural Development,2.5 Units of Measurement,fail,14,3.43,"12/14 measurement columns have no documented unit, e.g. st_length(shape), st_area(shape), sdtcode, urban_hhd. | Column descriptions are still the platform's auto-generated placeholders.","Document the unit of every measurement column (name suffix like _mm / _inr_crore, or column description). | Fill in column descriptions on the resource schema, including units."
42a03126-8f44-4962-948c-209c1a8ae459,Uttar Pradesh NASADEM Elevation,https://civicdataspace.in/datasets/42a03126-8f44-4962-948c-209c1a8ae459,CivicDataLab,2.3 Column Naming,warn,52,3.36,"2/15 columns contain spaces or special characters, e.g. 'st_length(shape)'.","Rename columns to snake_case (lowercase, words joined with underscores)."
69d31be5-7d82-4b38-b12c-f062af988edf,"State/UT-wise CR, Cases Chargesheeted (CCS), Cases Convicted (CON), Persons Arrested (PAR), PCS and Persons Convicted (PCV) on POCSO Act (Section 4 & 6) r/w Rape (Section 376 IPC) from 2014 to 2016",https://civicdataspace.in/datasets/69d31be5-7d82-4b38-b12c-f062af988edf,Rajya Sabha,2.5 Units of Measurement,fail,17,3.33,"15/18 measurement columns have no documented unit, e.g. 2014 - CCS, 2014 - CON, 2014 - PAR, 2014 - PCS. | Column descriptions are still the platform's auto-generated placeholders.","Document the unit of every measurement column (name suffix like _mm / _inr_crore, or column description). | Fill in column descriptions on the resource schema, including units."
1e7a3edb-0614-486c-bab6-0fc29f0d4ce7,Odisha IMD Block Level Rainfall Indicators (2018-2026),https://civicdataspace.in/datasets/1e7a3edb-0614-486c-bab6-0fc29f0d4ce7,CivicDataLab,2.5 Units of Measurement,fail,17,3.33,"5/6 measurement columns have no documented unit, e.g. max, mean, sum, dtcode11. | Column descriptions are still the platform's auto-generated placeholders.","Document the unit of every measurement column (name suffix like _mm / _inr_crore, or column description). | Fill in column descriptions on the resource schema, including units."
076f5997-d42a-4ffb-9525-afdc028b37fa,Bangkok Procurement Details for the Buddhist year 2568,https://civicdataspace.in/datasets/076f5997-d42a-4ffb-9525-afdc028b37fa,BMA,2.5 Units of Measurement,fail,17,3.33,"5/6 measurement columns have no documented unit, e.g. Id3, Budget, PaymentBudget, ProjectStatus. | Column descriptions are still the platform's auto-generated placeholders.","Document the unit of every measurement column (name suffix like _mm / _inr_crore, or column description). | Fill in column descriptions on the resource schema, including units."
af53626b-0e3f-4161-a35c-6e779567751f,Vijayawada Municipal Corporation: Budget Summary Statement,https://civicdataspace.in/datasets/af53626b-0e3f-4161-a35c-6e779567751f,Vijayawada Municipal Corporation,2.3 Column Naming,warn,52,3.32,"[Vijayawada Municipal Corporation Budget…] 11/12 columns contain spaces or special characters, e.g. 'Unnamed: 0'.","Rename columns to snake_case (lowercase, words joined with underscores)."
a4fb3f18-c047-4e7f-8fd3-0179bf01f671,Victim compensation_POSCO_Assam_Nov 2022,https://civicdataspace.in/datasets/a4fb3f18-c047-4e7f-8fd3-0179bf01f671,CivicDataLab,1.2 Description / Summary,warn,72,3.3,"Description runs to 6 sentences (guideline: 2–5). | Description does not state the periodicity (daily, monthly, annual…). | Description does not state the purpose or intended use.","Tighten the description to at most 5 sentences; move methodology detail to a resource description. | Mention how often the data is recorded or updated (e.g. 'annual', 'daily'). | Add one line on what the dataset is intended to support."
1d53def5-cd46-4f0a-b0b9-7f3e669c7062,Mission Antyodaya 2020: Bihar,https://civicdataspace.in/datasets/1d53def5-cd46-4f0a-b0b9-7f3e669c7062,Ministry of Rural Development,2.3 Column Naming,warn,54,3.24,"2/19 columns contain spaces or special characters, e.g. 'st_length(shape)'.","Rename columns to snake_case (lowercase, words joined with underscores)."
279f0a4d-0ccf-47e0-a7cc-e6f293a58b6e,Himachal Pradesh Tenders,https://civicdataspace.in/datasets/279f0a4d-0ccf-47e0-a7cc-e6f293a58b6e,Himachal Pradesh Tenders,2.5 Units of Measurement,fail,20,3.2,"4/5 measurement columns have no documented unit, e.g. Unnamed: 0, No of Bids Received, Source of Funds for Tenders, tender_district_externalReference. | Column descriptions are still the platform's auto-generated placeholders.","Document the unit of every measurement column (name suffix like _mm / _inr_crore, or column description). | Fill in column descriptions on the resource schema, including units."
d02df76c-7cec-42dc-bed1-beb7b7592bad,Strategy for New India@75 | NITI Aayog | November 2018,https://civicdataspace.in/datasets/d02df76c-7cec-42dc-bed1-beb7b7592bad,Prashasti Yadav,1.1 Dataset Title,warn,60,3.2,Title contains special characters: @ | | Title uses abbreviations: NITI,"Remove special characters from the title (write 'and' instead of '&'). | Spell out abbreviations in the title (e.g. 'India Meteorological Department', not 'IMD')."
8e471e7b-9d7d-483c-bba3-11a62aee1191,KHOJ - Dataset about the judges of the Madras High Court,https://civicdataspace.in/datasets/8e471e7b-9d7d-483c-bba3-11a62aee1191,JusticeHub,2.1 File Format,warn,60,3.2,[Summer of Data Code Book] PDF is not a machine-readable data format.,Publish the underlying data as CSV/JSON (keep the PDF only as supporting documentation).
d93c5e86-39f8-4d22-90a6-cec7c940c322,Odisha Heat-Related Tenders (Block Geotagged),https://civicdataspace.in/datasets/d93c5e86-39f8-4d22-90a6-cec7c940c322,CivicDataLab,2.5 Units of Measurement,fail,20,3.2,"4/5 measurement columns have no documented unit, e.g. Unnamed: 0, No of Bids Received, tender_district_externalReference, tender_subdistrict. | Column descriptions are still the platform's auto-generated placeholders.","Document the unit of every measurement column (name suffix like _mm / _inr_crore, or column description). | Fill in column descriptions on the resource schema, including units."
bfa3e73b-893e-4f9b-b9de-11c26f7a229e,Assam IMD Subdistrict-Level  Rainfall(2018-2026),https://civicdataspace.in/datasets/bfa3e73b-893e-4f9b-b9de-11c26f7a229e,CivicDataLab,2.5 Units of Measurement,fail,20,3.2,"4/5 measurement columns have no documented unit, e.g. are_new, max, mean, sum. | Column descriptions are still the platform's auto-generated placeholders.","Document the unit of every measurement column (name suffix like _mm / _inr_crore, or column description). | Fill in column descriptions on the resource schema, including units."
43c6cbce-70ca-41e9-94fe-c55c8b6b4056,Bihar Sub-District Level IMD Rainfall (2018-2026),https://civicdataspace.in/datasets/43c6cbce-70ca-41e9-94fe-c55c8b6b4056,CivicDataLab,2.3 Column Naming,warn,54,3.2,"2/21 columns contain spaces or special characters, e.g. 'st_length(shape)'.","Rename columns to snake_case (lowercase, words joined with underscores)."
57de123e-2e73-4d9d-a91e-24210fcfc32e,State/UT wise Enrolment of students  by Gender 2021-22,https://civicdataspace.in/datasets/57de123e-2e73-4d9d-a91e-24210fcfc32e,"Dept. of School Education and Literacy, Ministry of Education",1.1 Dataset Title,warn,60,3.2,Title contains special characters: / | Title uses abbreviations: UT,"Remove special characters from the title (write 'and' instead of '&'). | Spell out abbreviations in the title (e.g. 'India Meteorological Department', not 'IMD')."
e2e5b52c-3aa5-4448-b532-2e3b5e71b4f1,Mission Antyodaya 2020,https://civicdataspace.in/datasets/e2e5b52c-3aa5-4448-b532-2e3b5e71b4f1,Ministry of Rural Development,2.5 Units of Measurement,fail,20,3.19,"[Mission Antyodaya Variables] 4/6 measurement columns have no documented unit, e.g. net_sown_area_in_hac, avg_electricity, avg_tele, total_hhd. | [Mission Antyodaya Variables] Column descriptions are still the platform's auto-generated placeholders. | [Mission Antyodaya Raw Data] 165/178 measurement columns have no documented unit, e.g. total_area_covered_under_irrigation_using_drip_sprinkler, total_hhd_having_piped_water_connection, total_hhd, total_hhd_engaged_in_farm_activities. | [Mission Antyodaya Raw Data] Column descriptions are still the platform's auto-generated placeholders.","Document the unit of every measurement column (name suffix like _mm / _inr_crore, or column description). | Fill in column descriptions on the resource schema, including units."
f7154703-5460-485f-b753-7b2710865836,Assam Revenue Circle Level Flood Inundation(2015-2025),https://civicdataspace.in/datasets/f7154703-5460-485f-b753-7b2710865836,CivicDataLab,2.3 Column Naming,warn,55,3.18,"1/11 columns contain spaces or special characters, e.g. 'Unnamed: 0'.","Rename columns to snake_case (lowercase, words joined with underscores)."
e63bc17f-61e7-456c-b009-a7a0b4bd3143,Odisha GCN250 Population Density Indicators (Block Level),https://civicdataspace.in/datasets/e63bc17f-61e7-456c-b009-a7a0b4bd3143,CivicDataLab,2.3 Column Naming,warn,56,3.11,"7/95 columns contain spaces or special characters, e.g. '@id'.","Rename columns to snake_case (lowercase, words joined with underscores)."
316b848d-fc5e-44ac-bb46-523b98a2893c,Mission Antodaya -Uttar Pradesh(Subdistrict Level),https://civicdataspace.in/datasets/316b848d-fc5e-44ac-bb46-523b98a2893c,CivicDataLab,2.3 Column Naming,warn,56,3.09,"2/29 columns contain spaces or special characters, e.g. 'st_length(shape)'.","Rename columns to snake_case (lowercase, words joined with underscores)."
3cc57bb1-7713-4538-935a-c69e06bf8bf5,Odisha NDVI Indicators (2019-2023),https://civicdataspace.in/datasets/3cc57bb1-7713-4538-935a-c69e06bf8bf5,CivicDataLab,2.3 Column Naming,warn,56,3.09,"7/99 columns contain spaces or special characters, e.g. '@id'.","Rename columns to snake_case (lowercase, words joined with underscores)."
85ed80f2-6315-412a-b7aa-3b8410f2027e,Odisha NDBI Indicators (2019-2023),https://civicdataspace.in/datasets/85ed80f2-6315-412a-b7aa-3b8410f2027e,CivicDataLab,2.3 Column Naming,warn,56,3.09,"7/99 columns contain spaces or special characters, e.g. '@id'.","Rename columns to snake_case (lowercase, words joined with underscores)."
4b5248fe-28fc-45eb-982f-2332d4c9e108,Himachal Pradesh Tehsil Level IMD Rainfall Inidcators (2018-2026),https://civicdataspace.in/datasets/4b5248fe-28fc-45eb-982f-2332d4c9e108,CivicDataLab,2.3 Column Naming,warn,57,3.02,"1/19 columns contain spaces or special characters, e.g. 'Unnamed: 0'.","Rename columns to snake_case (lowercase, words joined with underscores)."
c3a600db-15f0-4e1a-b93e-c1736483ecf7,Himachal Pradesh Disaster Loss and Damage Indicators (2021-2024),https://civicdataspace.in/datasets/c3a600db-15f0-4e1a-b93e-c1736483ecf7,CivicDataLab,2.3 Column Naming,warn,57,3.01,"Mixed naming conventions: {'other': 18, 'snake': 1, 'snake_or_single': 1} | 1 column names exceed 40 characters.",Use one convention (snake_case recommended) for every column. | Shorten long column names; move detail to the column description.
c8eb58b8-0c4f-4cf1-bde7-b9702fc4e4d2,DOST Helpdesk,https://civicdataspace.in/datasets/c8eb58b8-0c4f-4cf1-bde7-b9702fc4e4d2,CivicDataLab,2.8 File Naming,fail,25,3.0,"'DOST_Helpdesk.pdf' — not lowercase snake_case, no time period, no _v{version} suffix.","Rename files as {theme}_{region}_{time_period}_v{version}.{format}, e.g. climate_bihar_precipitation_2000_2020_v1.0.csv."
6f37bc88-2d03-4e2a-8b0f-2f56200744ba,Types of Language Dataset Guide,https://civicdataspace.in/datasets/6f37bc88-2d03-4e2a-8b0f-2f56200744ba,CivicDataLab,2.8 File Naming,fail,25,3.0,"'Types_of_Language_Datasets__Examples.pdf' — not lowercase snake_case, no time period, no _v{version} suffix.","Rename files as {theme}_{region}_{time_period}_v{version}.{format}, e.g. climate_bihar_precipitation_2000_2020_v1.0.csv."
8e8dbbbb-25de-4247-8dd9-f7d702bb73c0,Dataset Preparation Guidelines,https://civicdataspace.in/datasets/8e8dbbbb-25de-4247-8dd9-f7d702bb73c0,CivicDataLab,2.8 File Naming,fail,25,3.0,"'Dataset_Preparation_Guidelines_.pdf' — not lowercase snake_case, no time period, no _v{version} suffix.","Rename files as {theme}_{region}_{time_period}_v{version}.{format}, e.g. climate_bihar_precipitation_2000_2020_v1.0.csv."
bb4a8324-a4e6-440a-94ec-6216477abc56,Dataset Onboarding Toolkit,https://civicdataspace.in/datasets/bb4a8324-a4e6-440a-94ec-6216477abc56,CivicDataLab,2.8 File Naming,fail,25,3.0,"'Dataset_Onboarding.pdf' — not lowercase snake_case, no time period, no _v{version} suffix.","Rename files as {theme}_{region}_{time_period}_v{version}.{format}, e.g. climate_bihar_precipitation_2000_2020_v1.0.csv."
0bdfe6b8-a4d3-4ef3-ad3a-3f8858efdce6,Identifying Language Dataset Guide,https://civicdataspace.in/datasets/0bdfe6b8-a4d3-4ef3-ad3a-3f8858efdce6,CivicDataLab,2.8 File Naming,fail,25,3.0,"'Identifying_Language_Datasets.pdf' — not lowercase snake_case, no time period, no _v{version} suffix.","Rename files as {theme}_{region}_{time_period}_v{version}.{format}, e.g. climate_bihar_precipitation_2000_2020_v1.0.csv."
3e8186ae-b8a6-4579-be92-36a548520dac,Spatiotemporal Modeling of Aedes aegypti Risk: Enhancing Dengue Virus Control through Meteorological and Remote Sensing Data in French Guiana,https://civicdataspace.in/datasets/3e8186ae-b8a6-4579-be92-36a548520dac,Pasteur Network,2.8 File Naming,fail,25,3.0,"'Spatiotemporal_Modeling_of_Aedes_aegypti_Risk_Enhancing_Den…' — not lowercase snake_case, no time period, no _v{version} suffix.","Rename files as {theme}_{region}_{time_period}_v{version}.{format}, e.g. climate_bihar_precipitation_2000_2020_v1.0.csv."
ab1a2463-380e-4150-aed9-e938000e65a7,Mental Health Prompts (Hindi),https://civicdataspace.in/datasets/ab1a2463-380e-4150-aed9-e938000e65a7,CivicDataLab,2.8 File Naming,fail,25,3.0,"'Mental_Health_Adversarial_Prompts_Hindi.xlsx' — not lowercase snake_case, no time period, no _v{version} suffix.","Rename files as {theme}_{region}_{time_period}_v{version}.{format}, e.g. climate_bihar_precipitation_2000_2020_v1.0.csv."
984f16c9-9959-4a07-9b04-9a951ee7cd03,Prompt_test_cases_Agriculture_Assamese,https://civicdataspace.in/datasets/984f16c9-9959-4a07-9b04-9a951ee7cd03,CivicDataLab,2.8 File Naming,fail,25,3.0,"'Prompt_Agriculture_assamese.xlsx' — not lowercase snake_case, no time period, no _v{version} suffix.","Rename files as {theme}_{region}_{time_period}_v{version}.{format}, e.g. climate_bihar_precipitation_2000_2020_v1.0.csv."
279f0a4d-0ccf-47e0-a7cc-e6f293a58b6e,Himachal Pradesh Tenders,https://civicdataspace.in/datasets/279f0a4d-0ccf-47e0-a7cc-e6f293a58b6e,Himachal Pradesh Tenders,2.8 File Naming,fail,25,3.0,"'floodtenders_Tehsil-geotagged.csv.csv' — not lowercase snake_case, no time period, no _v{version} suffix.","Rename files as {theme}_{region}_{time_period}_v{version}.{format}, e.g. climate_bihar_precipitation_2000_2020_v1.0.csv."
7e876e22-af77-40e1-aa97-f47eee3ee56f,District-wise Damage to Public utilities in Punjab from 1968 to 2022 (April to March),https://civicdataspace.in/datasets/7e876e22-af77-40e1-aa97-f47eee3ee56f,Prashasti Yadav,2.8 File Naming,fail,25,3.0,"'Damage_to_Public.csv' — not lowercase snake_case, no time period, no _v{version} suffix.","Rename files as {theme}_{region}_{time_period}_v{version}.{format}, e.g. climate_bihar_precipitation_2000_2020_v1.0.csv."
a3949557-7e54-4c9d-9840-3a652b72117d,District-wise Area affected in Punjab from 1969 to 2022(April to March),https://civicdataspace.in/datasets/a3949557-7e54-4c9d-9840-3a652b72117d,Prashasti Yadav,2.8 File Naming,fail,25,3.0,"'AreaAffectedfromflood.csv' — not lowercase snake_case, no time period, no _v{version} suffix.","Rename files as {theme}_{region}_{time_period}_v{version}.{format}, e.g. climate_bihar_precipitation_2000_2020_v1.0.csv."
cb74b5be-b735-4108-bf56-2f67b79c7fc1,Climate and Health Observatory Accelerator Project,https://civicdataspace.in/datasets/cb74b5be-b735-4108-bf56-2f67b79c7fc1,CivicDataLab,2.8 File Naming,fail,25,3.0,"'Presentation_Cyrine_Chenaoui_Pasteur_Network.pdf' — not lowercase snake_case, no time period, no _v{version} suffix.","Rename files as {theme}_{region}_{time_period}_v{version}.{format}, e.g. climate_bihar_precipitation_2000_2020_v1.0.csv."
35cbee63-adf1-4632-9b5e-7c439ad2ba3c,Women's condition in Assam_2025,https://civicdataspace.in/datasets/35cbee63-adf1-4632-9b5e-7c439ad2ba3c,"Directorate of Economics and Statistics, Government of Assam",2.8 File Naming,fail,25,3.0,"'Womens_Condition_in_Assam.pdf' — not lowercase snake_case, no time period, no _v{version} suffix.","Rename files as {theme}_{region}_{time_period}_v{version}.{format}, e.g. climate_bihar_precipitation_2000_2020_v1.0.csv."
0c9dabe3-2c10-413b-a876-d840070d5cc4,District-wise Houses damaged (Private) in Punjab from 1968 to 2022 (April to March),https://civicdataspace.in/datasets/0c9dabe3-2c10-413b-a876-d840070d5cc4,Prashasti Yadav,2.8 File Naming,fail,25,3.0,"'NoofHousedamaged.csv' — not lowercase snake_case, no time period, no _v{version} suffix.","Rename files as {theme}_{region}_{time_period}_v{version}.{format}, e.g. climate_bihar_precipitation_2000_2020_v1.0.csv."
be93fd4e-2176-40c5-b11c-0141fc6a9e91,CROP-dataset-Odia,https://civicdataspace.in/datasets/be93fd4e-2176-40c5-b11c-0141fc6a9e91,Divitamayee Deogam,2.8 File Naming,fail,25,3.0,"'CROP-dataset-Odia.xlsx' — not lowercase snake_case, no time period, no _v{version} suffix.","Rename files as {theme}_{region}_{time_period}_v{version}.{format}, e.g. climate_bihar_precipitation_2000_2020_v1.0.csv."
a57b2567-444d-410d-9fb5-25e959915fef,Cumulative Loss & Damages for Flood Odisha (2022-2023),https://civicdataspace.in/datasets/a57b2567-444d-410d-9fb5-25e959915fef,Odisha State Disaster Management Authority (OSDMA),2.8 File Naming,fail,25,3.0,"'CUM_L__D_qgis_file.xlsx' — not lowercase snake_case, no time period, no _v{version} suffix.","Rename files as {theme}_{region}_{time_period}_v{version}.{format}, e.g. climate_bihar_precipitation_2000_2020_v1.0.csv."
749c89db-7dfc-4edc-a165-597675aa75fc,NFHS District Fact Sheet - Assam,https://civicdataspace.in/datasets/749c89db-7dfc-4edc-a165-597675aa75fc,CivicDataLab,2.8 File Naming,fail,25,3.0,"'District_Fact_Sheets_Assam_NFHS_yyFkfmN.xlsx' — not lowercase snake_case, no time period, no _v{version} suffix.","Rename files as {theme}_{region}_{time_period}_v{version}.{format}, e.g. climate_bihar_precipitation_2000_2020_v1.0.csv."
3fe1e9b3-94c4-4a19-8742-bfe039bee1c7,NFHS District Fact Sheets - Assam,https://civicdataspace.in/datasets/3fe1e9b3-94c4-4a19-8742-bfe039bee1c7,Open Contracting Partnership,2.8 File Naming,fail,25,3.0,"'District_Fact_Sheets_Assam_NFHS.xlsx' — not lowercase snake_case, no time period, no _v{version} suffix.","Rename files as {theme}_{region}_{time_period}_v{version}.{format}, e.g. climate_bihar_precipitation_2000_2020_v1.0.csv."
3a1dc7f1-ab47-40b6-9aba-c38ad4bda247,State/UTs-wise Juvenile Homes Under Child Protection Services Scheme - Mission Vatsalya,https://civicdataspace.in/datasets/3a1dc7f1-ab47-40b6-9aba-c38ad4bda247,Rajya Sabha,2.8 File Naming,fail,25,3.0,"'RS_Session_256_AU_156_1_1.csv' — not lowercase snake_case, no time period, no _v{version} suffix.","Rename files as {theme}_{region}_{time_period}_v{version}.{format}, e.g. climate_bihar_precipitation_2000_2020_v1.0.csv."
bc43b3ef-7300-4db9-83f1-0b3b9ce7d372,District-wise Human Lives lost in Punjab from 1969 to 2022 (April to March),https://civicdataspace.in/datasets/bc43b3ef-7300-4db9-83f1-0b3b9ce7d372,Prashasti Yadav,2.8 File Naming,fail,25,3.0,"'Human_Lives_Lost.csv' — not lowercase snake_case, no time period, no _v{version} suffix.","Rename files as {theme}_{region}_{time_period}_v{version}.{format}, e.g. climate_bihar_precipitation_2000_2020_v1.0.csv."
2cc4b1c5-df4e-4332-9d57-2786bfd92352,OdiaNLP NMT Repo,https://civicdataspace.in/datasets/2cc4b1c5-df4e-4332-9d57-2786bfd92352,Divitamayee Deogam,2.8 File Naming,fail,25,3.0,"'OdiaNLP_NMT_Repo.xlsx' — not lowercase snake_case, no time period, no _v{version} suffix.","Rename files as {theme}_{region}_{time_period}_v{version}.{format}, e.g. climate_bihar_precipitation_2000_2020_v1.0.csv."
69f7f41f-5344-4100-bd7e-56888d303666,CLASSER – Fine-grained NER for Indic Languages,https://civicdataspace.in/datasets/69f7f41f-5344-4100-bd7e-56888d303666,Jahnabi Mitra,2.8 File Naming,fail,25,3.0,"'CLASSER_as_test.pdf' — not lowercase snake_case, no time period, no _v{version} suffix.","Rename files as {theme}_{region}_{time_period}_v{version}.{format}, e.g. climate_bihar_precipitation_2000_2020_v1.0.csv."
4807543d-8bde-4fac-bbb2-f2f277db85fc,HPSDMA: Taru Hazard Risk and Vulnerability Assessment,https://civicdataspace.in/datasets/4807543d-8bde-4fac-bbb2-f2f277db85fc,Himachal Pradesh State Disaster Management Authority (HPSDMA),2.8 File Naming,fail,25,3.0,"[Administriative Boundary - Blocks] 'Administriative_Boundary_-_Blocks.csv.csv' — not lowercase snake_case, no time period, no _v{version} suffix. | [Composite Vulnerability Index - Rural] 'Composite_Vulnerability_Index_-_Rural.csv.csv' — not lowercase snake_case, no time period, no _v{version} suffix. | [Natural Vulnerability Index Rural] 'Natural_Vulnerability_Index_Rural.csv.csv' — not lowercase snake_case, no time period, no _v{version} suffix. | [Human Vulnerability Index - AllGroups] 'Human_Vulnerability_Index_-_AllGroups.csv.csv' — not lowercase snake_case, no time period, no _v{version} suffix. | [Financial Vulnerability Index Rural - A…] 'Financial_Vulnerability_Index_Rural_-_AllGroups.csv.csv' — not lowercase snake_case, no time period, no _v{version} suffix. | [Social Vulnerability Index Rural - AllG…] 'Social_Vulnerability_Index_Rural_-_AllGroups.csv.csv' — not lowercase snake_case, no time period, no _v{version} suffix. | [Composite risk - agricultural drought, …] 'Composite_risk_-_agricultural_drought_hydrometereological_a…' — not lowercase snake_case, no time period, no _v{version} suffix.","Rename files as {theme}_{region}_{time_period}_v{version}.{format}, e.g. climate_bihar_precipitation_2000_2020_v1.0.csv."
5e1a1739-8067-4320-a212-1395791ec78e,KCC English Queries,https://civicdataspace.in/datasets/5e1a1739-8067-4320-a212-1395791ec78e,CivicDataLab,2.8 File Naming,fail,25,3.0,"'Farmer-queries-in-english.xlsx' — not lowercase snake_case, no time period, no _v{version} suffix.","Rename files as {theme}_{region}_{time_period}_v{version}.{format}, e.g. climate_bihar_precipitation_2000_2020_v1.0.csv."
93ab0b46-54fb-4435-910f-103d51141579,Green-Segregated Tender Dataset Assam 2015-2025 (Till October),https://civicdataspace.in/datasets/93ab0b46-54fb-4435-910f-103d51141579,CivicDataLab,1.2 Description / Summary,warn,75,3.0,"Description does not say who collected or compiled the data. | Description does not state the periodicity (daily, monthly, annual…).","Name the organisation that collected or compiled the data (and the method if derived). | Mention how often the data is recorded or updated (e.g. 'annual', 'daily')."
93ab0b46-54fb-4435-910f-103d51141579,Green-Segregated Tender Dataset Assam 2015-2025 (Till October),https://civicdataspace.in/datasets/93ab0b46-54fb-4435-910f-103d51141579,CivicDataLab,2.5 Units of Measurement,fail,25,3.0,"3/4 measurement columns have no documented unit, e.g. No of Bids Received, Awarded Value, green_proc_flag. | Column descriptions are still the platform's auto-generated placeholders.","Document the unit of every measurement column (name suffix like _mm / _inr_crore, or column description). | Fill in column descriptions on the resource schema, including units."
93ab0b46-54fb-4435-910f-103d51141579,Green-Segregated Tender Dataset Assam 2015-2025 (Till October),https://civicdataspace.in/datasets/93ab0b46-54fb-4435-910f-103d51141579,CivicDataLab,2.8 File Naming,fail,25,3.0,"'Green_tender_Assam.xlsx' — not lowercase snake_case, no time period, no _v{version} suffix.","Rename files as {theme}_{region}_{time_period}_v{version}.{format}, e.g. climate_bihar_precipitation_2000_2020_v1.0.csv."
61c3e3b0-89bb-466a-b2de-120f0061de2e,Odia Monolingual News Corpus,https://civicdataspace.in/datasets/61c3e3b0-89bb-466a-b2de-120f0061de2e,Divitamayee Deogam,2.8 File Naming,fail,25,3.0,"'Odia_Monolingual_News_Corpus.xlsx' — not lowercase snake_case, no time period, no _v{version} suffix.","Rename files as {theme}_{region}_{time_period}_v{version}.{format}, e.g. climate_bihar_precipitation_2000_2020_v1.0.csv."
9693a4b6-7c24-45c3-800a-92914c5b9714,Assamese ASR Dataset,https://civicdataspace.in/datasets/9693a4b6-7c24-45c3-800a-92914c5b9714,Jahnabi Mitra,2.8 File Naming,fail,25,3.0,"'README_1.pdf' — not lowercase snake_case, no time period, no _v{version} suffix.","Rename files as {theme}_{region}_{time_period}_v{version}.{format}, e.g. climate_bihar_precipitation_2000_2020_v1.0.csv."
9a903e52-4db3-4cba-a3d1-cd8a83c45f43,Mental Health Adversarial Prompts (English),https://civicdataspace.in/datasets/9a903e52-4db3-4cba-a3d1-cd8a83c45f43,CivicDataLab,2.8 File Naming,fail,25,3.0,"'Mental_Health_Adversarial_Prompts_English.xlsx' — not lowercase snake_case, no time period, no _v{version} suffix.","Rename files as {theme}_{region}_{time_period}_v{version}.{format}, e.g. climate_bihar_precipitation_2000_2020_v1.0.csv."
e5b6026b-bab9-4850-9835-20c6eb6b70b6,Indic Language Data Registry,https://civicdataspace.in/datasets/e5b6026b-bab9-4850-9835-20c6eb6b70b6,CivicDataLab,2.8 File Naming,fail,25,3.0,"'Datathon_Registry.xlsx' — not lowercase snake_case, no time period, no _v{version} suffix.","Rename files as {theme}_{region}_{time_period}_v{version}.{format}, e.g. climate_bihar_precipitation_2000_2020_v1.0.csv."
231d1338-60c7-4290-ab47-00df39edb53a,FiNERVINER,https://civicdataspace.in/datasets/231d1338-60c7-4290-ab47-00df39edb53a,Jahnabi Mitra,2.8 File Naming,fail,25,3.0,"'FiNERVINER_brx_test_BIO.pdf' — not lowercase snake_case, no time period, no _v{version} suffix.","Rename files as {theme}_{region}_{time_period}_v{version}.{format}, e.g. climate_bihar_precipitation_2000_2020_v1.0.csv."
23b5d47a-9259-426b-9a26-438a572c539e,Kisan Call Centre (KCC) - Transcripts of Farmers Queries & Answers (Hindi),https://civicdataspace.in/datasets/23b5d47a-9259-426b-9a26-438a572c539e,CivicDataLab,2.8 File Naming,fail,25,3.0,"'Adversarial_Prompts_Farmer_AI_Evaluation_with_Answers.xlsx_…' — not lowercase snake_case, no time period, no _v{version} suffix.","Rename files as {theme}_{region}_{time_period}_v{version}.{format}, e.g. climate_bihar_precipitation_2000_2020_v1.0.csv."
509d6195-8e95-4df4-8280-f73c9cd567d4,Odia Structured Dictionary,https://civicdataspace.in/datasets/509d6195-8e95-4df4-8280-f73c9cd567d4,Divitamayee Deogam,2.8 File Naming,fail,25,3.0,"'Odia_Structured_Dictionary.xlsx' — not lowercase snake_case, no time period, no _v{version} suffix.","Rename files as {theme}_{region}_{time_period}_v{version}.{format}, e.g. climate_bihar_precipitation_2000_2020_v1.0.csv."
ea8616df-7288-4fb7-8478-22db9338e31e,Dictionary: English Odia word pairs,https://civicdataspace.in/datasets/ea8616df-7288-4fb7-8478-22db9338e31e,Divitamayee Deogam,2.8 File Naming,fail,25,3.0,"'Dictionary__English_Odia_word_pairs.xlsx' — not lowercase snake_case, no time period, no _v{version} suffix.","Rename files as {theme}_{region}_{time_period}_v{version}.{format}, e.g. climate_bihar_precipitation_2000_2020_v1.0.csv."
68e109a7-d6a8-4374-b7fb-b6c38e886715,State/UT-wise Complaints Received by NCPCR Relating to violation of Child Rights including Child Abuse from 2016-17 to 2019-20,https://civicdataspace.in/datasets/68e109a7-d6a8-4374-b7fb-b6c38e886715,Rajya Sabha,2.8 File Naming,fail,25,3.0,"'RS_249_AU3001.csv' — not lowercase snake_case, no time period, no _v{version} suffix.","Rename files as {theme}_{region}_{time_period}_v{version}.{format}, e.g. climate_bihar_precipitation_2000_2020_v1.0.csv."
45e52853-85e0-4b49-b290-3538884a17a7,"State/UT-wise Children covered by Child Care Institutions (CCIs) under the Juvenile Justice (Care and Protection of Children) Act, 2015 & Integrated Child Protection Scheme during 2018-19",https://civicdataspace.in/datasets/45e52853-85e0-4b49-b290-3538884a17a7,Rajya Sabha,2.8 File Naming,fail,25,3.0,"'RS_Session_248_AU_598.2.csv' — not lowercase snake_case, no time period, no _v{version} suffix.","Rename files as {theme}_{region}_{time_period}_v{version}.{format}, e.g. climate_bihar_precipitation_2000_2020_v1.0.csv."
b2505437-cb9a-45f9-b85a-8a6f4868039d,MCH Procurement District-wise Assam 2019 to 2023,https://civicdataspace.in/datasets/b2505437-cb9a-45f9-b85a-8a6f4868039d,CivicDataLab,2.8 File Naming,fail,25,3.0,"'MCH_Tendervalue_districtwise_Assam.csv' — not lowercase snake_case, no time period, no _v{version} suffix.","Rename files as {theme}_{region}_{time_period}_v{version}.{format}, e.g. climate_bihar_precipitation_2000_2020_v1.0.csv."
f9f95e8d-fe66-4f0f-9d38-0d4c266f143e,MCH Procurement Scheme-wise Assam 2019 to 2023,https://civicdataspace.in/datasets/f9f95e8d-fe66-4f0f-9d38-0d4c266f143e,CivicDataLab,2.8 File Naming,fail,25,3.0,"'MCH_Tender_schemewise_Assam.csv' — not lowercase snake_case, no time period, no _v{version} suffix.","Rename files as {theme}_{region}_{time_period}_v{version}.{format}, e.g. climate_bihar_precipitation_2000_2020_v1.0.csv."
1b11f9d0-4414-4f64-aa6b-e65074674687,Assamese Mental Health Adversarial Prompts,https://civicdataspace.in/datasets/1b11f9d0-4414-4f64-aa6b-e65074674687,CivicDataLab,2.8 File Naming,fail,25,3.0,"'Assamese_Mental_Health_Adversarial_Prompts.xlsx' — not lowercase snake_case, no time period, no _v{version} suffix.","Rename files as {theme}_{region}_{time_period}_v{version}.{format}, e.g. climate_bihar_precipitation_2000_2020_v1.0.csv."
8d780994-644e-4670-9fbc-cf73e06f9858,PahariLi Dataset,https://civicdataspace.in/datasets/8d780994-644e-4670-9fbc-cf73e06f9858,Avantik Zinta,2.8 File Naming,fail,25,3.0,"'PahariLi_-_Sheet1.csv' — not lowercase snake_case, no time period, no _v{version} suffix.","Rename files as {theme}_{region}_{time_period}_v{version}.{format}, e.g. climate_bihar_precipitation_2000_2020_v1.0.csv."
d02df76c-7cec-42dc-bed1-beb7b7592bad,Strategy for New India@75 | NITI Aayog | November 2018,https://civicdataspace.in/datasets/d02df76c-7cec-42dc-bed1-beb7b7592bad,Prashasti Yadav,2.8 File Naming,fail,25,3.0,"'Strategy_for_New_India.pdf' — not lowercase snake_case, no time period, no _v{version} suffix.","Rename files as {theme}_{region}_{time_period}_v{version}.{format}, e.g. climate_bihar_precipitation_2000_2020_v1.0.csv."
55b2a082-c4a9-48f7-8b65-2fc84a8cd57a,Tamil Adversarial KCC Queries Prompts,https://civicdataspace.in/datasets/55b2a082-c4a9-48f7-8b65-2fc84a8cd57a,CivicDataLab,2.8 File Naming,fail,25,3.0,"'Tamil_Adversarial_KCC_Queries_Prompts.xlsx' — not lowercase snake_case, no time period, no _v{version} suffix.","Rename files as {theme}_{region}_{time_period}_v{version}.{format}, e.g. climate_bihar_precipitation_2000_2020_v1.0.csv."
bd187bae-236c-4105-9575-5002fdbdc6c7,Odia News Dataset,https://civicdataspace.in/datasets/bd187bae-236c-4105-9575-5002fdbdc6c7,Divitamayee Deogam,2.8 File Naming,fail,25,3.0,"'Odia_News.xlsx' — not lowercase snake_case, no time period, no _v{version} suffix.","Rename files as {theme}_{region}_{time_period}_v{version}.{format}, e.g. climate_bihar_precipitation_2000_2020_v1.0.csv."
dac6114c-0c1e-466b-a42c-3f4fe09f8b80,Multilingual Indian Sentiment Data,https://civicdataspace.in/datasets/dac6114c-0c1e-466b-a42c-3f4fe09f8b80,Divitamayee Deogam,2.8 File Naming,fail,25,3.0,"'Multilingual_Indian_Sentiment_Data.xlsx' — not lowercase snake_case, no time period, no _v{version} suffix.","Rename files as {theme}_{region}_{time_period}_v{version}.{format}, e.g. climate_bihar_precipitation_2000_2020_v1.0.csv."
3e72a5d4-23c2-455f-b621-b730b3613783,State/UTs-wise Funds Utilized under Beti Bachao Beti Padhao Scheme from 2018-19 to 2020-21,https://civicdataspace.in/datasets/3e72a5d4-23c2-455f-b621-b730b3613783,Rajya Sabha,2.8 File Naming,fail,25,3.0,"'RS_Session_256_AU_2396_1.iv_.csv' — not lowercase snake_case, no time period, no _v{version} suffix.","Rename files as {theme}_{region}_{time_period}_v{version}.{format}, e.g. climate_bihar_precipitation_2000_2020_v1.0.csv."
61e361a7-91e2-445a-9558-3c36f946a795,odia-arc,https://civicdataspace.in/datasets/61e361a7-91e2-445a-9558-3c36f946a795,Divitamayee Deogam,2.8 File Naming,fail,25,3.0,"'Odia_Arc.xlsx' — not lowercase snake_case, no time period, no _v{version} suffix.","Rename files as {theme}_{region}_{time_period}_v{version}.{format}, e.g. climate_bihar_precipitation_2000_2020_v1.0.csv."
1daed3d7-608d-48bd-a657-4e20fdfddf05,Odia News & Wiki,https://civicdataspace.in/datasets/1daed3d7-608d-48bd-a657-4e20fdfddf05,Divitamayee Deogam,2.8 File Naming,fail,25,3.0,"'Odia_News__Wiki_NLP_DL_for_Odia_Language.xlsx' — not lowercase snake_case, no time period, no _v{version} suffix.","Rename files as {theme}_{region}_{time_period}_v{version}.{format}, e.g. climate_bihar_precipitation_2000_2020_v1.0.csv."
4c387b40-3e56-4523-97cf-1ddd51a69f88,Bhram-IL (Gujarati),https://civicdataspace.in/datasets/4c387b40-3e56-4523-97cf-1ddd51a69f88,CivicDataLab,2.8 File Naming,fail,25,3.0,"'Gujarati_medicine_health_BHRAM-IL.csv' — not lowercase snake_case, no time period, no _v{version} suffix.","Rename files as {theme}_{region}_{time_period}_v{version}.{format}, e.g. climate_bihar_precipitation_2000_2020_v1.0.csv."
4c7598be-3315-4632-bdbe-7fe305bddf57,Bhram-IL (Marathi),https://civicdataspace.in/datasets/4c7598be-3315-4632-bdbe-7fe305bddf57,CivicDataLab,2.8 File Naming,fail,25,3.0,"'Marathi_medicine_health_BHRAM-IL.csv' — not lowercase snake_case, no time period, no _v{version} suffix.","Rename files as {theme}_{region}_{time_period}_v{version}.{format}, e.g. climate_bihar_precipitation_2000_2020_v1.0.csv."
533c9497-83d9-41bb-9ada-6190318991b4,Assam Maternal Health,https://civicdataspace.in/datasets/533c9497-83d9-41bb-9ada-6190318991b4,CivicDataLab,2.8 File Naming,fail,25,3.0,"'assam_maternal_1dHrZtd.csv' — not lowercase snake_case, no time period, no _v{version} suffix.","Rename files as {theme}_{region}_{time_period}_v{version}.{format}, e.g. climate_bihar_precipitation_2000_2020_v1.0.csv."
93a26985-5f8d-447a-b6b3-506e2a70c5c9,MCH Procurement data Assam 2019 to 2025,https://civicdataspace.in/datasets/93a26985-5f8d-447a-b6b3-506e2a70c5c9,CivicDataLab,2.5 Units of Measurement,fail,25,3.0,"[MCH_tenderdata_Assam_2019_to_2025.csv] 3/4 measurement columns have no documented unit, e.g. tender_district_externalReference, No of Bids Received, Awarded Value. | [MCH_tenderdata_Assam_2019_to_2025.csv] Column descriptions are still the platform's auto-generated placeholders. | [MCH_tenderdata_Assam_2019_to_2025_polyg…] 3/4 measurement columns have no documented unit, e.g. no_of_bids_received, awarded_value, tender_district_externalreference. | [MCH_tenderdata_Assam_2019_to_2025_polyg…] Column descriptions are still the platform's auto-generated placeholders.","Document the unit of every measurement column (name suffix like _mm / _inr_crore, or column description). | Fill in column descriptions on the resource schema, including units."
1f813c4c-943b-4962-927a-f04bf7da4f7d,OpenSpeaks Voice,https://civicdataspace.in/datasets/1f813c4c-943b-4962-927a-f04bf7da4f7d,Divitamayee Deogam,2.8 File Naming,fail,25,3.0,"'OpenSpeaks_Voice.xlsx' — not lowercase snake_case, no time period, no _v{version} suffix.","Rename files as {theme}_{region}_{time_period}_v{version}.{format}, e.g. climate_bihar_precipitation_2000_2020_v1.0.csv."
241897c7-9366-40ce-b8bc-87efa5975105,Odia Wikisource Collection,https://civicdataspace.in/datasets/241897c7-9366-40ce-b8bc-87efa5975105,Divitamayee Deogam,2.8 File Naming,fail,25,3.0,"'Odia_Wikisource_Heritage_Collection.xlsx' — not lowercase snake_case, no time period, no _v{version} suffix.","Rename files as {theme}_{region}_{time_period}_v{version}.{format}, e.g. climate_bihar_precipitation_2000_2020_v1.0.csv."
5a97eabf-b3af-4ed7-97bd-8734cc818a26,Snow Mountain Dataset,https://civicdataspace.in/datasets/5a97eabf-b3af-4ed7-97bd-8734cc818a26,Avantik Zinta,2.8 File Naming,fail,25,3.0,"'Snow_Mountain_Bible_Corpus_-_Sheet1.csv' — not lowercase snake_case, no time period, no _v{version} suffix.","Rename files as {theme}_{region}_{time_period}_v{version}.{format}, e.g. climate_bihar_precipitation_2000_2020_v1.0.csv."
0458f4d3-d833-4f20-9ffc-83b36d4d4697,Takri Font Dataset,https://civicdataspace.in/datasets/0458f4d3-d833-4f20-9ffc-83b36d4d4697,Avantik Zinta,2.8 File Naming,fail,25,3.0,"'Takri_Font_Dataset_-_Sheet1_1.csv' — not lowercase snake_case, no time period, no _v{version} suffix.","Rename files as {theme}_{region}_{time_period}_v{version}.{format}, e.g. climate_bihar_precipitation_2000_2020_v1.0.csv."
4f1d5a40-a9ee-4d5c-8829-ab1771029fa1,"Assam State, District and Revenue Circle Administrative Boundary Files",https://civicdataspace.in/datasets/4f1d5a40-a9ee-4d5c-8829-ab1771029fa1,CivicDataLab,2.8 File Naming,fail,25,3.0,"'Assam_shapefiles.zip' — not lowercase snake_case, no time period, no _v{version} suffix.","Rename files as {theme}_{region}_{time_period}_v{version}.{format}, e.g. climate_bihar_precipitation_2000_2020_v1.0.csv."
cb93d9ec-587b-4b7d-b893-2413897ac4a6,BHRAM-IL (Hindi),https://civicdataspace.in/datasets/cb93d9ec-587b-4b7d-b893-2413897ac4a6,CivicDataLab,2.8 File Naming,fail,25,3.0,"'Hindi_medicine_health_BHRAM-IL.csv' — not lowercase snake_case, no time period, no _v{version} suffix.","Rename files as {theme}_{region}_{time_period}_v{version}.{format}, e.g. climate_bihar_precipitation_2000_2020_v1.0.csv."
9d50ff35-eb9a-4d77-b4ab-2d717c79fb93,Bhram-IL (Odia),https://civicdataspace.in/datasets/9d50ff35-eb9a-4d77-b4ab-2d717c79fb93,CivicDataLab,2.8 File Naming,fail,25,3.0,"'Odia_medicine_health_BHRAM-IL.csv' — not lowercase snake_case, no time period, no _v{version} suffix.","Rename files as {theme}_{region}_{time_period}_v{version}.{format}, e.g. climate_bihar_precipitation_2000_2020_v1.0.csv."
e7adeb48-b12c-4a23-8606-b2988f447d05,HimVirasat Mandeali Dataset,https://civicdataspace.in/datasets/e7adeb48-b12c-4a23-8606-b2988f447d05,Avantik Zinta,2.5 Units of Measurement,fail,25,3.0,"6/8 measurement columns have no documented unit, e.g. Assigned to, Priority, Preparation Level, Created Date. | Column descriptions are still the platform's auto-generated placeholders.","Document the unit of every measurement column (name suffix like _mm / _inr_crore, or column description). | Fill in column descriptions on the resource schema, including units."
e7adeb48-b12c-4a23-8606-b2988f447d05,HimVirasat Mandeali Dataset,https://civicdataspace.in/datasets/e7adeb48-b12c-4a23-8606-b2988f447d05,Avantik Zinta,2.8 File Naming,fail,25,3.0,"'HimVirasat_Mandeali_Dataset_-_Sheet1.csv' — not lowercase snake_case, no time period, no _v{version} suffix.","Rename files as {theme}_{region}_{time_period}_v{version}.{format}, e.g. climate_bihar_precipitation_2000_2020_v1.0.csv."
4ec13774-1086-4eb1-b8cf-bd3329d46cf6,MCH Procurement Department-wise Assam 2019 to 2023,https://civicdataspace.in/datasets/4ec13774-1086-4eb1-b8cf-bd3329d46cf6,CivicDataLab,2.8 File Naming,fail,25,3.0,"'MCH_Tender_departmentwise_Assam.csv' — not lowercase snake_case, no time period, no _v{version} suffix.","Rename files as {theme}_{region}_{time_period}_v{version}.{format}, e.g. climate_bihar_precipitation_2000_2020_v1.0.csv."
527e7809-5d96-4e66-a527-76636866eafa,Manipuri Handwritten Character Recognition,https://civicdataspace.in/datasets/527e7809-5d96-4e66-a527-76636866eafa,Jahnabi Mitra,2.8 File Naming,fail,25,3.0,"'Read_Me.pdf' — not lowercase snake_case, no time period, no _v{version} suffix.","Rename files as {theme}_{region}_{time_period}_v{version}.{format}, e.g. climate_bihar_precipitation_2000_2020_v1.0.csv."
1d53def5-cd46-4f0a-b0b9-7f3e669c7062,Mission Antyodaya 2020: Bihar,https://civicdataspace.in/datasets/1d53def5-cd46-4f0a-b0b9-7f3e669c7062,Ministry of Rural Development,1.2 Description / Summary,warn,75,3.0,"Description does not say who collected or compiled the data. | Description does not state the periodicity (daily, monthly, annual…).","Name the organisation that collected or compiled the data (and the method if derived). | Mention how often the data is recorded or updated (e.g. 'annual', 'daily')."
b4cd4bf9-efb6-4771-bf17-51ee80a148eb,Kinnauri Pahari Dataset,https://civicdataspace.in/datasets/b4cd4bf9-efb6-4771-bf17-51ee80a148eb,Avantik Zinta,2.8 File Naming,fail,25,3.0,"'Kinnauri_Pahari_Dataset_-_Sheet1.csv' — not lowercase snake_case, no time period, no _v{version} suffix.","Rename files as {theme}_{region}_{time_period}_v{version}.{format}, e.g. climate_bihar_precipitation_2000_2020_v1.0.csv."
6734a2e0-5295-4bd3-ae5f-7623e2cf1cba,Odia Text Dataset,https://civicdataspace.in/datasets/6734a2e0-5295-4bd3-ae5f-7623e2cf1cba,Divitamayee Deogam,2.8 File Naming,fail,25,3.0,"'Odia_Text.xlsx' — not lowercase snake_case, no time period, no _v{version} suffix.","Rename files as {theme}_{region}_{time_period}_v{version}.{format}, e.g. climate_bihar_precipitation_2000_2020_v1.0.csv."
d7df85a3-9ee3-4d76-b60a-8d3e8bf4a9d7,Odia News Classification,https://civicdataspace.in/datasets/d7df85a3-9ee3-4d76-b60a-8d3e8bf4a9d7,Divitamayee Deogam,2.8 File Naming,fail,25,3.0,"'Odia_News_Classification.xlsx' — not lowercase snake_case, no time period, no _v{version} suffix.","Rename files as {theme}_{region}_{time_period}_v{version}.{format}, e.g. climate_bihar_precipitation_2000_2020_v1.0.csv."
67aed609-cd88-4fab-8b90-ad88401caf01,State/UT-wise Details of Sagar Mitra Approved from 2021-22 to 2023-24,https://civicdataspace.in/datasets/67aed609-cd88-4fab-8b90-ad88401caf01,"Department of Fisheries, Government of India",2.8 File Naming,fail,25,3.0,"'RS_Session_263_AU_891_D.csv' — not lowercase snake_case, no time period, no _v{version} suffix.","Rename files as {theme}_{region}_{time_period}_v{version}.{format}, e.g. climate_bihar_precipitation_2000_2020_v1.0.csv."
e8cb7d4c-d85a-4a16-b6a5-07f25230104b,Background of Indian Supreme Court Judges,https://civicdataspace.in/datasets/e8cb7d4c-d85a-4a16-b6a5-07f25230104b,JusticeHub,2.8 File Naming,fail,25,3.0,"[Codebook on ‘Indian Supreme Court Judge…] 'Codebook_on_Indian_Supreme_Court_Judges.pdf' — not lowercase snake_case, no time period, no _v{version} suffix. | [Who are our Judges.pdf] 'Who_are_our_Judges.pdf' — not lowercase snake_case, no time period, no _v{version} suffix. | [Rangin JusticeHub File] 'rangin_justicehub-file.xlsx' — not lowercase snake_case, no time period, no _v{version} suffix. | [AN EMPIRICAL ASSESSMENT OF THE COLLEGIU…] 'AN_EMPIRICAL_ASSESSMENT_OF_THECOLLEGIUMS_IMPACT__ON_COMPOSI…' — not lowercase snake_case, no time period, no _v{version} suffix.","Rename files as {theme}_{region}_{time_period}_v{version}.{format}, e.g. climate_bihar_precipitation_2000_2020_v1.0.csv."
2e97e3e2-b19d-4ee4-b5d1-13bb5ce9f0ec,Dogri Dataset,https://civicdataspace.in/datasets/2e97e3e2-b19d-4ee4-b5d1-13bb5ce9f0ec,Avantik Zinta,2.8 File Naming,fail,25,3.0,"'Dogri_Dataset_-_Sheet1.csv' — not lowercase snake_case, no time period, no _v{version} suffix.","Rename files as {theme}_{region}_{time_period}_v{version}.{format}, e.g. climate_bihar_precipitation_2000_2020_v1.0.csv."
8ecb5aa1-cb8d-48ba-99c6-bf6c88df9cce,Assamese agri related farmer queries (CDL Hackathon),https://civicdataspace.in/datasets/8ecb5aa1-cb8d-48ba-99c6-bf6c88df9cce,Thakshak B,2.8 File Naming,fail,25,3.0,"'Assamese_agri_related_farmer_queries_CDL_Hackathon.csv' — not lowercase snake_case, no time period, no _v{version} suffix.","Rename files as {theme}_{region}_{time_period}_v{version}.{format}, e.g. climate_bihar_precipitation_2000_2020_v1.0.csv."
fb1b46f2-007e-4fbc-9a83-f2c60a270c6a,"State/UT-wise Number of Child Marriage Cases as per Prohibition of Child Marriage Act, 2006 from 2013 to 2017",https://civicdataspace.in/datasets/fb1b46f2-007e-4fbc-9a83-f2c60a270c6a,Rajya Sabha,2.8 File Naming,fail,25,3.0,"'RS_Session_250_AU1272_Annexure-I.csv' — not lowercase snake_case, no time period, no _v{version} suffix.","Rename files as {theme}_{region}_{time_period}_v{version}.{format}, e.g. climate_bihar_precipitation_2000_2020_v1.0.csv."
0cfc9ba5-a7b3-49e8-bec9-d4419eaf5031,Assam Heat-Related Tenders (RC-Geotagged),https://civicdataspace.in/datasets/0cfc9ba5-a7b3-49e8-bec9-d4419eaf5031,CivicDataLab,2.8 File Naming,fail,25,3.0,"'heattenders_RCgeotagged_1.csv' — not lowercase snake_case, no time period, no _v{version} suffix.","Rename files as {theme}_{region}_{time_period}_v{version}.{format}, e.g. climate_bihar_precipitation_2000_2020_v1.0.csv."
f89bc070-61f3-4906-928d-3290deb701d3,Object Head Wise Expenditure Report 23-26,https://civicdataspace.in/datasets/f89bc070-61f3-4906-928d-3290deb701d3,"FinAssam, Finance Department, Government of Assam",2.8 File Naming,fail,25,3.0,"[Object_Head_Wise_Expenditure_Report 24-…] 'Object_Head_Wise_Expenditure_Report_24-25.pdf' — not lowercase snake_case, no time period, no _v{version} suffix. | [Object_Head_Wise_Expenditure_Report 25-…] 'Object_Head_Wise_Expenditure_Report_25-26.pdf' — not lowercase snake_case, no time period, no _v{version} suffix. | [Object_Head_Wise_Expenditure_Report 23-…] 'Object_Head_Wise_Expenditure_Report_23-24.pdf' — not lowercase snake_case, no time period, no _v{version} suffix.","Rename files as {theme}_{region}_{time_period}_v{version}.{format}, e.g. climate_bihar_precipitation_2000_2020_v1.0.csv."
1ae42ff4-12dc-4acd-81c4-b48a53f95515,Status of FTSCs with exclusive POCSO courts set up across Country under NFSW for trial and disposal of pending cases related to rape and POCSO Act -2020,https://civicdataspace.in/datasets/1ae42ff4-12dc-4acd-81c4-b48a53f95515,Rajya Sabha,2.8 File Naming,fail,25,3.0,"'RS-Session-251-AU2980-Annexure-I.csv' — not lowercase snake_case, no time period, no _v{version} suffix.","Rename files as {theme}_{region}_{time_period}_v{version}.{format}, e.g. climate_bihar_precipitation_2000_2020_v1.0.csv."
5cd8ca93-a66d-4c04-b90c-73ce5d92d473,A Comprehensive Indian Sign Language ISL Dataset for A to Z Alphabets Using MediaPipe Pose Skeletons,https://civicdataspace.in/datasets/5cd8ca93-a66d-4c04-b90c-73ce5d92d473,Sridhar S,2.8 File Naming,fail,25,3.0,"'ISL_metadata.json' — not lowercase snake_case, no time period, no _v{version} suffix.","Rename files as {theme}_{region}_{time_period}_v{version}.{format}, e.g. climate_bihar_precipitation_2000_2020_v1.0.csv."
c23ab16a-f389-46d1-b405-2a9096811cf5,District wise MCH Procurement data of Assam - 2019 to 2025,https://civicdataspace.in/datasets/c23ab16a-f389-46d1-b405-2a9096811cf5,CivicDataLab,1.2 Description / Summary,warn,75,3.0,"Description does not say who collected or compiled the data. | Description does not state the periodicity (daily, monthly, annual…).","Name the organisation that collected or compiled the data (and the method if derived). | Mention how often the data is recorded or updated (e.g. 'annual', 'daily')."
40a7bd4e-fe04-4454-928c-f03b9fb8ba87,State/UTs-wise Grant Sanctioned under Child Protection Services Scheme from 2016-17 to 2020-21,https://civicdataspace.in/datasets/40a7bd4e-fe04-4454-928c-f03b9fb8ba87,Rajya Sabha,1.2 Description / Summary,warn,75,3.0,Description does not say who collected or compiled the data. | Description does not state the purpose or intended use.,Name the organisation that collected or compiled the data (and the method if derived). | Add one line on what the dataset is intended to support.
40a7bd4e-fe04-4454-928c-f03b9fb8ba87,State/UTs-wise Grant Sanctioned under Child Protection Services Scheme from 2016-17 to 2020-21,https://civicdataspace.in/datasets/40a7bd4e-fe04-4454-928c-f03b9fb8ba87,Rajya Sabha,2.8 File Naming,fail,25,3.0,"'RS_Session_256_AU_2384_1.csv' — not lowercase snake_case, no time period, no _v{version} suffix.","Rename files as {theme}_{region}_{time_period}_v{version}.{format}, e.g. climate_bihar_precipitation_2000_2020_v1.0.csv."
08b93f62-ee95-4e6c-a237-9617e50e6bd8,Bhubaneswar Ward-wise temporal summer mean LST,https://civicdataspace.in/datasets/08b93f62-ee95-4e6c-a237-9617e50e6bd8,CivicDataLab,2.8 File Naming,fail,25,3.0,"'Bhuwaneshwar_MODIS_Aqua_Ward_Year_LST.csv' — not lowercase snake_case, no time period, no _v{version} suffix.","Rename files as {theme}_{region}_{time_period}_v{version}.{format}, e.g. climate_bihar_precipitation_2000_2020_v1.0.csv."
4621b2ae-aecc-402e-8cc8-0848eff62027,Guwahati Ward-wise temporal summer mean LST,https://civicdataspace.in/datasets/4621b2ae-aecc-402e-8cc8-0848eff62027,CivicDataLab,2.8 File Naming,fail,25,3.0,"'Guwahati_MODIS_Aqua_Ward_Year_LST.csv' — not lowercase snake_case, no time period, no _v{version} suffix.","Rename files as {theme}_{region}_{time_period}_v{version}.{format}, e.g. climate_bihar_precipitation_2000_2020_v1.0.csv."
4cf485b0-d49a-4ead-b7f8-b565dd1f1f92,Assam Flood-Related Tenders (Revenue Circle Geotagged),https://civicdataspace.in/datasets/4cf485b0-d49a-4ead-b7f8-b565dd1f1f92,CivicDataLab,2.8 File Naming,fail,25,3.0,"'floodtenders_RCgeotagged.csv' — not lowercase snake_case, no time period, no _v{version} suffix.","Rename files as {theme}_{region}_{time_period}_v{version}.{format}, e.g. climate_bihar_precipitation_2000_2020_v1.0.csv."
9c994a5a-92d2-46cb-8139-1b3e9a0d97dd,Handbook on Fisheries Statistics,https://civicdataspace.in/datasets/9c994a5a-92d2-46cb-8139-1b3e9a0d97dd,"Department of Fisheries, Government of India",2.8 File Naming,fail,25,3.0,"'HandbookFisheriesStatistics19012023.pdf' — not lowercase snake_case, no time period, no _v{version} suffix.","Rename files as {theme}_{region}_{time_period}_v{version}.{format}, e.g. climate_bihar_precipitation_2000_2020_v1.0.csv."
5b9279b3-5876-4d5a-a2fb-5ae40eca325d,Disaster Reporting and Information Management System (DRIMS),https://civicdataspace.in/datasets/5b9279b3-5876-4d5a-a2fb-5ae40eca325d,ASDMA,2.8 File Naming,fail,25,3.0,"[Data Description] 'Data_Description_7.pdf' — not lowercase snake_case, no time period, no _v{version} suffix. | [Infrastructure damages raw data] 'Infrastructure_damages_raw_data_2.zip' — not lowercase snake_case, no time period, no _v{version} suffix. | [DRIMS variables] 'DRIMS_variables.csv_2.csv' — not lowercase snake_case, no time period, no _v{version} suffix. | [Demographic damages data] 'Demographic_damages_raw_data_3.zip' — not lowercase snake_case, no time period, no _v{version} suffix.","Rename files as {theme}_{region}_{time_period}_v{version}.{format}, e.g. climate_bihar_precipitation_2000_2020_v1.0.csv."
0681f7e5-a38c-454e-b76f-01ae1b840d20,XL-Sum Dataset,https://civicdataspace.in/datasets/0681f7e5-a38c-454e-b76f-01ae1b840d20,Jahnabi Mitra,2.8 File Naming,fail,25,3.0,"'__huggingface_repos__.json' — not lowercase snake_case, no time period, no _v{version} suffix.","Rename files as {theme}_{region}_{time_period}_v{version}.{format}, e.g. climate_bihar_precipitation_2000_2020_v1.0.csv."
1c1861a1-9c48-4cf2-9e70-eba4e13c156b,Mahasuvi Pahari Dataset,https://civicdataspace.in/datasets/1c1861a1-9c48-4cf2-9e70-eba4e13c156b,Avantik Zinta,2.8 File Naming,fail,25,3.0,"'Mahasuvi_Pahari_Dataset_-_Sheet1.csv' — not lowercase snake_case, no time period, no _v{version} suffix.","Rename files as {theme}_{region}_{time_period}_v{version}.{format}, e.g. climate_bihar_precipitation_2000_2020_v1.0.csv."
f41b8b02-e153-419f-b821-ebc66025f072,Odisha Budget 2022-23: Gender Budget Final,https://civicdataspace.in/datasets/f41b8b02-e153-419f-b821-ebc66025f072,Finance Department- Government of Odisha,2.8 File Naming,fail,25,3.0,"[gender-budget-final-.pdf] 'gender-budget-final-.pdf' — not lowercase snake_case, no time period, no _v{version} suffix. | [gender-budget-final-.xlsx] 'gender-budget-final-.xlsx' — not lowercase snake_case, no time period, no _v{version} suffix.","Rename files as {theme}_{region}_{time_period}_v{version}.{format}, e.g. climate_bihar_precipitation_2000_2020_v1.0.csv."
971759b2-91b9-4191-9e97-2b5aed0df3a9,Microsoft: PARIKSHA (Healthcare | English),https://civicdataspace.in/datasets/971759b2-91b9-4191-9e97-2b5aed0df3a9,CivicDataLab,2.8 File Naming,fail,25,3.0,"'PARIKSHA_HEALTHCARE_ENGLISH_-_Sheet1.csv' — not lowercase snake_case, no time period, no _v{version} suffix.","Rename files as {theme}_{region}_{time_period}_v{version}.{format}, e.g. climate_bihar_precipitation_2000_2020_v1.0.csv."
7858ccac-a92b-4026-a85f-cf0e07b98068,Assam Health Indicators (October 2020),https://civicdataspace.in/datasets/7858ccac-a92b-4026-a85f-cf0e07b98068,Open Contracting Partnership,2.5 Units of Measurement,fail,25,3.0,"6/8 measurement columns have no documented unit, e.g. Unnamed: 0, X.x, no_of_covers.x, no_of_preferential_bids_received.x. | Column descriptions are still the platform's auto-generated placeholders.","Document the unit of every measurement column (name suffix like _mm / _inr_crore, or column description). | Fill in column descriptions on the resource schema, including units."
7858ccac-a92b-4026-a85f-cf0e07b98068,Assam Health Indicators (October 2020),https://civicdataspace.in/datasets/7858ccac-a92b-4026-a85f-cf0e07b98068,Open Contracting Partnership,2.8 File Naming,fail,25,3.0,"'assam_health_final_1_20Oct_latest.csv' — not lowercase snake_case, no time period, no _v{version} suffix.","Rename files as {theme}_{region}_{time_period}_v{version}.{format}, e.g. climate_bihar_precipitation_2000_2020_v1.0.csv."
38dd6319-efe2-44ad-a4cf-98dd98611a67,Kangri-Hindi Dataset,https://civicdataspace.in/datasets/38dd6319-efe2-44ad-a4cf-98dd98611a67,Avantik Zinta,2.8 File Naming,fail,25,3.0,"'Kangri-Hindi_Dataset_-_Sheet1.csv' — not lowercase snake_case, no time period, no _v{version} suffix.","Rename files as {theme}_{region}_{time_period}_v{version}.{format}, e.g. climate_bihar_precipitation_2000_2020_v1.0.csv."
bdf543fd-9d9d-499f-8029-33c3d258bee2,Assam Health Indicators 2020,https://civicdataspace.in/datasets/bdf543fd-9d9d-499f-8029-33c3d258bee2,CivicDataLab,2.5 Units of Measurement,fail,25,3.0,"6/8 measurement columns have no documented unit, e.g. Unnamed: 0, X.x, no_of_covers.x, no_of_preferential_bids_received.x. | Column descriptions are still the platform's auto-generated placeholders.","Document the unit of every measurement column (name suffix like _mm / _inr_crore, or column description). | Fill in column descriptions on the resource schema, including units."
bdf543fd-9d9d-499f-8029-33c3d258bee2,Assam Health Indicators 2020,https://civicdataspace.in/datasets/bdf543fd-9d9d-499f-8029-33c3d258bee2,CivicDataLab,2.8 File Naming,fail,25,3.0,"'assam_health_final_1_20Oct_latest.csv' — not lowercase snake_case, no time period, no _v{version} suffix.","Rename files as {theme}_{region}_{time_period}_v{version}.{format}, e.g. climate_bihar_precipitation_2000_2020_v1.0.csv."
e2e5b52c-3aa5-4448-b532-2e3b5e71b4f1,Mission Antyodaya 2020,https://civicdataspace.in/datasets/e2e5b52c-3aa5-4448-b532-2e3b5e71b4f1,Ministry of Rural Development,1.2 Description / Summary,warn,75,3.0,"Description does not say who collected or compiled the data. | Description does not state the periodicity (daily, monthly, annual…).","Name the organisation that collected or compiled the data (and the method if derived). | Mention how often the data is recorded or updated (e.g. 'annual', 'daily')."
e2e5b52c-3aa5-4448-b532-2e3b5e71b4f1,Mission Antyodaya 2020,https://civicdataspace.in/datasets/e2e5b52c-3aa5-4448-b532-2e3b5e71b4f1,Ministry of Rural Development,2.8 File Naming,fail,25,3.0,"[Data Description.pdf] 'Data_Description.pdf' — not lowercase snake_case, no time period, no _v{version} suffix. | [Mission Antyodaya Variables] 'Mission_Antyodaya_Variables.csv' — not lowercase snake_case, no time period, no _v{version} suffix. | [Mission Antyodaya Raw Data] 'Mission_Antyodaya_Raw_Data.csv' — not lowercase snake_case, no time period, no _v{version} suffix.","Rename files as {theme}_{region}_{time_period}_v{version}.{format}, e.g. climate_bihar_precipitation_2000_2020_v1.0.csv."
b4246d18-67fe-429e-baee-c19502931156,CALPRA Case details Assam,https://civicdataspace.in/datasets/b4246d18-67fe-429e-baee-c19502931156,CivicDataLab,2.8 File Naming,fail,25,3.0,"'cases_Assam.csv' — not lowercase snake_case, no time period, no _v{version} suffix.","Rename files as {theme}_{region}_{time_period}_v{version}.{format}, e.g. climate_bihar_precipitation_2000_2020_v1.0.csv."
44669ce4-a85d-4d88-bab3-893f08a61edd,Pali,https://civicdataspace.in/datasets/44669ce4-a85d-4d88-bab3-893f08a61edd,Sridhar S,2.8 File Naming,fail,25,3.0,"'Pali_metadata.json' — not lowercase snake_case, no time period, no _v{version} suffix.","Rename files as {theme}_{region}_{time_period}_v{version}.{format}, e.g. climate_bihar_precipitation_2000_2020_v1.0.csv."
88be5d92-ac1d-4305-9280-1b4f3595c1ce,IMR District-wise Assam 2018-19 to 2022-23,https://civicdataspace.in/datasets/88be5d92-ac1d-4305-9280-1b4f3595c1ce,CivicDataLab,1.2 Description / Summary,warn,75,3.0,"Description does not say who collected or compiled the data. | Description does not state the periodicity (daily, monthly, annual…).","Name the organisation that collected or compiled the data (and the method if derived). | Mention how often the data is recorded or updated (e.g. 'annual', 'daily')."
b7935b94-90be-48a9-adb7-7dfa8ba38acb,State-wise Fund Released under the Scheme of Strengthening Education among ST Girl in Low Literacy Districts from 2018-19 to 2020-21,https://civicdataspace.in/datasets/b7935b94-90be-48a9-adb7-7dfa8ba38acb,Rajya Sabha,2.8 File Naming,fail,25,3.0,"'RS_Session_256_AU_928_2.ix_.csv' — not lowercase snake_case, no time period, no _v{version} suffix.","Rename files as {theme}_{region}_{time_period}_v{version}.{format}, e.g. climate_bihar_precipitation_2000_2020_v1.0.csv."
257c474a-f95c-4996-9ef9-f35fd37c833f,Assam Average Land Surface Temperature (2004-2024),https://civicdataspace.in/datasets/257c474a-f95c-4996-9ef9-f35fd37c833f,CivicDataLab,2.8 File Naming,fail,25,3.0,"'Assam_RC_LST_analysis_shared.csv' — not lowercase snake_case, no time period, no _v{version} suffix.","Rename files as {theme}_{region}_{time_period}_v{version}.{format}, e.g. climate_bihar_precipitation_2000_2020_v1.0.csv."
9dad8108-41e6-4dcd-b012-8ef638d127ce,Open Odia Corpus,https://civicdataspace.in/datasets/9dad8108-41e6-4dcd-b012-8ef638d127ce,Divitamayee Deogam,2.8 File Naming,fail,25,3.0,"'OpenOdia_Corpus.xlsx' — not lowercase snake_case, no time period, no _v{version} suffix.","Rename files as {theme}_{region}_{time_period}_v{version}.{format}, e.g. climate_bihar_precipitation_2000_2020_v1.0.csv."
737f51b1-5fa3-48ff-8d7f-4e85739c9dad,KHOJ - Dataset about the Indian High Court judges,https://civicdataspace.in/datasets/737f51b1-5fa3-48ff-8d7f-4e85739c9dad,JusticeHub,2.8 File Naming,fail,25,3.0,"'khoj-1.8_1.csv' — not lowercase snake_case, no time period, no _v{version} suffix.","Rename files as {theme}_{region}_{time_period}_v{version}.{format}, e.g. climate_bihar_precipitation_2000_2020_v1.0.csv."
594e7709-6ec4-4362-bf8e-57b0fd13bdeb,Mission Antyodaya 2020,https://civicdataspace.in/datasets/594e7709-6ec4-4362-bf8e-57b0fd13bdeb,Ministry of Rural Development,1.2 Description / Summary,warn,75,3.0,"Description does not say who collected or compiled the data. | Description does not state the periodicity (daily, monthly, annual…).","Name the organisation that collected or compiled the data (and the method if derived). | Mention how often the data is recorded or updated (e.g. 'annual', 'daily')."
8ecffbe9-0eab-410a-ba32-6bebbb82bc13,State/UT wise Dropout rates of  Girl Students  in Secondary and Elementary Education level (2016-17 to 2019-20),https://civicdataspace.in/datasets/8ecffbe9-0eab-410a-ba32-6bebbb82bc13,Rajya Sabha,1.2 Description / Summary,warn,75,3.0,Description does not say who collected or compiled the data. | Description does not state the purpose or intended use.,Name the organisation that collected or compiled the data (and the method if derived). | Add one line on what the dataset is intended to support.
8ecffbe9-0eab-410a-ba32-6bebbb82bc13,State/UT wise Dropout rates of  Girl Students  in Secondary and Elementary Education level (2016-17 to 2019-20),https://civicdataspace.in/datasets/8ecffbe9-0eab-410a-ba32-6bebbb82bc13,Rajya Sabha,2.8 File Naming,fail,25,3.0,"'RS_Session_254_AU_1149.csv' — not lowercase snake_case, no time period, no _v{version} suffix.","Rename files as {theme}_{region}_{time_period}_v{version}.{format}, e.g. climate_bihar_precipitation_2000_2020_v1.0.csv."
182dfc61-4dc4-47fe-bf58-e168aa4aacab,Assam GCN250 Population Density Indicators (Revenue Circle Level),https://civicdataspace.in/datasets/182dfc61-4dc4-47fe-bf58-e168aa4aacab,CivicDataLab,2.5 Units of Measurement,fail,25,3.0,"3/4 measurement columns have no documented unit, e.g. area, are_new, mean. | Column descriptions are still the platform's auto-generated placeholders.","Document the unit of every measurement column (name suffix like _mm / _inr_crore, or column description). | Fill in column descriptions on the resource schema, including units."
3b4970ba-beb7-461c-915b-618535fd52a8,Himachal Pradesh GCN250 Population Density Indicators (Tehsil Level),https://civicdataspace.in/datasets/3b4970ba-beb7-461c-915b-618535fd52a8,CivicDataLab,2.5 Units of Measurement,fail,25,3.0,"3/4 measurement columns have no documented unit, e.g. Shape_Leng, Shape_Area, mean. | Column descriptions are still the platform's auto-generated placeholders.","Document the unit of every measurement column (name suffix like _mm / _inr_crore, or column description). | Fill in column descriptions on the resource schema, including units."
df69e9e5-43fd-441c-89e7-71e5d0b11427,"Climate Change Claims in Bangla, Odia, Assamese",https://civicdataspace.in/datasets/df69e9e5-43fd-441c-89e7-71e5d0b11427,Jahnabi Mitra,2.8 File Naming,fail,25,3.0,"'Bangla.csv' — not lowercase snake_case, no time period, no _v{version} suffix.","Rename files as {theme}_{region}_{time_period}_v{version}.{format}, e.g. climate_bihar_precipitation_2000_2020_v1.0.csv."
f03bd4b0-8b7c-4bb4-b3e5-da6a0a572f86,Kangri Dataset,https://civicdataspace.in/datasets/f03bd4b0-8b7c-4bb4-b3e5-da6a0a572f86,Avantik Zinta,2.8 File Naming,fail,25,3.0,"'Kangri_Dataset_-_Sheet1.csv' — not lowercase snake_case, no time period, no _v{version} suffix.","Rename files as {theme}_{region}_{time_period}_v{version}.{format}, e.g. climate_bihar_precipitation_2000_2020_v1.0.csv."
4a54faa4-fd58-4cb9-b8ea-5cdf446a987f,HMIS child health Report Assam 2018-20,https://civicdataspace.in/datasets/4a54faa4-fd58-4cb9-b8ea-5cdf446a987f,CivicDataLab,1.2 Description / Summary,warn,75,3.0,Description does not say who collected or compiled the data. | Description does not state the purpose or intended use.,Name the organisation that collected or compiled the data (and the method if derived). | Add one line on what the dataset is intended to support.
0a0ec5e1-0055-4a43-87ed-037223f2ca80,KCC Hindi Queries,https://civicdataspace.in/datasets/0a0ec5e1-0055-4a43-87ed-037223f2ca80,CivicDataLab,2.8 File Naming,fail,25,3.0,"'test_input_expected_output_IfcKtz1_1.csv' — not lowercase snake_case, no time period, no _v{version} suffix.","Rename files as {theme}_{region}_{time_period}_v{version}.{format}, e.g. climate_bihar_precipitation_2000_2020_v1.0.csv."
035b9750-809b-4388-8ca3-43f6ddacb633,The First Information Report Dataset from years 2015-2019,https://civicdataspace.in/datasets/035b9750-809b-4388-8ca3-43f6ddacb633,JusticeHub,2.8 File Naming,fail,25,3.0,"'Gender_Law_Enforcement_and_Access_to.pdf' — not lowercase snake_case, no time period, no _v{version} suffix.","Rename files as {theme}_{region}_{time_period}_v{version}.{format}, e.g. climate_bihar_precipitation_2000_2020_v1.0.csv."
7c776a76-a128-4a9d-9ea5-a33b4b63a57f,TamilCOCO,https://civicdataspace.in/datasets/7c776a76-a128-4a9d-9ea5-a33b4b63a57f,Sridhar S,2.8 File Naming,fail,25,3.0,"'TamilCOCO_metadata.json' — not lowercase snake_case, no time period, no _v{version} suffix.","Rename files as {theme}_{region}_{time_period}_v{version}.{format}, e.g. climate_bihar_precipitation_2000_2020_v1.0.csv."
decec4bd-842d-4994-8f76-9c7bd6a99b0a,State-wise Details of Integrated Aquaparks approved under Pradhan Mantri Matsya Sampada Yojana (PMMSY) from 2020-21 to 2024-25,https://civicdataspace.in/datasets/decec4bd-842d-4994-8f76-9c7bd6a99b0a,"Department of Fisheries, Government of India",2.8 File Naming,fail,25,3.0,"'RS_Session_266_AU_215_A_i.csv' — not lowercase snake_case, no time period, no _v{version} suffix.","Rename files as {theme}_{region}_{time_period}_v{version}.{format}, e.g. climate_bihar_precipitation_2000_2020_v1.0.csv."
e21858df-9791-4957-97b3-e8429df674a5,"Unpacking Judicial Data to Track Implementation of the POCSO Act in Assam, Delhi & Haryana",https://civicdataspace.in/datasets/e21858df-9791-4957-97b3-e8429df674a5,JusticeHub,1.2 Description / Summary,warn,75,3.0,"Description does not say who collected or compiled the data. | Description does not state the periodicity (daily, monthly, annual…).","Name the organisation that collected or compiled the data (and the method if derived). | Mention how often the data is recorded or updated (e.g. 'annual', 'daily')."
8dd7c6af-6c52-48e0-9daa-75ff7b8c0e89,Himachal Pradesh Bharat Maps,https://civicdataspace.in/datasets/8dd7c6af-6c52-48e0-9daa-75ff7b8c0e89,CivicDataLab,2.8 File Naming,fail,25,3.0,"'Bharatmaps_combined.csv' — not lowercase snake_case, no time period, no _v{version} suffix.","Rename files as {theme}_{region}_{time_period}_v{version}.{format}, e.g. climate_bihar_precipitation_2000_2020_v1.0.csv."
7d35734f-6a09-43d5-a553-e4231f586544,Himachal Pradesh Tehsil-Level NDVI Indicators(2019-2024),https://civicdataspace.in/datasets/7d35734f-6a09-43d5-a553-e4231f586544,CivicDataLab,2.5 Units of Measurement,fail,25,3.0,"3/4 measurement columns have no documented unit, e.g. Shape_Leng, Shape_Area, mean. | Column descriptions are still the platform's auto-generated placeholders.","Document the unit of every measurement column (name suffix like _mm / _inr_crore, or column description). | Fill in column descriptions on the resource schema, including units."
35b5184d-13c9-44db-99f1-59406f5bf78b,Funds Released under Child Protection Services from 2016-17 to 2018-19,https://civicdataspace.in/datasets/35b5184d-13c9-44db-99f1-59406f5bf78b,Rajya Sabha,2.8 File Naming,fail,25,3.0,"'RS_249_AU772_6.csv' — not lowercase snake_case, no time period, no _v{version} suffix.","Rename files as {theme}_{region}_{time_period}_v{version}.{format}, e.g. climate_bihar_precipitation_2000_2020_v1.0.csv."
e7de500b-4163-4b20-a0ff-35b517c53754,DigiGreen: Human Curated QA Dataset (Agriculture) (English),https://civicdataspace.in/datasets/e7de500b-4163-4b20-a0ff-35b517c53754,CivicDataLab,2.8 File Naming,fail,25,3.0,"'Human20Curated20Q-A20Pairs.csv' — not lowercase snake_case, no time period, no _v{version} suffix.","Rename files as {theme}_{region}_{time_period}_v{version}.{format}, e.g. climate_bihar_precipitation_2000_2020_v1.0.csv."
fa2570a0-ee85-4e45-b2ca-e1b881ccece3,Demand for Estimates General Administration,https://civicdataspace.in/datasets/fa2570a0-ee85-4e45-b2ca-e1b881ccece3,Finance Department Himachal Pradesh,2.8 File Naming,fail,25,3.0,"'04-GENERAL_ADMINISTRATION.pdf' — not lowercase snake_case, no time period, no _v{version} suffix.","Rename files as {theme}_{region}_{time_period}_v{version}.{format}, e.g. climate_bihar_precipitation_2000_2020_v1.0.csv."
d4291706-0a9a-4063-b2ea-de840dc14a40,Imphal Municipal Corporation: Budget Summary Statement,https://civicdataspace.in/datasets/d4291706-0a9a-4063-b2ea-de840dc14a40,Imphal Municipal Corporation,2.8 File Naming,fail,25,3.0,"[Imphal Municipal Corporation Budget Sum…] 'imphal-municipal-corporation-budget-summary-statement.csv' — not lowercase snake_case, no time period, no _v{version} suffix. | [Imphal Municipal Corporation Budget Sta…] 'imphal-municipal-corporation-budget-summary-statement.xls' — not lowercase snake_case, no time period, no _v{version} suffix. | [Imphal Municipal Corporation Budget Sum…] 'Imphal_Municipal_Corporation__Budget_Summary_Statement.json' — not lowercase snake_case, no time period, no _v{version} suffix.","Rename files as {theme}_{region}_{time_period}_v{version}.{format}, e.g. climate_bihar_precipitation_2000_2020_v1.0.csv."
71382798-d3fe-4ce3-b0f0-5e0e8b0ad136,Gandhinagar Municipal Corporation: Budget Summary Statement,https://civicdataspace.in/datasets/71382798-d3fe-4ce3-b0f0-5e0e8b0ad136,Gandhinagar Municipal Corporation,2.8 File Naming,fail,25,3.0,"[Gandhinagar Municipal Corporation Budge…] 'Gandhinagar_Municipal_Corporation__Budget_Summary_Statement…' — not lowercase snake_case, no time period, no _v{version} suffix. | [Gandhinagar Municipal Corporation Budge…] 'gandhinagar-municipal-corporation-budget-summary-statement.…' — not lowercase snake_case, no time period, no _v{version} suffix. | [Gandhinagar Municipal Corporation Budge…] 'gandhinagar-municipal-corporation-budget-summary-statement.…' — not lowercase snake_case, no time period, no _v{version} suffix.","Rename files as {theme}_{region}_{time_period}_v{version}.{format}, e.g. climate_bihar_precipitation_2000_2020_v1.0.csv."
16eda4f3-78fa-4702-833f-da332458792c,Bihar Bharat Maps Infrastructure Indicators (Subdistrict Level),https://civicdataspace.in/datasets/16eda4f3-78fa-4702-833f-da332458792c,CivicDataLab,2.8 File Naming,fail,25,3.0,"'BharatMaps_variables.csv' — not lowercase snake_case, no time period, no _v{version} suffix.","Rename files as {theme}_{region}_{time_period}_v{version}.{format}, e.g. climate_bihar_precipitation_2000_2020_v1.0.csv."
179c950b-ce16-4271-b62d-75d98f20a858,Mission Antyodaya 2020,https://civicdataspace.in/datasets/179c950b-ce16-4271-b62d-75d98f20a858,Ministry of Rural Development,1.2 Description / Summary,warn,75,3.0,"Description does not say who collected or compiled the data. | Description does not state the periodicity (daily, monthly, annual…).","Name the organisation that collected or compiled the data (and the method if derived). | Mention how often the data is recorded or updated (e.g. 'annual', 'daily')."
1c1d7e48-83ce-4756-93b6-e7fa3e896cee,IndicSafe,https://civicdataspace.in/datasets/1c1d7e48-83ce-4756-93b6-e7fa3e896cee,CivicDataLab,2.8 File Naming,fail,25,3.0,"'Full_translated.csv' — not lowercase snake_case, no time period, no _v{version} suffix.","Rename files as {theme}_{region}_{time_period}_v{version}.{format}, e.g. climate_bihar_precipitation_2000_2020_v1.0.csv."
df5f4a6e-9115-4d49-8ee6-d5d2da0fec55,Bharat Maps,https://civicdataspace.in/datasets/df5f4a6e-9115-4d49-8ee6-d5d2da0fec55,Bharat Maps,2.8 File Naming,fail,25,3.0,"'BharatMaps_variables.csv.csv' — not lowercase snake_case, no time period, no _v{version} suffix.","Rename files as {theme}_{region}_{time_period}_v{version}.{format}, e.g. climate_bihar_precipitation_2000_2020_v1.0.csv."
b6090b4f-e18c-4e19-8beb-828d89d39fa5,HMIS IMR Assam 2022-23,https://civicdataspace.in/datasets/b6090b4f-e18c-4e19-8beb-828d89d39fa5,CivicDataLab,1.2 Description / Summary,warn,75,3.0,"Description does not say who collected or compiled the data. | Description does not state the periodicity (daily, monthly, annual…).","Name the organisation that collected or compiled the data (and the method if derived). | Mention how often the data is recorded or updated (e.g. 'annual', 'daily')."
af53626b-0e3f-4161-a35c-6e779567751f,Vijayawada Municipal Corporation: Budget Summary Statement,https://civicdataspace.in/datasets/af53626b-0e3f-4161-a35c-6e779567751f,Vijayawada Municipal Corporation,2.8 File Naming,fail,25,3.0,"[Vijayawada Municipal Corporation Budget…] 'vijayawada-municipal-corporation-budget-summary-statement.c…' — not lowercase snake_case, no time period, no _v{version} suffix. | [Vijayawada Municipal Corporation Budget…] 'Vijayawada_Municipal_Corporation__Budget_Summary_Statement.…' — not lowercase snake_case, no time period, no _v{version} suffix.","Rename files as {theme}_{region}_{time_period}_v{version}.{format}, e.g. climate_bihar_precipitation_2000_2020_v1.0.csv."
8f0f26d9-5147-42ae-9220-0a6ec9b81da0,Pending Cases in India,https://civicdataspace.in/datasets/8f0f26d9-5147-42ae-9220-0a6ec9b81da0,JusticeHub,2.8 File Naming,fail,25,3.0,"'Zombie_Tracker___Pending_Case_Details___02-02-21_-_pending_…' — not lowercase snake_case, no time period, no _v{version} suffix.","Rename files as {theme}_{region}_{time_period}_v{version}.{format}, e.g. climate_bihar_precipitation_2000_2020_v1.0.csv."
6df07eec-fd9b-4216-978d-528d642f5dd9,WorldPop,https://civicdataspace.in/datasets/6df07eec-fd9b-4216-978d-528d642f5dd9,WorldPOP,2.8 File Naming,fail,25,3.0,"[WorldPop_condolidated_.csv] 'WorldPop_condolidated_.csv' — not lowercase snake_case, no time period, no _v{version} suffix. | [WorldPop_condolidated.csv.csv] 'WorldPop_condolidated.csv.csv' — not lowercase snake_case, no time period, no _v{version} suffix.","Rename files as {theme}_{region}_{time_period}_v{version}.{format}, e.g. climate_bihar_precipitation_2000_2020_v1.0.csv."
e2ecc466-2158-4cd6-96fe-a7f5429a1d8c,Special Leave Petitions in Supreme Court 2001-2011,https://civicdataspace.in/datasets/e2ecc466-2158-4cd6-96fe-a7f5429a1d8c,JusticeHub,2.8 File Naming,fail,25,3.0,"'res-rep.pdf' — not lowercase snake_case, no time period, no _v{version} suffix.","Rename files as {theme}_{region}_{time_period}_v{version}.{format}, e.g. climate_bihar_precipitation_2000_2020_v1.0.csv."
a2586c90-4aaf-48c5-a49f-b0d321434a23,Uttar Pradesh Bharat Maps(Subdistrict Level),https://civicdataspace.in/datasets/a2586c90-4aaf-48c5-a49f-b0d321434a23,CivicDataLab,2.8 File Naming,fail,25,3.0,"'BharatMaps_variables.csv' — not lowercase snake_case, no time period, no _v{version} suffix.","Rename files as {theme}_{region}_{time_period}_v{version}.{format}, e.g. climate_bihar_precipitation_2000_2020_v1.0.csv."
de6f19af-bac3-4c0f-ba3a-49371304a718,Cummilative Assam Human Lives Lost (2021-2026),https://civicdataspace.in/datasets/de6f19af-bac3-4c0f-ba3a-49371304a718,CivicDataLab,2.8 File Naming,fail,25,3.0,"'Human_Live_Lost_combined.csv' — not lowercase snake_case, no time period, no _v{version} suffix.","Rename files as {theme}_{region}_{time_period}_v{version}.{format}, e.g. climate_bihar_precipitation_2000_2020_v1.0.csv."
85ed80f2-6315-412a-b7aa-3b8410f2027e,Odisha NDBI Indicators (2019-2023),https://civicdataspace.in/datasets/85ed80f2-6315-412a-b7aa-3b8410f2027e,CivicDataLab,2.8 File Naming,fail,25,3.0,"'NDBI_rc_combined.csv' — not lowercase snake_case, no time period, no _v{version} suffix.","Rename files as {theme}_{region}_{time_period}_v{version}.{format}, e.g. climate_bihar_precipitation_2000_2020_v1.0.csv."
1b676973-24f2-48cb-b0e8-8734b26f0e95,Jal Jeevan Mission (National Rural Drinking Water Programme): 2015 - 22,https://civicdataspace.in/datasets/1b676973-24f2-48cb-b0e8-8734b26f0e95,Department of Drinking Water and Sanitation,1.2 Description / Summary,warn,75,3.0,"Description does not say who collected or compiled the data. | Description does not state the periodicity (daily, monthly, annual…).","Name the organisation that collected or compiled the data (and the method if derived). | Mention how often the data is recorded or updated (e.g. 'annual', 'daily')."
a8d41fb9-0b9e-4f1a-bdd4-964e5bd1e535,Uttar Pradesh Subdistrict-Level IMD Rainfall data -(2018-2026),https://civicdataspace.in/datasets/a8d41fb9-0b9e-4f1a-bdd4-964e5bd1e535,CivicDataLab,2.5 Units of Measurement,fail,25,3.0,"3/4 measurement columns have no documented unit, e.g. max, mean, sum. | Column descriptions are still the platform's auto-generated placeholders.","Document the unit of every measurement column (name suffix like _mm / _inr_crore, or column description). | Fill in column descriptions on the resource schema, including units."
e1f0295b-a0f3-4921-9449-f87cb689c794,Himachal Pradesh Tehsil-Level NDBI Indicators (2019-2024),https://civicdataspace.in/datasets/e1f0295b-a0f3-4921-9449-f87cb689c794,CivicDataLab,2.5 Units of Measurement,fail,25,3.0,"3/4 measurement columns have no documented unit, e.g. Shape_Leng, Shape_Area, mean. | Column descriptions are still the platform's auto-generated placeholders.","Document the unit of every measurement column (name suffix like _mm / _inr_crore, or column description). | Fill in column descriptions on the resource schema, including units."
076f5997-d42a-4ffb-9525-afdc028b37fa,Bangkok Procurement Details for the Buddhist year 2568,https://civicdataspace.in/datasets/076f5997-d42a-4ffb-9525-afdc028b37fa,BMA,2.8 File Naming,fail,25,3.0,"'Bangkok_Procurement_Details.csv' — not lowercase snake_case, no time period, no _v{version} suffix.","Rename files as {theme}_{region}_{time_period}_v{version}.{format}, e.g. climate_bihar_precipitation_2000_2020_v1.0.csv."
d5fe2150-672d-455b-9b60-1e779919a053,WorldPop,https://civicdataspace.in/datasets/d5fe2150-672d-455b-9b60-1e779919a053,WorldPOP,2.8 File Naming,fail,25,3.0,"'WorldPop_condolidated.csv_1.csv' — not lowercase snake_case, no time period, no _v{version} suffix.","Rename files as {theme}_{region}_{time_period}_v{version}.{format}, e.g. climate_bihar_precipitation_2000_2020_v1.0.csv."
020e2dfa-8036-4533-8ac7-145b91ecee2d,Bharat Maps Odisha,https://civicdataspace.in/datasets/020e2dfa-8036-4533-8ac7-145b91ecee2d,Bharat Maps,2.8 File Naming,fail,25,3.0,"[BharatMaps variable_ Road Lengths by Bl…] 'BharatMaps_variable__Road_Lengths_by_Block.csv' — not lowercase snake_case, no time period, no _v{version} suffix. | [Bharat Maps variables_Number of Health …] 'Bharat_Maps_variables__Number_of_Health_Centers_by_Block.csv' — not lowercase snake_case, no time period, no _v{version} suffix. | [BharatMaps variables_ Rail Lenghths by …] 'BharatMaps_variables__Rail_Lenghths_by_Block.csv' — not lowercase snake_case, no time period, no _v{version} suffix. | [BharatMaps Variable_ Number of Schools …] 'BharatMaps_Variable__Number_of_Schools_per_block.csv' — not lowercase snake_case, no time period, no _v{version} suffix.","Rename files as {theme}_{region}_{time_period}_v{version}.{format}, e.g. climate_bihar_precipitation_2000_2020_v1.0.csv."
8d780994-644e-4670-9fbc-cf73e06f9858,PahariLi Dataset,https://civicdataspace.in/datasets/8d780994-644e-4670-9fbc-cf73e06f9858,Avantik Zinta,2.5 Units of Measurement,fail,29,2.86,"5/7 measurement columns have no documented unit, e.g. Priority, Preparation Level, Created Date, Last Updated. | Column descriptions are still the platform's auto-generated placeholders.","Document the unit of every measurement column (name suffix like _mm / _inr_crore, or column description). | Fill in column descriptions on the resource schema, including units."
ab1a2463-380e-4150-aed9-e938000e65a7,Mental Health Prompts (Hindi),https://civicdataspace.in/datasets/ab1a2463-380e-4150-aed9-e938000e65a7,CivicDataLab,2.3 Column Naming,warn,60,2.8,"Mixed naming conventions: {'snake': 3, 'other': 1}",Use one convention (snake_case recommended) for every column.
984f16c9-9959-4a07-9b04-9a951ee7cd03,Prompt_test_cases_Agriculture_Assamese,https://civicdataspace.in/datasets/984f16c9-9959-4a07-9b04-9a951ee7cd03,CivicDataLab,2.3 Column Naming,warn,60,2.8,Mixed naming conventions: {'other': 1},Use one convention (snake_case recommended) for every column.
4807543d-8bde-4fac-bbb2-f2f277db85fc,HPSDMA: Taru Hazard Risk and Vulnerability Assessment,https://civicdataspace.in/datasets/4807543d-8bde-4fac-bbb2-f2f277db85fc,Himachal Pradesh State Disaster Management Authority (HPSDMA),2.3 Column Naming,warn,60,2.8,"[Administriative Boundary - Blocks] Mixed naming conventions: {'other': 3} | [Composite Vulnerability Index - Rural] Mixed naming conventions: {'other': 6} | [Natural Vulnerability Index Rural] Mixed naming conventions: {'other': 6} | [Human Vulnerability Index - AllGroups] Mixed naming conventions: {'other': 6} | [Financial Vulnerability Index Rural - A…] Mixed naming conventions: {'other': 3} | [Social Vulnerability Index Rural - AllG…] Mixed naming conventions: {'other': 6} | [Composite risk - agricultural drought, …] Mixed naming conventions: {'other': 6}",Use one convention (snake_case recommended) for every column.
856a8f02-90f0-4af1-8534-62a9731299ce,NASADEM SRTM Digital Elevation Model,https://civicdataspace.in/datasets/856a8f02-90f0-4af1-8534-62a9731299ce,NASADEM,2.3 Column Naming,warn,60,2.8,"[drainage_density] Mixed naming conventions: {'other': 1, 'snake': 2} | [Mean Slope and Elevation by Tehsil] Mixed naming conventions: {'other': 1, 'snake': 2}",Use one convention (snake_case recommended) for every column.
9a903e52-4db3-4cba-a3d1-cd8a83c45f43,Mental Health Adversarial Prompts (English),https://civicdataspace.in/datasets/9a903e52-4db3-4cba-a3d1-cd8a83c45f43,CivicDataLab,2.3 Column Naming,warn,60,2.8,"Mixed naming conventions: {'snake': 3, 'other': 1}",Use one convention (snake_case recommended) for every column.
231d1338-60c7-4290-ab47-00df39edb53a,FiNERVINER,https://civicdataspace.in/datasets/231d1338-60c7-4290-ab47-00df39edb53a,Jahnabi Mitra,1.1 Dataset Title,warn,65,2.8,Title is not in sentence case or Title Case. | Title does not mention the time period covered.,"Use sentence case for the title. | Add the period covered to the title, e.g. '(2000–2020)'."
1b11f9d0-4414-4f64-aa6b-e65074674687,Assamese Mental Health Adversarial Prompts,https://civicdataspace.in/datasets/1b11f9d0-4414-4f64-aa6b-e65074674687,CivicDataLab,2.3 Column Naming,warn,60,2.8,"Mixed naming conventions: {'snake': 3, 'other': 1}",Use one convention (snake_case recommended) for every column.
61e361a7-91e2-445a-9558-3c36f946a795,odia-arc,https://civicdataspace.in/datasets/61e361a7-91e2-445a-9558-3c36f946a795,Divitamayee Deogam,1.1 Dataset Title,warn,65,2.8,Title is not in sentence case or Title Case. | Title does not mention the time period covered.,"Use sentence case for the title. | Add the period covered to the title, e.g. '(2000–2020)'."
4c387b40-3e56-4523-97cf-1ddd51a69f88,Bhram-IL (Gujarati),https://civicdataspace.in/datasets/4c387b40-3e56-4523-97cf-1ddd51a69f88,CivicDataLab,2.3 Column Naming,warn,60,2.8,"Mixed naming conventions: {'other': 3, 'snake': 4, 'snake_or_single': 3}",Use one convention (snake_case recommended) for every column.
4c7598be-3315-4632-bdbe-7fe305bddf57,Bhram-IL (Marathi),https://civicdataspace.in/datasets/4c7598be-3315-4632-bdbe-7fe305bddf57,CivicDataLab,2.3 Column Naming,warn,60,2.8,"Mixed naming conventions: {'other': 3, 'snake': 4, 'snake_or_single': 3}",Use one convention (snake_case recommended) for every column.
cb93d9ec-587b-4b7d-b893-2413897ac4a6,BHRAM-IL (Hindi),https://civicdataspace.in/datasets/cb93d9ec-587b-4b7d-b893-2413897ac4a6,CivicDataLab,2.3 Column Naming,warn,60,2.8,"Mixed naming conventions: {'other': 3, 'snake': 4, 'snake_or_single': 3}",Use one convention (snake_case recommended) for every column.
9d50ff35-eb9a-4d77-b4ab-2d717c79fb93,Bhram-IL (Odia),https://civicdataspace.in/datasets/9d50ff35-eb9a-4d77-b4ab-2d717c79fb93,CivicDataLab,2.3 Column Naming,warn,60,2.8,"Mixed naming conventions: {'other': 3, 'snake': 4, 'snake_or_single': 3}",Use one convention (snake_case recommended) for every column.
edc944e7-b7bd-4c49-8ecf-1ec582ad1aa9,Assam NASADEM Elevation (Revenue Circle Level),https://civicdataspace.in/datasets/edc944e7-b7bd-4c49-8ecf-1ec582ad1aa9,CivicDataLab,2.3 Column Naming,warn,60,2.8,"Mixed naming conventions: {'snake': 6, 'other': 1, 'snake_or_single': 2}",Use one convention (snake_case recommended) for every column.
86006661-704a-43c9-bb66-1c2d6ca018b4,Odisha Surface Runoff Indicators (Block Level),https://civicdataspace.in/datasets/86006661-704a-43c9-bb66-1c2d6ca018b4,CivicDataLab,2.3 Column Naming,warn,60,2.8,"Mixed naming conventions: {'snake_or_single': 2, 'snake': 3, 'other': 3}",Use one convention (snake_case recommended) for every column.
182dfc61-4dc4-47fe-bf58-e168aa4aacab,Assam GCN250 Population Density Indicators (Revenue Circle Level),https://civicdataspace.in/datasets/182dfc61-4dc4-47fe-bf58-e168aa4aacab,CivicDataLab,2.3 Column Naming,warn,60,2.8,"Mixed naming conventions: {'snake': 6, 'other': 1, 'snake_or_single': 3}",Use one convention (snake_case recommended) for every column.
3b4970ba-beb7-461c-915b-618535fd52a8,Himachal Pradesh GCN250 Population Density Indicators (Tehsil Level),https://civicdataspace.in/datasets/3b4970ba-beb7-461c-915b-618535fd52a8,CivicDataLab,2.3 Column Naming,warn,60,2.8,"Mixed naming conventions: {'other': 5, 'snake_or_single': 2}",Use one convention (snake_case recommended) for every column.
0fe407db-7204-4c3b-8478-a02ebe060f20,Himachal Pradesh Mission Antyodaya,https://civicdataspace.in/datasets/0fe407db-7204-4c3b-8478-a02ebe060f20,CivicDataLab,2.3 Column Naming,warn,60,2.8,"Mixed naming conventions: {'other': 2, 'snake': 7}",Use one convention (snake_case recommended) for every column.
bfa3e73b-893e-4f9b-b9de-11c26f7a229e,Assam IMD Subdistrict-Level  Rainfall(2018-2026),https://civicdataspace.in/datasets/bfa3e73b-893e-4f9b-b9de-11c26f7a229e,CivicDataLab,2.3 Column Naming,warn,60,2.8,"Mixed naming conventions: {'snake_or_single': 8, 'snake': 5, 'other': 1}",Use one convention (snake_case recommended) for every column.
8dd7c6af-6c52-48e0-9daa-75ff7b8c0e89,Himachal Pradesh Bharat Maps,https://civicdataspace.in/datasets/8dd7c6af-6c52-48e0-9daa-75ff7b8c0e89,CivicDataLab,2.3 Column Naming,warn,60,2.8,"Mixed naming conventions: {'other': 3, 'snake': 5}",Use one convention (snake_case recommended) for every column.
7d35734f-6a09-43d5-a553-e4231f586544,Himachal Pradesh Tehsil-Level NDVI Indicators(2019-2024),https://civicdataspace.in/datasets/7d35734f-6a09-43d5-a553-e4231f586544,CivicDataLab,2.3 Column Naming,warn,60,2.8,"Mixed naming conventions: {'snake_or_single': 5, 'snake': 1, 'other': 5}",Use one convention (snake_case recommended) for every column.
f12065ab-4cbe-4a19-b7fd-aea17fc28448,Himachal Pradesh Tehsil-Level Surface Runoff(2021-2025),https://civicdataspace.in/datasets/f12065ab-4cbe-4a19-b7fd-aea17fc28448,CivicDataLab,2.3 Column Naming,warn,60,2.8,"Mixed naming conventions: {'snake_or_single': 2, 'snake': 2, 'other': 4}",Use one convention (snake_case recommended) for every column.
de6f19af-bac3-4c0f-ba3a-49371304a718,Cummilative Assam Human Lives Lost (2021-2026),https://civicdataspace.in/datasets/de6f19af-bac3-4c0f-ba3a-49371304a718,CivicDataLab,2.3 Column Naming,warn,60,2.8,"Mixed naming conventions: {'snake_or_single': 1, 'snake': 1, 'other': 1}",Use one convention (snake_case recommended) for every column.
e1f0295b-a0f3-4921-9449-f87cb689c794,Himachal Pradesh Tehsil-Level NDBI Indicators (2019-2024),https://civicdataspace.in/datasets/e1f0295b-a0f3-4921-9449-f87cb689c794,CivicDataLab,2.3 Column Naming,warn,60,2.8,"Mixed naming conventions: {'snake_or_single': 5, 'snake': 1, 'other': 5}",Use one convention (snake_case recommended) for every column.
076f5997-d42a-4ffb-9525-afdc028b37fa,Bangkok Procurement Details for the Buddhist year 2568,https://civicdataspace.in/datasets/076f5997-d42a-4ffb-9525-afdc028b37fa,BMA,2.3 Column Naming,warn,60,2.8,Mixed naming conventions: {'other': 23},Use one convention (snake_case recommended) for every column.
e21858df-9791-4957-97b3-e8429df674a5,"Unpacking Judicial Data to Track Implementation of the POCSO Act in Assam, Delhi & Haryana",https://civicdataspace.in/datasets/e21858df-9791-4957-97b3-e8429df674a5,JusticeHub,2.8 File Naming,fail,31,2.78,"[Fact Sheet Assam] 'fact-sheet-assam.pdf' — not lowercase snake_case, no time period, no _v{version} suffix. | [Factbook 2021 Access to Justice and res…] 'factbook-2021-access-to-justice-and-restorative-care.pdf' — not lowercase snake_case, no _v{version} suffix. | [Annexure 1.5 and 1.6 - List of Non Nego…] 'Annexure_1.5_and_1.6_-_List_of_Non_Negotiables.pdf' — not lowercase snake_case, no time period, no _v{version} suffix. | [Data handbook] 'data-handbook.pdf' — not lowercase snake_case, no time period, no _v{version} suffix. | [Research Report] 'Research_Report.pdf' — not lowercase snake_case, no time period, no _v{version} suffix. | [Report Summary] 'Report.pdf' — not lowercase snake_case, no time period, no _v{version} suffix. | [BALANCING CHILDREN’S CONFIDENTIALITY AN…] 'BALANCING_CHILDRENS_CONFIDENTIALITY_AND_JUDICIAL_ACCOUNTABI…' — not lowercase snake_case, no time period, no _v{version} suffix. | [Fact Sheet Haryana] 'fact-sheet-haryana.pdf' — not lowercase snake_case, no time period, no _v{version} suffix. | [POCSO Analysis Datasets] 'pocso_analysis_datasets_1221.zip' — no time period, no _v{version} suffix.","Rename files as {theme}_{region}_{time_period}_v{version}.{format}, e.g. climate_bihar_precipitation_2000_2020_v1.0.csv."
b4cd4bf9-efb6-4771-bf17-51ee80a148eb,Kinnauri Pahari Dataset,https://civicdataspace.in/datasets/b4cd4bf9-efb6-4771-bf17-51ee80a148eb,Avantik Zinta,2.5 Units of Measurement,fail,33,2.67,"2/3 measurement columns have no documented unit, e.g. Contributor, Contact Details. | Column descriptions are still the platform's auto-generated placeholders.","Document the unit of every measurement column (name suffix like _mm / _inr_crore, or column description). | Fill in column descriptions on the resource schema, including units."
b89710f1-2999-4c4b-935c-00184e1d41ed,Assam Embankment Infrastructure Indicators (Revenue Circle Level),https://civicdataspace.in/datasets/b89710f1-2999-4c4b-935c-00184e1d41ed,CivicDataLab,2.5 Units of Measurement,fail,33,2.67,"2/3 measurement columns have no documented unit, e.g. Unnamed: 0, embankment_length. | Column descriptions are still the platform's auto-generated placeholders.","Document the unit of every measurement column (name suffix like _mm / _inr_crore, or column description). | Fill in column descriptions on the resource schema, including units."
c23ab16a-f389-46d1-b405-2a9096811cf5,District wise MCH Procurement data of Assam - 2019 to 2025,https://civicdataspace.in/datasets/c23ab16a-f389-46d1-b405-2a9096811cf5,CivicDataLab,2.5 Units of Measurement,fail,33,2.67,"2/3 measurement columns have no documented unit, e.g. No of Bids Received, tender_district_externalReference. | Column descriptions are still the platform's auto-generated placeholders.","Document the unit of every measurement column (name suffix like _mm / _inr_crore, or column description). | Fill in column descriptions on the resource schema, including units."
4cf485b0-d49a-4ead-b7f8-b565dd1f1f92,Assam Flood-Related Tenders (Revenue Circle Geotagged),https://civicdataspace.in/datasets/4cf485b0-d49a-4ead-b7f8-b565dd1f1f92,CivicDataLab,2.5 Units of Measurement,fail,33,2.67,"2/3 measurement columns have no documented unit, e.g. Unnamed: 0, No of Bids Received. | Column descriptions are still the platform's auto-generated placeholders.","Document the unit of every measurement column (name suffix like _mm / _inr_crore, or column description). | Fill in column descriptions on the resource schema, including units."
bc2e34ba-21ce-496e-8462-518bdb0965db,Himachal Pradesh Flood-Related Tenders (District Geotagged),https://civicdataspace.in/datasets/bc2e34ba-21ce-496e-8462-518bdb0965db,CivicDataLab,2.5 Units of Measurement,fail,33,2.67,"2/3 measurement columns have no documented unit, e.g. No of Bids Received, tender_district_externalReference. | Column descriptions are still the platform's auto-generated placeholders.","Document the unit of every measurement column (name suffix like _mm / _inr_crore, or column description). | Fill in column descriptions on the resource schema, including units."
e7ddf347-a353-4135-a96f-7543e2202fc5,Odisha Flood-Related Tenders (Block Geotagged),https://civicdataspace.in/datasets/e7ddf347-a353-4135-a96f-7543e2202fc5,CivicDataLab,2.5 Units of Measurement,fail,33,2.67,"2/3 measurement columns have no documented unit, e.g. No of Bids Received, tender_district_externalReference. | Column descriptions are still the platform's auto-generated placeholders.","Document the unit of every measurement column (name suffix like _mm / _inr_crore, or column description). | Fill in column descriptions on the resource schema, including units."
b18e3be5-72df-43b3-ab7b-a821a36a2e85,India Justice Report - 2022,https://civicdataspace.in/datasets/b18e3be5-72df-43b3-ab7b-a821a36a2e85,JusticeHub,2.5 Units of Measurement,fail,33,2.67,"[State Indicators - Raw Data] 2/2 measurement columns have no documented unit, e.g. Raw Data Sequence, Raw Data Value. | [State Indicators - Raw Data] Column descriptions are still the platform's auto-generated placeholders. | [State Indicator Data] 7/7 measurement columns have no documented unit, e.g. Indicator Value, Unnamed: 11, Unnamed: 12, Unnamed: 13. | [State Indicator Data] Column descriptions are still the platform's auto-generated placeholders.","Document the unit of every measurement column (name suffix like _mm / _inr_crore, or column description). | Fill in column descriptions on the resource schema, including units."
0fe407db-7204-4c3b-8478-a02ebe060f20,Himachal Pradesh Mission Antyodaya,https://civicdataspace.in/datasets/0fe407db-7204-4c3b-8478-a02ebe060f20,CivicDataLab,2.5 Units of Measurement,fail,33,2.67,"4/6 measurement columns have no documented unit, e.g. net_sown_area_in_hac, avg_electricity, avg_tele, total_hhd. | Column descriptions are still the platform's auto-generated placeholders.","Document the unit of every measurement column (name suffix like _mm / _inr_crore, or column description). | Fill in column descriptions on the resource schema, including units."
52ddf9a2-5452-403b-9d50-b359206a80c6,Uttar Pradesh Tenders,https://civicdataspace.in/datasets/52ddf9a2-5452-403b-9d50-b359206a80c6,CivicDataLab,2.5 Units of Measurement,fail,33,2.67,"2/3 measurement columns have no documented unit, e.g. No of Bids Received, Awarded Value.","Document the unit of every measurement column (name suffix like _mm / _inr_crore, or column description)."
ded8759e-a5af-4a72-8dfa-bc49ee0e6242,Uttar Pradesh Flood-Related Tenders (District Geotagged),https://civicdataspace.in/datasets/ded8759e-a5af-4a72-8dfa-bc49ee0e6242,CivicDataLab,2.5 Units of Measurement,fail,33,2.67,"2/3 measurement columns have no documented unit, e.g. No of Bids Received, Scheme. | Column descriptions are still the platform's auto-generated placeholders.","Document the unit of every measurement column (name suffix like _mm / _inr_crore, or column description). | Fill in column descriptions on the resource schema, including units."
179c950b-ce16-4271-b62d-75d98f20a858,Mission Antyodaya 2020,https://civicdataspace.in/datasets/179c950b-ce16-4271-b62d-75d98f20a858,Ministry of Rural Development,2.5 Units of Measurement,fail,33,2.67,"4/6 measurement columns have no documented unit, e.g. net_sown_area_in_hac, avg_electricity, avg_tele, total_hhd. | Column descriptions are still the platform's auto-generated placeholders.","Document the unit of every measurement column (name suffix like _mm / _inr_crore, or column description). | Fill in column descriptions on the resource schema, including units."
b6090b4f-e18c-4e19-8beb-828d89d39fa5,HMIS IMR Assam 2022-23,https://civicdataspace.in/datasets/b6090b4f-e18c-4e19-8beb-828d89d39fa5,CivicDataLab,2.5 Units of Measurement,fail,33,2.67,"2/3 measurement columns have no documented unit, e.g. Infant deaths (2022-23), Total reported live births (2022-23). | Column descriptions are still the platform's auto-generated placeholders.","Document the unit of every measurement column (name suffix like _mm / _inr_crore, or column description). | Fill in column descriptions on the resource schema, including units."
749c89db-7dfc-4edc-a165-597675aa75fc,NFHS District Fact Sheet - Assam,https://civicdataspace.in/datasets/749c89db-7dfc-4edc-a165-597675aa75fc,CivicDataLab,2.5 Units of Measurement,fail,38,2.5,"10/16 measurement columns have no documented unit, e.g. Mothers who had atleast 1 antenatal visit in the first trimester, Institutional births, Children fully vaccinated based on card only, Prevalence of diarrahea for two weeks before survey. | Column descriptions are still the platform's auto-generated placeholders.","Document the unit of every measurement column (name suffix like _mm / _inr_crore, or column description). | Fill in column descriptions on the resource schema, including units."
3fe1e9b3-94c4-4a19-8742-bfe039bee1c7,NFHS District Fact Sheets - Assam,https://civicdataspace.in/datasets/3fe1e9b3-94c4-4a19-8742-bfe039bee1c7,Open Contracting Partnership,2.5 Units of Measurement,fail,38,2.5,"10/16 measurement columns have no documented unit, e.g. Mothers who had atleast 1 antenatal visit in the first trimester, Institutional births, Children fully vaccinated based on card only, Prevalence of diarrahea for two weeks before survey. | Column descriptions are still the platform's auto-generated placeholders.","Document the unit of every measurement column (name suffix like _mm / _inr_crore, or column description). | Fill in column descriptions on the resource schema, including units."
856a8f02-90f0-4af1-8534-62a9731299ce,NASADEM SRTM Digital Elevation Model,https://civicdataspace.in/datasets/856a8f02-90f0-4af1-8534-62a9731299ce,NASADEM,2.8 File Naming,fail,38,2.5,"[drainage_density] 'drainage_density.csv_1.csv' — no time period, no _v{version} suffix. | [Mean Slope and Elevation by Tehsil] 'Mean_Slope_and_Elevation_by_Tehsil_1.csv' — not lowercase snake_case, no time period, no _v{version} suffix.","Rename files as {theme}_{region}_{time_period}_v{version}.{format}, e.g. climate_bihar_precipitation_2000_2020_v1.0.csv."
8e471e7b-9d7d-483c-bba3-11a62aee1191,KHOJ - Dataset about the judges of the Madras High Court,https://civicdataspace.in/datasets/8e471e7b-9d7d-483c-bba3-11a62aee1191,JusticeHub,2.8 File Naming,fail,38,2.5,"[Summer of Data Code Book] 'summer-of-data_code-book.pdf' — not lowercase snake_case, no time period, no _v{version} suffix. | [Khoj Madras] 'khoj_madras.csv' — no time period, no _v{version} suffix.","Rename files as {theme}_{region}_{time_period}_v{version}.{format}, e.g. climate_bihar_precipitation_2000_2020_v1.0.csv."
b18e3be5-72df-43b3-ab7b-a821a36a2e85,India Justice Report - 2022,https://civicdataspace.in/datasets/b18e3be5-72df-43b3-ab7b-a821a36a2e85,JusticeHub,2.8 File Naming,fail,38,2.5,"[IJR Full Report 2022 - Hindi] 'IJR_Full_Report_2022_-_Hindi.pdf' — not lowercase snake_case, no _v{version} suffix. | [State Ranking] 'State.xlsx' — not lowercase snake_case, no time period, no _v{version} suffix. | [State Indicators - Raw Data] 'State_Indicators_-_Raw_Data.xlsx' — not lowercase snake_case, no time period, no _v{version} suffix. | [Methodology.pdf] 'Methodology.pdf' — not lowercase snake_case, no time period, no _v{version} suffix. | [State Indicator Data] 'state_indicator_data.xlsx' — no time period, no _v{version} suffix. | [IJR 2022] 'IJR_2022.pdf' — not lowercase snake_case, no _v{version} suffix.","Rename files as {theme}_{region}_{time_period}_v{version}.{format}, e.g. climate_bihar_precipitation_2000_2020_v1.0.csv."
90dfe131-3fcc-41dc-8486-ea2319c53c12,Bhuvan,https://civicdataspace.in/datasets/90dfe131-3fcc-41dc-8486-ea2319c53c12,Bhuvan,2.8 File Naming,fail,38,2.5,"[Inundation variables_.zip] 'Inundation_variables_.zip' — not lowercase snake_case, no time period, no _v{version} suffix. | [Flood inundation maps 2024_] 'Flood_inundation_maps_2024_.zip' — not lowercase snake_case, no _v{version} suffix.","Rename files as {theme}_{region}_{time_period}_v{version}.{format}, e.g. climate_bihar_precipitation_2000_2020_v1.0.csv."
5efb5c65-61bf-44f5-b103-088ba720cbe5,Guwahati Land Surface Temperature 2022,https://civicdataspace.in/datasets/5efb5c65-61bf-44f5-b103-088ba720cbe5,CivicDataLab,2.8 File Naming,fail,38,2.5,"[Guwahati_UHI_Analysis_RawRaster.zip] 'Guwahati_UHI_Anomaly_RawRaster.zip' — not lowercase snake_case, no time period, no _v{version} suffix. | [Guwahati Ward Shapefiles ] 'shapefiles.zip' — no time period, no _v{version} suffix.","Rename files as {theme}_{region}_{time_period}_v{version}.{format}, e.g. climate_bihar_precipitation_2000_2020_v1.0.csv."
5a9758b5-7a52-4f4a-9c4e-7460a791a2d1,Union Budget at a Glance (Timeseries) from 1995-1996 (Actuals) to 2024-2025 (Budget Estimates),https://civicdataspace.in/datasets/5a9758b5-7a52-4f4a-9c4e-7460a791a2d1,Ministry of Finance,2.8 File Naming,fail,38,2.5,"[Budget at a Glance(Timeseries) from 199…] 'Budget_at_a_GlanceTimeseries_from_1995-1996Actuals_to_2024-…' — not lowercase snake_case, no _v{version} suffix. | [budget-at-a-glance-updated1---budget-at…] 'budget-at-a-glance-updated1---budget-at-a-glance-updated1.c…' — not lowercase snake_case, no time period, no _v{version} suffix.","Rename files as {theme}_{region}_{time_period}_v{version}.{format}, e.g. climate_bihar_precipitation_2000_2020_v1.0.csv."
1ae42ff4-12dc-4acd-81c4-b48a53f95515,Status of FTSCs with exclusive POCSO courts set up across Country under NFSW for trial and disposal of pending cases related to rape and POCSO Act -2020,https://civicdataspace.in/datasets/1ae42ff4-12dc-4acd-81c4-b48a53f95515,Rajya Sabha,1.2 Description / Summary,warn,80,2.4,"Description does not state the periodicity (daily, monthly, annual…). | Description does not state the purpose or intended use.","Mention how often the data is recorded or updated (e.g. 'annual', 'daily'). | Add one line on what the dataset is intended to support."
08b93f62-ee95-4e6c-a237-9617e50e6bd8,Bhubaneswar Ward-wise temporal summer mean LST,https://civicdataspace.in/datasets/08b93f62-ee95-4e6c-a237-9617e50e6bd8,CivicDataLab,1.2 Description / Summary,warn,80,2.4,"Description does not state the periodicity (daily, monthly, annual…). | Description does not state the purpose or intended use.","Mention how often the data is recorded or updated (e.g. 'annual', 'daily'). | Add one line on what the dataset is intended to support."
4621b2ae-aecc-402e-8cc8-0848eff62027,Guwahati Ward-wise temporal summer mean LST,https://civicdataspace.in/datasets/4621b2ae-aecc-402e-8cc8-0848eff62027,CivicDataLab,1.2 Description / Summary,warn,80,2.4,"Description does not state the periodicity (daily, monthly, annual…). | Description does not state the purpose or intended use.","Mention how often the data is recorded or updated (e.g. 'annual', 'daily'). | Add one line on what the dataset is intended to support."
360e8cff-50ff-4dfa-b78a-8125116a7cab,"Child Population by Residence and Sex & Child Sex Ratio of Sikkim, 2011",https://civicdataspace.in/datasets/360e8cff-50ff-4dfa-b78a-8125116a7cab,Census of India,1.2 Description / Summary,warn,80,2.4,"Description does not state the periodicity (daily, monthly, annual…). | Description does not state the purpose or intended use.","Mention how often the data is recorded or updated (e.g. 'annual', 'daily'). | Add one line on what the dataset is intended to support."
43c6cbce-70ca-41e9-94fe-c55c8b6b4056,Bihar Sub-District Level IMD Rainfall (2018-2026),https://civicdataspace.in/datasets/43c6cbce-70ca-41e9-94fe-c55c8b6b4056,CivicDataLab,1.2 Description / Summary,warn,80,2.4,Description does not state the time period covered.,State the years the data covers in the description.
3cc57bb1-7713-4538-935a-c69e06bf8bf5,Odisha NDVI Indicators (2019-2023),https://civicdataspace.in/datasets/3cc57bb1-7713-4538-935a-c69e06bf8bf5,CivicDataLab,1.2 Description / Summary,warn,80,2.4,Description does not state the time period covered.,State the years the data covers in the description.
f12065ab-4cbe-4a19-b7fd-aea17fc28448,Himachal Pradesh Tehsil-Level Surface Runoff(2021-2025),https://civicdataspace.in/datasets/f12065ab-4cbe-4a19-b7fd-aea17fc28448,CivicDataLab,1.2 Description / Summary,warn,80,2.4,Description does not state the time period covered.,State the years the data covers in the description.
85ed80f2-6315-412a-b7aa-3b8410f2027e,Odisha NDBI Indicators (2019-2023),https://civicdataspace.in/datasets/85ed80f2-6315-412a-b7aa-3b8410f2027e,CivicDataLab,1.2 Description / Summary,warn,80,2.4,Description does not state the time period covered.,State the years the data covers in the description.
f7154703-5460-485f-b753-7b2710865836,Assam Revenue Circle Level Flood Inundation(2015-2025),https://civicdataspace.in/datasets/f7154703-5460-485f-b753-7b2710865836,CivicDataLab,1.2 Description / Summary,warn,80,2.4,Description does not state the time period covered.,State the years the data covers in the description.
1e7a3edb-0614-486c-bab6-0fc29f0d4ce7,Odisha IMD Block Level Rainfall Indicators (2018-2026),https://civicdataspace.in/datasets/1e7a3edb-0614-486c-bab6-0fc29f0d4ce7,CivicDataLab,1.2 Description / Summary,warn,80,2.4,Description does not state the time period covered.,State the years the data covers in the description.
a8d41fb9-0b9e-4f1a-bdd4-964e5bd1e535,Uttar Pradesh Subdistrict-Level IMD Rainfall data -(2018-2026),https://civicdataspace.in/datasets/a8d41fb9-0b9e-4f1a-bdd4-964e5bd1e535,CivicDataLab,1.2 Description / Summary,warn,80,2.4,Description does not state the time period covered.,State the years the data covers in the description.
e1f0295b-a0f3-4921-9449-f87cb689c794,Himachal Pradesh Tehsil-Level NDBI Indicators (2019-2024),https://civicdataspace.in/datasets/e1f0295b-a0f3-4921-9449-f87cb689c794,CivicDataLab,1.2 Description / Summary,warn,80,2.4,Description does not state the time period covered.,State the years the data covers in the description.
6b1393ec-4c37-441e-a3b0-4eb90cdec934,Uttar Pradesh Flood Inundation Maps - (2021-2025),https://civicdataspace.in/datasets/6b1393ec-4c37-441e-a3b0-4eb90cdec934,CivicDataLab,1.2 Description / Summary,warn,80,2.4,Description does not state the time period covered.,State the years the data covers in the description.
4c852bf8-99d8-4254-b4b3-26b60e11304e,Odisha Bhuvan Flood Inundation (2021-2025),https://civicdataspace.in/datasets/4c852bf8-99d8-4254-b4b3-26b60e11304e,CivicDataLab,1.2 Description / Summary,warn,80,2.4,Description does not state the time period covered.,State the years the data covers in the description.
2c10ed21-6f6b-4f58-83dc-5406fb048e25,Bihar Sub-District Level Flood Inundation (2021-2025),https://civicdataspace.in/datasets/2c10ed21-6f6b-4f58-83dc-5406fb048e25,CivicDataLab,1.2 Description / Summary,warn,80,2.4,Description does not state the time period covered.,State the years the data covers in the description.
020e2dfa-8036-4533-8ac7-145b91ecee2d,Bharat Maps Odisha,https://civicdataspace.in/datasets/020e2dfa-8036-4533-8ac7-145b91ecee2d,Bharat Maps,1.2 Description / Summary,warn,80,2.4,"Description does not state the periodicity (daily, monthly, annual…). | Description does not state the purpose or intended use.","Mention how often the data is recorded or updated (e.g. 'annual', 'daily'). | Add one line on what the dataset is intended to support."
eef58526-ca04-4732-bd79-c7b655de63ee,Budgets for Justice - Assam,https://civicdataspace.in/datasets/eef58526-ca04-4732-bd79-c7b655de63ee,"FinAssam, Finance Department, Government of Assam",1.2 Description / Summary,warn,80,2.4,"Description does not state the periodicity (daily, monthly, annual…). | Description does not state the purpose or intended use.","Mention how often the data is recorded or updated (e.g. 'annual', 'daily'). | Add one line on what the dataset is intended to support."
30b57b54-fe31-4483-86bb-874900cef050,Uttar Pradesh Subdistrict Level Worldpop Data(2017-2026),https://civicdataspace.in/datasets/30b57b54-fe31-4483-86bb-874900cef050,CivicDataLab,1.2 Description / Summary,warn,80,2.4,Description does not state the time period covered.,State the years the data covers in the description.
f7154703-5460-485f-b753-7b2710865836,Assam Revenue Circle Level Flood Inundation(2015-2025),https://civicdataspace.in/datasets/f7154703-5460-485f-b753-7b2710865836,CivicDataLab,2.5 Units of Measurement,fail,43,2.28,"4/7 measurement columns have no documented unit, e.g. Unnamed: 0, inundation_intensity_mean, inundation_intensity_mean_nonzero, inundation_intensity_sum. | Column descriptions are still the platform's auto-generated placeholders.","Document the unit of every measurement column (name suffix like _mm / _inr_crore, or column description). | Fill in column descriptions on the resource schema, including units."
080356e2-46e5-41cb-a4ed-217d158ccb93,Justices of the Supreme Court of India (1950-2019),https://civicdataspace.in/datasets/080356e2-46e5-41cb-a4ed-217d158ccb93,JusticeHub,2.8 File Naming,fail,45,2.2,"[Attributes] 'attributes.csv' — no time period, no _v{version} suffix. | [Access] 'Access.csv' — not lowercase snake_case, no time period, no _v{version} suffix. | [Data] 'data.csv' — no time period, no _v{version} suffix. | [Biblio] 'biblio.csv' — no time period, no _v{version} suffix. | [Creators] 'creators.csv' — no time period, no _v{version} suffix.","Rename files as {theme}_{region}_{time_period}_v{version}.{format}, e.g. climate_bihar_precipitation_2000_2020_v1.0.csv."
cdaed2cf-782a-4a57-9b67-8f1b43db1b5d,Gender Budget Statement Assam 2018-19 to 2025-26,https://civicdataspace.in/datasets/cdaed2cf-782a-4a57-9b67-8f1b43db1b5d,"FinAssam, Finance Department, Government of Assam",2.8 File Naming,fail,46,2.14,"[GenderBudget_Assam_2025-26.pdf] 'Gender_Budget_statement.pdf' — not lowercase snake_case, no time period, no _v{version} suffix. | [GenderBudget_Assam_2021-22.pdf] 'GenderBudget_Assam_2021-22.pdf' — not lowercase snake_case, no _v{version} suffix. | [GenderBudget_Assam_2023-24.pdf] 'GenderBudget_Assam_2023-24.pdf' — not lowercase snake_case, no _v{version} suffix. | [GenderBudget_Assam_2022-23.pdf] 'GenderBudget_Assam_2022-23.pdf' — not lowercase snake_case, no _v{version} suffix. | [GenderBudget_Assam_2018-19.pdf] 'GenderBudget_Assam_2018-19.pdf' — not lowercase snake_case, no _v{version} suffix. | [GenderBudget_Assam_2024-25.pdf] 'GenderBudget_Assam_2024-25.pdf' — not lowercase snake_case, no _v{version} suffix. | [GenderBudget_Assam_2019-20.pdf] 'GenderBudget_Assam_2019-2020.pdf' — not lowercase snake_case, no _v{version} suffix.","Rename files as {theme}_{region}_{time_period}_v{version}.{format}, e.g. climate_bihar_precipitation_2000_2020_v1.0.csv."
e2e5b52c-3aa5-4448-b532-2e3b5e71b4f1,Mission Antyodaya 2020,https://civicdataspace.in/datasets/e2e5b52c-3aa5-4448-b532-2e3b5e71b4f1,Ministry of Rural Development,2.1 File Format,warn,73,2.14,[Data Description.pdf] PDF is not a machine-readable data format.,Publish the underlying data as CSV/JSON (keep the PDF only as supporting documentation).
4ed10473-9f39-45f9-a990-a5673aac786e,India Justice Report - 2020,https://civicdataspace.in/datasets/4ed10473-9f39-45f9-a990-a5673aac786e,JusticeHub,2.1 File Format,warn,73,2.14,[Indian Justice Report - 2020] PDF is not a machine-readable data format.,Publish the underlying data as CSV/JSON (keep the PDF only as supporting documentation).
cdaed2cf-782a-4a57-9b67-8f1b43db1b5d,Gender Budget Statement Assam 2018-19 to 2025-26,https://civicdataspace.in/datasets/cdaed2cf-782a-4a57-9b67-8f1b43db1b5d,"FinAssam, Finance Department, Government of Assam",1.7 Spatial Coverage / Geography,warn,70,2.1,Title mentions Assam but the geography field does not.,Add Assam to the dataset's geography.
f9725ad8-f55a-481a-8906-84999d32c0e5,KHOJ - Dataset about the judges of the Telangana High Court,https://civicdataspace.in/datasets/f9725ad8-f55a-481a-8906-84999d32c0e5,JusticeHub,1.7 Spatial Coverage / Geography,warn,70,2.1,Title mentions Telangana but the geography field does not.,Add Telangana to the dataset's geography.
08bc89d4-e562-4858-a5f3-415f51fe911d,Annual Reports-Natural Calamities-Odisha,https://civicdataspace.in/datasets/08bc89d4-e562-4858-a5f3-415f51fe911d,Odisha State Disaster Management Authority (OSDMA),2.8 File Naming,fail,48,2.09,"[Annual Report 2021-22] '4vP2yUSqANNUAL_REPORT_ON_NATURAL_CALAMITIES2021-22.pdf' — not lowercase snake_case, no _v{version} suffix. | [Annual Report 2023-24] 'Annual_Report_2023-24.pdf' — not lowercase snake_case, no _v{version} suffix. | [Annual Report 2020-21 ] 'DZF3NXfMAnnual_Report_on_NC_2020-21_-REVISED_1.pdf' — not lowercase snake_case, no _v{version} suffix. | [Annual Report 2019-20] 'JHLGu3hOAnnual_Report_on_NC_2019-20_compressed.pdf' — not lowercase snake_case, no _v{version} suffix. | [Annual Report  2018-19] 'IZQVHTYMAnnual_Report_on_NC_2018-19_compressed.pdf' — not lowercase snake_case, no _v{version} suffix. | [Annual Report 2015-16] 'oF24XdPzAnnualReport2015-16.pdf' — not lowercase snake_case, no _v{version} suffix. | [Annual Report 2014-15] '1igPQJcyAnnualReport2014-15.pdf' — not lowercase snake_case, no _v{version} suffix. | [Annual Report 2013-14] 'dD4aVH69AnnualReport2013-14.pdf' — not lowercase snake_case, no _v{version} suffix. | [Annual Report 2012-13] 'fuxOK3oyAnnual_Report_2012-13_on_NC.pdf' — not lowercase snake_case, no _v{version} suffix. | [Annual Report 2011-12] 'JNHFfzpKANNUAL_REPORT2011-12.pdf' — not lowercase snake_case, no _v{version} suffix. | [Annual Report 2010-11] 'M8pZU9SBANNUAL_REPORT2010-11.pdf' — not lowercase snake_case, no _v{version} suffix. | [Annual Report 2008-09] 'VdaDQw35Natural_Calamities_2008-09.pdf' — not lowercase snake_case, no _v{version} suffix. | [Annual Report 2009-10] '8SY6zEmhAnnual_Report_2009-10.pdf' — not lowercase snake_case, no _v{version} suffix. | [Annual Report 2007-08] 'yB90YhjPNatural_Calamities-2007-08.pdf' — not lowercase snake_case, no _v{version} suffix. | [Annual Report 2006-07] 'X6NCk7ZPAnnual_Report_NC-2006-07.pdf' — not lowercase snake_case, no _v{version} suffix. | [Annual Report 2005-06] 'bn3EBC0zAnnualReport_05-06.pdf' — not lowercase snake_case, no time period, no _v{version} suffix. | [Annual Report 2004-05] 'OsERYrqiAnnual_report_04-05.pdf' — not lowercase snake_case, no time period, no _v{version} suffix. | [Annual Report 2001-02] 'QYdcBq27ANNUAL_REPORT2001-02.pdf' — not lowercase snake_case, no _v{version} suffix. | [Annual Report 2003-04] 'gttyANNUAL_REPORT2003-2004.pdf' — not lowercase snake_case, no _v{version} suffix. | [Annual Report 2002-03] 'gDsldrpXANNUAL_REPORT2002-03.pdf' — not lowercase snake_case, no _v{version} suffix. | [Annual Report 2016-17] '4s76xHaAAnnual_Report_on_Natural_Calmities_for_the_year_201…' — not lowercase snake_case, no _v{version} suffix. | [Annual Report 2022-23] 'p7Ts4Kcj6kZGYqPFAnnual_Report_on_NC_2022-23.pdf' — not lowercase snake_case, no _v{version} suffix. | [Annual Report 2017-18] '1qUvi5DJqP6T87VjAnnual_Report_on_NC_2017-18.pdf' — not lowercase snake_case, no _v{version} suffix.","Rename files as {theme}_{region}_{time_period}_v{version}.{format}, e.g. climate_bihar_precipitation_2000_2020_v1.0.csv."
6f37bc88-2d03-4e2a-8b0f-2f56200744ba,Types of Language Dataset Guide,https://civicdataspace.in/datasets/6f37bc88-2d03-4e2a-8b0f-2f56200744ba,CivicDataLab,1.1 Dataset Title,warn,75,2.0,Title does not mention the time period covered.,"Add the period covered to the title, e.g. '(2000–2020)'."
8e8dbbbb-25de-4247-8dd9-f7d702bb73c0,Dataset Preparation Guidelines,https://civicdataspace.in/datasets/8e8dbbbb-25de-4247-8dd9-f7d702bb73c0,CivicDataLab,1.1 Dataset Title,warn,75,2.0,Title does not mention the time period covered.,"Add the period covered to the title, e.g. '(2000–2020)'."
bb4a8324-a4e6-440a-94ec-6216477abc56,Dataset Onboarding Toolkit,https://civicdataspace.in/datasets/bb4a8324-a4e6-440a-94ec-6216477abc56,CivicDataLab,1.1 Dataset Title,warn,75,2.0,Title does not mention the time period covered.,"Add the period covered to the title, e.g. '(2000–2020)'."
0bdfe6b8-a4d3-4ef3-ad3a-3f8858efdce6,Identifying Language Dataset Guide,https://civicdataspace.in/datasets/0bdfe6b8-a4d3-4ef3-ad3a-3f8858efdce6,CivicDataLab,1.1 Dataset Title,warn,75,2.0,Title does not mention the time period covered.,"Add the period covered to the title, e.g. '(2000–2020)'."
ab1a2463-380e-4150-aed9-e938000e65a7,Mental Health Prompts (Hindi),https://civicdataspace.in/datasets/ab1a2463-380e-4150-aed9-e938000e65a7,CivicDataLab,1.1 Dataset Title,warn,75,2.0,Title does not mention the time period covered.,"Add the period covered to the title, e.g. '(2000–2020)'."
279f0a4d-0ccf-47e0-a7cc-e6f293a58b6e,Himachal Pradesh Tenders,https://civicdataspace.in/datasets/279f0a4d-0ccf-47e0-a7cc-e6f293a58b6e,Himachal Pradesh Tenders,1.1 Dataset Title,warn,75,2.0,Title does not mention the time period covered.,"Add the period covered to the title, e.g. '(2000–2020)'."
7e876e22-af77-40e1-aa97-f47eee3ee56f,District-wise Damage to Public utilities in Punjab from 1968 to 2022 (April to March),https://civicdataspace.in/datasets/7e876e22-af77-40e1-aa97-f47eee3ee56f,Prashasti Yadav,1.1 Dataset Title,warn,75,2.0,Title is 85 characters (limit 60).,Shorten the title to 60 characters or fewer.
7e876e22-af77-40e1-aa97-f47eee3ee56f,District-wise Damage to Public utilities in Punjab from 1968 to 2022 (April to March),https://civicdataspace.in/datasets/7e876e22-af77-40e1-aa97-f47eee3ee56f,Prashasti Yadav,1.3 Publisher / Data Provider,warn,60,2.0,"Published by an individual (Prashasti Yadav), not an organisation.","Publish under the responsible organisation, or name the original data provider in the description."
a3949557-7e54-4c9d-9840-3a652b72117d,District-wise Area affected in Punjab from 1969 to 2022(April to March),https://civicdataspace.in/datasets/a3949557-7e54-4c9d-9840-3a652b72117d,Prashasti Yadav,1.1 Dataset Title,warn,75,2.0,Title is 71 characters (limit 60).,Shorten the title to 60 characters or fewer.
a3949557-7e54-4c9d-9840-3a652b72117d,District-wise Area affected in Punjab from 1969 to 2022(April to March),https://civicdataspace.in/datasets/a3949557-7e54-4c9d-9840-3a652b72117d,Prashasti Yadav,1.3 Publisher / Data Provider,warn,60,2.0,"Published by an individual (Prashasti Yadav), not an organisation.","Publish under the responsible organisation, or name the original data provider in the description."
cb74b5be-b735-4108-bf56-2f67b79c7fc1,Climate and Health Observatory Accelerator Project,https://civicdataspace.in/datasets/cb74b5be-b735-4108-bf56-2f67b79c7fc1,CivicDataLab,1.1 Dataset Title,warn,75,2.0,Title does not mention the time period covered.,"Add the period covered to the title, e.g. '(2000–2020)'."
95ddbc2a-c04c-4802-93c9-90d806b6d56d,HPSDMA Memorandum of Loss and Damage,https://civicdataspace.in/datasets/95ddbc2a-c04c-4802-93c9-90d806b6d56d,Himachal Pradesh State Disaster Management Authority (HPSDMA),2.8 File Naming,warn,50,2.0,"[MoU_LossesAndDamages_monsoon2024] 'MoU_LossesAndDamages_monsoon2024.pdf.pdf' — not lowercase snake_case, no _v{version} suffix. | [MoU_LossesAndDamages_monsoon2023] 'MoU_LossesAndDamages_monsoon2023.pdf.pdf' — not lowercase snake_case, no _v{version} suffix. | [MoU_LossesAndDamages_monsoon2013] 'MoU_LossesAndDamages_monsoon2013.pdf.pdf' — not lowercase snake_case, no _v{version} suffix. | [MoU_LossesAndDamages_monsoon2020] 'MoU_LossesAndDamages_monsoon2020.pdf.pdf' — not lowercase snake_case, no _v{version} suffix. | [MoU_LossesAndDamages_monsoon2022_otherd…] 'MoU_LossesAndDamages_monsoon2022_otherdisasters.pdf.pdf' — not lowercase snake_case, no _v{version} suffix. | [MoU_LossesAndDamages_monsoon2022] 'MoU_LossesAndDamages_monsoon2022.pdf.pdf' — not lowercase snake_case, no _v{version} suffix. | [Department-lossesandDamages_2017-2022] 'Department-lossesandDamages_2017-2022.pdf.pdf' — not lowercase snake_case, no _v{version} suffix.","Rename files as {theme}_{region}_{time_period}_v{version}.{format}, e.g. climate_bihar_precipitation_2000_2020_v1.0.csv."
50079941-ba34-4ae2-b920-a5c4388572eb,Budget At A Glance 2025-26,https://civicdataspace.in/datasets/50079941-ba34-4ae2-b920-a5c4388572eb,Prashasti Yadav,1.3 Publisher / Data Provider,warn,60,2.0,"Published by an individual (Prashasti Yadav), not an organisation.","Publish under the responsible organisation, or name the original data provider in the description."
50079941-ba34-4ae2-b920-a5c4388572eb,Budget At A Glance 2025-26,https://civicdataspace.in/datasets/50079941-ba34-4ae2-b920-a5c4388572eb,Prashasti Yadav,2.8 File Naming,warn,50,2.0,"'Budget_At_A_Glance_2025-26_Punjab.pdf' — not lowercase snake_case, no _v{version} suffix.","Rename files as {theme}_{region}_{time_period}_v{version}.{format}, e.g. climate_bihar_precipitation_2000_2020_v1.0.csv."
0c9dabe3-2c10-413b-a876-d840070d5cc4,District-wise Houses damaged (Private) in Punjab from 1968 to 2022 (April to March),https://civicdataspace.in/datasets/0c9dabe3-2c10-413b-a876-d840070d5cc4,Prashasti Yadav,1.1 Dataset Title,warn,75,2.0,Title is 83 characters (limit 60).,Shorten the title to 60 characters or fewer.
0c9dabe3-2c10-413b-a876-d840070d5cc4,District-wise Houses damaged (Private) in Punjab from 1968 to 2022 (April to March),https://civicdataspace.in/datasets/0c9dabe3-2c10-413b-a876-d840070d5cc4,Prashasti Yadav,1.3 Publisher / Data Provider,warn,60,2.0,"Published by an individual (Prashasti Yadav), not an organisation.","Publish under the responsible organisation, or name the original data provider in the description."
43b62288-5c34-44a1-9433-74bc0ab9ff6f,The 2024 Annual Climate Summary : Global Climate Highlights 2024,https://civicdataspace.in/datasets/43b62288-5c34-44a1-9433-74bc0ab9ff6f,Pasteur Network,1.1 Dataset Title,warn,75,2.0,Title is 64 characters (limit 60).,Shorten the title to 60 characters or fewer.
43b62288-5c34-44a1-9433-74bc0ab9ff6f,The 2024 Annual Climate Summary : Global Climate Highlights 2024,https://civicdataspace.in/datasets/43b62288-5c34-44a1-9433-74bc0ab9ff6f,Pasteur Network,2.8 File Naming,warn,50,2.0,"'Global_Climate_Highlights_2024.pdf' — not lowercase snake_case, no _v{version} suffix.","Rename files as {theme}_{region}_{time_period}_v{version}.{format}, e.g. climate_bihar_precipitation_2000_2020_v1.0.csv."
be93fd4e-2176-40c5-b11c-0141fc6a9e91,CROP-dataset-Odia,https://civicdataspace.in/datasets/be93fd4e-2176-40c5-b11c-0141fc6a9e91,Divitamayee Deogam,1.3 Publisher / Data Provider,warn,60,2.0,"Published by an individual (Divitamayee Deogam), not an organisation.","Publish under the responsible organisation, or name the original data provider in the description."
86da8970-c68b-4da2-ac41-1e796ab05d74,Assamese NLP Dataset Repository,https://civicdataspace.in/datasets/86da8970-c68b-4da2-ac41-1e796ab05d74,Jahnabi Mitra,1.3 Publisher / Data Provider,warn,60,2.0,"Published by an individual (Jahnabi Mitra), not an organisation.","Publish under the responsible organisation, or name the original data provider in the description."
86da8970-c68b-4da2-ac41-1e796ab05d74,Assamese NLP Dataset Repository,https://civicdataspace.in/datasets/86da8970-c68b-4da2-ac41-1e796ab05d74,Jahnabi Mitra,2.8 File Naming,warn,50,2.0,"'assamese.pdf' — no time period, no _v{version} suffix.","Rename files as {theme}_{region}_{time_period}_v{version}.{format}, e.g. climate_bihar_precipitation_2000_2020_v1.0.csv."
bc43b3ef-7300-4db9-83f1-0b3b9ce7d372,District-wise Human Lives lost in Punjab from 1969 to 2022 (April to March),https://civicdataspace.in/datasets/bc43b3ef-7300-4db9-83f1-0b3b9ce7d372,Prashasti Yadav,1.1 Dataset Title,warn,75,2.0,Title is 75 characters (limit 60).,Shorten the title to 60 characters or fewer.
bc43b3ef-7300-4db9-83f1-0b3b9ce7d372,District-wise Human Lives lost in Punjab from 1969 to 2022 (April to March),https://civicdataspace.in/datasets/bc43b3ef-7300-4db9-83f1-0b3b9ce7d372,Prashasti Yadav,1.3 Publisher / Data Provider,warn,60,2.0,"Published by an individual (Prashasti Yadav), not an organisation.","Publish under the responsible organisation, or name the original data provider in the description."
2cc4b1c5-df4e-4332-9d57-2786bfd92352,OdiaNLP NMT Repo,https://civicdataspace.in/datasets/2cc4b1c5-df4e-4332-9d57-2786bfd92352,Divitamayee Deogam,1.3 Publisher / Data Provider,warn,60,2.0,"Published by an individual (Divitamayee Deogam), not an organisation.","Publish under the responsible organisation, or name the original data provider in the description."
69f7f41f-5344-4100-bd7e-56888d303666,CLASSER – Fine-grained NER for Indic Languages,https://civicdataspace.in/datasets/69f7f41f-5344-4100-bd7e-56888d303666,Jahnabi Mitra,1.3 Publisher / Data Provider,warn,60,2.0,"Published by an individual (Jahnabi Mitra), not an organisation.","Publish under the responsible organisation, or name the original data provider in the description."
93ab0b46-54fb-4435-910f-103d51141579,Green-Segregated Tender Dataset Assam 2015-2025 (Till October),https://civicdataspace.in/datasets/93ab0b46-54fb-4435-910f-103d51141579,CivicDataLab,1.1 Dataset Title,warn,75,2.0,Title is 62 characters (limit 60).,Shorten the title to 60 characters or fewer.
d559e5dc-e23e-44c0-8f89-00eb894a0b7b,Asia Pacific health dataset,https://civicdataspace.in/datasets/d559e5dc-e23e-44c0-8f89-00eb894a0b7b,Tarun Aggarwal,1.1 Dataset Title,warn,75,2.0,Title does not mention the time period covered.,"Add the period covered to the title, e.g. '(2000–2020)'."
d559e5dc-e23e-44c0-8f89-00eb894a0b7b,Asia Pacific health dataset,https://civicdataspace.in/datasets/d559e5dc-e23e-44c0-8f89-00eb894a0b7b,Tarun Aggarwal,1.3 Publisher / Data Provider,warn,60,2.0,"Published by an individual (Tarun Aggarwal), not an organisation.","Publish under the responsible organisation, or name the original data provider in the description."
d559e5dc-e23e-44c0-8f89-00eb894a0b7b,Asia Pacific health dataset,https://civicdataspace.in/datasets/d559e5dc-e23e-44c0-8f89-00eb894a0b7b,Tarun Aggarwal,2.8 File Naming,warn,50,2.0,"'asia_pacific_analysis_resource.csv' — no time period, no _v{version} suffix.","Rename files as {theme}_{region}_{time_period}_v{version}.{format}, e.g. climate_bihar_precipitation_2000_2020_v1.0.csv."
61c3e3b0-89bb-466a-b2de-120f0061de2e,Odia Monolingual News Corpus,https://civicdataspace.in/datasets/61c3e3b0-89bb-466a-b2de-120f0061de2e,Divitamayee Deogam,1.1 Dataset Title,warn,75,2.0,Title does not mention the time period covered.,"Add the period covered to the title, e.g. '(2000–2020)'."
61c3e3b0-89bb-466a-b2de-120f0061de2e,Odia Monolingual News Corpus,https://civicdataspace.in/datasets/61c3e3b0-89bb-466a-b2de-120f0061de2e,Divitamayee Deogam,1.3 Publisher / Data Provider,warn,60,2.0,"Published by an individual (Divitamayee Deogam), not an organisation.","Publish under the responsible organisation, or name the original data provider in the description."
5bc5632e-9cb4-411e-b036-8cabaec61619,hindi_odia_dataset,https://civicdataspace.in/datasets/5bc5632e-9cb4-411e-b036-8cabaec61619,Divitamayee Deogam,1.3 Publisher / Data Provider,warn,60,2.0,"Published by an individual (Divitamayee Deogam), not an organisation.","Publish under the responsible organisation, or name the original data provider in the description."
5bc5632e-9cb4-411e-b036-8cabaec61619,hindi_odia_dataset,https://civicdataspace.in/datasets/5bc5632e-9cb4-411e-b036-8cabaec61619,Divitamayee Deogam,2.8 File Naming,warn,50,2.0,"'hindi_odia.xlsx' — no time period, no _v{version} suffix.","Rename files as {theme}_{region}_{time_period}_v{version}.{format}, e.g. climate_bihar_precipitation_2000_2020_v1.0.csv."
9693a4b6-7c24-45c3-800a-92914c5b9714,Assamese ASR Dataset,https://civicdataspace.in/datasets/9693a4b6-7c24-45c3-800a-92914c5b9714,Jahnabi Mitra,1.3 Publisher / Data Provider,warn,60,2.0,"Published by an individual (Jahnabi Mitra), not an organisation.","Publish under the responsible organisation, or name the original data provider in the description."
9a903e52-4db3-4cba-a3d1-cd8a83c45f43,Mental Health Adversarial Prompts (English),https://civicdataspace.in/datasets/9a903e52-4db3-4cba-a3d1-cd8a83c45f43,CivicDataLab,1.1 Dataset Title,warn,75,2.0,Title does not mention the time period covered.,"Add the period covered to the title, e.g. '(2000–2020)'."
e5b6026b-bab9-4850-9835-20c6eb6b70b6,Indic Language Data Registry,https://civicdataspace.in/datasets/e5b6026b-bab9-4850-9835-20c6eb6b70b6,CivicDataLab,1.1 Dataset Title,warn,75,2.0,Title does not mention the time period covered.,"Add the period covered to the title, e.g. '(2000–2020)'."
4ed151c2-3b1a-4177-b66d-b2185a22ec08,Tender value vs IMR District-wise Assam 2018-19 to 2022-23,https://civicdataspace.in/datasets/4ed151c2-3b1a-4177-b66d-b2185a22ec08,CivicDataLab,2.8 File Naming,warn,50,2.0,"'Tendervalue_IMR_districtwise_Assam_2018-19_to_2022-23.csv' — not lowercase snake_case, no _v{version} suffix.","Rename files as {theme}_{region}_{time_period}_v{version}.{format}, e.g. climate_bihar_precipitation_2000_2020_v1.0.csv."
231d1338-60c7-4290-ab47-00df39edb53a,FiNERVINER,https://civicdataspace.in/datasets/231d1338-60c7-4290-ab47-00df39edb53a,Jahnabi Mitra,1.3 Publisher / Data Provider,warn,60,2.0,"Published by an individual (Jahnabi Mitra), not an organisation.","Publish under the responsible organisation, or name the original data provider in the description."
84caefe5-fce4-4d50-9a64-dc8ab57864cf,odia_dataset,https://civicdataspace.in/datasets/84caefe5-fce4-4d50-9a64-dc8ab57864cf,Divitamayee Deogam,1.3 Publisher / Data Provider,warn,60,2.0,"Published by an individual (Divitamayee Deogam), not an organisation.","Publish under the responsible organisation, or name the original data provider in the description."
84caefe5-fce4-4d50-9a64-dc8ab57864cf,odia_dataset,https://civicdataspace.in/datasets/84caefe5-fce4-4d50-9a64-dc8ab57864cf,Divitamayee Deogam,2.8 File Naming,warn,50,2.0,"'odia.xlsx' — no time period, no _v{version} suffix.","Rename files as {theme}_{region}_{time_period}_v{version}.{format}, e.g. climate_bihar_precipitation_2000_2020_v1.0.csv."
509d6195-8e95-4df4-8280-f73c9cd567d4,Odia Structured Dictionary,https://civicdataspace.in/datasets/509d6195-8e95-4df4-8280-f73c9cd567d4,Divitamayee Deogam,1.1 Dataset Title,warn,75,2.0,Title does not mention the time period covered.,"Add the period covered to the title, e.g. '(2000–2020)'."
509d6195-8e95-4df4-8280-f73c9cd567d4,Odia Structured Dictionary,https://civicdataspace.in/datasets/509d6195-8e95-4df4-8280-f73c9cd567d4,Divitamayee Deogam,1.3 Publisher / Data Provider,warn,60,2.0,"Published by an individual (Divitamayee Deogam), not an organisation.","Publish under the responsible organisation, or name the original data provider in the description."
ea8616df-7288-4fb7-8478-22db9338e31e,Dictionary: English Odia word pairs,https://civicdataspace.in/datasets/ea8616df-7288-4fb7-8478-22db9338e31e,Divitamayee Deogam,1.1 Dataset Title,warn,75,2.0,Title does not mention the time period covered.,"Add the period covered to the title, e.g. '(2000–2020)'."
ea8616df-7288-4fb7-8478-22db9338e31e,Dictionary: English Odia word pairs,https://civicdataspace.in/datasets/ea8616df-7288-4fb7-8478-22db9338e31e,Divitamayee Deogam,1.3 Publisher / Data Provider,warn,60,2.0,"Published by an individual (Divitamayee Deogam), not an organisation.","Publish under the responsible organisation, or name the original data provider in the description."
69d31be5-7d82-4b38-b12c-f062af988edf,"State/UT-wise CR, Cases Chargesheeted (CCS), Cases Convicted (CON), Persons Arrested (PAR), PCS and Persons Convicted (PCV) on POCSO Act (Section 4 & 6) r/w Rape (Section 376 IPC) from 2014 to 2016",https://civicdataspace.in/datasets/69d31be5-7d82-4b38-b12c-f062af988edf,Rajya Sabha,2.8 File Naming,warn,50,2.0,"'RS_Session_246_AU_1915.csv' — not lowercase snake_case, no _v{version} suffix.","Rename files as {theme}_{region}_{time_period}_v{version}.{format}, e.g. climate_bihar_precipitation_2000_2020_v1.0.csv."
1b11f9d0-4414-4f64-aa6b-e65074674687,Assamese Mental Health Adversarial Prompts,https://civicdataspace.in/datasets/1b11f9d0-4414-4f64-aa6b-e65074674687,CivicDataLab,1.1 Dataset Title,warn,75,2.0,Title does not mention the time period covered.,"Add the period covered to the title, e.g. '(2000–2020)'."
e29ea52c-d9dc-4aff-8b81-74071f1e4c8e,Divyang Budget_2019-2025,https://civicdataspace.in/datasets/e29ea52c-d9dc-4aff-8b81-74071f1e4c8e,"FinAssam, Finance Department, Government of Assam",2.8 File Naming,warn,50,2.0,"[Divyang Budget_2024-25.pdf] 'Divyang_Budget_2024-25.pdf' — not lowercase snake_case, no _v{version} suffix. | [Divyang Budget_2023-24.pdf] 'Divyang_Budget_2023-24.pdf' — not lowercase snake_case, no _v{version} suffix. | [Divyang Budget_2022-23.pdf] 'Divyang_Budget_2022-23.pdf' — not lowercase snake_case, no _v{version} suffix. | [Divyang Budget_2021-22.pdf] 'Divyang_Budget_2021-22.pdf' — not lowercase snake_case, no _v{version} suffix. | [Divyang Budget_2020-21.pdf] 'Divyang_Budget_2020-21.pdf' — not lowercase snake_case, no _v{version} suffix. | [Divyang Budget_2019-20.pdf] 'Divyang_Budget_2019-20.pdf' — not lowercase snake_case, no _v{version} suffix. | [Divyang Budget_2025-26.pdf] 'Divyang_Budget_2025-26.pdf' — not lowercase snake_case, no _v{version} suffix.","Rename files as {theme}_{region}_{time_period}_v{version}.{format}, e.g. climate_bihar_precipitation_2000_2020_v1.0.csv."
8d780994-644e-4670-9fbc-cf73e06f9858,PahariLi Dataset,https://civicdataspace.in/datasets/8d780994-644e-4670-9fbc-cf73e06f9858,Avantik Zinta,1.1 Dataset Title,warn,75,2.0,Title does not mention the time period covered.,"Add the period covered to the title, e.g. '(2000–2020)'."
8d780994-644e-4670-9fbc-cf73e06f9858,PahariLi Dataset,https://civicdataspace.in/datasets/8d780994-644e-4670-9fbc-cf73e06f9858,Avantik Zinta,1.3 Publisher / Data Provider,warn,60,2.0,"Published by an individual (Avantik Zinta), not an organisation.","Publish under the responsible organisation, or name the original data provider in the description."
d02df76c-7cec-42dc-bed1-beb7b7592bad,Strategy for New India@75 | NITI Aayog | November 2018,https://civicdataspace.in/datasets/d02df76c-7cec-42dc-bed1-beb7b7592bad,Prashasti Yadav,1.3 Publisher / Data Provider,warn,60,2.0,"Published by an individual (Prashasti Yadav), not an organisation.","Publish under the responsible organisation, or name the original data provider in the description."
a4fb3f18-c047-4e7f-8fd3-0179bf01f671,Victim compensation_POSCO_Assam_Nov 2022,https://civicdataspace.in/datasets/a4fb3f18-c047-4e7f-8fd3-0179bf01f671,CivicDataLab,2.8 File Naming,warn,50,2.0,"'Victim_Compensation_Dataset___Assam___Nov_2022.xlsx' — not lowercase snake_case, no _v{version} suffix.","Rename files as {theme}_{region}_{time_period}_v{version}.{format}, e.g. climate_bihar_precipitation_2000_2020_v1.0.csv."
bd187bae-236c-4105-9575-5002fdbdc6c7,Odia News Dataset,https://civicdataspace.in/datasets/bd187bae-236c-4105-9575-5002fdbdc6c7,Divitamayee Deogam,1.1 Dataset Title,warn,75,2.0,Title does not mention the time period covered.,"Add the period covered to the title, e.g. '(2000–2020)'."
bd187bae-236c-4105-9575-5002fdbdc6c7,Odia News Dataset,https://civicdataspace.in/datasets/bd187bae-236c-4105-9575-5002fdbdc6c7,Divitamayee Deogam,1.3 Publisher / Data Provider,warn,60,2.0,"Published by an individual (Divitamayee Deogam), not an organisation.","Publish under the responsible organisation, or name the original data provider in the description."
dac6114c-0c1e-466b-a42c-3f4fe09f8b80,Multilingual Indian Sentiment Data,https://civicdataspace.in/datasets/dac6114c-0c1e-466b-a42c-3f4fe09f8b80,Divitamayee Deogam,1.1 Dataset Title,warn,75,2.0,Title does not mention the time period covered.,"Add the period covered to the title, e.g. '(2000–2020)'."
dac6114c-0c1e-466b-a42c-3f4fe09f8b80,Multilingual Indian Sentiment Data,https://civicdataspace.in/datasets/dac6114c-0c1e-466b-a42c-3f4fe09f8b80,Divitamayee Deogam,1.3 Publisher / Data Provider,warn,60,2.0,"Published by an individual (Divitamayee Deogam), not an organisation.","Publish under the responsible organisation, or name the original data provider in the description."
a59afb9a-7003-4b72-b66f-4cff680a5ebf,Himachal Pradesh Distance from River Indicators (Tehsil Level),https://civicdataspace.in/datasets/a59afb9a-7003-4b72-b66f-4cff680a5ebf,CivicDataLab,2.8 File Naming,warn,50,2.0,"'distance_from_river.csv' — no time period, no _v{version} suffix.","Rename files as {theme}_{region}_{time_period}_v{version}.{format}, e.g. climate_bihar_precipitation_2000_2020_v1.0.csv."
28d9144f-e846-4017-86fc-7af83d078354,NASADEM SRTM Digital Elevation Model,https://civicdataspace.in/datasets/28d9144f-e846-4017-86fc-7af83d078354,NASADEM,2.8 File Naming,warn,50,2.0,"'slope_elevation.csv.csv' — no time period, no _v{version} suffix.","Rename files as {theme}_{region}_{time_period}_v{version}.{format}, e.g. climate_bihar_precipitation_2000_2020_v1.0.csv."
61e361a7-91e2-445a-9558-3c36f946a795,odia-arc,https://civicdataspace.in/datasets/61e361a7-91e2-445a-9558-3c36f946a795,Divitamayee Deogam,1.3 Publisher / Data Provider,warn,60,2.0,"Published by an individual (Divitamayee Deogam), not an organisation.","Publish under the responsible organisation, or name the original data provider in the description."
c3733db2-4060-405c-9aa1-321950b19481,Working Paper | India's Path To Global Leadership | Strategic Imperatives for Viksit Bharat @2047 | April 2025,https://civicdataspace.in/datasets/c3733db2-4060-405c-9aa1-321950b19481,Prashasti Yadav,1.3 Publisher / Data Provider,warn,60,2.0,"Published by an individual (Prashasti Yadav), not an organisation.","Publish under the responsible organisation, or name the original data provider in the description."
c3733db2-4060-405c-9aa1-321950b19481,Working Paper | India's Path To Global Leadership | Strategic Imperatives for Viksit Bharat @2047 | April 2025,https://civicdataspace.in/datasets/c3733db2-4060-405c-9aa1-321950b19481,Prashasti Yadav,2.8 File Naming,warn,50,2.0,"'Strategic_Imperatives_Working_Paper_Apr_4_2025.pdf' — not lowercase snake_case, no _v{version} suffix.","Rename files as {theme}_{region}_{time_period}_v{version}.{format}, e.g. climate_bihar_precipitation_2000_2020_v1.0.csv."
1daed3d7-608d-48bd-a657-4e20fdfddf05,Odia News & Wiki,https://civicdataspace.in/datasets/1daed3d7-608d-48bd-a657-4e20fdfddf05,Divitamayee Deogam,1.3 Publisher / Data Provider,warn,60,2.0,"Published by an individual (Divitamayee Deogam), not an organisation.","Publish under the responsible organisation, or name the original data provider in the description."
533c9497-83d9-41bb-9ada-6190318991b4,Assam Maternal Health,https://civicdataspace.in/datasets/533c9497-83d9-41bb-9ada-6190318991b4,CivicDataLab,1.1 Dataset Title,warn,75,2.0,Title does not mention the time period covered.,"Add the period covered to the title, e.g. '(2000–2020)'."
93a26985-5f8d-447a-b6b3-506e2a70c5c9,MCH Procurement data Assam 2019 to 2025,https://civicdataspace.in/datasets/93a26985-5f8d-447a-b6b3-506e2a70c5c9,CivicDataLab,2.8 File Naming,warn,50,2.0,"[MCH_tenderdata_Assam_2019_to_2025.csv] 'MCH_tenderdata_Assam_2019_to_2025.csv' — not lowercase snake_case, no _v{version} suffix. | [MCH_tenderdata_Assam_2019_to_2025_polyg…] 'MCH_tenderdata_Assam_2019_to_2025_polygons.csv' — not lowercase snake_case, no _v{version} suffix.","Rename files as {theme}_{region}_{time_period}_v{version}.{format}, e.g. climate_bihar_precipitation_2000_2020_v1.0.csv."
1f813c4c-943b-4962-927a-f04bf7da4f7d,OpenSpeaks Voice,https://civicdataspace.in/datasets/1f813c4c-943b-4962-927a-f04bf7da4f7d,Divitamayee Deogam,1.1 Dataset Title,warn,75,2.0,Title does not mention the time period covered.,"Add the period covered to the title, e.g. '(2000–2020)'."
1f813c4c-943b-4962-927a-f04bf7da4f7d,OpenSpeaks Voice,https://civicdataspace.in/datasets/1f813c4c-943b-4962-927a-f04bf7da4f7d,Divitamayee Deogam,1.3 Publisher / Data Provider,warn,60,2.0,"Published by an individual (Divitamayee Deogam), not an organisation.","Publish under the responsible organisation, or name the original data provider in the description."
241897c7-9366-40ce-b8bc-87efa5975105,Odia Wikisource Collection,https://civicdataspace.in/datasets/241897c7-9366-40ce-b8bc-87efa5975105,Divitamayee Deogam,1.1 Dataset Title,warn,75,2.0,Title does not mention the time period covered.,"Add the period covered to the title, e.g. '(2000–2020)'."
241897c7-9366-40ce-b8bc-87efa5975105,Odia Wikisource Collection,https://civicdataspace.in/datasets/241897c7-9366-40ce-b8bc-87efa5975105,Divitamayee Deogam,1.3 Publisher / Data Provider,warn,60,2.0,"Published by an individual (Divitamayee Deogam), not an organisation.","Publish under the responsible organisation, or name the original data provider in the description."
5a97eabf-b3af-4ed7-97bd-8734cc818a26,Snow Mountain Dataset,https://civicdataspace.in/datasets/5a97eabf-b3af-4ed7-97bd-8734cc818a26,Avantik Zinta,1.1 Dataset Title,warn,75,2.0,Title does not mention the time period covered.,"Add the period covered to the title, e.g. '(2000–2020)'."
5a97eabf-b3af-4ed7-97bd-8734cc818a26,Snow Mountain Dataset,https://civicdataspace.in/datasets/5a97eabf-b3af-4ed7-97bd-8734cc818a26,Avantik Zinta,1.3 Publisher / Data Provider,warn,60,2.0,"Published by an individual (Avantik Zinta), not an organisation.","Publish under the responsible organisation, or name the original data provider in the description."
8d04f121-4a0f-4666-af26-e8bc0f67c64c,BiharPublic Procurement Tenders,https://civicdataspace.in/datasets/8d04f121-4a0f-4666-af26-e8bc0f67c64c,CivicDataLab,1.1 Dataset Title,warn,75,2.0,Title does not mention the time period covered.,"Add the period covered to the title, e.g. '(2000–2020)'."
8d04f121-4a0f-4666-af26-e8bc0f67c64c,BiharPublic Procurement Tenders,https://civicdataspace.in/datasets/8d04f121-4a0f-4666-af26-e8bc0f67c64c,CivicDataLab,2.8 File Naming,warn,50,2.0,"'flood_tenders_all.csv' — no time period, no _v{version} suffix.","Rename files as {theme}_{region}_{time_period}_v{version}.{format}, e.g. climate_bihar_precipitation_2000_2020_v1.0.csv."
0458f4d3-d833-4f20-9ffc-83b36d4d4697,Takri Font Dataset,https://civicdataspace.in/datasets/0458f4d3-d833-4f20-9ffc-83b36d4d4697,Avantik Zinta,1.1 Dataset Title,warn,75,2.0,Title does not mention the time period covered.,"Add the period covered to the title, e.g. '(2000–2020)'."
0458f4d3-d833-4f20-9ffc-83b36d4d4697,Takri Font Dataset,https://civicdataspace.in/datasets/0458f4d3-d833-4f20-9ffc-83b36d4d4697,Avantik Zinta,1.3 Publisher / Data Provider,warn,60,2.0,"Published by an individual (Avantik Zinta), not an organisation.","Publish under the responsible organisation, or name the original data provider in the description."
0458f4d3-d833-4f20-9ffc-83b36d4d4697,Takri Font Dataset,https://civicdataspace.in/datasets/0458f4d3-d833-4f20-9ffc-83b36d4d4697,Avantik Zinta,2.5 Units of Measurement,warn,50,2.0,"1/2 measurement columns have no documented unit, e.g. Language(s). | Column descriptions are still the platform's auto-generated placeholders.","Document the unit of every measurement column (name suffix like _mm / _inr_crore, or column description). | Fill in column descriptions on the resource schema, including units."
e7adeb48-b12c-4a23-8606-b2988f447d05,HimVirasat Mandeali Dataset,https://civicdataspace.in/datasets/e7adeb48-b12c-4a23-8606-b2988f447d05,Avantik Zinta,1.1 Dataset Title,warn,75,2.0,Title does not mention the time period covered.,"Add the period covered to the title, e.g. '(2000–2020)'."
e7adeb48-b12c-4a23-8606-b2988f447d05,HimVirasat Mandeali Dataset,https://civicdataspace.in/datasets/e7adeb48-b12c-4a23-8606-b2988f447d05,Avantik Zinta,1.3 Publisher / Data Provider,warn,60,2.0,"Published by an individual (Avantik Zinta), not an organisation.","Publish under the responsible organisation, or name the original data provider in the description."
a4e9f457-8c4b-43c1-8ea7-e0afa666be34,Assam Maternal Health,https://civicdataspace.in/datasets/a4e9f457-8c4b-43c1-8ea7-e0afa666be34,Open Contracting Partnership,1.1 Dataset Title,warn,75,2.0,Title does not mention the time period covered.,"Add the period covered to the title, e.g. '(2000–2020)'."
a4e9f457-8c4b-43c1-8ea7-e0afa666be34,Assam Maternal Health,https://civicdataspace.in/datasets/a4e9f457-8c4b-43c1-8ea7-e0afa666be34,Open Contracting Partnership,2.8 File Naming,warn,50,2.0,"'assam_maternal.csv' — no time period, no _v{version} suffix.","Rename files as {theme}_{region}_{time_period}_v{version}.{format}, e.g. climate_bihar_precipitation_2000_2020_v1.0.csv."
527e7809-5d96-4e66-a527-76636866eafa,Manipuri Handwritten Character Recognition,https://civicdataspace.in/datasets/527e7809-5d96-4e66-a527-76636866eafa,Jahnabi Mitra,1.1 Dataset Title,warn,75,2.0,Title does not mention the time period covered.,"Add the period covered to the title, e.g. '(2000–2020)'."
527e7809-5d96-4e66-a527-76636866eafa,Manipuri Handwritten Character Recognition,https://civicdataspace.in/datasets/527e7809-5d96-4e66-a527-76636866eafa,Jahnabi Mitra,1.3 Publisher / Data Provider,warn,60,2.0,"Published by an individual (Jahnabi Mitra), not an organisation.","Publish under the responsible organisation, or name the original data provider in the description."
1d53def5-cd46-4f0a-b0b9-7f3e669c7062,Mission Antyodaya 2020: Bihar,https://civicdataspace.in/datasets/1d53def5-cd46-4f0a-b0b9-7f3e669c7062,Ministry of Rural Development,2.8 File Naming,warn,50,2.0,"'antyodaya_variables.csv.csv' — no time period, no _v{version} suffix.","Rename files as {theme}_{region}_{time_period}_v{version}.{format}, e.g. climate_bihar_precipitation_2000_2020_v1.0.csv."
f238952e-3e0f-4fa7-8afb-2c0e2b2f698d,Bihar Flood-Related Tenders (Block Geotagged),https://civicdataspace.in/datasets/f238952e-3e0f-4fa7-8afb-2c0e2b2f698d,CivicDataLab,1.1 Dataset Title,warn,75,2.0,Title does not mention the time period covered.,"Add the period covered to the title, e.g. '(2000–2020)'."
f238952e-3e0f-4fa7-8afb-2c0e2b2f698d,Bihar Flood-Related Tenders (Block Geotagged),https://civicdataspace.in/datasets/f238952e-3e0f-4fa7-8afb-2c0e2b2f698d,CivicDataLab,2.8 File Naming,warn,50,2.0,"'floodtenders_blockgeotagged_1.csv' — no time period, no _v{version} suffix.","Rename files as {theme}_{region}_{time_period}_v{version}.{format}, e.g. climate_bihar_precipitation_2000_2020_v1.0.csv."
b4cd4bf9-efb6-4771-bf17-51ee80a148eb,Kinnauri Pahari Dataset,https://civicdataspace.in/datasets/b4cd4bf9-efb6-4771-bf17-51ee80a148eb,Avantik Zinta,1.1 Dataset Title,warn,75,2.0,Title does not mention the time period covered.,"Add the period covered to the title, e.g. '(2000–2020)'."
b4cd4bf9-efb6-4771-bf17-51ee80a148eb,Kinnauri Pahari Dataset,https://civicdataspace.in/datasets/b4cd4bf9-efb6-4771-bf17-51ee80a148eb,Avantik Zinta,1.3 Publisher / Data Provider,warn,60,2.0,"Published by an individual (Avantik Zinta), not an organisation.","Publish under the responsible organisation, or name the original data provider in the description."
501422ec-923b-46d7-a4f2-5333af46331b,Bangkok Budget Details,https://civicdataspace.in/datasets/501422ec-923b-46d7-a4f2-5333af46331b,BMA,1.1 Dataset Title,warn,75,2.0,Title does not mention the time period covered.,"Add the period covered to the title, e.g. '(2000–2020)'."
501422ec-923b-46d7-a4f2-5333af46331b,Bangkok Budget Details,https://civicdataspace.in/datasets/501422ec-923b-46d7-a4f2-5333af46331b,BMA,2.8 File Naming,warn,50,2.0,"'bangkok_budget_1000.csv' — no time period, no _v{version} suffix.","Rename files as {theme}_{region}_{time_period}_v{version}.{format}, e.g. climate_bihar_precipitation_2000_2020_v1.0.csv."
6734a2e0-5295-4bd3-ae5f-7623e2cf1cba,Odia Text Dataset,https://civicdataspace.in/datasets/6734a2e0-5295-4bd3-ae5f-7623e2cf1cba,Divitamayee Deogam,1.1 Dataset Title,warn,75,2.0,Title does not mention the time period covered.,"Add the period covered to the title, e.g. '(2000–2020)'."
6734a2e0-5295-4bd3-ae5f-7623e2cf1cba,Odia Text Dataset,https://civicdataspace.in/datasets/6734a2e0-5295-4bd3-ae5f-7623e2cf1cba,Divitamayee Deogam,1.3 Publisher / Data Provider,warn,60,2.0,"Published by an individual (Divitamayee Deogam), not an organisation.","Publish under the responsible organisation, or name the original data provider in the description."
d7df85a3-9ee3-4d76-b60a-8d3e8bf4a9d7,Odia News Classification,https://civicdataspace.in/datasets/d7df85a3-9ee3-4d76-b60a-8d3e8bf4a9d7,Divitamayee Deogam,1.1 Dataset Title,warn,75,2.0,Title does not mention the time period covered.,"Add the period covered to the title, e.g. '(2000–2020)'."
d7df85a3-9ee3-4d76-b60a-8d3e8bf4a9d7,Odia News Classification,https://civicdataspace.in/datasets/d7df85a3-9ee3-4d76-b60a-8d3e8bf4a9d7,Divitamayee Deogam,1.3 Publisher / Data Provider,warn,60,2.0,"Published by an individual (Divitamayee Deogam), not an organisation.","Publish under the responsible organisation, or name the original data provider in the description."
efcb804b-1e9d-429f-893e-744ce813b82c,HMIS MCH Assam 2022-23,https://civicdataspace.in/datasets/efcb804b-1e9d-429f-893e-744ce813b82c,CivicDataLab,2.8 File Naming,warn,50,2.0,"'HMIS_Mchreport_2022-23_-_Sheet1.csv' — not lowercase snake_case, no _v{version} suffix.","Rename files as {theme}_{region}_{time_period}_v{version}.{format}, e.g. climate_bihar_precipitation_2000_2020_v1.0.csv."
e8cb7d4c-d85a-4a16-b6a5-07f25230104b,Background of Indian Supreme Court Judges,https://civicdataspace.in/datasets/e8cb7d4c-d85a-4a16-b6a5-07f25230104b,JusticeHub,1.1 Dataset Title,warn,75,2.0,Title does not mention the time period covered.,"Add the period covered to the title, e.g. '(2000–2020)'."
2e97e3e2-b19d-4ee4-b5d1-13bb5ce9f0ec,Dogri Dataset,https://civicdataspace.in/datasets/2e97e3e2-b19d-4ee4-b5d1-13bb5ce9f0ec,Avantik Zinta,1.1 Dataset Title,warn,75,2.0,Title does not mention the time period covered.,"Add the period covered to the title, e.g. '(2000–2020)'."
2e97e3e2-b19d-4ee4-b5d1-13bb5ce9f0ec,Dogri Dataset,https://civicdataspace.in/datasets/2e97e3e2-b19d-4ee4-b5d1-13bb5ce9f0ec,Avantik Zinta,1.3 Publisher / Data Provider,warn,60,2.0,"Published by an individual (Avantik Zinta), not an organisation.","Publish under the responsible organisation, or name the original data provider in the description."
8ecb5aa1-cb8d-48ba-99c6-bf6c88df9cce,Assamese agri related farmer queries (CDL Hackathon),https://civicdataspace.in/datasets/8ecb5aa1-cb8d-48ba-99c6-bf6c88df9cce,Thakshak B,1.3 Publisher / Data Provider,warn,60,2.0,"Published by an individual (Thakshak B), not an organisation.","Publish under the responsible organisation, or name the original data provider in the description."
a33c6e71-fd59-4b57-b033-00c9bae34a9a,NASADEM SRTM Digital Elevation Model,https://civicdataspace.in/datasets/a33c6e71-fd59-4b57-b033-00c9bae34a9a,NASADEM,2.8 File Naming,warn,50,2.0,"'bihar_slope_elevation.csv.csv' — no time period, no _v{version} suffix.","Rename files as {theme}_{region}_{time_period}_v{version}.{format}, e.g. climate_bihar_precipitation_2000_2020_v1.0.csv."
b89710f1-2999-4c4b-935c-00184e1d41ed,Assam Embankment Infrastructure Indicators (Revenue Circle Level),https://civicdataspace.in/datasets/b89710f1-2999-4c4b-935c-00184e1d41ed,CivicDataLab,2.8 File Naming,warn,50,2.0,"'embankment_length.csv' — no time period, no _v{version} suffix.","Rename files as {theme}_{region}_{time_period}_v{version}.{format}, e.g. climate_bihar_precipitation_2000_2020_v1.0.csv."
0cfc9ba5-a7b3-49e8-bec9-d4419eaf5031,Assam Heat-Related Tenders (RC-Geotagged),https://civicdataspace.in/datasets/0cfc9ba5-a7b3-49e8-bec9-d4419eaf5031,CivicDataLab,2.5 Units of Measurement,warn,50,2.0,"1/2 measurement columns have no documented unit, e.g. No of Bids Received. | Column descriptions are still the platform's auto-generated placeholders.","Document the unit of every measurement column (name suffix like _mm / _inr_crore, or column description). | Fill in column descriptions on the resource schema, including units."
f89bc070-61f3-4906-928d-3290deb701d3,Object Head Wise Expenditure Report 23-26,https://civicdataspace.in/datasets/f89bc070-61f3-4906-928d-3290deb701d3,"FinAssam, Finance Department, Government of Assam",1.1 Dataset Title,warn,75,2.0,Title does not mention the time period covered.,"Add the period covered to the title, e.g. '(2000–2020)'."
ba4edec4-83c7-4936-9d6d-63a00934f37b,Assamese Poem (কবিতা),https://civicdataspace.in/datasets/ba4edec4-83c7-4936-9d6d-63a00934f37b,Jahnabi Mitra,1.3 Publisher / Data Provider,warn,60,2.0,"Published by an individual (Jahnabi Mitra), not an organisation.","Publish under the responsible organisation, or name the original data provider in the description."
ba4edec4-83c7-4936-9d6d-63a00934f37b,Assamese Poem (কবিতা),https://civicdataspace.in/datasets/ba4edec4-83c7-4936-9d6d-63a00934f37b,Jahnabi Mitra,2.8 File Naming,warn,50,2.0,"'archive.zip' — no time period, no _v{version} suffix.","Rename files as {theme}_{region}_{time_period}_v{version}.{format}, e.g. climate_bihar_precipitation_2000_2020_v1.0.csv."
c3a600db-15f0-4e1a-b93e-c1736483ecf7,Himachal Pradesh Disaster Loss and Damage Indicators (2021-2024),https://civicdataspace.in/datasets/c3a600db-15f0-4e1a-b93e-c1736483ecf7,CivicDataLab,1.1 Dataset Title,warn,75,2.0,Title is 64 characters (limit 60).,Shorten the title to 60 characters or fewer.
c3a600db-15f0-4e1a-b93e-c1736483ecf7,Himachal Pradesh Disaster Loss and Damage Indicators (2021-2024),https://civicdataspace.in/datasets/c3a600db-15f0-4e1a-b93e-c1736483ecf7,CivicDataLab,2.8 File Naming,warn,50,2.0,"'losses_master.csv' — no time period, no _v{version} suffix.","Rename files as {theme}_{region}_{time_period}_v{version}.{format}, e.g. climate_bihar_precipitation_2000_2020_v1.0.csv."
5cd8ca93-a66d-4c04-b90c-73ce5d92d473,A Comprehensive Indian Sign Language ISL Dataset for A to Z Alphabets Using MediaPipe Pose Skeletons,https://civicdataspace.in/datasets/5cd8ca93-a66d-4c04-b90c-73ce5d92d473,Sridhar S,1.3 Publisher / Data Provider,warn,60,2.0,"Published by an individual (Sridhar S), not an organisation.","Publish under the responsible organisation, or name the original data provider in the description."
a8cdabc3-36eb-4974-982c-7514d844cfad,Bangkok 50 district,https://civicdataspace.in/datasets/a8cdabc3-36eb-4974-982c-7514d844cfad,BMA,1.1 Dataset Title,warn,75,2.0,Title does not mention the time period covered.,"Add the period covered to the title, e.g. '(2000–2020)'."
a8cdabc3-36eb-4974-982c-7514d844cfad,Bangkok 50 district,https://civicdataspace.in/datasets/a8cdabc3-36eb-4974-982c-7514d844cfad,BMA,2.8 File Naming,warn,50,2.0,"'bangkok_50_districts.csv' — no time period, no _v{version} suffix.","Rename files as {theme}_{region}_{time_period}_v{version}.{format}, e.g. climate_bihar_precipitation_2000_2020_v1.0.csv."
c8340221-9438-42d8-9713-bb65bd040712,Microsoft PARIKSHA,https://civicdataspace.in/datasets/c8340221-9438-42d8-9713-bb65bd040712,Saesha Parekh,1.3 Publisher / Data Provider,warn,60,2.0,"Published by an individual (Saesha Parekh), not an organisation.","Publish under the responsible organisation, or name the original data provider in the description."
c8340221-9438-42d8-9713-bb65bd040712,Microsoft PARIKSHA,https://civicdataspace.in/datasets/c8340221-9438-42d8-9713-bb65bd040712,Saesha Parekh,2.8 File Naming,warn,50,2.0,"'pariskha_prompts_combined.csv' — no time period, no _v{version} suffix.","Rename files as {theme}_{region}_{time_period}_v{version}.{format}, e.g. climate_bihar_precipitation_2000_2020_v1.0.csv."
c23ab16a-f389-46d1-b405-2a9096811cf5,District wise MCH Procurement data of Assam - 2019 to 2025,https://civicdataspace.in/datasets/c23ab16a-f389-46d1-b405-2a9096811cf5,CivicDataLab,2.8 File Naming,warn,50,2.0,"'mch_procurement_districtwise_Assam2019_to_2025.csv' — not lowercase snake_case, no _v{version} suffix.","Rename files as {theme}_{region}_{time_period}_v{version}.{format}, e.g. climate_bihar_precipitation_2000_2020_v1.0.csv."
7667fe2b-0d20-402c-bd20-8dbd8b30b441,New dataset 09 Dec 2025 - 09:25:41,https://civicdataspace.in/datasets/7667fe2b-0d20-402c-bd20-8dbd8b30b441,CivicDataLab,2.8 File Naming,warn,50,2.0,"'HMIS_Mchreport_2022-23_-_Sheet1.csv' — not lowercase snake_case, no _v{version} suffix.","Rename files as {theme}_{region}_{time_period}_v{version}.{format}, e.g. climate_bihar_precipitation_2000_2020_v1.0.csv."
ac79af61-4a76-45f0-aef0-79d29856b628,Assam Heat- Related Public Procurement Tenders,https://civicdataspace.in/datasets/ac79af61-4a76-45f0-aef0-79d29856b628,CivicDataLab,1.1 Dataset Title,warn,75,2.0,Title does not mention the time period covered.,"Add the period covered to the title, e.g. '(2000–2020)'."
ac79af61-4a76-45f0-aef0-79d29856b628,Assam Heat- Related Public Procurement Tenders,https://civicdataspace.in/datasets/ac79af61-4a76-45f0-aef0-79d29856b628,CivicDataLab,2.5 Units of Measurement,warn,50,2.0,"1/2 measurement columns have no documented unit, e.g. No of Bids Received. | Column descriptions are still the platform's auto-generated placeholders.","Document the unit of every measurement column (name suffix like _mm / _inr_crore, or column description). | Fill in column descriptions on the resource schema, including units."
ac79af61-4a76-45f0-aef0-79d29856b628,Assam Heat- Related Public Procurement Tenders,https://civicdataspace.in/datasets/ac79af61-4a76-45f0-aef0-79d29856b628,CivicDataLab,2.8 File Naming,warn,50,2.0,"'heat_tenders_all.csv' — no time period, no _v{version} suffix.","Rename files as {theme}_{region}_{time_period}_v{version}.{format}, e.g. climate_bihar_precipitation_2000_2020_v1.0.csv."
37418952-42b5-4253-a8b8-bb7b0f4a4fe3,Himachal Pradesh Public Procurement Tenders,https://civicdataspace.in/datasets/37418952-42b5-4253-a8b8-bb7b0f4a4fe3,CivicDataLab,1.1 Dataset Title,warn,75,2.0,Title does not mention the time period covered.,"Add the period covered to the title, e.g. '(2000–2020)'."
37418952-42b5-4253-a8b8-bb7b0f4a4fe3,Himachal Pradesh Public Procurement Tenders,https://civicdataspace.in/datasets/37418952-42b5-4253-a8b8-bb7b0f4a4fe3,CivicDataLab,2.5 Units of Measurement,warn,50,2.0,"1/2 measurement columns have no documented unit, e.g. No of Bids Received. | Column descriptions are still the platform's auto-generated placeholders.","Document the unit of every measurement column (name suffix like _mm / _inr_crore, or column description). | Fill in column descriptions on the resource schema, including units."
37418952-42b5-4253-a8b8-bb7b0f4a4fe3,Himachal Pradesh Public Procurement Tenders,https://civicdataspace.in/datasets/37418952-42b5-4253-a8b8-bb7b0f4a4fe3,CivicDataLab,2.8 File Naming,warn,50,2.0,"'all_tenders.csv' — no time period, no _v{version} suffix.","Rename files as {theme}_{region}_{time_period}_v{version}.{format}, e.g. climate_bihar_precipitation_2000_2020_v1.0.csv."
4cf485b0-d49a-4ead-b7f8-b565dd1f1f92,Assam Flood-Related Tenders (Revenue Circle Geotagged),https://civicdataspace.in/datasets/4cf485b0-d49a-4ead-b7f8-b565dd1f1f92,CivicDataLab,1.1 Dataset Title,warn,75,2.0,Title does not mention the time period covered.,"Add the period covered to the title, e.g. '(2000–2020)'."
9c994a5a-92d2-46cb-8139-1b3e9a0d97dd,Handbook on Fisheries Statistics,https://civicdataspace.in/datasets/9c994a5a-92d2-46cb-8139-1b3e9a0d97dd,"Department of Fisheries, Government of India",1.1 Dataset Title,warn,75,2.0,Title does not mention the time period covered.,"Add the period covered to the title, e.g. '(2000–2020)'."
0681f7e5-a38c-454e-b76f-01ae1b840d20,XL-Sum Dataset,https://civicdataspace.in/datasets/0681f7e5-a38c-454e-b76f-01ae1b840d20,Jahnabi Mitra,1.3 Publisher / Data Provider,warn,60,2.0,"Published by an individual (Jahnabi Mitra), not an organisation.","Publish under the responsible organisation, or name the original data provider in the description."
71529257-d58b-462f-895f-a182c44c0a2b,New dataset 06 Oct 2025 - 09:41:07,https://civicdataspace.in/datasets/71529257-d58b-462f-895f-a182c44c0a2b,Himachal Pradesh State Disaster Management Authority (HPSDMA),2.8 File Naming,warn,50,2.0,"'Last_5_Year_Losses_due_to_Various_Disaster_in_Himachal_Prad…' — not lowercase snake_case, no _v{version} suffix.","Rename files as {theme}_{region}_{time_period}_v{version}.{format}, e.g. climate_bihar_precipitation_2000_2020_v1.0.csv."
3e6f107d-0201-4492-825c-373bab4753c6,SDG Report_NER,https://civicdataspace.in/datasets/3e6f107d-0201-4492-825c-373bab4753c6,Niti Aayog,2.8 File Naming,warn,50,2.0,"[NER_SDG_Index_NITI_2021-22.pdf] 'NER_SDG_Index_NITI_2021-22.pdf' — not lowercase snake_case, no _v{version} suffix. | [SDG-NER-Report_2023-24.pdf] 'SDG-NER-Report_2023-24.pdf' — not lowercase snake_case, no _v{version} suffix.","Rename files as {theme}_{region}_{time_period}_v{version}.{format}, e.g. climate_bihar_precipitation_2000_2020_v1.0.csv."
f7129164-0a29-4500-b135-d6f10128f770,Microsoft: PARIKSHA,https://civicdataspace.in/datasets/f7129164-0a29-4500-b135-d6f10128f770,CivicDataLab,2.8 File Naming,warn,50,2.0,"'pariskha_prompts_combined.csv' — no time period, no _v{version} suffix.","Rename files as {theme}_{region}_{time_period}_v{version}.{format}, e.g. climate_bihar_precipitation_2000_2020_v1.0.csv."
bc2e34ba-21ce-496e-8462-518bdb0965db,Himachal Pradesh Flood-Related Tenders (District Geotagged),https://civicdataspace.in/datasets/bc2e34ba-21ce-496e-8462-518bdb0965db,CivicDataLab,1.1 Dataset Title,warn,75,2.0,Title does not mention the time period covered.,"Add the period covered to the title, e.g. '(2000–2020)'."
bc2e34ba-21ce-496e-8462-518bdb0965db,Himachal Pradesh Flood-Related Tenders (District Geotagged),https://civicdataspace.in/datasets/bc2e34ba-21ce-496e-8462-518bdb0965db,CivicDataLab,2.8 File Naming,warn,50,2.0,"'floodtenders_districtgeotagged.csv' — no time period, no _v{version} suffix.","Rename files as {theme}_{region}_{time_period}_v{version}.{format}, e.g. climate_bihar_precipitation_2000_2020_v1.0.csv."
8e553b1d-0f02-46b4-9b78-f658d4d8494c,SpeeD-TB - Kokborok,https://civicdataspace.in/datasets/8e553b1d-0f02-46b4-9b78-f658d4d8494c,Sridhar S,1.3 Publisher / Data Provider,warn,60,2.0,"Published by an individual (Sridhar S), not an organisation.","Publish under the responsible organisation, or name the original data provider in the description."
8e553b1d-0f02-46b4-9b78-f658d4d8494c,SpeeD-TB - Kokborok,https://civicdataspace.in/datasets/8e553b1d-0f02-46b4-9b78-f658d4d8494c,Sridhar S,2.8 File Naming,warn,50,2.0,"'kokborok_metadata.json' — no time period, no _v{version} suffix.","Rename files as {theme}_{region}_{time_period}_v{version}.{format}, e.g. climate_bihar_precipitation_2000_2020_v1.0.csv."
edc944e7-b7bd-4c49-8ecf-1ec582ad1aa9,Assam NASADEM Elevation (Revenue Circle Level),https://civicdataspace.in/datasets/edc944e7-b7bd-4c49-8ecf-1ec582ad1aa9,CivicDataLab,2.8 File Naming,warn,50,2.0,"'elevation.csv' — no time period, no _v{version} suffix.","Rename files as {theme}_{region}_{time_period}_v{version}.{format}, e.g. climate_bihar_precipitation_2000_2020_v1.0.csv."
1c1861a1-9c48-4cf2-9e70-eba4e13c156b,Mahasuvi Pahari Dataset,https://civicdataspace.in/datasets/1c1861a1-9c48-4cf2-9e70-eba4e13c156b,Avantik Zinta,1.1 Dataset Title,warn,75,2.0,Title does not mention the time period covered.,"Add the period covered to the title, e.g. '(2000–2020)'."
1c1861a1-9c48-4cf2-9e70-eba4e13c156b,Mahasuvi Pahari Dataset,https://civicdataspace.in/datasets/1c1861a1-9c48-4cf2-9e70-eba4e13c156b,Avantik Zinta,1.3 Publisher / Data Provider,warn,60,2.0,"Published by an individual (Avantik Zinta), not an organisation.","Publish under the responsible organisation, or name the original data provider in the description."
8bb66216-3b5c-45bd-825a-55da0fbcc082,MLRD-20 Marathi Lip Reading,https://civicdataspace.in/datasets/8bb66216-3b5c-45bd-825a-55da0fbcc082,Sridhar S,1.3 Publisher / Data Provider,warn,60,2.0,"Published by an individual (Sridhar S), not an organisation.","Publish under the responsible organisation, or name the original data provider in the description."
8bb66216-3b5c-45bd-825a-55da0fbcc082,MLRD-20 Marathi Lip Reading,https://civicdataspace.in/datasets/8bb66216-3b5c-45bd-825a-55da0fbcc082,Sridhar S,2.8 File Naming,warn,50,2.0,"'annotation.csv' — no time period, no _v{version} suffix.","Rename files as {theme}_{region}_{time_period}_v{version}.{format}, e.g. climate_bihar_precipitation_2000_2020_v1.0.csv."
4b5248fe-28fc-45eb-982f-2332d4c9e108,Himachal Pradesh Tehsil Level IMD Rainfall Inidcators (2018-2026),https://civicdataspace.in/datasets/4b5248fe-28fc-45eb-982f-2332d4c9e108,CivicDataLab,2.8 File Naming,warn,50,2.0,"'imd_rainfall_combined.csv' — no time period, no _v{version} suffix.","Rename files as {theme}_{region}_{time_period}_v{version}.{format}, e.g. climate_bihar_precipitation_2000_2020_v1.0.csv."
51f55dbc-61e7-4b40-bd85-850bedec1e04,Child Budget -2018-2024,https://civicdataspace.in/datasets/51f55dbc-61e7-4b40-bd85-850bedec1e04,CivicDataLab,2.8 File Naming,warn,50,2.0,"[Child_Budget-Assam-2018-2019.pdf] 'Child_Budget_2019-20.pdf' — not lowercase snake_case, no _v{version} suffix. | [Child_Budget-Assam-2019-20.pdf] 'Child_Budget_2020-21.pdf' — not lowercase snake_case, no _v{version} suffix. | [Child_Budget-Assam-2023-24.pdf] 'Child_Budget_2023-24.pdf' — not lowercase snake_case, no _v{version} suffix. | [Child_Budget-Assam-2022-23.pdf] 'Child_Budget_2022-23.pdf' — not lowercase snake_case, no _v{version} suffix. | [Child_Budget-Assam-2021-22.pdf] 'Child_Budget_2021-22.pdf' — not lowercase snake_case, no _v{version} suffix. | [Child_Budget-Assam-2020-21.pdf] 'Child_Budget_2020-21.pdf' — not lowercase snake_case, no _v{version} suffix.","Rename files as {theme}_{region}_{time_period}_v{version}.{format}, e.g. climate_bihar_precipitation_2000_2020_v1.0.csv."
2a3c1abf-f767-481a-a7af-5b448ce72cb5,Assam Public Procurement Tenders,https://civicdataspace.in/datasets/2a3c1abf-f767-481a-a7af-5b448ce72cb5,CivicDataLab,1.1 Dataset Title,warn,75,2.0,Title does not mention the time period covered.,"Add the period covered to the title, e.g. '(2000–2020)'."
2a3c1abf-f767-481a-a7af-5b448ce72cb5,Assam Public Procurement Tenders,https://civicdataspace.in/datasets/2a3c1abf-f767-481a-a7af-5b448ce72cb5,CivicDataLab,2.5 Units of Measurement,warn,50,2.0,"1/2 measurement columns have no documented unit, e.g. No of Bids Received.","Document the unit of every measurement column (name suffix like _mm / _inr_crore, or column description)."
2a3c1abf-f767-481a-a7af-5b448ce72cb5,Assam Public Procurement Tenders,https://civicdataspace.in/datasets/2a3c1abf-f767-481a-a7af-5b448ce72cb5,CivicDataLab,2.8 File Naming,warn,50,2.0,"'all_tenders.csv' — no time period, no _v{version} suffix.","Rename files as {theme}_{region}_{time_period}_v{version}.{format}, e.g. climate_bihar_precipitation_2000_2020_v1.0.csv."
22baa45a-6ff4-4ea7-bfe6-5f3d28a6c2db,Odisha Public Procurement Tenders,https://civicdataspace.in/datasets/22baa45a-6ff4-4ea7-bfe6-5f3d28a6c2db,CivicDataLab,1.1 Dataset Title,warn,75,2.0,Title does not mention the time period covered.,"Add the period covered to the title, e.g. '(2000–2020)'."
22baa45a-6ff4-4ea7-bfe6-5f3d28a6c2db,Odisha Public Procurement Tenders,https://civicdataspace.in/datasets/22baa45a-6ff4-4ea7-bfe6-5f3d28a6c2db,CivicDataLab,2.5 Units of Measurement,warn,50,2.0,"1/2 measurement columns have no documented unit, e.g. No of Bids Received. | Column descriptions are still the platform's auto-generated placeholders.","Document the unit of every measurement column (name suffix like _mm / _inr_crore, or column description). | Fill in column descriptions on the resource schema, including units."
22baa45a-6ff4-4ea7-bfe6-5f3d28a6c2db,Odisha Public Procurement Tenders,https://civicdataspace.in/datasets/22baa45a-6ff4-4ea7-bfe6-5f3d28a6c2db,CivicDataLab,2.8 File Naming,warn,50,2.0,"'odisha_all.csv' — no time period, no _v{version} suffix.","Rename files as {theme}_{region}_{time_period}_v{version}.{format}, e.g. climate_bihar_precipitation_2000_2020_v1.0.csv."
e7ddf347-a353-4135-a96f-7543e2202fc5,Odisha Flood-Related Tenders (Block Geotagged),https://civicdataspace.in/datasets/e7ddf347-a353-4135-a96f-7543e2202fc5,CivicDataLab,1.1 Dataset Title,warn,75,2.0,Title does not mention the time period covered.,"Add the period covered to the title, e.g. '(2000–2020)'."
e7ddf347-a353-4135-a96f-7543e2202fc5,Odisha Flood-Related Tenders (Block Geotagged),https://civicdataspace.in/datasets/e7ddf347-a353-4135-a96f-7543e2202fc5,CivicDataLab,2.8 File Naming,warn,50,2.0,"'floodtenders_blockgeotagged.csv' — no time period, no _v{version} suffix.","Rename files as {theme}_{region}_{time_period}_v{version}.{format}, e.g. climate_bihar_precipitation_2000_2020_v1.0.csv."
38dd6319-efe2-44ad-a4cf-98dd98611a67,Kangri-Hindi Dataset,https://civicdataspace.in/datasets/38dd6319-efe2-44ad-a4cf-98dd98611a67,Avantik Zinta,1.1 Dataset Title,warn,75,2.0,Title does not mention the time period covered.,"Add the period covered to the title, e.g. '(2000–2020)'."
38dd6319-efe2-44ad-a4cf-98dd98611a67,Kangri-Hindi Dataset,https://civicdataspace.in/datasets/38dd6319-efe2-44ad-a4cf-98dd98611a67,Avantik Zinta,1.3 Publisher / Data Provider,warn,60,2.0,"Published by an individual (Avantik Zinta), not an organisation.","Publish under the responsible organisation, or name the original data provider in the description."
a162dcf9-1297-4fe8-be91-84e74547561a,Child Budget 2018-2025,https://civicdataspace.in/datasets/a162dcf9-1297-4fe8-be91-84e74547561a,"FinAssam, Finance Department, Government of Assam",2.8 File Naming,warn,50,2.0,"[Child Budget 2018-2019.pdf] 'Child_Budget_2018-2019.pdf' — not lowercase snake_case, no _v{version} suffix. | [Child Budget 2020-21.pdf] 'Child_Budget_2020-21.pdf' — not lowercase snake_case, no _v{version} suffix. | [Child Budget 2021-22.pdf] 'Child_Budget_2021-22.pdf' — not lowercase snake_case, no _v{version} suffix. | [Child Budget 2022-23.pdf] 'Child_Budget_2022-23.pdf' — not lowercase snake_case, no _v{version} suffix. | [Child Budget 2025-26.pdf] 'Child_Budget_2025-26.pdf' — not lowercase snake_case, no _v{version} suffix. | [Child Budget 2019-20.pdf] 'Child_Budget_2019-20.pdf' — not lowercase snake_case, no _v{version} suffix. | [Child Budget 2023-24.pdf] 'Child_Budget_2023-24.pdf' — not lowercase snake_case, no _v{version} suffix.","Rename files as {theme}_{region}_{time_period}_v{version}.{format}, e.g. climate_bihar_precipitation_2000_2020_v1.0.csv."
44669ce4-a85d-4d88-bab3-893f08a61edd,Pali,https://civicdataspace.in/datasets/44669ce4-a85d-4d88-bab3-893f08a61edd,Sridhar S,1.1 Dataset Title,warn,75,2.0,Title does not mention the time period covered.,"Add the period covered to the title, e.g. '(2000–2020)'."
44669ce4-a85d-4d88-bab3-893f08a61edd,Pali,https://civicdataspace.in/datasets/44669ce4-a85d-4d88-bab3-893f08a61edd,Sridhar S,1.3 Publisher / Data Provider,warn,60,2.0,"Published by an individual (Sridhar S), not an organisation.","Publish under the responsible organisation, or name the original data provider in the description."
88be5d92-ac1d-4305-9280-1b4f3595c1ce,IMR District-wise Assam 2018-19 to 2022-23,https://civicdataspace.in/datasets/88be5d92-ac1d-4305-9280-1b4f3595c1ce,CivicDataLab,2.8 File Naming,warn,50,2.0,"'IME_districtwise_Assam_2018-19_to_2022-23.csv' — not lowercase snake_case, no _v{version} suffix.","Rename files as {theme}_{region}_{time_period}_v{version}.{format}, e.g. climate_bihar_precipitation_2000_2020_v1.0.csv."
3dae89d2-a3b5-4dad-8dff-858a2576f3af,Revenue & Receipts 2018-26,https://civicdataspace.in/datasets/3dae89d2-a3b5-4dad-8dff-858a2576f3af,"FinAssam, Finance Department, Government of Assam",2.8 File Naming,warn,50,2.0,"[Revenue & Receipts 2019-20.pdf] 'Revenue__Receipts_2019-20.pdf' — not lowercase snake_case, no _v{version} suffix. | [Revenue & Receipts 2020-21.pdf] 'Revenue__Receipts_2020-21.pdf' — not lowercase snake_case, no _v{version} suffix. | [Revenue & Receipts 2021-22.pdf] 'Revenue__Receipts_2021-22.pdf' — not lowercase snake_case, no _v{version} suffix. | [Revenue & Receipts 2022-23.pdf] 'Revenue__Receipts_2022-23.pdf' — not lowercase snake_case, no _v{version} suffix. | [Revenue & Receipts 2023-24.pdf] 'Revenue__Receipts_2023-24.pdf' — not lowercase snake_case, no _v{version} suffix. | [Revenue & Receipts 2024-25.pdf] 'Revenue__Receipts_2024-25.pdf' — not lowercase snake_case, no _v{version} suffix. | [Revenue & Receipts 2025-26.pdf] 'Revenue__Receipts_2025-26.pdf' — not lowercase snake_case, no _v{version} suffix. | [Revenue & Receipts 2018-2019.pdf] 'Revenue__Receipts_2018-2019.pdf' — not lowercase snake_case, no _v{version} suffix.","Rename files as {theme}_{region}_{time_period}_v{version}.{format}, e.g. climate_bihar_precipitation_2000_2020_v1.0.csv."
86006661-704a-43c9-bb66-1c2d6ca018b4,Odisha Surface Runoff Indicators (Block Level),https://civicdataspace.in/datasets/86006661-704a-43c9-bb66-1c2d6ca018b4,CivicDataLab,1.1 Dataset Title,warn,75,2.0,Title does not mention the time period covered.,"Add the period covered to the title, e.g. '(2000–2020)'."
86006661-704a-43c9-bb66-1c2d6ca018b4,Odisha Surface Runoff Indicators (Block Level),https://civicdataspace.in/datasets/86006661-704a-43c9-bb66-1c2d6ca018b4,CivicDataLab,2.8 File Naming,warn,50,2.0,"'runoff_combined.csv' — no time period, no _v{version} suffix.","Rename files as {theme}_{region}_{time_period}_v{version}.{format}, e.g. climate_bihar_precipitation_2000_2020_v1.0.csv."
9dad8108-41e6-4dcd-b012-8ef638d127ce,Open Odia Corpus,https://civicdataspace.in/datasets/9dad8108-41e6-4dcd-b012-8ef638d127ce,Divitamayee Deogam,1.1 Dataset Title,warn,75,2.0,Title does not mention the time period covered.,"Add the period covered to the title, e.g. '(2000–2020)'."
9dad8108-41e6-4dcd-b012-8ef638d127ce,Open Odia Corpus,https://civicdataspace.in/datasets/9dad8108-41e6-4dcd-b012-8ef638d127ce,Divitamayee Deogam,1.3 Publisher / Data Provider,warn,60,2.0,"Published by an individual (Divitamayee Deogam), not an organisation.","Publish under the responsible organisation, or name the original data provider in the description."
594e7709-6ec4-4362-bf8e-57b0fd13bdeb,Mission Antyodaya 2020,https://civicdataspace.in/datasets/594e7709-6ec4-4362-bf8e-57b0fd13bdeb,Ministry of Rural Development,2.8 File Naming,warn,50,2.0,"[MissionAntyodaya2020_Odisha_untaggedRC] 'MissionAntyodaya2020_Odisha_untaggedRC.csv.csv' — not lowercase snake_case, no _v{version} suffix. | [antyodaya_variable] 'antyodaya_variables.csv_1.csv' — no time period, no _v{version} suffix.","Rename files as {theme}_{region}_{time_period}_v{version}.{format}, e.g. climate_bihar_precipitation_2000_2020_v1.0.csv."
90dfe131-3fcc-41dc-8486-ea2319c53c12,Bhuvan,https://civicdataspace.in/datasets/90dfe131-3fcc-41dc-8486-ea2319c53c12,Bhuvan,1.1 Dataset Title,warn,75,2.0,Title does not mention the time period covered.,"Add the period covered to the title, e.g. '(2000–2020)'."
74c46595-4731-4d84-aa12-4083862bc942,Assam DRIMS Flood Impact and Response Indicators(2021-2026),https://civicdataspace.in/datasets/74c46595-4731-4d84-aa12-4083862bc942,CivicDataLab,2.8 File Naming,warn,50,2.0,"'drims_master.csv' — no time period, no _v{version} suffix.","Rename files as {theme}_{region}_{time_period}_v{version}.{format}, e.g. climate_bihar_precipitation_2000_2020_v1.0.csv."
512a94f2-84fa-4a57-b354-4eb6332f5556,SpeeD-TB - Meitei,https://civicdataspace.in/datasets/512a94f2-84fa-4a57-b354-4eb6332f5556,Sridhar S,1.3 Publisher / Data Provider,warn,60,2.0,"Published by an individual (Sridhar S), not an organisation.","Publish under the responsible organisation, or name the original data provider in the description."
512a94f2-84fa-4a57-b354-4eb6332f5556,SpeeD-TB - Meitei,https://civicdataspace.in/datasets/512a94f2-84fa-4a57-b354-4eb6332f5556,Sridhar S,2.8 File Naming,warn,50,2.0,"'meitei_metadata.json' — no time period, no _v{version} suffix.","Rename files as {theme}_{region}_{time_period}_v{version}.{format}, e.g. climate_bihar_precipitation_2000_2020_v1.0.csv."
182dfc61-4dc4-47fe-bf58-e168aa4aacab,Assam GCN250 Population Density Indicators (Revenue Circle Level),https://civicdataspace.in/datasets/182dfc61-4dc4-47fe-bf58-e168aa4aacab,CivicDataLab,2.8 File Naming,warn,50,2.0,"'gcn250_dry_rc.csv' — no time period, no _v{version} suffix.","Rename files as {theme}_{region}_{time_period}_v{version}.{format}, e.g. climate_bihar_precipitation_2000_2020_v1.0.csv."
3b4970ba-beb7-461c-915b-618535fd52a8,Himachal Pradesh GCN250 Population Density Indicators (Tehsil Level),https://civicdataspace.in/datasets/3b4970ba-beb7-461c-915b-618535fd52a8,CivicDataLab,2.8 File Naming,warn,50,2.0,"'gcn250_average_rc.csv' — no time period, no _v{version} suffix.","Rename files as {theme}_{region}_{time_period}_v{version}.{format}, e.g. climate_bihar_precipitation_2000_2020_v1.0.csv."
df69e9e5-43fd-441c-89e7-71e5d0b11427,"Climate Change Claims in Bangla, Odia, Assamese",https://civicdataspace.in/datasets/df69e9e5-43fd-441c-89e7-71e5d0b11427,Jahnabi Mitra,1.1 Dataset Title,warn,75,2.0,Title does not mention the time period covered.,"Add the period covered to the title, e.g. '(2000–2020)'."
df69e9e5-43fd-441c-89e7-71e5d0b11427,"Climate Change Claims in Bangla, Odia, Assamese",https://civicdataspace.in/datasets/df69e9e5-43fd-441c-89e7-71e5d0b11427,Jahnabi Mitra,1.3 Publisher / Data Provider,warn,60,2.0,"Published by an individual (Jahnabi Mitra), not an organisation.","Publish under the responsible organisation, or name the original data provider in the description."
f03bd4b0-8b7c-4bb4-b3e5-da6a0a572f86,Kangri Dataset,https://civicdataspace.in/datasets/f03bd4b0-8b7c-4bb4-b3e5-da6a0a572f86,Avantik Zinta,1.1 Dataset Title,warn,75,2.0,Title does not mention the time period covered.,"Add the period covered to the title, e.g. '(2000–2020)'."
f03bd4b0-8b7c-4bb4-b3e5-da6a0a572f86,Kangri Dataset,https://civicdataspace.in/datasets/f03bd4b0-8b7c-4bb4-b3e5-da6a0a572f86,Avantik Zinta,1.3 Publisher / Data Provider,warn,60,2.0,"Published by an individual (Avantik Zinta), not an organisation.","Publish under the responsible organisation, or name the original data provider in the description."
4a54faa4-fd58-4cb9-b8ea-5cdf446a987f,HMIS child health Report Assam 2018-20,https://civicdataspace.in/datasets/4a54faa4-fd58-4cb9-b8ea-5cdf446a987f,CivicDataLab,2.8 File Naming,warn,50,2.0,"'HIMS_Childhealth_Report_Assam_2018-20_-_Sheet1.csv' — not lowercase snake_case, no _v{version} suffix.","Rename files as {theme}_{region}_{time_period}_v{version}.{format}, e.g. climate_bihar_precipitation_2000_2020_v1.0.csv."
e63bc17f-61e7-456c-b009-a7a0b4bd3143,Odisha GCN250 Population Density Indicators (Block Level),https://civicdataspace.in/datasets/e63bc17f-61e7-456c-b009-a7a0b4bd3143,CivicDataLab,2.8 File Naming,warn,50,2.0,"'gcn250_average_rc.csv' — no time period, no _v{version} suffix.","Rename files as {theme}_{region}_{time_period}_v{version}.{format}, e.g. climate_bihar_precipitation_2000_2020_v1.0.csv."
b8f28492-b865-46cd-82d6-b5a501179739,Odisha Drainage Density,https://civicdataspace.in/datasets/b8f28492-b865-46cd-82d6-b5a501179739,CivicDataLab,1.1 Dataset Title,warn,75,2.0,Title does not mention the time period covered.,"Add the period covered to the title, e.g. '(2000–2020)'."
b8f28492-b865-46cd-82d6-b5a501179739,Odisha Drainage Density,https://civicdataspace.in/datasets/b8f28492-b865-46cd-82d6-b5a501179739,CivicDataLab,2.8 File Naming,warn,50,2.0,"'drainage.csv' — no time period, no _v{version} suffix.","Rename files as {theme}_{region}_{time_period}_v{version}.{format}, e.g. climate_bihar_precipitation_2000_2020_v1.0.csv."
360e8cff-50ff-4dfa-b78a-8125116a7cab,"Child Population by Residence and Sex & Child Sex Ratio of Sikkim, 2011",https://civicdataspace.in/datasets/360e8cff-50ff-4dfa-b78a-8125116a7cab,Census of India,2.5 Units of Measurement,warn,50,2.0,"3/6 measurement columns have no documented unit, e.g. Absolute - Total, Absolute - Rural, Absolute - Urban. | Column descriptions are still the platform's auto-generated placeholders.","Document the unit of every measurement column (name suffix like _mm / _inr_crore, or column description). | Fill in column descriptions on the resource schema, including units."
360e8cff-50ff-4dfa-b78a-8125116a7cab,"Child Population by Residence and Sex & Child Sex Ratio of Sikkim, 2011",https://civicdataspace.in/datasets/360e8cff-50ff-4dfa-b78a-8125116a7cab,Census of India,2.8 File Naming,warn,50,2.0,"'ChildPopulationbyResidenceandSexRatio2011_1_0.csv' — not lowercase snake_case, no _v{version} suffix.","Rename files as {theme}_{region}_{time_period}_v{version}.{format}, e.g. climate_bihar_precipitation_2000_2020_v1.0.csv."
ba892c22-6d06-4c11-b3e2-ac21c9f5a9f8,Natural Calamities Data Odisha 2022-23,https://civicdataspace.in/datasets/ba892c22-6d06-4c11-b3e2-ac21c9f5a9f8,Aashi Srivastava,1.3 Publisher / Data Provider,warn,60,2.0,"Published by an individual (Aashi Srivastava), not an organisation.","Publish under the responsible organisation, or name the original data provider in the description."
ba892c22-6d06-4c11-b3e2-ac21c9f5a9f8,Natural Calamities Data Odisha 2022-23,https://civicdataspace.in/datasets/ba892c22-6d06-4c11-b3e2-ac21c9f5a9f8,Aashi Srivastava,2.8 File Naming,warn,50,2.0,"'6kZGYqPFAnnual_Report_on_NC_2022-23.pdf' — not lowercase snake_case, no _v{version} suffix.","Rename files as {theme}_{region}_{time_period}_v{version}.{format}, e.g. climate_bihar_precipitation_2000_2020_v1.0.csv."
316b848d-fc5e-44ac-bb46-523b98a2893c,Mission Antodaya -Uttar Pradesh(Subdistrict Level),https://civicdataspace.in/datasets/316b848d-fc5e-44ac-bb46-523b98a2893c,CivicDataLab,1.1 Dataset Title,warn,75,2.0,Title does not mention the time period covered.,"Add the period covered to the title, e.g. '(2000–2020)'."
316b848d-fc5e-44ac-bb46-523b98a2893c,Mission Antodaya -Uttar Pradesh(Subdistrict Level),https://civicdataspace.in/datasets/316b848d-fc5e-44ac-bb46-523b98a2893c,CivicDataLab,2.8 File Naming,warn,50,2.0,"'antyodaya_variables.csv' — no time period, no _v{version} suffix.","Rename files as {theme}_{region}_{time_period}_v{version}.{format}, e.g. climate_bihar_precipitation_2000_2020_v1.0.csv."
0fe407db-7204-4c3b-8478-a02ebe060f20,Himachal Pradesh Mission Antyodaya,https://civicdataspace.in/datasets/0fe407db-7204-4c3b-8478-a02ebe060f20,CivicDataLab,1.1 Dataset Title,warn,75,2.0,Title does not mention the time period covered.,"Add the period covered to the title, e.g. '(2000–2020)'."
0fe407db-7204-4c3b-8478-a02ebe060f20,Himachal Pradesh Mission Antyodaya,https://civicdataspace.in/datasets/0fe407db-7204-4c3b-8478-a02ebe060f20,CivicDataLab,2.8 File Naming,warn,50,2.0,"'antyodaya_variables.csv' — no time period, no _v{version} suffix.","Rename files as {theme}_{region}_{time_period}_v{version}.{format}, e.g. climate_bihar_precipitation_2000_2020_v1.0.csv."
d93c5e86-39f8-4d22-90a6-cec7c940c322,Odisha Heat-Related Tenders (Block Geotagged),https://civicdataspace.in/datasets/d93c5e86-39f8-4d22-90a6-cec7c940c322,CivicDataLab,1.1 Dataset Title,warn,75,2.0,Title does not mention the time period covered.,"Add the period covered to the title, e.g. '(2000–2020)'."
d93c5e86-39f8-4d22-90a6-cec7c940c322,Odisha Heat-Related Tenders (Block Geotagged),https://civicdataspace.in/datasets/d93c5e86-39f8-4d22-90a6-cec7c940c322,CivicDataLab,2.8 File Naming,warn,50,2.0,"'heattenders_blockgeotagged.csv' — no time period, no _v{version} suffix.","Rename files as {theme}_{region}_{time_period}_v{version}.{format}, e.g. climate_bihar_precipitation_2000_2020_v1.0.csv."
08bc89d4-e562-4858-a5f3-415f51fe911d,Annual Reports-Natural Calamities-Odisha,https://civicdataspace.in/datasets/08bc89d4-e562-4858-a5f3-415f51fe911d,Odisha State Disaster Management Authority (OSDMA),1.1 Dataset Title,warn,75,2.0,Title does not mention the time period covered.,"Add the period covered to the title, e.g. '(2000–2020)'."
52ddf9a2-5452-403b-9d50-b359206a80c6,Uttar Pradesh Tenders,https://civicdataspace.in/datasets/52ddf9a2-5452-403b-9d50-b359206a80c6,CivicDataLab,1.1 Dataset Title,warn,75,2.0,Title does not mention the time period covered.,"Add the period covered to the title, e.g. '(2000–2020)'."
52ddf9a2-5452-403b-9d50-b359206a80c6,Uttar Pradesh Tenders,https://civicdataspace.in/datasets/52ddf9a2-5452-403b-9d50-b359206a80c6,CivicDataLab,2.8 File Naming,warn,50,2.0,"'all.csv' — no time period, no _v{version} suffix.","Rename files as {theme}_{region}_{time_period}_v{version}.{format}, e.g. climate_bihar_precipitation_2000_2020_v1.0.csv."
f07c7047-3f08-484c-bc73-331084ca0b24,New dataset 31 Aug 2026 - 09:12:20,https://civicdataspace.in/datasets/f07c7047-3f08-484c-bc73-331084ca0b24,Nikil Augustine,1.3 Publisher / Data Provider,warn,60,2.0,"Published by an individual (Nikil Augustine), not an organisation.","Publish under the responsible organisation, or name the original data provider in the description."
f9725ad8-f55a-481a-8906-84999d32c0e5,KHOJ - Dataset about the judges of the Telangana High Court,https://civicdataspace.in/datasets/f9725ad8-f55a-481a-8906-84999d32c0e5,JusticeHub,2.8 File Naming,warn,50,2.0,"'khoj_telangana.csv' — no time period, no _v{version} suffix.","Rename files as {theme}_{region}_{time_period}_v{version}.{format}, e.g. climate_bihar_precipitation_2000_2020_v1.0.csv."
3eb1fad4-a8f8-4c4f-b89f-f0a435d370da,Assamese Wikimedia Corpus,https://civicdataspace.in/datasets/3eb1fad4-a8f8-4c4f-b89f-f0a435d370da,Jahnabi Mitra,1.1 Dataset Title,warn,75,2.0,Title does not mention the time period covered.,"Add the period covered to the title, e.g. '(2000–2020)'."
3eb1fad4-a8f8-4c4f-b89f-f0a435d370da,Assamese Wikimedia Corpus,https://civicdataspace.in/datasets/3eb1fad4-a8f8-4c4f-b89f-f0a435d370da,Jahnabi Mitra,1.3 Publisher / Data Provider,warn,60,2.0,"Published by an individual (Jahnabi Mitra), not an organisation.","Publish under the responsible organisation, or name the original data provider in the description."
3eb1fad4-a8f8-4c4f-b89f-f0a435d370da,Assamese Wikimedia Corpus,https://civicdataspace.in/datasets/3eb1fad4-a8f8-4c4f-b89f-f0a435d370da,Jahnabi Mitra,2.8 File Naming,warn,50,2.0,"'assamese_wikipedia.jsonl.zip' — no time period, no _v{version} suffix.","Rename files as {theme}_{region}_{time_period}_v{version}.{format}, e.g. climate_bihar_precipitation_2000_2020_v1.0.csv."
ded8759e-a5af-4a72-8dfa-bc49ee0e6242,Uttar Pradesh Flood-Related Tenders (District Geotagged),https://civicdataspace.in/datasets/ded8759e-a5af-4a72-8dfa-bc49ee0e6242,CivicDataLab,1.1 Dataset Title,warn,75,2.0,Title does not mention the time period covered.,"Add the period covered to the title, e.g. '(2000–2020)'."
ded8759e-a5af-4a72-8dfa-bc49ee0e6242,Uttar Pradesh Flood-Related Tenders (District Geotagged),https://civicdataspace.in/datasets/ded8759e-a5af-4a72-8dfa-bc49ee0e6242,CivicDataLab,2.8 File Naming,warn,50,2.0,"'floodtenders_districtgeotagged.csv' — no time period, no _v{version} suffix.","Rename files as {theme}_{region}_{time_period}_v{version}.{format}, e.g. climate_bihar_precipitation_2000_2020_v1.0.csv."
7c776a76-a128-4a9d-9ea5-a33b4b63a57f,TamilCOCO,https://civicdataspace.in/datasets/7c776a76-a128-4a9d-9ea5-a33b4b63a57f,Sridhar S,1.1 Dataset Title,warn,75,2.0,Title does not mention the time period covered.,"Add the period covered to the title, e.g. '(2000–2020)'."
7c776a76-a128-4a9d-9ea5-a33b4b63a57f,TamilCOCO,https://civicdataspace.in/datasets/7c776a76-a128-4a9d-9ea5-a33b4b63a57f,Sridhar S,1.3 Publisher / Data Provider,warn,60,2.0,"Published by an individual (Sridhar S), not an organisation.","Publish under the responsible organisation, or name the original data provider in the description."
ebca0d4a-2df7-46ae-a315-640bce23968a,Odisha Distance from River,https://civicdataspace.in/datasets/ebca0d4a-2df7-46ae-a315-640bce23968a,CivicDataLab,1.1 Dataset Title,warn,75,2.0,Title does not mention the time period covered.,"Add the period covered to the title, e.g. '(2000–2020)'."
ebca0d4a-2df7-46ae-a315-640bce23968a,Odisha Distance from River,https://civicdataspace.in/datasets/ebca0d4a-2df7-46ae-a315-640bce23968a,CivicDataLab,2.8 File Naming,warn,50,2.0,"'distance_from_river.csv' — no time period, no _v{version} suffix.","Rename files as {theme}_{region}_{time_period}_v{version}.{format}, e.g. climate_bihar_precipitation_2000_2020_v1.0.csv."
fa08be7f-9647-462b-8fc1-d218211271da,New dataset 03 Jul 2026 - 10:01:00,https://civicdataspace.in/datasets/fa08be7f-9647-462b-8fc1-d218211271da,Mihika Wakhloo,1.3 Publisher / Data Provider,warn,60,2.0,"Published by an individual (Mihika Wakhloo), not an organisation.","Publish under the responsible organisation, or name the original data provider in the description."
fa08be7f-9647-462b-8fc1-d218211271da,New dataset 03 Jul 2026 - 10:01:00,https://civicdataspace.in/datasets/fa08be7f-9647-462b-8fc1-d218211271da,Mihika Wakhloo,2.8 File Naming,warn,50,2.0,"'National_Family_Health_Survey_NFHS-6_2023-2024_Fact_Sheets.…' — not lowercase snake_case, no _v{version} suffix.","Rename files as {theme}_{region}_{time_period}_v{version}.{format}, e.g. climate_bihar_precipitation_2000_2020_v1.0.csv."
1301d1a0-d8e9-414a-b406-b87a31a2d880,Odisha Heat-Related Public Procurement Tenders,https://civicdataspace.in/datasets/1301d1a0-d8e9-414a-b406-b87a31a2d880,CivicDataLab,1.1 Dataset Title,warn,75,2.0,Title does not mention the time period covered.,"Add the period covered to the title, e.g. '(2000–2020)'."
1301d1a0-d8e9-414a-b406-b87a31a2d880,Odisha Heat-Related Public Procurement Tenders,https://civicdataspace.in/datasets/1301d1a0-d8e9-414a-b406-b87a31a2d880,CivicDataLab,2.5 Units of Measurement,warn,50,2.0,"1/2 measurement columns have no documented unit, e.g. No of Bids Received. | Column descriptions are still the platform's auto-generated placeholders.","Document the unit of every measurement column (name suffix like _mm / _inr_crore, or column description). | Fill in column descriptions on the resource schema, including units."
1301d1a0-d8e9-414a-b406-b87a31a2d880,Odisha Heat-Related Public Procurement Tenders,https://civicdataspace.in/datasets/1301d1a0-d8e9-414a-b406-b87a31a2d880,CivicDataLab,2.8 File Naming,warn,50,2.0,"'heat_tenders_all.csv' — no time period, no _v{version} suffix.","Rename files as {theme}_{region}_{time_period}_v{version}.{format}, e.g. climate_bihar_precipitation_2000_2020_v1.0.csv."
bfa3e73b-893e-4f9b-b9de-11c26f7a229e,Assam IMD Subdistrict-Level  Rainfall(2018-2026),https://civicdataspace.in/datasets/bfa3e73b-893e-4f9b-b9de-11c26f7a229e,CivicDataLab,2.8 File Naming,warn,50,2.0,"'imd_rainfall_combined.csv' — no time period, no _v{version} suffix.","Rename files as {theme}_{region}_{time_period}_v{version}.{format}, e.g. climate_bihar_precipitation_2000_2020_v1.0.csv."
42a03126-8f44-4962-948c-209c1a8ae459,Uttar Pradesh NASADEM Elevation,https://civicdataspace.in/datasets/42a03126-8f44-4962-948c-209c1a8ae459,CivicDataLab,2.8 File Naming,warn,50,2.0,"'elevation.csv' — no time period, no _v{version} suffix.","Rename files as {theme}_{region}_{time_period}_v{version}.{format}, e.g. climate_bihar_precipitation_2000_2020_v1.0.csv."
8dd7c6af-6c52-48e0-9daa-75ff7b8c0e89,Himachal Pradesh Bharat Maps,https://civicdataspace.in/datasets/8dd7c6af-6c52-48e0-9daa-75ff7b8c0e89,CivicDataLab,1.1 Dataset Title,warn,75,2.0,Title does not mention the time period covered.,"Add the period covered to the title, e.g. '(2000–2020)'."
7d35734f-6a09-43d5-a553-e4231f586544,Himachal Pradesh Tehsil-Level NDVI Indicators(2019-2024),https://civicdataspace.in/datasets/7d35734f-6a09-43d5-a553-e4231f586544,CivicDataLab,2.8 File Naming,warn,50,2.0,"'ndvi_subdis_combined.csv' — no time period, no _v{version} suffix.","Rename files as {theme}_{region}_{time_period}_v{version}.{format}, e.g. climate_bihar_precipitation_2000_2020_v1.0.csv."
35b5184d-13c9-44db-99f1-59406f5bf78b,Funds Released under Child Protection Services from 2016-17 to 2018-19,https://civicdataspace.in/datasets/35b5184d-13c9-44db-99f1-59406f5bf78b,Rajya Sabha,1.1 Dataset Title,warn,75,2.0,Title is 70 characters (limit 60).,Shorten the title to 60 characters or fewer.
fa2570a0-ee85-4e45-b2ca-e1b881ccece3,Demand for Estimates General Administration,https://civicdataspace.in/datasets/fa2570a0-ee85-4e45-b2ca-e1b881ccece3,Finance Department Himachal Pradesh,1.1 Dataset Title,warn,75,2.0,Title does not mention the time period covered.,"Add the period covered to the title, e.g. '(2000–2020)'."
d4291706-0a9a-4063-b2ea-de840dc14a40,Imphal Municipal Corporation: Budget Summary Statement,https://civicdataspace.in/datasets/d4291706-0a9a-4063-b2ea-de840dc14a40,Imphal Municipal Corporation,1.1 Dataset Title,warn,75,2.0,Title does not mention the time period covered.,"Add the period covered to the title, e.g. '(2000–2020)'."
71382798-d3fe-4ce3-b0f0-5e0e8b0ad136,Gandhinagar Municipal Corporation: Budget Summary Statement,https://civicdataspace.in/datasets/71382798-d3fe-4ce3-b0f0-5e0e8b0ad136,Gandhinagar Municipal Corporation,1.1 Dataset Title,warn,75,2.0,Title does not mention the time period covered.,"Add the period covered to the title, e.g. '(2000–2020)'."
43c6cbce-70ca-41e9-94fe-c55c8b6b4056,Bihar Sub-District Level IMD Rainfall (2018-2026),https://civicdataspace.in/datasets/43c6cbce-70ca-41e9-94fe-c55c8b6b4056,CivicDataLab,2.8 File Naming,warn,50,2.0,"'imd_rainfall_combined.csv' — no time period, no _v{version} suffix.","Rename files as {theme}_{region}_{time_period}_v{version}.{format}, e.g. climate_bihar_precipitation_2000_2020_v1.0.csv."
3cc57bb1-7713-4538-935a-c69e06bf8bf5,Odisha NDVI Indicators (2019-2023),https://civicdataspace.in/datasets/3cc57bb1-7713-4538-935a-c69e06bf8bf5,CivicDataLab,2.8 File Naming,warn,50,2.0,"'ndvi_combined.csv' — no time period, no _v{version} suffix.","Rename files as {theme}_{region}_{time_period}_v{version}.{format}, e.g. climate_bihar_precipitation_2000_2020_v1.0.csv."
16eda4f3-78fa-4702-833f-da332458792c,Bihar Bharat Maps Infrastructure Indicators (Subdistrict Level),https://civicdataspace.in/datasets/16eda4f3-78fa-4702-833f-da332458792c,CivicDataLab,2.5 Units of Measurement,warn,50,2.0,"2/4 measurement columns have no documented unit, e.g. rail_length, road_length. | Column descriptions are still the platform's auto-generated placeholders.","Document the unit of every measurement column (name suffix like _mm / _inr_crore, or column description). | Fill in column descriptions on the resource schema, including units."
37d070d1-74e9-4c1c-809d-bd78ef930079,English to Assamese Dataset,https://civicdataspace.in/datasets/37d070d1-74e9-4c1c-809d-bd78ef930079,Jahnabi Mitra,1.1 Dataset Title,warn,75,2.0,Title does not mention the time period covered.,"Add the period covered to the title, e.g. '(2000–2020)'."
37d070d1-74e9-4c1c-809d-bd78ef930079,English to Assamese Dataset,https://civicdataspace.in/datasets/37d070d1-74e9-4c1c-809d-bd78ef930079,Jahnabi Mitra,1.3 Publisher / Data Provider,warn,60,2.0,"Published by an individual (Jahnabi Mitra), not an organisation.","Publish under the responsible organisation, or name the original data provider in the description."
37d070d1-74e9-4c1c-809d-bd78ef930079,English to Assamese Dataset,https://civicdataspace.in/datasets/37d070d1-74e9-4c1c-809d-bd78ef930079,Jahnabi Mitra,2.8 File Naming,warn,50,2.0,"'asmm_engg.csv' — no time period, no _v{version} suffix.","Rename files as {theme}_{region}_{time_period}_v{version}.{format}, e.g. climate_bihar_precipitation_2000_2020_v1.0.csv."
179c950b-ce16-4271-b62d-75d98f20a858,Mission Antyodaya 2020,https://civicdataspace.in/datasets/179c950b-ce16-4271-b62d-75d98f20a858,Ministry of Rural Development,2.8 File Naming,warn,50,2.0,"'antyodaya_variables.csv.csv' — no time period, no _v{version} suffix.","Rename files as {theme}_{region}_{time_period}_v{version}.{format}, e.g. climate_bihar_precipitation_2000_2020_v1.0.csv."
57de123e-2e73-4d9d-a91e-24210fcfc32e,State/UT wise Enrolment of students  by Gender 2021-22,https://civicdataspace.in/datasets/57de123e-2e73-4d9d-a91e-24210fcfc32e,"Dept. of School Education and Literacy, Ministry of Education",2.8 File Naming,warn,50,2.0,"'UDISE_2021_22_Table_5.9_0.csv' — not lowercase snake_case, no _v{version} suffix.","Rename files as {theme}_{region}_{time_period}_v{version}.{format}, e.g. climate_bihar_precipitation_2000_2020_v1.0.csv."
1c1d7e48-83ce-4756-93b6-e7fa3e896cee,IndicSafe,https://civicdataspace.in/datasets/1c1d7e48-83ce-4756-93b6-e7fa3e896cee,CivicDataLab,1.1 Dataset Title,warn,75,2.0,Title does not mention the time period covered.,"Add the period covered to the title, e.g. '(2000–2020)'."
df5f4a6e-9115-4d49-8ee6-d5d2da0fec55,Bharat Maps,https://civicdataspace.in/datasets/df5f4a6e-9115-4d49-8ee6-d5d2da0fec55,Bharat Maps,1.1 Dataset Title,warn,75,2.0,Title does not mention the time period covered.,"Add the period covered to the title, e.g. '(2000–2020)'."
df5f4a6e-9115-4d49-8ee6-d5d2da0fec55,Bharat Maps,https://civicdataspace.in/datasets/df5f4a6e-9115-4d49-8ee6-d5d2da0fec55,Bharat Maps,2.5 Units of Measurement,warn,50,2.0,"2/4 measurement columns have no documented unit, e.g. rail_length, road_length. | Column descriptions are still the platform's auto-generated placeholders.","Document the unit of every measurement column (name suffix like _mm / _inr_crore, or column description). | Fill in column descriptions on the resource schema, including units."
b6090b4f-e18c-4e19-8beb-828d89d39fa5,HMIS IMR Assam 2022-23,https://civicdataspace.in/datasets/b6090b4f-e18c-4e19-8beb-828d89d39fa5,CivicDataLab,2.8 File Naming,warn,50,2.0,"'HIMS_IMR_Assam_2022-23_-_Sheet1.csv' — not lowercase snake_case, no _v{version} suffix.","Rename files as {theme}_{region}_{time_period}_v{version}.{format}, e.g. climate_bihar_precipitation_2000_2020_v1.0.csv."
af53626b-0e3f-4161-a35c-6e779567751f,Vijayawada Municipal Corporation: Budget Summary Statement,https://civicdataspace.in/datasets/af53626b-0e3f-4161-a35c-6e779567751f,Vijayawada Municipal Corporation,1.1 Dataset Title,warn,75,2.0,Title does not mention the time period covered.,"Add the period covered to the title, e.g. '(2000–2020)'."
14f28519-8039-4531-b1aa-6bf72f8aece2,Bangkok Fire and Other Disaster Management Report,https://civicdataspace.in/datasets/14f28519-8039-4531-b1aa-6bf72f8aece2,BMA,1.1 Dataset Title,warn,75,2.0,Title does not mention the time period covered.,"Add the period covered to the title, e.g. '(2000–2020)'."
14f28519-8039-4531-b1aa-6bf72f8aece2,Bangkok Fire and Other Disaster Management Report,https://civicdataspace.in/datasets/14f28519-8039-4531-b1aa-6bf72f8aece2,BMA,2.8 File Naming,warn,50,2.0,"'bangkok_fire_and_other_disaster_management_report.csv' — no time period, no _v{version} suffix.","Rename files as {theme}_{region}_{time_period}_v{version}.{format}, e.g. climate_bihar_precipitation_2000_2020_v1.0.csv."
3e86e623-17d7-4527-9932-d0156f99e79e,Green Budget 2023-26,https://civicdataspace.in/datasets/3e86e623-17d7-4527-9932-d0156f99e79e,"FinAssam, Finance Department, Government of Assam",2.8 File Naming,warn,50,2.0,"[green-budget-2024-25 (1).pdf] 'green-budget-2024-25_1.pdf' — not lowercase snake_case, no _v{version} suffix. | [Green Budget 2023-24.pdf] 'Green_Budget_2023-24.pdf' — not lowercase snake_case, no _v{version} suffix. | [Green Budget 2025-26.pdf] 'Green_Budget_2025-26.pdf' — not lowercase snake_case, no _v{version} suffix.","Rename files as {theme}_{region}_{time_period}_v{version}.{format}, e.g. climate_bihar_precipitation_2000_2020_v1.0.csv."
d954cb3c-22fd-41b6-a0c4-54ab2fc553f0,Outcome Budget 2018-2026,https://civicdataspace.in/datasets/d954cb3c-22fd-41b6-a0c4-54ab2fc553f0,"FinAssam, Finance Department, Government of Assam",2.8 File Naming,warn,50,2.0,"[Outcome Budget 2018-19.pdf] 'Outcome_Budget_2018-19.pdf' — not lowercase snake_case, no _v{version} suffix. | [Outcome Budget 2021-22.pdf] 'Outcome_Budget_2021-22.pdf' — not lowercase snake_case, no _v{version} suffix. | [Outcome Budget 2022-23.pdf] 'Outcome_Budget_2022-23.pdf' — not lowercase snake_case, no _v{version} suffix. | [Outcome Budget 2023-24.pdf] 'Outcome_Budget_2023-24.pdf' — not lowercase snake_case, no _v{version} suffix. | [Outcome Budget 2025-26.pdf] 'Outcome_Budget_2025-26.pdf' — not lowercase snake_case, no _v{version} suffix. | [Outcome Budget 2019-20.pdf] 'Outcome_Budget_2019-20.pdf' — not lowercase snake_case, no _v{version} suffix. | [Outcome Budget 2020-21.pdf] 'Outcome_Budget_2020-21.pdf' — not lowercase snake_case, no _v{version} suffix. | [Outcome Budget 2024-25.pdf] 'Outcome_Budget_2024-25.pdf' — not lowercase snake_case, no _v{version} suffix.","Rename files as {theme}_{region}_{time_period}_v{version}.{format}, e.g. climate_bihar_precipitation_2000_2020_v1.0.csv."
46badaef-63cc-431e-8fc0-345c663b4ed4,Himachal Pradesh Budget Data - Department Wise 2025-26,https://civicdataspace.in/datasets/46badaef-63cc-431e-8fc0-345c663b4ed4,Finance Department Himachal Pradesh,2.8 File Naming,warn,50,2.0,"[Road & Water Transport BE 2025-26.pdf] 'Road__Water_Transport_BE_2025-26.pdf' — not lowercase snake_case, no _v{version} suffix. | [Power Development BE 2025-26.pdf] 'Power_Development_BE_2025-26.pdf' — not lowercase snake_case, no _v{version} suffix. | [Health and Family Welfare BE 2025-26.pdf] 'Health_and_Family_Welfare_BE_2025-26.pdf' — not lowercase snake_case, no _v{version} suffix. | [Land Revenue and District Administratio…] 'Land_Revenue_and_District_Administration_BE_2025-26.pdf' — not lowercase snake_case, no _v{version} suffix. | [Agriculture BE 2025-26.pdf] 'Agriculture_BE_2025-26.pdf' — not lowercase snake_case, no _v{version} suffix. | [Jal Shakti Vibhag BE 2025-26.pdf] 'Jal_Shakti_Vibhag_BE_2025-26.pdf' — not lowercase snake_case, no _v{version} suffix. | [Urban Development BE 2025-26.pdf] 'Urban_Development_BE_2025-26.pdf' — not lowercase snake_case, no _v{version} suffix. | [Forest and Wildlife BE 2025-26.pdf] 'Forest_and_Wildlife_BE_2025-26.pdf' — not lowercase snake_case, no _v{version} suffix. | [Rural Development BE 2025-26 (Including…] 'Rural_Development_BE_2025-26_Including_Panchayati_Raj_Depar…' — not lowercase snake_case, no _v{version} suffix.","Rename files as {theme}_{region}_{time_period}_v{version}.{format}, e.g. climate_bihar_precipitation_2000_2020_v1.0.csv."
8f0f26d9-5147-42ae-9220-0a6ec9b81da0,Pending Cases in India,https://civicdataspace.in/datasets/8f0f26d9-5147-42ae-9220-0a6ec9b81da0,JusticeHub,1.1 Dataset Title,warn,75,2.0,Title does not mention the time period covered.,"Add the period covered to the title, e.g. '(2000–2020)'."
f12065ab-4cbe-4a19-b7fd-aea17fc28448,Himachal Pradesh Tehsil-Level Surface Runoff(2021-2025),https://civicdataspace.in/datasets/f12065ab-4cbe-4a19-b7fd-aea17fc28448,CivicDataLab,2.8 File Naming,warn,50,2.0,"'runoff_combined.csv' — no time period, no _v{version} suffix.","Rename files as {theme}_{region}_{time_period}_v{version}.{format}, e.g. climate_bihar_precipitation_2000_2020_v1.0.csv."
6df07eec-fd9b-4216-978d-528d642f5dd9,WorldPop,https://civicdataspace.in/datasets/6df07eec-fd9b-4216-978d-528d642f5dd9,WorldPOP,1.1 Dataset Title,warn,75,2.0,Title does not mention the time period covered.,"Add the period covered to the title, e.g. '(2000–2020)'."
47094da1-455d-42f8-8b34-4acaeb1c56e3,Summary Statements 2018-2026,https://civicdataspace.in/datasets/47094da1-455d-42f8-8b34-4acaeb1c56e3,"FinAssam, Finance Department, Government of Assam",2.8 File Naming,warn,50,2.0,"[Summary Statements 2019-20.pdf] 'Summary_Statements_2019-20.pdf' — not lowercase snake_case, no _v{version} suffix. | [Summary Statements 2020-21.pdf] 'Summary_Statements_2020-21.pdf' — not lowercase snake_case, no _v{version} suffix. | [Summary Statements 2021-22.pdf] 'Summary_Statements_2021-22.pdf' — not lowercase snake_case, no _v{version} suffix. | [Summary Statements 2022-23.pdf] 'Summary_Statements_2022-23.pdf' — not lowercase snake_case, no _v{version} suffix. | [Summary Statements 2023-24.pdf] 'Summary_Statements_2023-24.pdf' — not lowercase snake_case, no _v{version} suffix. | [Summary Statements 2024-25.pdf] 'Summary_Statements_2024-25.pdf' — not lowercase snake_case, no _v{version} suffix. | [Summary Statements 2025-26.pdf] 'Summary_Statements_2025-26.pdf' — not lowercase snake_case, no _v{version} suffix. | [Summary Statements 2018-19.pdf] 'Summary_Statements_2018-19.pdf' — not lowercase snake_case, no _v{version} suffix.","Rename files as {theme}_{region}_{time_period}_v{version}.{format}, e.g. climate_bihar_precipitation_2000_2020_v1.0.csv."
a2586c90-4aaf-48c5-a49f-b0d321434a23,Uttar Pradesh Bharat Maps(Subdistrict Level),https://civicdataspace.in/datasets/a2586c90-4aaf-48c5-a49f-b0d321434a23,CivicDataLab,1.1 Dataset Title,warn,75,2.0,Title does not mention the time period covered.,"Add the period covered to the title, e.g. '(2000–2020)'."
a2586c90-4aaf-48c5-a49f-b0d321434a23,Uttar Pradesh Bharat Maps(Subdistrict Level),https://civicdataspace.in/datasets/a2586c90-4aaf-48c5-a49f-b0d321434a23,CivicDataLab,2.5 Units of Measurement,warn,50,2.0,"2/4 measurement columns have no documented unit, e.g. total_rail_length, total_road_length. | Column descriptions are still the platform's auto-generated placeholders.","Document the unit of every measurement column (name suffix like _mm / _inr_crore, or column description). | Fill in column descriptions on the resource schema, including units."
e77e272a-31f9-44c0-b662-b55b7d1c89f8,Assamese Text-to-Speech (TTS),https://civicdataspace.in/datasets/e77e272a-31f9-44c0-b662-b55b7d1c89f8,Jahnabi Mitra,1.3 Publisher / Data Provider,warn,60,2.0,"Published by an individual (Jahnabi Mitra), not an organisation.","Publish under the responsible organisation, or name the original data provider in the description."
e77e272a-31f9-44c0-b662-b55b7d1c89f8,Assamese Text-to-Speech (TTS),https://civicdataspace.in/datasets/e77e272a-31f9-44c0-b662-b55b7d1c89f8,Jahnabi Mitra,2.8 File Naming,warn,50,2.0,"'df.csv' — no time period, no _v{version} suffix.","Rename files as {theme}_{region}_{time_period}_v{version}.{format}, e.g. climate_bihar_precipitation_2000_2020_v1.0.csv."
5a9758b5-7a52-4f4a-9c4e-7460a791a2d1,Union Budget at a Glance (Timeseries) from 1995-1996 (Actuals) to 2024-2025 (Budget Estimates),https://civicdataspace.in/datasets/5a9758b5-7a52-4f4a-9c4e-7460a791a2d1,Ministry of Finance,1.1 Dataset Title,warn,75,2.0,Title is 94 characters (limit 60).,Shorten the title to 60 characters or fewer.
c4c30f90-60cc-4461-811f-d171cdf584a7,Assam Gender Budget Statement 2018–25,https://civicdataspace.in/datasets/c4c30f90-60cc-4461-811f-d171cdf584a7,"FinAssam, Finance Department, Government of Assam",2.8 File Naming,warn,50,2.0,"[Gender Budget 2022-23.pdf] 'Gender_Budget_2022-23.pdf' — not lowercase snake_case, no _v{version} suffix. | [Gender Budget 2024-25.pdf] 'Gender_Budget_2024-25.pdf' — not lowercase snake_case, no _v{version} suffix. | [Gender Budget 2019-20.pdf] 'Gender_Budget_2019-20.pdf' — not lowercase snake_case, no _v{version} suffix. | [Gender Budget 2021-22.pdf] 'Gender_Budget_2021-22.pdf' — not lowercase snake_case, no _v{version} suffix. | [Gender Budget 2018-19.pdf] 'Gender_Budget_2018-19.pdf' — not lowercase snake_case, no _v{version} suffix. | [Gender Budget 2020-21.pdf] 'Gender_Budget_2020-21.pdf' — not lowercase snake_case, no _v{version} suffix. | [Gender Budget 2023-24.pdf] 'Gender_Budget_2023-24.pdf' — not lowercase snake_case, no _v{version} suffix.","Rename files as {theme}_{region}_{time_period}_v{version}.{format}, e.g. climate_bihar_precipitation_2000_2020_v1.0.csv."
7343af3c-f892-4610-b528-2444857b2081,WorldPop,https://civicdataspace.in/datasets/7343af3c-f892-4610-b528-2444857b2081,WorldPOP,1.1 Dataset Title,warn,75,2.0,Title does not mention the time period covered.,"Add the period covered to the title, e.g. '(2000–2020)'."
7343af3c-f892-4610-b528-2444857b2081,WorldPop,https://civicdataspace.in/datasets/7343af3c-f892-4610-b528-2444857b2081,WorldPOP,2.8 File Naming,warn,50,2.0,"[mean_sex_ratio] 'mean_sex_ratio.zip.zip' — no time period, no _v{version} suffix. | [sum_young_population_projections] 'sum_young_population_projections.csv.csv' — no time period, no _v{version} suffix. | [sum_population_projections] 'sum_population_projections.csv.csv' — no time period, no _v{version} suffix. | [sum_aged_population_projections] 'sum_aged_population_projections.csv.csv' — no time period, no _v{version} suffix. | [mean_sex_ratio_projections] 'mean_sex_ratio_projections.csv.csv' — no time period, no _v{version} suffix.","Rename files as {theme}_{region}_{time_period}_v{version}.{format}, e.g. climate_bihar_precipitation_2000_2020_v1.0.csv."
be323aed-d992-4cf7-a6cb-c68967a3315e,East Tusom,https://civicdataspace.in/datasets/be323aed-d992-4cf7-a6cb-c68967a3315e,Sridhar S,1.1 Dataset Title,warn,75,2.0,Title does not mention the time period covered.,"Add the period covered to the title, e.g. '(2000–2020)'."
be323aed-d992-4cf7-a6cb-c68967a3315e,East Tusom,https://civicdataspace.in/datasets/be323aed-d992-4cf7-a6cb-c68967a3315e,Sridhar S,1.3 Publisher / Data Provider,warn,60,2.0,"Published by an individual (Sridhar S), not an organisation.","Publish under the responsible organisation, or name the original data provider in the description."
be323aed-d992-4cf7-a6cb-c68967a3315e,East Tusom,https://civicdataspace.in/datasets/be323aed-d992-4cf7-a6cb-c68967a3315e,Sridhar S,2.8 File Naming,warn,50,2.0,"'Tusom2021_metadata.json' — not lowercase snake_case, no _v{version} suffix.","Rename files as {theme}_{region}_{time_period}_v{version}.{format}, e.g. climate_bihar_precipitation_2000_2020_v1.0.csv."
f7154703-5460-485f-b753-7b2710865836,Assam Revenue Circle Level Flood Inundation(2015-2025),https://civicdataspace.in/datasets/f7154703-5460-485f-b753-7b2710865836,CivicDataLab,2.8 File Naming,warn,50,2.0,"'inundation_pct_combined.csv' — no time period, no _v{version} suffix.","Rename files as {theme}_{region}_{time_period}_v{version}.{format}, e.g. climate_bihar_precipitation_2000_2020_v1.0.csv."
67bc0053-0a1e-4343-97c3-e2cbdf487e93,Bangkok Air Quality Index Measured in Public parks 2021 to 2024,https://civicdataspace.in/datasets/67bc0053-0a1e-4343-97c3-e2cbdf487e93,BMA,1.1 Dataset Title,warn,75,2.0,Title is 63 characters (limit 60).,Shorten the title to 60 characters or fewer.
67bc0053-0a1e-4343-97c3-e2cbdf487e93,Bangkok Air Quality Index Measured in Public parks 2021 to 2024,https://civicdataspace.in/datasets/67bc0053-0a1e-4343-97c3-e2cbdf487e93,BMA,2.8 File Naming,warn,50,2.0,"'bangkok_aqi_measured_in_public_parks_2021-24.csv' — not lowercase snake_case, no _v{version} suffix.","Rename files as {theme}_{region}_{time_period}_v{version}.{format}, e.g. climate_bihar_precipitation_2000_2020_v1.0.csv."
1cdab615-0577-42eb-8bd8-63c1e7785d96,Transfer to Local Bodies 2018-2026,https://civicdataspace.in/datasets/1cdab615-0577-42eb-8bd8-63c1e7785d96,"FinAssam, Finance Department, Government of Assam",2.8 File Naming,warn,50,2.0,"[Transfer to Local Bodies 2023-24.pdf] 'Transfer_to_Local_Bodies_2023-24.pdf' — not lowercase snake_case, no _v{version} suffix. | [Transfer to Local Bodies 2024-25.pdf] 'Transfer_to_Local_Bodies_2024-25.pdf' — not lowercase snake_case, no _v{version} suffix. | [Transfer to Local Bodies 2025-26.pdf] 'Transfer_to_Local_Bodies_2025-26.pdf' — not lowercase snake_case, no _v{version} suffix. | [Transfer to Local Bodies 2019-20.pdf] 'Transfer_to_Local_Bodies_2019-20.pdf' — not lowercase snake_case, no _v{version} suffix. | [Transfer to Local Bodies 2020-21.pdf] 'Transfer_to_Local_Bodies_2020-21.pdf' — not lowercase snake_case, no _v{version} suffix. | [Transfer to Local Bodies 2021-22.pdf] 'Transfer_to_Local_Bodies_2021-22.pdf' — not lowercase snake_case, no _v{version} suffix. | [Transfer to Local Bodies 2022-23.pdf] 'Transfer_to_Local_Bodies_2022-23.pdf' — not lowercase snake_case, no _v{version} suffix. | [Transfer to Local Bodies 2018-19.pdf] 'Transfer_to_Local_Bodies_2018-19.pdf' — not lowercase snake_case, no _v{version} suffix.","Rename files as {theme}_{region}_{time_period}_v{version}.{format}, e.g. climate_bihar_precipitation_2000_2020_v1.0.csv."
1e7a3edb-0614-486c-bab6-0fc29f0d4ce7,Odisha IMD Block Level Rainfall Indicators (2018-2026),https://civicdataspace.in/datasets/1e7a3edb-0614-486c-bab6-0fc29f0d4ce7,CivicDataLab,2.8 File Naming,warn,50,2.0,"'imd_rainfall_combined.csv' — no time period, no _v{version} suffix.","Rename files as {theme}_{region}_{time_period}_v{version}.{format}, e.g. climate_bihar_precipitation_2000_2020_v1.0.csv."
6144f565-86bc-4993-8e30-593aa263d4c6,Bangkok Museums Location,https://civicdataspace.in/datasets/6144f565-86bc-4993-8e30-593aa263d4c6,BMA,1.1 Dataset Title,warn,75,2.0,Title does not mention the time period covered.,"Add the period covered to the title, e.g. '(2000–2020)'."
6144f565-86bc-4993-8e30-593aa263d4c6,Bangkok Museums Location,https://civicdataspace.in/datasets/6144f565-86bc-4993-8e30-593aa263d4c6,BMA,2.8 File Naming,warn,50,2.0,"'bangkok_location_of_museumes.csv' — no time period, no _v{version} suffix.","Rename files as {theme}_{region}_{time_period}_v{version}.{format}, e.g. climate_bihar_precipitation_2000_2020_v1.0.csv."
cee2015f-850f-4bcc-b35c-9fbe26620b4a,WorldPop,https://civicdataspace.in/datasets/cee2015f-850f-4bcc-b35c-9fbe26620b4a,WorldPOP,1.1 Dataset Title,warn,75,2.0,Title does not mention the time period covered.,"Add the period covered to the title, e.g. '(2000–2020)'."
865277d2-c379-488a-8d93-0d5a78fb7ae9,WorldPop,https://civicdataspace.in/datasets/865277d2-c379-488a-8d93-0d5a78fb7ae9,WorldPOP,1.1 Dataset Title,warn,75,2.0,Title does not mention the time period covered.,"Add the period covered to the title, e.g. '(2000–2020)'."
06e2f5ed-3239-4854-ad7b-48c5800a27fa,Bangkok Government and Private Hospital Location,https://civicdataspace.in/datasets/06e2f5ed-3239-4854-ad7b-48c5800a27fa,BMA,1.1 Dataset Title,warn,75,2.0,Title does not mention the time period covered.,"Add the period covered to the title, e.g. '(2000–2020)'."
06e2f5ed-3239-4854-ad7b-48c5800a27fa,Bangkok Government and Private Hospital Location,https://civicdataspace.in/datasets/06e2f5ed-3239-4854-ad7b-48c5800a27fa,BMA,2.5 Units of Measurement,warn,50,2.0,"[bangkok_location_of_government_hospital…] 1/2 measurement columns have no documented unit, e.g. dcode. | [bangkok_location_of_government_hospital…] Column descriptions are still the platform's auto-generated placeholders. | [bangkok_location_of_private_hospitals.c…] 1/2 measurement columns have no documented unit, e.g. dcode. | [bangkok_location_of_private_hospitals.c…] Column descriptions are still the platform's auto-generated placeholders.","Document the unit of every measurement column (name suffix like _mm / _inr_crore, or column description). | Fill in column descriptions on the resource schema, including units."
06e2f5ed-3239-4854-ad7b-48c5800a27fa,Bangkok Government and Private Hospital Location,https://civicdataspace.in/datasets/06e2f5ed-3239-4854-ad7b-48c5800a27fa,BMA,2.8 File Naming,warn,50,2.0,"[bangkok_location_of_government_hospital…] 'bangkok_location_of_government_hospitals.csv' — no time period, no _v{version} suffix. | [bangkok_location_of_private_hospitals.c…] 'bangkok_location_of_private_hospitals.csv' — no time period, no _v{version} suffix.","Rename files as {theme}_{region}_{time_period}_v{version}.{format}, e.g. climate_bihar_precipitation_2000_2020_v1.0.csv."
1b676973-24f2-48cb-b0e8-8734b26f0e95,Jal Jeevan Mission (National Rural Drinking Water Programme): 2015 - 22,https://civicdataspace.in/datasets/1b676973-24f2-48cb-b0e8-8734b26f0e95,Department of Drinking Water and Sanitation,1.1 Dataset Title,warn,75,2.0,Title is 71 characters (limit 60).,Shorten the title to 60 characters or fewer.
1b676973-24f2-48cb-b0e8-8734b26f0e95,Jal Jeevan Mission (National Rural Drinking Water Programme): 2015 - 22,https://civicdataspace.in/datasets/1b676973-24f2-48cb-b0e8-8734b26f0e95,Department of Drinking Water and Sanitation,2.8 File Naming,warn,50,2.0,"[JJM] 'jjm.csv' — no time period, no _v{version} suffix. | [jjm.xlsx] 'jjm.xlsx' — no time period, no _v{version} suffix.","Rename files as {theme}_{region}_{time_period}_v{version}.{format}, e.g. climate_bihar_precipitation_2000_2020_v1.0.csv."
a8d41fb9-0b9e-4f1a-bdd4-964e5bd1e535,Uttar Pradesh Subdistrict-Level IMD Rainfall data -(2018-2026),https://civicdataspace.in/datasets/a8d41fb9-0b9e-4f1a-bdd4-964e5bd1e535,CivicDataLab,2.8 File Naming,warn,50,2.0,"'imd_rainfall_combined.csv' — no time period, no _v{version} suffix.","Rename files as {theme}_{region}_{time_period}_v{version}.{format}, e.g. climate_bihar_precipitation_2000_2020_v1.0.csv."
e1f0295b-a0f3-4921-9449-f87cb689c794,Himachal Pradesh Tehsil-Level NDBI Indicators (2019-2024),https://civicdataspace.in/datasets/e1f0295b-a0f3-4921-9449-f87cb689c794,CivicDataLab,2.8 File Naming,warn,50,2.0,"'ndbi_subdis_combined.csv' — no time period, no _v{version} suffix.","Rename files as {theme}_{region}_{time_period}_v{version}.{format}, e.g. climate_bihar_precipitation_2000_2020_v1.0.csv."
076f5997-d42a-4ffb-9525-afdc028b37fa,Bangkok Procurement Details for the Buddhist year 2568,https://civicdataspace.in/datasets/076f5997-d42a-4ffb-9525-afdc028b37fa,BMA,1.1 Dataset Title,warn,75,2.0,Title does not mention the time period covered.,"Add the period covered to the title, e.g. '(2000–2020)'."
6b1393ec-4c37-441e-a3b0-4eb90cdec934,Uttar Pradesh Flood Inundation Maps - (2021-2025),https://civicdataspace.in/datasets/6b1393ec-4c37-441e-a3b0-4eb90cdec934,CivicDataLab,2.5 Units of Measurement,warn,50,2.0,"3/6 measurement columns have no documented unit, e.g. inundation_intensity_mean, inundation_intensity_mean_nonzero, inundation_intensity_sum. | Column descriptions are still the platform's auto-generated placeholders.","Document the unit of every measurement column (name suffix like _mm / _inr_crore, or column description). | Fill in column descriptions on the resource schema, including units."
6b1393ec-4c37-441e-a3b0-4eb90cdec934,Uttar Pradesh Flood Inundation Maps - (2021-2025),https://civicdataspace.in/datasets/6b1393ec-4c37-441e-a3b0-4eb90cdec934,CivicDataLab,2.8 File Naming,warn,50,2.0,"'inundation_pct_combined.csv' — no time period, no _v{version} suffix.","Rename files as {theme}_{region}_{time_period}_v{version}.{format}, e.g. climate_bihar_precipitation_2000_2020_v1.0.csv."
4c852bf8-99d8-4254-b4b3-26b60e11304e,Odisha Bhuvan Flood Inundation (2021-2025),https://civicdataspace.in/datasets/4c852bf8-99d8-4254-b4b3-26b60e11304e,CivicDataLab,2.5 Units of Measurement,warn,50,2.0,"3/6 measurement columns have no documented unit, e.g. inundation_intensity_mean, inundation_intensity_mean_nonzero, inundation_intensity_sum. | Column descriptions are still the platform's auto-generated placeholders.","Document the unit of every measurement column (name suffix like _mm / _inr_crore, or column description). | Fill in column descriptions on the resource schema, including units."
4c852bf8-99d8-4254-b4b3-26b60e11304e,Odisha Bhuvan Flood Inundation (2021-2025),https://civicdataspace.in/datasets/4c852bf8-99d8-4254-b4b3-26b60e11304e,CivicDataLab,2.8 File Naming,warn,50,2.0,"'inundation_pct_combined.csv' — no time period, no _v{version} suffix.","Rename files as {theme}_{region}_{time_period}_v{version}.{format}, e.g. climate_bihar_precipitation_2000_2020_v1.0.csv."
2c10ed21-6f6b-4f58-83dc-5406fb048e25,Bihar Sub-District Level Flood Inundation (2021-2025),https://civicdataspace.in/datasets/2c10ed21-6f6b-4f58-83dc-5406fb048e25,CivicDataLab,2.5 Units of Measurement,warn,50,2.0,"3/6 measurement columns have no documented unit, e.g. inundation_intensity_mean, inundation_intensity_mean_nonzero, inundation_intensity_sum. | Column descriptions are still the platform's auto-generated placeholders.","Document the unit of every measurement column (name suffix like _mm / _inr_crore, or column description). | Fill in column descriptions on the resource schema, including units."
2c10ed21-6f6b-4f58-83dc-5406fb048e25,Bihar Sub-District Level Flood Inundation (2021-2025),https://civicdataspace.in/datasets/2c10ed21-6f6b-4f58-83dc-5406fb048e25,CivicDataLab,2.8 File Naming,warn,50,2.0,"'inundation_pct_combined.csv' — no time period, no _v{version} suffix.","Rename files as {theme}_{region}_{time_period}_v{version}.{format}, e.g. climate_bihar_precipitation_2000_2020_v1.0.csv."
1e30a465-ac3a-4c16-96d2-3f25264e9432,Himachal Pradesh Tehsil-level Population Projections and Demographic Indicators(2017-2026),https://civicdataspace.in/datasets/1e30a465-ac3a-4c16-96d2-3f25264e9432,CivicDataLab,1.1 Dataset Title,warn,75,2.0,Title is 90 characters (limit 60).,Shorten the title to 60 characters or fewer.
1e30a465-ac3a-4c16-96d2-3f25264e9432,Himachal Pradesh Tehsil-level Population Projections and Demographic Indicators(2017-2026),https://civicdataspace.in/datasets/1e30a465-ac3a-4c16-96d2-3f25264e9432,CivicDataLab,2.8 File Naming,warn,50,2.0,"'population_projections_combined.csv' — no time period, no _v{version} suffix.","Rename files as {theme}_{region}_{time_period}_v{version}.{format}, e.g. climate_bihar_precipitation_2000_2020_v1.0.csv."
a3ba09c9-a4d1-440c-b748-5635cb42b866,Constitution Benches of the Supreme Court of India (2010-22),https://civicdataspace.in/datasets/a3ba09c9-a4d1-440c-b748-5635cb42b866,JusticeHub,2.8 File Naming,warn,50,2.0,"[the-constitution-benches-of-the-supreme…] 'the-constitution-benches-of-the-supreme-court-2010-21_xgB2e…' — not lowercase snake_case, no _v{version} suffix. | [the-constitution-benches-of-the-supreme…] 'the-constitution-benches-of-the-supreme-court-2010-21.xlsx' — not lowercase snake_case, no _v{version} suffix. | [code-book-constitution-benches-of-the-s…] 'code-book-constitution-benches-of-the-supreme-court-2010-22…' — not lowercase snake_case, no _v{version} suffix.","Rename files as {theme}_{region}_{time_period}_v{version}.{format}, e.g. climate_bihar_precipitation_2000_2020_v1.0.csv."
d5fe2150-672d-455b-9b60-1e779919a053,WorldPop,https://civicdataspace.in/datasets/d5fe2150-672d-455b-9b60-1e779919a053,WorldPOP,1.1 Dataset Title,warn,75,2.0,Title does not mention the time period covered.,"Add the period covered to the title, e.g. '(2000–2020)'."
020e2dfa-8036-4533-8ac7-145b91ecee2d,Bharat Maps Odisha,https://civicdataspace.in/datasets/020e2dfa-8036-4533-8ac7-145b91ecee2d,Bharat Maps,1.1 Dataset Title,warn,75,2.0,Title does not mention the time period covered.,"Add the period covered to the title, e.g. '(2000–2020)'."
eef58526-ca04-4732-bd79-c7b655de63ee,Budgets for Justice - Assam,https://civicdataspace.in/datasets/eef58526-ca04-4732-bd79-c7b655de63ee,"FinAssam, Finance Department, Government of Assam",1.1 Dataset Title,warn,75,2.0,Title does not mention the time period covered.,"Add the period covered to the title, e.g. '(2000–2020)'."
4ed10473-9f39-45f9-a990-a5673aac786e,India Justice Report - 2020,https://civicdataspace.in/datasets/4ed10473-9f39-45f9-a990-a5673aac786e,JusticeHub,2.8 File Naming,warn,50,2.0,"[Indian Justice Report - 2020] 'Indian_Justice_Report_-_2020.pdf' — not lowercase snake_case, no _v{version} suffix. | [Source Data 2020] 'source-data-2020.zip' — not lowercase snake_case, no _v{version} suffix. | [Ranks Data 2020] 'ranks-data-2020.zip' — not lowercase snake_case, no _v{version} suffix.","Rename files as {theme}_{region}_{time_period}_v{version}.{format}, e.g. climate_bihar_precipitation_2000_2020_v1.0.csv."
30b57b54-fe31-4483-86bb-874900cef050,Uttar Pradesh Subdistrict Level Worldpop Data(2017-2026),https://civicdataspace.in/datasets/30b57b54-fe31-4483-86bb-874900cef050,CivicDataLab,2.8 File Naming,warn,50,2.0,"'population_projections_combined.csv' — no time period, no _v{version} suffix.","Rename files as {theme}_{region}_{time_period}_v{version}.{format}, e.g. climate_bihar_precipitation_2000_2020_v1.0.csv."
e2e5b52c-3aa5-4448-b532-2e3b5e71b4f1,Mission Antyodaya 2020,https://civicdataspace.in/datasets/e2e5b52c-3aa5-4448-b532-2e3b5e71b4f1,Ministry of Rural Development,2.3 Column Naming,warn,74,1.82,"[Mission Antyodaya Variables] Mixed naming conventions: {'other': 2, 'snake': 7} | [Mission Antyodaya Raw Data] 40 column names exceed 40 characters.",Use one convention (snake_case recommended) for every column. | Shorten long column names; move detail to the column description.
35cbee63-adf1-4632-9b5e-7c439ad2ba3c,Women's condition in Assam_2025,https://civicdataspace.in/datasets/35cbee63-adf1-4632-9b5e-7c439ad2ba3c,"Directorate of Economics and Statistics, Government of Assam",1.1 Dataset Title,warn,80,1.6,Title contains special characters: _,Remove special characters from the title (write 'and' instead of '&').
a57b2567-444d-410d-9fb5-25e959915fef,Cumulative Loss & Damages for Flood Odisha (2022-2023),https://civicdataspace.in/datasets/a57b2567-444d-410d-9fb5-25e959915fef,Odisha State Disaster Management Authority (OSDMA),1.1 Dataset Title,warn,80,1.6,Title contains special characters: &,Remove special characters from the title (write 'and' instead of '&').
4ed151c2-3b1a-4177-b66d-b2185a22ec08,Tender value vs IMR District-wise Assam 2018-19 to 2022-23,https://civicdataspace.in/datasets/4ed151c2-3b1a-4177-b66d-b2185a22ec08,CivicDataLab,1.1 Dataset Title,warn,80,1.6,Title uses abbreviations: IMR,"Spell out abbreviations in the title (e.g. 'India Meteorological Department', not 'IMD')."
b2505437-cb9a-45f9-b85a-8a6f4868039d,MCH Procurement District-wise Assam 2019 to 2023,https://civicdataspace.in/datasets/b2505437-cb9a-45f9-b85a-8a6f4868039d,CivicDataLab,1.1 Dataset Title,warn,80,1.6,Title uses abbreviations: MCH,"Spell out abbreviations in the title (e.g. 'India Meteorological Department', not 'IMD')."
f9f95e8d-fe66-4f0f-9d38-0d4c266f143e,MCH Procurement Scheme-wise Assam 2019 to 2023,https://civicdataspace.in/datasets/f9f95e8d-fe66-4f0f-9d38-0d4c266f143e,CivicDataLab,1.1 Dataset Title,warn,80,1.6,Title uses abbreviations: MCH,"Spell out abbreviations in the title (e.g. 'India Meteorological Department', not 'IMD')."
e29ea52c-d9dc-4aff-8b81-74071f1e4c8e,Divyang Budget_2019-2025,https://civicdataspace.in/datasets/e29ea52c-d9dc-4aff-8b81-74071f1e4c8e,"FinAssam, Finance Department, Government of Assam",1.1 Dataset Title,warn,80,1.6,Title contains special characters: _,Remove special characters from the title (write 'and' instead of '&').
a4fb3f18-c047-4e7f-8fd3-0179bf01f671,Victim compensation_POSCO_Assam_Nov 2022,https://civicdataspace.in/datasets/a4fb3f18-c047-4e7f-8fd3-0179bf01f671,CivicDataLab,1.1 Dataset Title,warn,80,1.6,Title contains special characters: _,Remove special characters from the title (write 'and' instead of '&').
93a26985-5f8d-447a-b6b3-506e2a70c5c9,MCH Procurement data Assam 2019 to 2025,https://civicdataspace.in/datasets/93a26985-5f8d-447a-b6b3-506e2a70c5c9,CivicDataLab,1.1 Dataset Title,warn,80,1.6,Title uses abbreviations: MCH,"Spell out abbreviations in the title (e.g. 'India Meteorological Department', not 'IMD')."
4ec13774-1086-4eb1-b8cf-bd3329d46cf6,MCH Procurement Department-wise Assam 2019 to 2023,https://civicdataspace.in/datasets/4ec13774-1086-4eb1-b8cf-bd3329d46cf6,CivicDataLab,1.1 Dataset Title,warn,80,1.6,Title uses abbreviations: MCH,"Spell out abbreviations in the title (e.g. 'India Meteorological Department', not 'IMD')."
efcb804b-1e9d-429f-893e-744ce813b82c,HMIS MCH Assam 2022-23,https://civicdataspace.in/datasets/efcb804b-1e9d-429f-893e-744ce813b82c,CivicDataLab,1.1 Dataset Title,warn,80,1.6,"Title uses abbreviations: HMIS, MCH","Spell out abbreviations in the title (e.g. 'India Meteorological Department', not 'IMD')."
c23ab16a-f389-46d1-b405-2a9096811cf5,District wise MCH Procurement data of Assam - 2019 to 2025,https://civicdataspace.in/datasets/c23ab16a-f389-46d1-b405-2a9096811cf5,CivicDataLab,1.1 Dataset Title,warn,80,1.6,Title uses abbreviations: MCH,"Spell out abbreviations in the title (e.g. 'India Meteorological Department', not 'IMD')."
5b9279b3-5876-4d5a-a2fb-5ae40eca325d,Disaster Reporting and Information Management System (DRIMS),https://civicdataspace.in/datasets/5b9279b3-5876-4d5a-a2fb-5ae40eca325d,ASDMA,2.1 File Format,warn,80,1.6,[Data Description] PDF is not a machine-readable data format.,Publish the underlying data as CSV/JSON (keep the PDF only as supporting documentation).
88be5d92-ac1d-4305-9280-1b4f3595c1ce,IMR District-wise Assam 2018-19 to 2022-23,https://civicdataspace.in/datasets/88be5d92-ac1d-4305-9280-1b4f3595c1ce,CivicDataLab,1.1 Dataset Title,warn,80,1.6,Title uses abbreviations: IMR,"Spell out abbreviations in the title (e.g. 'India Meteorological Department', not 'IMD')."
3dae89d2-a3b5-4dad-8dff-858a2576f3af,Revenue & Receipts 2018-26,https://civicdataspace.in/datasets/3dae89d2-a3b5-4dad-8dff-858a2576f3af,"FinAssam, Finance Department, Government of Assam",1.1 Dataset Title,warn,80,1.6,Title contains special characters: &,Remove special characters from the title (write 'and' instead of '&').
74c46595-4731-4d84-aa12-4083862bc942,Assam DRIMS Flood Impact and Response Indicators(2021-2026),https://civicdataspace.in/datasets/74c46595-4731-4d84-aa12-4083862bc942,CivicDataLab,1.1 Dataset Title,warn,80,1.6,Title uses abbreviations: DRIMS,"Spell out abbreviations in the title (e.g. 'India Meteorological Department', not 'IMD')."
4a54faa4-fd58-4cb9-b8ea-5cdf446a987f,HMIS child health Report Assam 2018-20,https://civicdataspace.in/datasets/4a54faa4-fd58-4cb9-b8ea-5cdf446a987f,CivicDataLab,1.1 Dataset Title,warn,80,1.6,Title uses abbreviations: HMIS,"Spell out abbreviations in the title (e.g. 'India Meteorological Department', not 'IMD')."
bfa3e73b-893e-4f9b-b9de-11c26f7a229e,Assam IMD Subdistrict-Level  Rainfall(2018-2026),https://civicdataspace.in/datasets/bfa3e73b-893e-4f9b-b9de-11c26f7a229e,CivicDataLab,1.1 Dataset Title,warn,80,1.6,Title uses abbreviations: IMD,"Spell out abbreviations in the title (e.g. 'India Meteorological Department', not 'IMD')."
8dd7c6af-6c52-48e0-9daa-75ff7b8c0e89,Himachal Pradesh Bharat Maps,https://civicdataspace.in/datasets/8dd7c6af-6c52-48e0-9daa-75ff7b8c0e89,CivicDataLab,2.5 Units of Measurement,warn,60,1.6,"2/5 measurement columns have no documented unit, e.g. rail_length, road_length. | Column descriptions are still the platform's auto-generated placeholders.","Document the unit of every measurement column (name suffix like _mm / _inr_crore, or column description). | Fill in column descriptions on the resource schema, including units."
7d35734f-6a09-43d5-a553-e4231f586544,Himachal Pradesh Tehsil-Level NDVI Indicators(2019-2024),https://civicdataspace.in/datasets/7d35734f-6a09-43d5-a553-e4231f586544,CivicDataLab,1.1 Dataset Title,warn,80,1.6,Title uses abbreviations: NDVI,"Spell out abbreviations in the title (e.g. 'India Meteorological Department', not 'IMD')."
43c6cbce-70ca-41e9-94fe-c55c8b6b4056,Bihar Sub-District Level IMD Rainfall (2018-2026),https://civicdataspace.in/datasets/43c6cbce-70ca-41e9-94fe-c55c8b6b4056,CivicDataLab,1.1 Dataset Title,warn,80,1.6,Title uses abbreviations: IMD,"Spell out abbreviations in the title (e.g. 'India Meteorological Department', not 'IMD')."
3cc57bb1-7713-4538-935a-c69e06bf8bf5,Odisha NDVI Indicators (2019-2023),https://civicdataspace.in/datasets/3cc57bb1-7713-4538-935a-c69e06bf8bf5,CivicDataLab,1.1 Dataset Title,warn,80,1.6,Title uses abbreviations: NDVI,"Spell out abbreviations in the title (e.g. 'India Meteorological Department', not 'IMD')."
b6090b4f-e18c-4e19-8beb-828d89d39fa5,HMIS IMR Assam 2022-23,https://civicdataspace.in/datasets/b6090b4f-e18c-4e19-8beb-828d89d39fa5,CivicDataLab,1.1 Dataset Title,warn,80,1.6,"Title uses abbreviations: HMIS, IMR","Spell out abbreviations in the title (e.g. 'India Meteorological Department', not 'IMD')."
85ed80f2-6315-412a-b7aa-3b8410f2027e,Odisha NDBI Indicators (2019-2023),https://civicdataspace.in/datasets/85ed80f2-6315-412a-b7aa-3b8410f2027e,CivicDataLab,1.1 Dataset Title,warn,80,1.6,Title uses abbreviations: NDBI,"Spell out abbreviations in the title (e.g. 'India Meteorological Department', not 'IMD')."
1e7a3edb-0614-486c-bab6-0fc29f0d4ce7,Odisha IMD Block Level Rainfall Indicators (2018-2026),https://civicdataspace.in/datasets/1e7a3edb-0614-486c-bab6-0fc29f0d4ce7,CivicDataLab,1.1 Dataset Title,warn,80,1.6,Title uses abbreviations: IMD,"Spell out abbreviations in the title (e.g. 'India Meteorological Department', not 'IMD')."
e1f0295b-a0f3-4921-9449-f87cb689c794,Himachal Pradesh Tehsil-Level NDBI Indicators (2019-2024),https://civicdataspace.in/datasets/e1f0295b-a0f3-4921-9449-f87cb689c794,CivicDataLab,1.1 Dataset Title,warn,80,1.6,Title uses abbreviations: NDBI,"Spell out abbreviations in the title (e.g. 'India Meteorological Department', not 'IMD')."
a57b2567-444d-410d-9fb5-25e959915fef,Cumulative Loss & Damages for Flood Odisha (2022-2023),https://civicdataspace.in/datasets/a57b2567-444d-410d-9fb5-25e959915fef,Odisha State Disaster Management Authority (OSDMA),2.5 Units of Measurement,warn,62,1.54,"5/13 measurement columns have no documented unit, e.g. Slope, Elevation, Inundation(2022-23), Runoff data(2022). | Column descriptions are still the platform's auto-generated placeholders.","Document the unit of every measurement column (name suffix like _mm / _inr_crore, or column description). | Fill in column descriptions on the resource schema, including units."
020e2dfa-8036-4533-8ac7-145b91ecee2d,Bharat Maps Odisha,https://civicdataspace.in/datasets/020e2dfa-8036-4533-8ac7-145b91ecee2d,Bharat Maps,2.5 Units of Measurement,warn,62,1.5,"[BharatMaps variable_ Road Lengths by Bl…] 1/2 measurement columns have no documented unit, e.g. road_length. | [BharatMaps variable_ Road Lengths by Bl…] Column descriptions are still the platform's auto-generated placeholders. | [Bharat Maps variables_Number of Health …] 1/2 measurement columns have no documented unit, e.g. road_length. | [Bharat Maps variables_Number of Health …] Column descriptions are still the platform's auto-generated placeholders. | [BharatMaps variables_ Rail Lenghths by …] 1/2 measurement columns have no documented unit, e.g. rail_length. | [BharatMaps variables_ Rail Lenghths by …] Column descriptions are still the platform's auto-generated placeholders.","Document the unit of every measurement column (name suffix like _mm / _inr_crore, or column description). | Fill in column descriptions on the resource schema, including units."
eef58526-ca04-4732-bd79-c7b655de63ee,Budgets for Justice - Assam,https://civicdataspace.in/datasets/eef58526-ca04-4732-bd79-c7b655de63ee,"FinAssam, Finance Department, Government of Assam",2.8 File Naming,warn,62,1.5,"[Assam Grant Summary Overall] 'assam-grant-summary-overall_2.csv' — not lowercase snake_case, no time period, no _v{version} suffix. | [Grant No 15 - Jails] 'jails_2022_2.csv' — no _v{version} suffix. | [Grant No 14 - Police] 'police_2022_2.csv' — no _v{version} suffix. | [Grant No 3 - Administration of Justice] 'justice_2022_2.csv' — no _v{version} suffix.","Rename files as {theme}_{region}_{time_period}_v{version}.{format}, e.g. climate_bihar_precipitation_2000_2020_v1.0.csv."
749c89db-7dfc-4edc-a165-597675aa75fc,NFHS District Fact Sheet - Assam,https://civicdataspace.in/datasets/749c89db-7dfc-4edc-a165-597675aa75fc,CivicDataLab,1.10 Source Website,warn,80,1.2,Source website points back to CivicDataSpace rather than the original publisher.,Link to the original publisher's page.
fb1b46f2-007e-4fbc-9a83-f2c60a270c6a,"State/UT-wise Number of Child Marriage Cases as per Prohibition of Child Marriage Act, 2006 from 2013 to 2017",https://civicdataspace.in/datasets/fb1b46f2-007e-4fbc-9a83-f2c60a270c6a,Rajya Sabha,1.2 Description / Summary,warn,90,1.2,Description does not state the purpose or intended use.,Add one line on what the dataset is intended to support.
b7935b94-90be-48a9-adb7-7dfa8ba38acb,State-wise Fund Released under the Scheme of Strengthening Education among ST Girl in Low Literacy Districts from 2018-19 to 2020-21,https://civicdataspace.in/datasets/b7935b94-90be-48a9-adb7-7dfa8ba38acb,Rajya Sabha,1.2 Description / Summary,warn,90,1.2,Description does not state the purpose or intended use.,Add one line on what the dataset is intended to support.
decec4bd-842d-4994-8f76-9c7bd6a99b0a,State-wise Details of Integrated Aquaparks approved under Pradhan Mantri Matsya Sampada Yojana (PMMSY) from 2020-21 to 2024-25,https://civicdataspace.in/datasets/decec4bd-842d-4994-8f76-9c7bd6a99b0a,"Department of Fisheries, Government of India",1.2 Description / Summary,warn,90,1.2,"Description does not state the periodicity (daily, monthly, annual…).","Mention how often the data is recorded or updated (e.g. 'annual', 'daily')."
35cbee63-adf1-4632-9b5e-7c439ad2ba3c,Women's condition in Assam_2025,https://civicdataspace.in/datasets/35cbee63-adf1-4632-9b5e-7c439ad2ba3c,"Directorate of Economics and Statistics, Government of Assam",1.5 Tags,warn,80,1.0,Every tag just repeats a sector name.,Use tags for specific themes/variables; sectors already cover the broad domain.
71529257-d58b-462f-895f-a182c44c0a2b,New dataset 06 Oct 2025 - 09:41:07,https://civicdataspace.in/datasets/71529257-d58b-462f-895f-a182c44c0a2b,Himachal Pradesh State Disaster Management Authority (HPSDMA),1.5 Tags,warn,80,1.0,"Near-duplicate tags: [['Accidents', 'Accident']]",Merge duplicate tag variants.
f07c7047-3f08-484c-bc73-331084ca0b24,New dataset 31 Aug 2026 - 09:12:20,https://civicdataspace.in/datasets/f07c7047-3f08-484c-bc73-331084ca0b24,Nikil Augustine,2.8 File Naming,warn,75,1.0,[english_malayalam_parallel_corpus_v1.zip] 'english_malayalam_parallel_corpus_v1.zip' — no time period. | [english_malayalam_parallel_corpus_v1.zip] 'english_malayalam_parallel_corpus_v1.zip' — no time period.,"Rename files as {theme}_{region}_{time_period}_v{version}.{format}, e.g. climate_bihar_precipitation_2000_2020_v1.0.csv."
cee2015f-850f-4bcc-b35c-9fbe26620b4a,WorldPop,https://civicdataspace.in/datasets/cee2015f-850f-4bcc-b35c-9fbe26620b4a,WorldPOP,2.8 File Naming,warn,75,1.0,[sum_population_2024] 'sum_population_2024.csv.csv' — no _v{version} suffix. | [sum_population_2025] 'sum_population_2025.csv.csv' — no _v{version} suffix. | [bihar_worldpopstats_2020] 'bihar_worldpopstats_2020.csv.csv' — no _v{version} suffix. | [sum_population_2017] 'sum_population_2017.csv.csv' — no _v{version} suffix. | [sum_population_2018] 'sum_population_2018.csv.csv' — no _v{version} suffix. | [sum_population_2019] 'sum_population_2019.csv.csv' — no _v{version} suffix. | [sum_population_2020] 'sum_population_2020.csv.csv' — no _v{version} suffix. | [sum_population_2021] 'sum_population_2021.csv.csv' — no _v{version} suffix. | [sum_population_2022] 'sum_population_2022.csv.csv' — no _v{version} suffix. | [sum_population_2023] 'sum_population_2023.csv.csv' — no _v{version} suffix.,"Rename files as {theme}_{region}_{time_period}_v{version}.{format}, e.g. climate_bihar_precipitation_2000_2020_v1.0.csv."
865277d2-c379-488a-8d93-0d5a78fb7ae9,WorldPop,https://civicdataspace.in/datasets/865277d2-c379-488a-8d93-0d5a78fb7ae9,WorldPOP,2.8 File Naming,warn,75,1.0,[sum_population 2024] 'sum_population_2024.csv.csv' — no _v{version} suffix. | [sum_population_2023.csv.csv] 'sum_population_2023.csv.csv' — no _v{version} suffix. | [sum_population_2018.csv] 'sum_population_2018.csv.csv' — no _v{version} suffix. | [sum_population_2019.csv] 'sum_population_2019.csv.csv' — no _v{version} suffix. | [sum_population_2020.csv] 'sum_population_2020.csv.csv' — no _v{version} suffix. | [sum_population_2021.csv] 'sum_population_2021.csv.csv' — no _v{version} suffix. | [sum_population_2017.csv] 'sum_population_2017.csv.csv' — no _v{version} suffix. | [sum_population_2022.csv] 'sum_population_2022.csv.csv' — no _v{version} suffix. | [sum_population_2023.csv] 'sum_population_2023.csv_1.csv' — no _v{version} suffix.,"Rename files as {theme}_{region}_{time_period}_v{version}.{format}, e.g. climate_bihar_precipitation_2000_2020_v1.0.csv."
eef58526-ca04-4732-bd79-c7b655de63ee,Budgets for Justice - Assam,https://civicdataspace.in/datasets/eef58526-ca04-4732-bd79-c7b655de63ee,"FinAssam, Finance Department, Government of Assam",2.3 Column Naming,warn,90,0.7,"[Assam Grant Summary Overall] Mixed naming conventions: {'other': 4, 'snake_or_single': 1}",Use one convention (snake_case recommended) for every column.
