dataset_id,title,url,publisher,score,grade,metadata_score,data_score,1.1_title_score,1.2_description_score,1.3_publisher_score,1.5_tags_score,1.6_sectors_score,1.7_geography_score,1.8_date_of_creation_score,1.9_license_score,1.10_source_website_score,2.1_file_format_score,2.2_encoding_score,2.3_column_naming_score,2.4_data_types_score,2.5_units_score,2.6_missing_values_score,2.7_data_quality_score,2.8_file_naming_score,top_fixes
c8eb58b8-0c4f-4cf1-bde7-b9702fc4e4d2,DOST Helpdesk,https://civicdataspace.in/datasets/c8eb58b8-0c4f-4cf1-bde7-b9702fc4e4d2,CivicDataLab,44.4,Poor,49.0,21.7,55,25,100,100,100,0,0,100,0,20,,,,,,,25,[1.2] State the years the data covers in the description. | [1.7] Set the geography (country / state / district) in metadata. | [2.1] Publish the underlying data as CSV/JSON (keep the PDF only as supporting documentation). | [1.10] Add the official page of the organisation that publishes the source data. | [1.8] Add the source's official creation date in YYYY-MM-DD format.
6f37bc88-2d03-4e2a-8b0f-2f56200744ba,Types of Language Dataset Guide,https://civicdataspace.in/datasets/6f37bc88-2d03-4e2a-8b0f-2f56200744ba,CivicDataLab,46.7,Poor,51.7,21.7,75,25,100,100,100,0,0,100,0,20,,,,,,,25,[1.2] State the years the data covers in the description. | [1.7] Set the geography (country / state / district) in metadata. | [2.1] Publish the underlying data as CSV/JSON (keep the PDF only as supporting documentation). | [1.10] Add the official page of the organisation that publishes the source data. | [1.8] Add the source's official creation date in YYYY-MM-DD format.
8e8dbbbb-25de-4247-8dd9-f7d702bb73c0,Dataset Preparation Guidelines,https://civicdataspace.in/datasets/8e8dbbbb-25de-4247-8dd9-f7d702bb73c0,CivicDataLab,46.7,Poor,51.7,21.7,75,25,100,100,100,0,0,100,0,20,,,,,,,25,[1.2] State the years the data covers in the description. | [1.7] Set the geography (country / state / district) in metadata. | [2.1] Publish the underlying data as CSV/JSON (keep the PDF only as supporting documentation). | [1.10] Add the official page of the organisation that publishes the source data. | [1.8] Add the source's official creation date in YYYY-MM-DD format.
bb4a8324-a4e6-440a-94ec-6216477abc56,Dataset Onboarding Toolkit,https://civicdataspace.in/datasets/bb4a8324-a4e6-440a-94ec-6216477abc56,CivicDataLab,48.3,Poor,53.7,21.7,75,35,100,100,100,0,0,100,0,20,,,,,,,25,[1.2] State the years the data covers in the description. | [1.7] Set the geography (country / state / district) in metadata. | [2.1] Publish the underlying data as CSV/JSON (keep the PDF only as supporting documentation). | [1.10] Add the official page of the organisation that publishes the source data. | [1.8] Add the source's official creation date in YYYY-MM-DD format.
0bdfe6b8-a4d3-4ef3-ad3a-3f8858efdce6,Identifying Language Dataset Guide,https://civicdataspace.in/datasets/0bdfe6b8-a4d3-4ef3-ad3a-3f8858efdce6,CivicDataLab,48.3,Poor,53.7,21.7,75,35,100,100,100,0,0,100,0,20,,,,,,,25,[1.2] State the years the data covers in the description. | [1.7] Set the geography (country / state / district) in metadata. | [2.1] Publish the underlying data as CSV/JSON (keep the PDF only as supporting documentation). | [1.10] Add the official page of the organisation that publishes the source data. | [1.8] Add the source's official creation date in YYYY-MM-DD format.
3e8186ae-b8a6-4579-be92-36a548520dac,Spatiotemporal Modeling of Aedes aegypti Risk: Enhancing Dengue Virus Control through Meteorological and Remote Sensing Data in French Guiana,https://civicdataspace.in/datasets/3e8186ae-b8a6-4579-be92-36a548520dac,Pasteur Network,50.8,Needs improvement,56.7,21.7,50,25,100,100,100,0,100,100,0,20,,,,,,,25,[1.2] State the years the data covers in the description. | [1.7] Set the geography (country / state / district) in metadata. | [2.1] Publish the underlying data as CSV/JSON (keep the PDF only as supporting documentation). | [1.10] Add the official page of the organisation that publishes the source data. | [1.1] Shorten the title to 60 characters or fewer.
ab1a2463-380e-4150-aed9-e938000e65a7,Mental Health Prompts (Hindi),https://civicdataspace.in/datasets/ab1a2463-380e-4150-aed9-e938000e65a7,CivicDataLab,52.9,Needs improvement,57.0,40.0,75,10,100,100,100,0,100,100,0,30,,60,,,,,25,"[1.2] Expand the description to 2–5 sentences. | [1.7] Set the geography (country / state / district) in metadata. | [1.10] Add the official page of the organisation that publishes the source data. | [2.1] Add a CSV version alongside every Excel file. | [2.8] Rename files as {theme}_{region}_{time_period}_v{version}.{format}, e.g. climate_bihar_precipitation_2000_2020_v1.0.csv."
984f16c9-9959-4a07-9b04-9a951ee7cd03,Prompt_test_cases_Agriculture_Assamese,https://civicdataspace.in/datasets/984f16c9-9959-4a07-9b04-9a951ee7cd03,CivicDataLab,53.4,Needs improvement,57.7,40.0,55,10,100,100,100,100,0,100,0,30,,60,,,,,25,[1.2] Expand the description to 2–5 sentences. | [1.10] Add the official page of the organisation that publishes the source data. | [2.1] Add a CSV version alongside every Excel file. | [1.8] Add the source's official creation date in YYYY-MM-DD format. | [1.1] Remove special characters from the title (write 'and' instead of '&').
279f0a4d-0ccf-47e0-a7cc-e6f293a58b6e,Himachal Pradesh Tenders,https://civicdataspace.in/datasets/279f0a4d-0ccf-47e0-a7cc-e6f293a58b6e,Himachal Pradesh Tenders,55.1,Needs improvement,56.8,50.4,75,30,100,100,100,0,0,50,100,100,,26,,20,,,25,"[1.2] Expand the description to 2–5 sentences. | [1.7] Set the geography (country / state / district) in metadata. | [2.3] Rename columns to snake_case (lowercase, words joined with underscores). | [1.8] Add the source's official creation date in YYYY-MM-DD format. | [1.9] Set the license to Government Open Data License (GODL) for data sourced from government platforms."
7e876e22-af77-40e1-aa97-f47eee3ee56f,District-wise Damage to Public utilities in Punjab from 1968 to 2022 (April to March),https://civicdataspace.in/datasets/7e876e22-af77-40e1-aa97-f47eee3ee56f,Prashasti Yadav,55.1,Needs improvement,61.2,39.1,75,10,60,100,100,100,0,50,100,100,,0,,0,,,25,"[1.2] Expand the description to 2–5 sentences. | [2.3] Rename columns to snake_case (lowercase, words joined with underscores). | [1.8] Add the source's official creation date in YYYY-MM-DD format. | [2.5] Document the unit of every measurement column (name suffix like _mm / _inr_crore, or column description). | [1.9] Set the license to Government Open Data License (GODL) for data sourced from government platforms."
a3949557-7e54-4c9d-9840-3a652b72117d,District-wise Area affected in Punjab from 1969 to 2022(April to March),https://civicdataspace.in/datasets/a3949557-7e54-4c9d-9840-3a652b72117d,Prashasti Yadav,55.1,Needs improvement,61.2,39.1,75,10,60,100,100,100,0,50,100,100,,0,,0,,,25,"[1.2] Expand the description to 2–5 sentences. | [2.3] Rename columns to snake_case (lowercase, words joined with underscores). | [1.8] Add the source's official creation date in YYYY-MM-DD format. | [2.5] Document the unit of every measurement column (name suffix like _mm / _inr_crore, or column description). | [1.9] Set the license to Government Open Data License (GODL) for data sourced from government platforms."
cb74b5be-b735-4108-bf56-2f67b79c7fc1,Climate and Health Observatory Accelerator Project,https://civicdataspace.in/datasets/cb74b5be-b735-4108-bf56-2f67b79c7fc1,CivicDataLab,55.3,Needs improvement,62.0,21.7,75,35,100,100,100,0,100,100,0,20,,,,,,,25,"[1.2] State the years the data covers in the description. | [1.7] Set the geography (country / state / district) in metadata. | [2.1] Publish the underlying data as CSV/JSON (keep the PDF only as supporting documentation). | [1.10] Add the official page of the organisation that publishes the source data. | [2.8] Rename files as {theme}_{region}_{time_period}_v{version}.{format}, e.g. climate_bihar_precipitation_2000_2020_v1.0.csv."
95ddbc2a-c04c-4802-93c9-90d806b6d56d,HPSDMA Memorandum of Loss and Damage,https://civicdataspace.in/datasets/95ddbc2a-c04c-4802-93c9-90d806b6d56d,Himachal Pradesh State Disaster Management Authority (HPSDMA),55.6,Needs improvement,60.7,30.0,55,25,100,100,100,100,0,100,0,20,,,,,,,50,"[1.2] Expand the description to 2–5 sentences. | [2.1] Publish the underlying data as CSV/JSON (keep the PDF only as supporting documentation). | [1.10] Add the official page of the organisation that publishes the source data. | [1.8] Add the source's official creation date in YYYY-MM-DD format. | [1.1] Spell out abbreviations in the title (e.g. 'India Meteorological Department', not 'IMD')."
35cbee63-adf1-4632-9b5e-7c439ad2ba3c,Women's condition in Assam_2025,https://civicdataspace.in/datasets/35cbee63-adf1-4632-9b5e-7c439ad2ba3c,"Directorate of Economics and Statistics, Government of Assam",56.4,Needs improvement,63.3,21.7,80,30,100,80,100,100,0,100,0,20,,,,,,,25,"[1.2] Expand the description to 2–5 sentences. | [2.1] Publish the underlying data as CSV/JSON (keep the PDF only as supporting documentation). | [1.10] Add the official page of the organisation that publishes the source data. | [1.8] Add the source's official creation date in YYYY-MM-DD format. | [2.8] Rename files as {theme}_{region}_{time_period}_v{version}.{format}, e.g. climate_bihar_precipitation_2000_2020_v1.0.csv."
50079941-ba34-4ae2-b920-a5c4388572eb,Budget At A Glance 2025-26,https://civicdataspace.in/datasets/50079941-ba34-4ae2-b920-a5c4388572eb,Prashasti Yadav,56.9,Needs improvement,62.3,30.0,100,20,60,100,100,100,0,100,0,20,,,,,,,50,"[1.2] Expand the description to 2–5 sentences. | [2.1] Publish the underlying data as CSV/JSON (keep the PDF only as supporting documentation). | [1.10] Add the official page of the organisation that publishes the source data. | [1.8] Add the source's official creation date in YYYY-MM-DD format. | [1.3] Publish under the responsible organisation, or name the original data provider in the description."
0c9dabe3-2c10-413b-a876-d840070d5cc4,District-wise Houses damaged (Private) in Punjab from 1968 to 2022 (April to March),https://civicdataspace.in/datasets/0c9dabe3-2c10-413b-a876-d840070d5cc4,Prashasti Yadav,58.1,Needs improvement,65.3,39.1,75,10,60,100,100,100,100,100,0,100,,0,,0,,,25,"[1.2] Expand the description to 2–5 sentences. | [2.3] Rename columns to snake_case (lowercase, words joined with underscores). | [1.10] Add the official page of the organisation that publishes the source data. | [2.5] Document the unit of every measurement column (name suffix like _mm / _inr_crore, or column description). | [2.8] Rename files as {theme}_{region}_{time_period}_v{version}.{format}, e.g. climate_bihar_precipitation_2000_2020_v1.0.csv."
43b62288-5c34-44a1-9433-74bc0ab9ff6f,The 2024 Annual Climate Summary : Global Climate Highlights 2024,https://civicdataspace.in/datasets/43b62288-5c34-44a1-9433-74bc0ab9ff6f,Pasteur Network,58.3,Needs improvement,64.0,30.0,75,45,100,100,100,0,100,100,0,20,,,,,,,50,[1.7] Set the geography (country / state / district) in metadata. | [1.2] Say which geography the data covers (country / state / district level). | [2.1] Publish the underlying data as CSV/JSON (keep the PDF only as supporting documentation). | [1.10] Add the official page of the organisation that publishes the source data. | [1.1] Shorten the title to 60 characters or fewer.
be93fd4e-2176-40c5-b11c-0141fc6a9e91,CROP-dataset-Odia,https://civicdataspace.in/datasets/be93fd4e-2176-40c5-b11c-0141fc6a9e91,Divitamayee Deogam,58.3,Needs improvement,64.3,28.3,55,10,60,100,100,100,0,100,100,30,,,,,,,25,"[1.2] Expand the description to 2–5 sentences. | [2.1] Add a CSV version alongside every Excel file. | [1.8] Add the source's official creation date in YYYY-MM-DD format. | [1.1] Spell out abbreviations in the title (e.g. 'India Meteorological Department', not 'IMD'). | [2.8] Rename files as {theme}_{region}_{time_period}_v{version}.{format}, e.g. climate_bihar_precipitation_2000_2020_v1.0.csv."
a57b2567-444d-410d-9fb5-25e959915fef,Cumulative Loss & Damages for Flood Odisha (2022-2023),https://civicdataspace.in/datasets/a57b2567-444d-410d-9fb5-25e959915fef,Odisha State Disaster Management Authority (OSDMA),58.5,Needs improvement,69.0,31.2,80,50,100,100,100,100,0,100,0,30,,19,,62,,,25,"[1.2] Expand the description to 2–5 sentences. | [1.10] Add the official page of the organisation that publishes the source data. | [2.3] Rename columns to snake_case (lowercase, words joined with underscores). | [2.1] Add a CSV version alongside every Excel file. | [1.8] Add the source's official creation date in YYYY-MM-DD format."
86da8970-c68b-4da2-ac41-1e796ab05d74,Assamese NLP Dataset Repository,https://civicdataspace.in/datasets/86da8970-c68b-4da2-ac41-1e796ab05d74,Jahnabi Mitra,58.6,Needs improvement,64.3,30.0,55,10,60,100,100,100,0,100,100,20,,,,,,,50,"[1.2] Expand the description to 2–5 sentences. | [2.1] Publish the underlying data as CSV/JSON (keep the PDF only as supporting documentation). | [1.8] Add the source's official creation date in YYYY-MM-DD format. | [1.1] Spell out abbreviations in the title (e.g. 'India Meteorological Department', not 'IMD'). | [1.3] Publish under the responsible organisation, or name the original data provider in the description."
749c89db-7dfc-4edc-a165-597675aa75fc,NFHS District Fact Sheet - Assam,https://civicdataspace.in/datasets/749c89db-7dfc-4edc-a165-597675aa75fc,CivicDataLab,58.7,Needs improvement,72.7,22.4,55,45,100,100,100,100,0,100,80,30,,4,,38,,,25,"[2.3] Rename columns to snake_case (lowercase, words joined with underscores). | [1.2] Expand the description to 2–5 sentences. | [2.1] Add a CSV version alongside every Excel file. | [1.8] Add the source's official creation date in YYYY-MM-DD format. | [1.1] Spell out abbreviations in the title (e.g. 'India Meteorological Department', not 'IMD')."
3fe1e9b3-94c4-4a19-8742-bfe039bee1c7,NFHS District Fact Sheets - Assam,https://civicdataspace.in/datasets/3fe1e9b3-94c4-4a19-8742-bfe039bee1c7,Open Contracting Partnership,59.0,Needs improvement,73.0,22.4,55,45,100,100,100,100,100,100,0,30,,4,,38,,,25,"[2.3] Rename columns to snake_case (lowercase, words joined with underscores). | [1.2] Expand the description to 2–5 sentences. | [1.10] Add the official page of the organisation that publishes the source data. | [2.1] Add a CSV version alongside every Excel file. | [1.1] Spell out abbreviations in the title (e.g. 'India Meteorological Department', not 'IMD')."
3a1dc7f1-ab47-40b6-9aba-c38ad4bda247,State/UTs-wise Juvenile Homes Under Child Protection Services Scheme - Mission Vatsalya,https://civicdataspace.in/datasets/3a1dc7f1-ab47-40b6-9aba-c38ad4bda247,Rajya Sabha,59.3,Needs improvement,67.0,39.1,10,45,100,100,100,100,100,100,0,100,,0,,0,,,25,"[1.1] Shorten the title to 60 characters or fewer. | [2.3] Rename columns to snake_case (lowercase, words joined with underscores). | [1.2] Say which geography the data covers (country / state / district level). | [1.10] Add the official page of the organisation that publishes the source data. | [2.5] Document the unit of every measurement column (name suffix like _mm / _inr_crore, or column description)."
bc43b3ef-7300-4db9-83f1-0b3b9ce7d372,District-wise Human Lives lost in Punjab from 1969 to 2022 (April to March),https://civicdataspace.in/datasets/bc43b3ef-7300-4db9-83f1-0b3b9ce7d372,Prashasti Yadav,59.3,Needs improvement,67.0,39.1,75,10,60,100,100,100,0,100,100,100,,0,,0,,,25,"[1.2] Expand the description to 2–5 sentences. | [2.3] Rename columns to snake_case (lowercase, words joined with underscores). | [1.8] Add the source's official creation date in YYYY-MM-DD format. | [2.5] Document the unit of every measurement column (name suffix like _mm / _inr_crore, or column description). | [2.8] Rename files as {theme}_{region}_{time_period}_v{version}.{format}, e.g. climate_bihar_precipitation_2000_2020_v1.0.csv."
2cc4b1c5-df4e-4332-9d57-2786bfd92352,OdiaNLP NMT Repo,https://civicdataspace.in/datasets/2cc4b1c5-df4e-4332-9d57-2786bfd92352,Divitamayee Deogam,59.4,Needs improvement,65.7,28.3,55,25,60,100,100,100,100,100,0,30,,,,,,,25,"[1.2] State the years the data covers in the description. | [1.10] Add the official page of the organisation that publishes the source data. | [2.1] Add a CSV version alongside every Excel file. | [1.1] Spell out abbreviations in the title (e.g. 'India Meteorological Department', not 'IMD'). | [2.8] Rename files as {theme}_{region}_{time_period}_v{version}.{format}, e.g. climate_bihar_precipitation_2000_2020_v1.0.csv."
69f7f41f-5344-4100-bd7e-56888d303666,CLASSER – Fine-grained NER for Indic Languages,https://civicdataspace.in/datasets/69f7f41f-5344-4100-bd7e-56888d303666,Jahnabi Mitra,59.7,Needs improvement,67.3,21.7,55,25,60,100,100,100,0,100,100,20,,,,,,,25,"[1.2] State the years the data covers in the description. | [2.1] Publish the underlying data as CSV/JSON (keep the PDF only as supporting documentation). | [1.8] Add the source's official creation date in YYYY-MM-DD format. | [1.1] Spell out abbreviations in the title (e.g. 'India Meteorological Department', not 'IMD'). | [2.8] Rename files as {theme}_{region}_{time_period}_v{version}.{format}, e.g. climate_bihar_precipitation_2000_2020_v1.0.csv."
4807543d-8bde-4fac-bbb2-f2f277db85fc,HPSDMA: Taru Hazard Risk and Vulnerability Assessment,https://civicdataspace.in/datasets/4807543d-8bde-4fac-bbb2-f2f277db85fc,Himachal Pradesh State Disaster Management Authority (HPSDMA),59.8,Needs improvement,60.7,57.4,55,25,100,100,100,100,0,100,0,100,,60,,0,,,25,"[1.2] Expand the description to 2–5 sentences. | [1.10] Add the official page of the organisation that publishes the source data. | [1.8] Add the source's official creation date in YYYY-MM-DD format. | [2.5] Document the unit of every measurement column (name suffix like _mm / _inr_crore, or column description). | [1.1] Spell out abbreviations in the title (e.g. 'India Meteorological Department', not 'IMD')."
5e1a1739-8067-4320-a212-1395791ec78e,KCC English Queries,https://civicdataspace.in/datasets/5e1a1739-8067-4320-a212-1395791ec78e,CivicDataLab,60.0,Needs improvement,68.8,32.0,55,45,100,100,100,100,0,50,100,30,,38,,,,,25,"[1.2] State the years the data covers in the description. | [2.1] Add a CSV version alongside every Excel file. | [1.8] Add the source's official creation date in YYYY-MM-DD format. | [2.3] Rename columns to snake_case (lowercase, words joined with underscores). | [1.1] Spell out abbreviations in the title (e.g. 'India Meteorological Department', not 'IMD')."
93ab0b46-54fb-4435-910f-103d51141579,Green-Segregated Tender Dataset Assam 2015-2025 (Till October),https://civicdataspace.in/datasets/93ab0b46-54fb-4435-910f-103d51141579,CivicDataLab,60.1,Needs improvement,73.3,25.6,75,75,100,100,100,100,0,100,0,30,,21,,25,,,25,"[1.10] Add the official page of the organisation that publishes the source data. | [2.1] Add a CSV version alongside every Excel file. | [2.3] Rename columns to snake_case (lowercase, words joined with underscores). | [1.8] Add the source's official creation date in YYYY-MM-DD format. | [1.2] Name the organisation that collected or compiled the data (and the method if derived)."
d559e5dc-e23e-44c0-8f89-00eb894a0b7b,Asia Pacific health dataset,https://civicdataspace.in/datasets/d559e5dc-e23e-44c0-8f89-00eb894a0b7b,Tarun Aggarwal,60.4,Needs improvement,65.3,47.7,75,10,60,100,100,100,100,100,0,100,,14,,0,,,50,"[1.2] Expand the description to 2–5 sentences. | [2.3] Rename columns to snake_case (lowercase, words joined with underscores). | [1.10] Add the official page of the organisation that publishes the source data. | [2.5] Document the unit of every measurement column (name suffix like _mm / _inr_crore, or column description). | [1.1] Add the period covered to the title, e.g. '(2000–2020)'."
61c3e3b0-89bb-466a-b2de-120f0061de2e,Odia Monolingual News Corpus,https://civicdataspace.in/datasets/61c3e3b0-89bb-466a-b2de-120f0061de2e,Divitamayee Deogam,60.6,Needs improvement,67.0,28.3,75,10,60,100,100,100,0,100,100,30,,,,,,,25,"[1.2] Expand the description to 2–5 sentences. | [2.1] Add a CSV version alongside every Excel file. | [1.8] Add the source's official creation date in YYYY-MM-DD format. | [2.8] Rename files as {theme}_{region}_{time_period}_v{version}.{format}, e.g. climate_bihar_precipitation_2000_2020_v1.0.csv. | [1.1] Add the period covered to the title, e.g. '(2000–2020)'."
5bc5632e-9cb4-411e-b036-8cabaec61619,hindi_odia_dataset,https://civicdataspace.in/datasets/5bc5632e-9cb4-411e-b036-8cabaec61619,Divitamayee Deogam,61.1,Needs improvement,66.0,36.7,45,25,60,100,100,100,0,100,100,30,,,,,,,50,"[1.2] State the years the data covers in the description. | [2.1] Add a CSV version alongside every Excel file. | [1.8] Add the source's official creation date in YYYY-MM-DD format. | [1.1] Remove special characters from the title (write 'and' instead of '&'). | [1.3] Publish under the responsible organisation, or name the original data provider in the description."
856a8f02-90f0-4af1-8534-62a9731299ce,NASADEM SRTM Digital Elevation Model,https://civicdataspace.in/datasets/856a8f02-90f0-4af1-8534-62a9731299ce,NASADEM,61.3,Needs improvement,62.0,59.6,55,40,100,100,100,0,0,100,100,100,,60,,0,,,38,"[1.2] State the years the data covers in the description. | [1.7] Set the geography (country / state / district) in metadata. | [1.8] Add the source's official creation date in YYYY-MM-DD format. | [2.5] Document the unit of every measurement column (name suffix like _mm / _inr_crore, or column description). | [1.1] Spell out abbreviations in the title (e.g. 'India Meteorological Department', not 'IMD')."
9693a4b6-7c24-45c3-800a-92914c5b9714,Assamese ASR Dataset,https://civicdataspace.in/datasets/9693a4b6-7c24-45c3-800a-92914c5b9714,Jahnabi Mitra,61.4,Needs improvement,69.3,21.7,55,35,60,100,100,100,0,100,100,20,,,,,,,25,"[1.2] State the years the data covers in the description. | [2.1] Publish the underlying data as CSV/JSON (keep the PDF only as supporting documentation). | [1.8] Add the source's official creation date in YYYY-MM-DD format. | [1.1] Spell out abbreviations in the title (e.g. 'India Meteorological Department', not 'IMD'). | [2.8] Rename files as {theme}_{region}_{time_period}_v{version}.{format}, e.g. climate_bihar_precipitation_2000_2020_v1.0.csv."
9a903e52-4db3-4cba-a3d1-cd8a83c45f43,Mental Health Adversarial Prompts (English),https://civicdataspace.in/datasets/9a903e52-4db3-4cba-a3d1-cd8a83c45f43,CivicDataLab,61.8,Needs improvement,68.7,40.0,75,10,100,100,100,100,100,100,0,30,,60,,,,,25,"[1.2] Expand the description to 2–5 sentences. | [1.10] Add the official page of the organisation that publishes the source data. | [2.1] Add a CSV version alongside every Excel file. | [2.8] Rename files as {theme}_{region}_{time_period}_v{version}.{format}, e.g. climate_bihar_precipitation_2000_2020_v1.0.csv. | [2.3] Use one convention (snake_case recommended) for every column."
e5b6026b-bab9-4850-9835-20c6eb6b70b6,Indic Language Data Registry,https://civicdataspace.in/datasets/e5b6026b-bab9-4850-9835-20c6eb6b70b6,CivicDataLab,61.9,Needs improvement,76.7,23.4,75,50,100,100,100,100,100,100,0,30,,28,,0,,,25,"[1.2] State the years the data covers in the description. | [1.10] Add the official page of the organisation that publishes the source data. | [2.1] Add a CSV version alongside every Excel file. | [2.3] Rename columns to snake_case (lowercase, words joined with underscores). | [2.5] Document the unit of every measurement column (name suffix like _mm / _inr_crore, or column description)."
4ed151c2-3b1a-4177-b66d-b2185a22ec08,Tender value vs IMR District-wise Assam 2018-19 to 2022-23,https://civicdataspace.in/datasets/4ed151c2-3b1a-4177-b66d-b2185a22ec08,CivicDataLab,62.7,Needs improvement,69.0,46.1,80,50,100,100,100,100,0,100,0,100,,9,,0,,,50,"[2.3] Rename columns to snake_case (lowercase, words joined with underscores). | [1.2] Expand the description to 2–5 sentences. | [1.10] Add the official page of the organisation that publishes the source data. | [1.8] Add the source's official creation date in YYYY-MM-DD format. | [2.5] Document the unit of every measurement column (name suffix like _mm / _inr_crore, or column description)."
231d1338-60c7-4290-ab47-00df39edb53a,FiNERVINER,https://civicdataspace.in/datasets/231d1338-60c7-4290-ab47-00df39edb53a,Jahnabi Mitra,62.8,Needs improvement,71.0,21.7,65,45,60,100,100,100,100,100,0,20,,,,,,,25,"[1.2] State the years the data covers in the description. | [2.1] Publish the underlying data as CSV/JSON (keep the PDF only as supporting documentation). | [1.10] Add the official page of the organisation that publishes the source data. | [2.8] Rename files as {theme}_{region}_{time_period}_v{version}.{format}, e.g. climate_bihar_precipitation_2000_2020_v1.0.csv. | [1.1] Use sentence case for the title."
84caefe5-fce4-4d50-9a64-dc8ab57864cf,odia_dataset,https://civicdataspace.in/datasets/84caefe5-fce4-4d50-9a64-dc8ab57864cf,Divitamayee Deogam,62.8,Needs improvement,68.0,36.7,45,35,60,100,100,100,0,100,100,30,,,,,,,50,"[1.2] State the years the data covers in the description. | [2.1] Add a CSV version alongside every Excel file. | [1.8] Add the source's official creation date in YYYY-MM-DD format. | [1.1] Remove special characters from the title (write 'and' instead of '&'). | [1.3] Publish under the responsible organisation, or name the original data provider in the description."
23b5d47a-9259-426b-9a26-438a572c539e,Kisan Call Centre (KCC) - Transcripts of Farmers Queries & Answers (Hindi),https://civicdataspace.in/datasets/23b5d47a-9259-426b-9a26-438a572c539e,CivicDataLab,62.9,Needs improvement,62.8,63.2,10,45,100,100,100,100,0,50,100,100,,43,,,,,25,"[1.1] Shorten the title to 60 characters or fewer. | [1.2] State the years the data covers in the description. | [1.8] Add the source's official creation date in YYYY-MM-DD format. | [2.3] Rename columns to snake_case (lowercase, words joined with underscores). | [1.9] Set the license to Government Open Data License (GODL) for data sourced from government platforms."
509d6195-8e95-4df4-8280-f73c9cd567d4,Odia Structured Dictionary,https://civicdataspace.in/datasets/509d6195-8e95-4df4-8280-f73c9cd567d4,Divitamayee Deogam,63.1,Needs improvement,70.0,28.3,75,25,60,100,100,100,0,100,100,30,,,,,,,25,"[1.2] State the years the data covers in the description. | [2.1] Add a CSV version alongside every Excel file. | [1.8] Add the source's official creation date in YYYY-MM-DD format. | [2.8] Rename files as {theme}_{region}_{time_period}_v{version}.{format}, e.g. climate_bihar_precipitation_2000_2020_v1.0.csv. | [1.1] Add the period covered to the title, e.g. '(2000–2020)'."
ea8616df-7288-4fb7-8478-22db9338e31e,Dictionary: English Odia word pairs,https://civicdataspace.in/datasets/ea8616df-7288-4fb7-8478-22db9338e31e,Divitamayee Deogam,63.1,Needs improvement,70.0,28.3,75,25,60,100,100,100,0,100,100,30,,,,,,,25,"[1.2] State the years the data covers in the description. | [2.1] Add a CSV version alongside every Excel file. | [1.8] Add the source's official creation date in YYYY-MM-DD format. | [2.8] Rename files as {theme}_{region}_{time_period}_v{version}.{format}, e.g. climate_bihar_precipitation_2000_2020_v1.0.csv. | [1.1] Add the period covered to the title, e.g. '(2000–2020)'."
68e109a7-d6a8-4374-b7fb-b6c38e886715,State/UT-wise Complaints Received by NCPCR Relating to violation of Child Rights including Child Abuse from 2016-17 to 2019-20,https://civicdataspace.in/datasets/68e109a7-d6a8-4374-b7fb-b6c38e886715,Rajya Sabha,63.6,Needs improvement,73.0,39.1,35,100,100,100,100,100,0,100,0,100,,0,,0,,,25,"[2.3] Rename columns to snake_case (lowercase, words joined with underscores). | [1.10] Add the official page of the organisation that publishes the source data. | [1.1] Shorten the title to 60 characters or fewer. | [1.8] Add the source's official creation date in YYYY-MM-DD format. | [2.5] Document the unit of every measurement column (name suffix like _mm / _inr_crore, or column description)."
45e52853-85e0-4b49-b290-3538884a17a7,"State/UT-wise Children covered by Child Care Institutions (CCIs) under the Juvenile Justice (Care and Protection of Children) Act, 2015 & Integrated Child Protection Scheme during 2018-19",https://civicdataspace.in/datasets/45e52853-85e0-4b49-b290-3538884a17a7,Rajya Sabha,63.9,Needs improvement,73.3,39.1,35,60,100,100,100,100,100,100,0,100,,0,,0,,,25,"[2.3] Rename columns to snake_case (lowercase, words joined with underscores). | [1.10] Add the official page of the organisation that publishes the source data. | [1.1] Shorten the title to 60 characters or fewer. | [1.2] Say which geography the data covers (country / state / district level). | [2.5] Document the unit of every measurement column (name suffix like _mm / _inr_crore, or column description)."
69d31be5-7d82-4b38-b12c-f062af988edf,"State/UT-wise CR, Cases Chargesheeted (CCS), Cases Convicted (CON), Persons Arrested (PAR), PCS and Persons Convicted (PCV) on POCSO Act (Section 4 & 6) r/w Rape (Section 376 IPC) from 2014 to 2016",https://civicdataspace.in/datasets/69d31be5-7d82-4b38-b12c-f062af988edf,Rajya Sabha,63.9,Needs improvement,70.3,47.3,35,45,100,100,100,100,100,100,0,100,,3,,17,,,50,"[2.3] Rename columns to snake_case (lowercase, words joined with underscores). | [1.2] Say which geography the data covers (country / state / district level). | [1.10] Add the official page of the organisation that publishes the source data. | [1.1] Shorten the title to 60 characters or fewer. | [2.5] Document the unit of every measurement column (name suffix like _mm / _inr_crore, or column description)."
b2505437-cb9a-45f9-b85a-8a6f4868039d,MCH Procurement District-wise Assam 2019 to 2023,https://civicdataspace.in/datasets/b2505437-cb9a-45f9-b85a-8a6f4868039d,CivicDataLab,64.0,Needs improvement,70.0,48.3,80,55,100,100,100,100,0,100,0,100,,30,,0,,,25,"[1.10] Add the official page of the organisation that publishes the source data. | [1.2] State the years the data covers in the description. | [1.8] Add the source's official creation date in YYYY-MM-DD format. | [2.3] Rename columns to snake_case (lowercase, words joined with underscores). | [2.5] Document the unit of every measurement column (name suffix like _mm / _inr_crore, or column description)."
f9f95e8d-fe66-4f0f-9d38-0d4c266f143e,MCH Procurement Scheme-wise Assam 2019 to 2023,https://civicdataspace.in/datasets/f9f95e8d-fe66-4f0f-9d38-0d4c266f143e,CivicDataLab,64.0,Needs improvement,70.0,48.3,80,55,100,100,100,100,0,100,0,100,,30,,0,,,25,"[1.10] Add the official page of the organisation that publishes the source data. | [1.2] State the years the data covers in the description. | [1.8] Add the source's official creation date in YYYY-MM-DD format. | [2.3] Rename columns to snake_case (lowercase, words joined with underscores). | [2.5] Document the unit of every measurement column (name suffix like _mm / _inr_crore, or column description)."
1b11f9d0-4414-4f64-aa6b-e65074674687,Assamese Mental Health Adversarial Prompts,https://civicdataspace.in/datasets/1b11f9d0-4414-4f64-aa6b-e65074674687,CivicDataLab,64.1,Needs improvement,71.7,40.0,75,25,100,100,100,100,100,100,0,30,,60,,,,,25,"[1.2] State the years the data covers in the description. | [1.10] Add the official page of the organisation that publishes the source data. | [2.1] Add a CSV version alongside every Excel file. | [2.8] Rename files as {theme}_{region}_{time_period}_v{version}.{format}, e.g. climate_bihar_precipitation_2000_2020_v1.0.csv. | [2.3] Use one convention (snake_case recommended) for every column."
e29ea52c-d9dc-4aff-8b81-74071f1e4c8e,Divyang Budget_2019-2025,https://civicdataspace.in/datasets/e29ea52c-d9dc-4aff-8b81-74071f1e4c8e,"FinAssam, Finance Department, Government of Assam",64.3,Needs improvement,71.2,30.0,80,40,100,100,100,100,0,50,100,20,,,,,,,50,"[1.2] State the years the data covers in the description. | [2.1] Publish the underlying data as CSV/JSON (keep the PDF only as supporting documentation). | [1.8] Add the source's official creation date in YYYY-MM-DD format. | [1.9] Set the license to Government Open Data License (GODL) for data sourced from government platforms. | [2.8] Rename files as {theme}_{region}_{time_period}_v{version}.{format}, e.g. climate_bihar_precipitation_2000_2020_v1.0.csv."
8d780994-644e-4670-9fbc-cf73e06f9858,PahariLi Dataset,https://civicdataspace.in/datasets/8d780994-644e-4670-9fbc-cf73e06f9858,Avantik Zinta,64.3,Needs improvement,70.0,49.3,75,25,60,100,100,100,0,100,100,100,,17,,29,,,25,"[1.2] State the years the data covers in the description. | [2.3] Rename columns to snake_case (lowercase, words joined with underscores). | [1.8] Add the source's official creation date in YYYY-MM-DD format. | [2.8] Rename files as {theme}_{region}_{time_period}_v{version}.{format}, e.g. climate_bihar_precipitation_2000_2020_v1.0.csv. | [2.5] Document the unit of every measurement column (name suffix like _mm / _inr_crore, or column description)."
d02df76c-7cec-42dc-bed1-beb7b7592bad,Strategy for New India@75 | NITI Aayog | November 2018,https://civicdataspace.in/datasets/d02df76c-7cec-42dc-bed1-beb7b7592bad,Prashasti Yadav,64.3,Needs improvement,72.8,21.7,60,57,60,100,100,100,100,100,0,20,,,,,,,25,"[2.1] Publish the underlying data as CSV/JSON (keep the PDF only as supporting documentation). | [1.10] Add the official page of the organisation that publishes the source data. | [1.2] Tighten the description to at most 5 sentences; move methodology detail to a resource description. | [1.1] Remove special characters from the title (write 'and' instead of '&'). | [2.8] Rename files as {theme}_{region}_{time_period}_v{version}.{format}, e.g. climate_bihar_precipitation_2000_2020_v1.0.csv."
a4fb3f18-c047-4e7f-8fd3-0179bf01f671,Victim compensation_POSCO_Assam_Nov 2022,https://civicdataspace.in/datasets/a4fb3f18-c047-4e7f-8fd3-0179bf01f671,CivicDataLab,64.7,Needs improvement,81.8,20.1,80,72,100,100,100,100,100,100,0,30,,3,,0,,,50,"[2.3] Rename columns to snake_case (lowercase, words joined with underscores). | [1.10] Add the official page of the organisation that publishes the source data. | [2.1] Add a CSV version alongside every Excel file. | [2.5] Document the unit of every measurement column (name suffix like _mm / _inr_crore, or column description). | [1.2] Tighten the description to at most 5 sentences; move methodology detail to a resource description."
cdaed2cf-782a-4a57-9b67-8f1b43db1b5d,Gender Budget Statement Assam 2018-19 to 2025-26,https://civicdataspace.in/datasets/cdaed2cf-782a-4a57-9b67-8f1b43db1b5d,"FinAssam, Finance Department, Government of Assam",64.7,Needs improvement,71.8,28.8,100,48,100,100,100,70,0,50,100,20,,,,,,,46,"[2.1] Publish the underlying data as CSV/JSON (keep the PDF only as supporting documentation). | [1.2] Tighten the description to at most 5 sentences; move methodology detail to a resource description. | [1.8] Add the source's official creation date in YYYY-MM-DD format. | [1.9] Set the license to Government Open Data License (GODL) for data sourced from government platforms. | [2.8] Rename files as {theme}_{region}_{time_period}_v{version}.{format}, e.g. climate_bihar_precipitation_2000_2020_v1.0.csv."
55b2a082-c4a9-48f7-8b65-2fc84a8cd57a,Tamil Adversarial KCC Queries Prompts,https://civicdataspace.in/datasets/55b2a082-c4a9-48f7-8b65-2fc84a8cd57a,CivicDataLab,64.7,Needs improvement,67.8,54.7,55,40,100,100,100,100,0,50,100,30,,100,,,,,25,"[1.2] State the years the data covers in the description. | [2.1] Add a CSV version alongside every Excel file. | [1.8] Add the source's official creation date in YYYY-MM-DD format. | [1.1] Spell out abbreviations in the title (e.g. 'India Meteorological Department', not 'IMD'). | [1.9] Set the license to Government Open Data License (GODL) for data sourced from government platforms."
bd187bae-236c-4105-9575-5002fdbdc6c7,Odia News Dataset,https://civicdataspace.in/datasets/bd187bae-236c-4105-9575-5002fdbdc6c7,Divitamayee Deogam,64.7,Needs improvement,72.0,28.3,75,35,60,100,100,100,0,100,100,30,,,,,,,25,"[1.2] State the years the data covers in the description. | [2.1] Add a CSV version alongside every Excel file. | [1.8] Add the source's official creation date in YYYY-MM-DD format. | [2.8] Rename files as {theme}_{region}_{time_period}_v{version}.{format}, e.g. climate_bihar_precipitation_2000_2020_v1.0.csv. | [1.1] Add the period covered to the title, e.g. '(2000–2020)'."
dac6114c-0c1e-466b-a42c-3f4fe09f8b80,Multilingual Indian Sentiment Data,https://civicdataspace.in/datasets/dac6114c-0c1e-466b-a42c-3f4fe09f8b80,Divitamayee Deogam,64.7,Needs improvement,72.0,28.3,75,35,60,100,100,100,0,100,100,30,,,,,,,25,"[1.2] State the years the data covers in the description. | [2.1] Add a CSV version alongside every Excel file. | [1.8] Add the source's official creation date in YYYY-MM-DD format. | [2.8] Rename files as {theme}_{region}_{time_period}_v{version}.{format}, e.g. climate_bihar_precipitation_2000_2020_v1.0.csv. | [1.1] Add the period covered to the title, e.g. '(2000–2020)'."
a59afb9a-7003-4b72-b66f-4cff680a5ebf,Himachal Pradesh Distance from River Indicators (Tehsil Level),https://civicdataspace.in/datasets/a59afb9a-7003-4b72-b66f-4cff680a5ebf,CivicDataLab,65.1,Needs improvement,68.2,57.2,50,45,100,100,100,100,0,50,100,100,,45,,0,,,50,"[1.2] State the years the data covers in the description. | [1.8] Add the source's official creation date in YYYY-MM-DD format. | [1.1] Shorten the title to 60 characters or fewer. | [2.5] Document the unit of every measurement column (name suffix like _mm / _inr_crore, or column description). | [2.3] Rename columns to snake_case (lowercase, words joined with underscores)."
28d9144f-e846-4017-86fc-7af83d078354,NASADEM SRTM Digital Elevation Model,https://civicdataspace.in/datasets/28d9144f-e846-4017-86fc-7af83d078354,NASADEM,65.3,Needs improvement,62.0,73.9,55,40,100,100,100,0,0,100,100,100,,100,,0,,,50,"[1.2] State the years the data covers in the description. | [1.7] Set the geography (country / state / district) in metadata. | [1.8] Add the source's official creation date in YYYY-MM-DD format. | [2.5] Document the unit of every measurement column (name suffix like _mm / _inr_crore, or column description). | [1.1] Spell out abbreviations in the title (e.g. 'India Meteorological Department', not 'IMD')."
3e72a5d4-23c2-455f-b621-b730b3613783,State/UTs-wise Funds Utilized under Beti Bachao Beti Padhao Scheme from 2018-19 to 2020-21,https://civicdataspace.in/datasets/3e72a5d4-23c2-455f-b621-b730b3613783,Rajya Sabha,65.3,Needs improvement,75.3,39.1,35,70,100,100,100,100,100,100,0,100,,0,,0,,,25,"[2.3] Rename columns to snake_case (lowercase, words joined with underscores). | [1.10] Add the official page of the organisation that publishes the source data. | [1.1] Shorten the title to 60 characters or fewer. | [2.5] Document the unit of every measurement column (name suffix like _mm / _inr_crore, or column description). | [1.2] Say which geography the data covers (country / state / district level)."
61e361a7-91e2-445a-9558-3c36f946a795,odia-arc,https://civicdataspace.in/datasets/61e361a7-91e2-445a-9558-3c36f946a795,Divitamayee Deogam,65.3,Needs improvement,72.7,28.3,65,45,60,100,100,100,0,100,100,30,,,,,,,25,"[1.2] State the years the data covers in the description. | [2.1] Add a CSV version alongside every Excel file. | [1.8] Add the source's official creation date in YYYY-MM-DD format. | [2.8] Rename files as {theme}_{region}_{time_period}_v{version}.{format}, e.g. climate_bihar_precipitation_2000_2020_v1.0.csv. | [1.1] Use sentence case for the title."
c3733db2-4060-405c-9aa1-321950b19481,Working Paper | India's Path To Global Leadership | Strategic Imperatives for Viksit Bharat @2047 | April 2025,https://civicdataspace.in/datasets/c3733db2-4060-405c-9aa1-321950b19481,Prashasti Yadav,65.3,Needs improvement,72.3,30.0,55,50,60,100,100,100,0,100,100,20,,,,,,,50,"[2.1] Publish the underlying data as CSV/JSON (keep the PDF only as supporting documentation). | [1.2] Expand the description to 2–5 sentences. | [1.8] Add the source's official creation date in YYYY-MM-DD format. | [1.1] Shorten the title to 60 characters or fewer. | [1.3] Publish under the responsible organisation, or name the original data provider in the description."
1daed3d7-608d-48bd-a657-4e20fdfddf05,Odia News & Wiki,https://civicdataspace.in/datasets/1daed3d7-608d-48bd-a657-4e20fdfddf05,Divitamayee Deogam,65.4,Needs improvement,72.8,28.3,55,52,60,100,100,100,0,100,100,30,,,,,,,25,"[1.2] Tighten the description to at most 5 sentences; move methodology detail to a resource description. | [2.1] Add a CSV version alongside every Excel file. | [1.8] Add the source's official creation date in YYYY-MM-DD format. | [1.1] Remove special characters from the title (write 'and' instead of '&'). | [2.8] Rename files as {theme}_{region}_{time_period}_v{version}.{format}, e.g. climate_bihar_precipitation_2000_2020_v1.0.csv."
4c387b40-3e56-4523-97cf-1ddd51a69f88,Bhram-IL (Gujarati),https://civicdataspace.in/datasets/4c387b40-3e56-4523-97cf-1ddd51a69f88,CivicDataLab,65.8,Needs improvement,69.0,57.4,55,25,100,100,100,100,100,100,0,100,,60,,0,,,25,"[1.2] State the years the data covers in the description. | [1.10] Add the official page of the organisation that publishes the source data. | [2.5] Document the unit of every measurement column (name suffix like _mm / _inr_crore, or column description). | [1.1] Spell out abbreviations in the title (e.g. 'India Meteorological Department', not 'IMD'). | [2.8] Rename files as {theme}_{region}_{time_period}_v{version}.{format}, e.g. climate_bihar_precipitation_2000_2020_v1.0.csv."
4c7598be-3315-4632-bdbe-7fe305bddf57,Bhram-IL (Marathi),https://civicdataspace.in/datasets/4c7598be-3315-4632-bdbe-7fe305bddf57,CivicDataLab,65.8,Needs improvement,69.0,57.4,55,25,100,100,100,100,100,100,0,100,,60,,0,,,25,"[1.2] State the years the data covers in the description. | [1.10] Add the official page of the organisation that publishes the source data. | [2.5] Document the unit of every measurement column (name suffix like _mm / _inr_crore, or column description). | [1.1] Spell out abbreviations in the title (e.g. 'India Meteorological Department', not 'IMD'). | [2.8] Rename files as {theme}_{region}_{time_period}_v{version}.{format}, e.g. climate_bihar_precipitation_2000_2020_v1.0.csv."
533c9497-83d9-41bb-9ada-6190318991b4,Assam Maternal Health,https://civicdataspace.in/datasets/533c9497-83d9-41bb-9ada-6190318991b4,CivicDataLab,65.9,Needs improvement,72.7,48.3,75,30,100,100,100,100,100,100,0,100,,30,,0,,,25,"[1.2] Expand the description to 2–5 sentences. | [1.10] Add the official page of the organisation that publishes the source data. | [2.3] Rename columns to snake_case (lowercase, words joined with underscores). | [2.5] Document the unit of every measurement column (name suffix like _mm / _inr_crore, or column description). | [2.8] Rename files as {theme}_{region}_{time_period}_v{version}.{format}, e.g. climate_bihar_precipitation_2000_2020_v1.0.csv."
93a26985-5f8d-447a-b6b3-506e2a70c5c9,MCH Procurement data Assam 2019 to 2025,https://civicdataspace.in/datasets/93a26985-5f8d-447a-b6b3-506e2a70c5c9,CivicDataLab,66.0,Needs improvement,68.0,60.8,80,45,100,100,100,100,0,100,0,100,,42,,25,,,50,"[1.2] State the years the data covers in the description. | [1.10] Add the official page of the organisation that publishes the source data. | [1.8] Add the source's official creation date in YYYY-MM-DD format. | [2.3] Rename columns to snake_case (lowercase, words joined with underscores). | [2.5] Document the unit of every measurement column (name suffix like _mm / _inr_crore, or column description)."
1f813c4c-943b-4962-927a-f04bf7da4f7d,OpenSpeaks Voice,https://civicdataspace.in/datasets/1f813c4c-943b-4962-927a-f04bf7da4f7d,Divitamayee Deogam,66.4,Needs improvement,74.0,28.3,75,45,60,100,100,100,0,100,100,30,,,,,,,25,"[1.2] Say which geography the data covers (country / state / district level). | [2.1] Add a CSV version alongside every Excel file. | [1.8] Add the source's official creation date in YYYY-MM-DD format. | [2.8] Rename files as {theme}_{region}_{time_period}_v{version}.{format}, e.g. climate_bihar_precipitation_2000_2020_v1.0.csv. | [1.1] Add the period covered to the title, e.g. '(2000–2020)'."
241897c7-9366-40ce-b8bc-87efa5975105,Odia Wikisource Collection,https://civicdataspace.in/datasets/241897c7-9366-40ce-b8bc-87efa5975105,Divitamayee Deogam,66.4,Needs improvement,74.0,28.3,75,45,60,100,100,100,0,100,100,30,,,,,,,25,"[1.2] Say which geography the data covers (country / state / district level). | [2.1] Add a CSV version alongside every Excel file. | [1.8] Add the source's official creation date in YYYY-MM-DD format. | [2.8] Rename files as {theme}_{region}_{time_period}_v{version}.{format}, e.g. climate_bihar_precipitation_2000_2020_v1.0.csv. | [1.1] Add the period covered to the title, e.g. '(2000–2020)'."
5a97eabf-b3af-4ed7-97bd-8734cc818a26,Snow Mountain Dataset,https://civicdataspace.in/datasets/5a97eabf-b3af-4ed7-97bd-8734cc818a26,Avantik Zinta,66.5,Needs improvement,74.0,46.8,75,45,60,100,100,100,0,100,100,100,,17,,14,,,25,"[1.2] State the years the data covers in the description. | [2.3] Rename columns to snake_case (lowercase, words joined with underscores). | [1.8] Add the source's official creation date in YYYY-MM-DD format. | [2.5] Document the unit of every measurement column (name suffix like _mm / _inr_crore, or column description). | [2.8] Rename files as {theme}_{region}_{time_period}_v{version}.{format}, e.g. climate_bihar_precipitation_2000_2020_v1.0.csv."
8d04f121-4a0f-4666-af26-e8bc0f67c64c,BiharPublic Procurement Tenders,https://civicdataspace.in/datasets/8d04f121-4a0f-4666-af26-e8bc0f67c64c,CivicDataLab,66.6,Needs improvement,73.5,48.5,75,55,100,100,100,100,0,50,100,100,,17,,0,,,50,"[2.3] Rename columns to snake_case (lowercase, words joined with underscores). | [1.2] State the years the data covers in the description. | [1.8] Add the source's official creation date in YYYY-MM-DD format. | [2.5] Document the unit of every measurement column (name suffix like _mm / _inr_crore, or column description). | [1.9] Set the license to Government Open Data License (GODL) for data sourced from government platforms."
0458f4d3-d833-4f20-9ffc-83b36d4d4697,Takri Font Dataset,https://civicdataspace.in/datasets/0458f4d3-d833-4f20-9ffc-83b36d4d4697,Avantik Zinta,66.7,Needs improvement,72.0,52.7,75,35,60,100,100,100,0,100,100,100,,16,,50,,,25,"[1.2] State the years the data covers in the description. | [2.3] Rename columns to snake_case (lowercase, words joined with underscores). | [1.8] Add the source's official creation date in YYYY-MM-DD format. | [2.8] Rename files as {theme}_{region}_{time_period}_v{version}.{format}, e.g. climate_bihar_precipitation_2000_2020_v1.0.csv. | [1.1] Add the period covered to the title, e.g. '(2000–2020)'."
4f1d5a40-a9ee-4d5c-8829-ab1771029fa1,"Assam State, District and Revenue Circle Administrative Boundary Files",https://civicdataspace.in/datasets/4f1d5a40-a9ee-4d5c-8829-ab1771029fa1,CivicDataLab,66.8,Needs improvement,65.2,75.0,50,30,100,100,100,100,0,50,100,100,,,,,,,25,"[1.2] Expand the description to 2–5 sentences. | [1.8] Add the source's official creation date in YYYY-MM-DD format. | [1.1] Shorten the title to 60 characters or fewer. | [1.9] Set the license to Government Open Data License (GODL) for data sourced from government platforms. | [2.8] Rename files as {theme}_{region}_{time_period}_v{version}.{format}, e.g. climate_bihar_precipitation_2000_2020_v1.0.csv."
cb93d9ec-587b-4b7d-b893-2413897ac4a6,BHRAM-IL (Hindi),https://civicdataspace.in/datasets/cb93d9ec-587b-4b7d-b893-2413897ac4a6,CivicDataLab,67.0,Needs improvement,70.7,57.4,55,25,100,100,100,100,0,100,100,100,,60,,0,,,25,"[1.2] State the years the data covers in the description. | [1.8] Add the source's official creation date in YYYY-MM-DD format. | [2.5] Document the unit of every measurement column (name suffix like _mm / _inr_crore, or column description). | [1.1] Spell out abbreviations in the title (e.g. 'India Meteorological Department', not 'IMD'). | [2.8] Rename files as {theme}_{region}_{time_period}_v{version}.{format}, e.g. climate_bihar_precipitation_2000_2020_v1.0.csv."
9d50ff35-eb9a-4d77-b4ab-2d717c79fb93,Bhram-IL (Odia),https://civicdataspace.in/datasets/9d50ff35-eb9a-4d77-b4ab-2d717c79fb93,CivicDataLab,67.0,Needs improvement,70.7,57.4,55,25,100,100,100,100,0,100,100,100,,60,,0,,,25,"[1.2] State the years the data covers in the description. | [1.8] Add the source's official creation date in YYYY-MM-DD format. | [2.5] Document the unit of every measurement column (name suffix like _mm / _inr_crore, or column description). | [1.1] Spell out abbreviations in the title (e.g. 'India Meteorological Department', not 'IMD'). | [2.8] Rename files as {theme}_{region}_{time_period}_v{version}.{format}, e.g. climate_bihar_precipitation_2000_2020_v1.0.csv."
e7adeb48-b12c-4a23-8606-b2988f447d05,HimVirasat Mandeali Dataset,https://civicdataspace.in/datasets/e7adeb48-b12c-4a23-8606-b2988f447d05,Avantik Zinta,67.0,Needs improvement,74.0,48.7,75,45,60,100,100,100,0,100,100,100,,17,,25,,,25,"[1.2] State the years the data covers in the description. | [2.3] Rename columns to snake_case (lowercase, words joined with underscores). | [1.8] Add the source's official creation date in YYYY-MM-DD format. | [2.5] Document the unit of every measurement column (name suffix like _mm / _inr_crore, or column description). | [2.8] Rename files as {theme}_{region}_{time_period}_v{version}.{format}, e.g. climate_bihar_precipitation_2000_2020_v1.0.csv."
a4e9f457-8c4b-43c1-8ea7-e0afa666be34,Assam Maternal Health,https://civicdataspace.in/datasets/a4e9f457-8c4b-43c1-8ea7-e0afa666be34,Open Contracting Partnership,67.1,Needs improvement,72.7,52.6,75,30,100,100,100,100,100,100,0,100,,30,,0,,,50,"[1.2] Expand the description to 2–5 sentences. | [1.10] Add the official page of the organisation that publishes the source data. | [2.3] Rename columns to snake_case (lowercase, words joined with underscores). | [2.5] Document the unit of every measurement column (name suffix like _mm / _inr_crore, or column description). | [1.1] Add the period covered to the title, e.g. '(2000–2020)'."
4ec13774-1086-4eb1-b8cf-bd3329d46cf6,MCH Procurement Department-wise Assam 2019 to 2023,https://civicdataspace.in/datasets/4ec13774-1086-4eb1-b8cf-bd3329d46cf6,CivicDataLab,67.2,Needs improvement,70.0,58.4,80,55,100,100,100,100,0,100,0,100,,30,,,,,25,"[1.10] Add the official page of the organisation that publishes the source data. | [1.2] State the years the data covers in the description. | [1.8] Add the source's official creation date in YYYY-MM-DD format. | [2.3] Rename columns to snake_case (lowercase, words joined with underscores). | [2.8] Rename files as {theme}_{region}_{time_period}_v{version}.{format}, e.g. climate_bihar_precipitation_2000_2020_v1.0.csv."
527e7809-5d96-4e66-a527-76636866eafa,Manipuri Handwritten Character Recognition,https://civicdataspace.in/datasets/527e7809-5d96-4e66-a527-76636866eafa,Jahnabi Mitra,67.2,Needs improvement,76.3,21.7,75,65,60,100,100,100,100,100,0,20,,,,,,,25,"[2.1] Publish the underlying data as CSV/JSON (keep the PDF only as supporting documentation). | [1.10] Add the official page of the organisation that publishes the source data. | [1.2] Name the organisation that collected or compiled the data (and the method if derived). | [2.8] Rename files as {theme}_{region}_{time_period}_v{version}.{format}, e.g. climate_bihar_precipitation_2000_2020_v1.0.csv. | [1.1] Add the period covered to the title, e.g. '(2000–2020)'."
1d53def5-cd46-4f0a-b0b9-7f3e669c7062,Mission Antyodaya 2020: Bihar,https://civicdataspace.in/datasets/1d53def5-cd46-4f0a-b0b9-7f3e669c7062,Ministry of Rural Development,67.3,Needs improvement,69.2,62.3,100,75,100,100,100,0,0,50,100,100,,54,,14,,,50,"[1.7] Set the geography (country / state / district) in metadata. | [1.8] Add the source's official creation date in YYYY-MM-DD format. | [1.9] Set the license to Government Open Data License (GODL) for data sourced from government platforms. | [2.5] Document the unit of every measurement column (name suffix like _mm / _inr_crore, or column description). | [2.3] Rename columns to snake_case (lowercase, words joined with underscores)."
f238952e-3e0f-4fa7-8afb-2c0e2b2f698d,Bihar Flood-Related Tenders (Block Geotagged),https://civicdataspace.in/datasets/f238952e-3e0f-4fa7-8afb-2c0e2b2f698d,CivicDataLab,67.3,Needs improvement,73.5,51.2,75,55,100,100,100,100,0,50,100,100,,25,,0,,,50,"[1.2] State the years the data covers in the description. | [2.3] Rename columns to snake_case (lowercase, words joined with underscores). | [1.8] Add the source's official creation date in YYYY-MM-DD format. | [2.5] Document the unit of every measurement column (name suffix like _mm / _inr_crore, or column description). | [1.9] Set the license to Government Open Data License (GODL) for data sourced from government platforms."
b4cd4bf9-efb6-4771-bf17-51ee80a148eb,Kinnauri Pahari Dataset,https://civicdataspace.in/datasets/b4cd4bf9-efb6-4771-bf17-51ee80a148eb,Avantik Zinta,67.3,Needs improvement,74.0,49.8,75,45,60,100,100,100,0,100,100,100,,16,,33,,,25,"[1.2] State the years the data covers in the description. | [2.3] Rename columns to snake_case (lowercase, words joined with underscores). | [1.8] Add the source's official creation date in YYYY-MM-DD format. | [2.8] Rename files as {theme}_{region}_{time_period}_v{version}.{format}, e.g. climate_bihar_precipitation_2000_2020_v1.0.csv. | [2.5] Document the unit of every measurement column (name suffix like _mm / _inr_crore, or column description)."
501422ec-923b-46d7-a4f2-5333af46331b,Bangkok Budget Details,https://civicdataspace.in/datasets/501422ec-923b-46d7-a4f2-5333af46331b,BMA,67.5,Needs improvement,64.3,83.3,75,30,100,100,100,100,0,100,0,100,,,,,,,50,"[1.2] Expand the description to 2–5 sentences. | [1.10] Add the official page of the organisation that publishes the source data. | [1.8] Add the source's official creation date in YYYY-MM-DD format. | [1.1] Add the period covered to the title, e.g. '(2000–2020)'. | [2.8] Rename files as {theme}_{region}_{time_period}_v{version}.{format}, e.g. climate_bihar_precipitation_2000_2020_v1.0.csv."
6734a2e0-5295-4bd3-ae5f-7623e2cf1cba,Odia Text Dataset,https://civicdataspace.in/datasets/6734a2e0-5295-4bd3-ae5f-7623e2cf1cba,Divitamayee Deogam,67.5,Needs improvement,75.3,28.3,75,10,60,100,100,100,100,100,100,30,,,,,,,25,"[1.2] Expand the description to 2–5 sentences. | [2.1] Add a CSV version alongside every Excel file. | [2.8] Rename files as {theme}_{region}_{time_period}_v{version}.{format}, e.g. climate_bihar_precipitation_2000_2020_v1.0.csv. | [1.1] Add the period covered to the title, e.g. '(2000–2020)'. | [1.3] Publish under the responsible organisation, or name the original data provider in the description."
d7df85a3-9ee3-4d76-b60a-8d3e8bf4a9d7,Odia News Classification,https://civicdataspace.in/datasets/d7df85a3-9ee3-4d76-b60a-8d3e8bf4a9d7,Divitamayee Deogam,67.5,Needs improvement,75.3,28.3,75,10,60,100,100,100,100,100,100,30,,,,,,,25,"[1.2] Expand the description to 2–5 sentences. | [2.1] Add a CSV version alongside every Excel file. | [2.8] Rename files as {theme}_{region}_{time_period}_v{version}.{format}, e.g. climate_bihar_precipitation_2000_2020_v1.0.csv. | [1.1] Add the period covered to the title, e.g. '(2000–2020)'. | [1.3] Publish under the responsible organisation, or name the original data provider in the description."
efcb804b-1e9d-429f-893e-744ce813b82c,HMIS MCH Assam 2022-23,https://civicdataspace.in/datasets/efcb804b-1e9d-429f-893e-744ce813b82c,CivicDataLab,67.5,Needs improvement,76.2,44.9,80,65,100,100,100,100,0,50,100,100,,5,,0,,,50,"[2.3] Rename columns to snake_case (lowercase, words joined with underscores). | [1.8] Add the source's official creation date in YYYY-MM-DD format. | [1.2] Name the organisation that collected or compiled the data (and the method if derived). | [2.5] Document the unit of every measurement column (name suffix like _mm / _inr_crore, or column description). | [1.9] Set the license to Government Open Data License (GODL) for data sourced from government platforms."
67aed609-cd88-4fab-8b90-ad88401caf01,State/UT-wise Details of Sagar Mitra Approved from 2021-22 to 2023-24,https://civicdataspace.in/datasets/67aed609-cd88-4fab-8b90-ad88401caf01,"Department of Fisheries, Government of India",67.6,Needs improvement,78.5,39.1,35,65,100,100,100,100,100,50,100,100,,0,,0,,,25,"[2.3] Rename columns to snake_case (lowercase, words joined with underscores). | [1.1] Shorten the title to 60 characters or fewer. | [1.2] Name the organisation that collected or compiled the data (and the method if derived). | [2.5] Document the unit of every measurement column (name suffix like _mm / _inr_crore, or column description). | [1.9] Set the license to Government Open Data License (GODL) for data sourced from government platforms."
e8cb7d4c-d85a-4a16-b6a5-07f25230104b,Background of Indian Supreme Court Judges,https://civicdataspace.in/datasets/e8cb7d4c-d85a-4a16-b6a5-07f25230104b,JusticeHub,67.6,Needs improvement,83.7,16.9,75,35,100,100,100,100,100,100,100,22,,6,,,,,25,"[1.2] State the years the data covers in the description. | [2.3] Rename columns to snake_case (lowercase, words joined with underscores). | [2.1] Publish the underlying data as CSV/JSON (keep the PDF only as supporting documentation). | [2.8] Rename files as {theme}_{region}_{time_period}_v{version}.{format}, e.g. climate_bihar_precipitation_2000_2020_v1.0.csv. | [1.1] Add the period covered to the title, e.g. '(2000–2020)'."
2e97e3e2-b19d-4ee4-b5d1-13bb5ce9f0ec,Dogri Dataset,https://civicdataspace.in/datasets/2e97e3e2-b19d-4ee4-b5d1-13bb5ce9f0ec,Avantik Zinta,67.6,Needs improvement,70.0,61.4,75,25,60,100,100,100,0,100,100,100,,16,,100,,,25,"[1.2] State the years the data covers in the description. | [2.3] Rename columns to snake_case (lowercase, words joined with underscores). | [1.8] Add the source's official creation date in YYYY-MM-DD format. | [2.8] Rename files as {theme}_{region}_{time_period}_v{version}.{format}, e.g. climate_bihar_precipitation_2000_2020_v1.0.csv. | [1.1] Add the period covered to the title, e.g. '(2000–2020)'."
8ecb5aa1-cb8d-48ba-99c6-bf6c88df9cce,Assamese agri related farmer queries (CDL Hackathon),https://civicdataspace.in/datasets/8ecb5aa1-cb8d-48ba-99c6-bf6c88df9cce,Thakshak B,67.8,Needs improvement,62.7,84.2,55,10,60,100,100,100,100,100,0,100,,100,,,,,25,"[1.2] Expand the description to 2–5 sentences. | [1.10] Add the official page of the organisation that publishes the source data. | [1.1] Spell out abbreviations in the title (e.g. 'India Meteorological Department', not 'IMD'). | [2.8] Rename files as {theme}_{region}_{time_period}_v{version}.{format}, e.g. climate_bihar_precipitation_2000_2020_v1.0.csv. | [1.3] Publish under the responsible organisation, or name the original data provider in the description."
8e471e7b-9d7d-483c-bba3-11a62aee1191,KHOJ - Dataset about the judges of the Madras High Court,https://civicdataspace.in/datasets/8e471e7b-9d7d-483c-bba3-11a62aee1191,JusticeHub,68.2,Needs improvement,79.0,34.2,55,25,100,100,100,100,100,100,100,60,,3,,,,,38,"[1.2] State the years the data covers in the description. | [2.3] Rename columns to snake_case (lowercase, words joined with underscores). | [1.1] Spell out abbreviations in the title (e.g. 'India Meteorological Department', not 'IMD'). | [2.1] Publish the underlying data as CSV/JSON (keep the PDF only as supporting documentation). | [2.8] Rename files as {theme}_{region}_{time_period}_v{version}.{format}, e.g. climate_bihar_precipitation_2000_2020_v1.0.csv."
a33c6e71-fd59-4b57-b033-00c9bae34a9a,NASADEM SRTM Digital Elevation Model,https://civicdataspace.in/datasets/a33c6e71-fd59-4b57-b033-00c9bae34a9a,NASADEM,68.2,Needs improvement,66.0,73.9,55,60,100,100,100,0,0,100,100,100,,100,,0,,,50,"[1.7] Set the geography (country / state / district) in metadata. | [1.8] Add the source's official creation date in YYYY-MM-DD format. | [1.2] State the years the data covers in the description. | [2.5] Document the unit of every measurement column (name suffix like _mm / _inr_crore, or column description). | [1.1] Spell out abbreviations in the title (e.g. 'India Meteorological Department', not 'IMD')."
fb1b46f2-007e-4fbc-9a83-f2c60a270c6a,"State/UT-wise Number of Child Marriage Cases as per Prohibition of Child Marriage Act, 2006 from 2013 to 2017",https://civicdataspace.in/datasets/fb1b46f2-007e-4fbc-9a83-f2c60a270c6a,Rajya Sabha,68.2,Needs improvement,79.3,39.1,35,90,100,100,100,100,100,100,0,100,,0,,0,,,25,"[2.3] Rename columns to snake_case (lowercase, words joined with underscores). | [1.10] Add the official page of the organisation that publishes the source data. | [1.1] Shorten the title to 60 characters or fewer. | [2.5] Document the unit of every measurement column (name suffix like _mm / _inr_crore, or column description). | [2.8] Rename files as {theme}_{region}_{time_period}_v{version}.{format}, e.g. climate_bihar_precipitation_2000_2020_v1.0.csv."
b89710f1-2999-4c4b-935c-00184e1d41ed,Assam Embankment Infrastructure Indicators (Revenue Circle Level),https://civicdataspace.in/datasets/b89710f1-2999-4c4b-935c-00184e1d41ed,CivicDataLab,68.2,Needs improvement,70.2,63.0,50,55,100,100,100,100,0,50,100,100,,45,,33,,,50,"[1.2] State the years the data covers in the description. | [1.8] Add the source's official creation date in YYYY-MM-DD format. | [1.1] Shorten the title to 60 characters or fewer. | [2.3] Rename columns to snake_case (lowercase, words joined with underscores). | [1.9] Set the license to Government Open Data License (GODL) for data sourced from government platforms."
0cfc9ba5-a7b3-49e8-bec9-d4419eaf5031,Assam Heat-Related Tenders (RC-Geotagged),https://civicdataspace.in/datasets/0cfc9ba5-a7b3-49e8-bec9-d4419eaf5031,CivicDataLab,68.4,Needs improvement,72.8,57.0,55,65,100,100,100,100,0,50,100,100,,30,,50,,,25,"[1.8] Add the source's official creation date in YYYY-MM-DD format. | [2.3] Rename columns to snake_case (lowercase, words joined with underscores). | [1.2] State the years the data covers in the description. | [1.1] Spell out abbreviations in the title (e.g. 'India Meteorological Department', not 'IMD'). | [1.9] Set the license to Government Open Data License (GODL) for data sourced from government platforms."
f89bc070-61f3-4906-928d-3290deb701d3,Object Head Wise Expenditure Report 23-26,https://civicdataspace.in/datasets/f89bc070-61f3-4906-928d-3290deb701d3,"FinAssam, Finance Department, Government of Assam",68.5,Needs improvement,77.8,21.7,75,35,100,100,100,100,100,50,100,20,,,,,,,25,"[1.2] State the years the data covers in the description. | [2.1] Publish the underlying data as CSV/JSON (keep the PDF only as supporting documentation). | [1.9] Set the license to Government Open Data License (GODL) for data sourced from government platforms. | [2.8] Rename files as {theme}_{region}_{time_period}_v{version}.{format}, e.g. climate_bihar_precipitation_2000_2020_v1.0.csv. | [1.1] Add the period covered to the title, e.g. '(2000–2020)'."
ba4edec4-83c7-4936-9d6d-63a00934f37b,Assamese Poem (কবিতা),https://civicdataspace.in/datasets/ba4edec4-83c7-4936-9d6d-63a00934f37b,Jahnabi Mitra,68.6,Needs improvement,65.7,83.3,55,25,60,100,100,100,100,100,0,100,,,,,,,50,"[1.2] State the years the data covers in the description. | [1.10] Add the official page of the organisation that publishes the source data. | [1.1] Remove special characters from the title (write 'and' instead of '&'). | [1.3] Publish under the responsible organisation, or name the original data provider in the description. | [2.8] Rename files as {theme}_{region}_{time_period}_v{version}.{format}, e.g. climate_bihar_precipitation_2000_2020_v1.0.csv."
1ae42ff4-12dc-4acd-81c4-b48a53f95515,Status of FTSCs with exclusive POCSO courts set up across Country under NFSW for trial and disposal of pending cases related to rape and POCSO Act -2020,https://civicdataspace.in/datasets/1ae42ff4-12dc-4acd-81c4-b48a53f95515,Rajya Sabha,68.7,Needs improvement,80.0,39.1,55,80,100,100,100,100,100,100,0,100,,0,,0,,,25,"[2.3] Rename columns to snake_case (lowercase, words joined with underscores). | [1.10] Add the official page of the organisation that publishes the source data. | [2.5] Document the unit of every measurement column (name suffix like _mm / _inr_crore, or column description). | [1.1] Shorten the title to 60 characters or fewer. | [2.8] Rename files as {theme}_{region}_{time_period}_v{version}.{format}, e.g. climate_bihar_precipitation_2000_2020_v1.0.csv."
c3a600db-15f0-4e1a-b93e-c1736483ecf7,Himachal Pradesh Disaster Loss and Damage Indicators (2021-2024),https://civicdataspace.in/datasets/c3a600db-15f0-4e1a-b93e-c1736483ecf7,CivicDataLab,68.8,Needs improvement,71.5,61.8,75,45,100,100,100,100,0,50,100,100,,57,,6,,,50,"[1.2] State the years the data covers in the description. | [1.8] Add the source's official creation date in YYYY-MM-DD format. | [2.5] Document the unit of every measurement column (name suffix like _mm / _inr_crore, or column description). | [1.9] Set the license to Government Open Data License (GODL) for data sourced from government platforms. | [2.3] Use one convention (snake_case recommended) for every column."
5cd8ca93-a66d-4c04-b90c-73ce5d92d473,A Comprehensive Indian Sign Language ISL Dataset for A to Z Alphabets Using MediaPipe Pose Skeletons,https://civicdataspace.in/datasets/5cd8ca93-a66d-4c04-b90c-73ce5d92d473,Sridhar S,68.9,Needs improvement,64.0,84.2,30,25,60,100,100,100,0,100,100,100,,100,,,,,25,"[1.2] State the years the data covers in the description. | [1.1] Shorten the title to 60 characters or fewer. | [1.8] Add the source's official creation date in YYYY-MM-DD format. | [2.8] Rename files as {theme}_{region}_{time_period}_v{version}.{format}, e.g. climate_bihar_precipitation_2000_2020_v1.0.csv. | [1.3] Publish under the responsible organisation, or name the original data provider in the description."
a8cdabc3-36eb-4974-982c-7514d844cfad,Bangkok 50 district,https://civicdataspace.in/datasets/a8cdabc3-36eb-4974-982c-7514d844cfad,BMA,69.2,Needs improvement,67.3,73.9,75,45,100,100,100,100,0,100,0,100,,100,,0,,,50,"[1.2] State the years the data covers in the description. | [1.10] Add the official page of the organisation that publishes the source data. | [1.8] Add the source's official creation date in YYYY-MM-DD format. | [2.5] Document the unit of every measurement column (name suffix like _mm / _inr_crore, or column description). | [1.1] Add the period covered to the title, e.g. '(2000–2020)'."
c8340221-9438-42d8-9713-bb65bd040712,Microsoft PARIKSHA,https://civicdataspace.in/datasets/c8340221-9438-42d8-9713-bb65bd040712,Saesha Parekh,69.2,Needs improvement,67.3,73.9,55,25,60,100,100,100,0,100,100,100,,100,,0,,,50,"[1.2] State the years the data covers in the description. | [1.8] Add the source's official creation date in YYYY-MM-DD format. | [2.5] Document the unit of every measurement column (name suffix like _mm / _inr_crore, or column description). | [1.1] Spell out abbreviations in the title (e.g. 'India Meteorological Department', not 'IMD'). | [1.3] Publish under the responsible organisation, or name the original data provider in the description."
c23ab16a-f389-46d1-b405-2a9096811cf5,District wise MCH Procurement data of Assam - 2019 to 2025,https://civicdataspace.in/datasets/c23ab16a-f389-46d1-b405-2a9096811cf5,CivicDataLab,69.2,Needs improvement,74.0,56.8,80,75,100,100,100,100,0,100,0,100,,25,,33,,,50,"[1.10] Add the official page of the organisation that publishes the source data. | [2.3] Rename columns to snake_case (lowercase, words joined with underscores). | [1.8] Add the source's official creation date in YYYY-MM-DD format. | [1.2] Name the organisation that collected or compiled the data (and the method if derived). | [2.5] Document the unit of every measurement column (name suffix like _mm / _inr_crore, or column description)."
40a7bd4e-fe04-4454-928c-f03b9fb8ba87,State/UTs-wise Grant Sanctioned under Child Protection Services Scheme from 2016-17 to 2020-21,https://civicdataspace.in/datasets/40a7bd4e-fe04-4454-928c-f03b9fb8ba87,Rajya Sabha,69.4,Needs improvement,76.3,47.4,35,75,100,100,100,100,100,100,0,100,,0,,,,,25,"[2.3] Rename columns to snake_case (lowercase, words joined with underscores). | [1.10] Add the official page of the organisation that publishes the source data. | [1.1] Shorten the title to 60 characters or fewer. | [1.2] Name the organisation that collected or compiled the data (and the method if derived). | [2.8] Rename files as {theme}_{region}_{time_period}_v{version}.{format}, e.g. climate_bihar_precipitation_2000_2020_v1.0.csv."
7667fe2b-0d20-402c-bd20-8dbd8b30b441,New dataset 09 Dec 2025 - 09:25:41,https://civicdataspace.in/datasets/7667fe2b-0d20-402c-bd20-8dbd8b30b441,CivicDataLab,69.4,Needs improvement,78.8,44.9,100,65,100,100,100,100,0,50,100,100,,5,,0,,,50,"[2.3] Rename columns to snake_case (lowercase, words joined with underscores). | [1.8] Add the source's official creation date in YYYY-MM-DD format. | [1.2] Name the organisation that collected or compiled the data (and the method if derived). | [2.5] Document the unit of every measurement column (name suffix like _mm / _inr_crore, or column description). | [1.9] Set the license to Government Open Data License (GODL) for data sourced from government platforms."
ac79af61-4a76-45f0-aef0-79d29856b628,Assam Heat- Related Public Procurement Tenders,https://civicdataspace.in/datasets/ac79af61-4a76-45f0-aef0-79d29856b628,CivicDataLab,69.4,Needs improvement,73.5,58.6,75,55,100,100,100,100,0,50,100,100,,21,,50,,,50,"[2.3] Rename columns to snake_case (lowercase, words joined with underscores). | [1.2] State the years the data covers in the description. | [1.8] Add the source's official creation date in YYYY-MM-DD format. | [1.9] Set the license to Government Open Data License (GODL) for data sourced from government platforms. | [1.1] Add the period covered to the title, e.g. '(2000–2020)'."
37418952-42b5-4253-a8b8-bb7b0f4a4fe3,Himachal Pradesh Public Procurement Tenders,https://civicdataspace.in/datasets/37418952-42b5-4253-a8b8-bb7b0f4a4fe3,CivicDataLab,69.4,Needs improvement,74.5,56.1,75,60,100,100,100,100,0,50,100,100,,13,,50,,,50,"[2.3] Rename columns to snake_case (lowercase, words joined with underscores). | [1.8] Add the source's official creation date in YYYY-MM-DD format. | [1.2] State the years the data covers in the description. | [1.9] Set the license to Government Open Data License (GODL) for data sourced from government platforms. | [1.1] Add the period covered to the title, e.g. '(2000–2020)'."
08b93f62-ee95-4e6c-a237-9617e50e6bd8,Bhubaneswar Ward-wise temporal summer mean LST,https://civicdataspace.in/datasets/08b93f62-ee95-4e6c-a237-9617e50e6bd8,CivicDataLab,69.4,Needs improvement,68.3,75.0,55,80,100,100,100,0,100,100,0,100,,,,,,,25,"[1.7] Set the geography (country / state / district) in metadata. | [1.10] Add the official page of the organisation that publishes the source data. | [1.1] Spell out abbreviations in the title (e.g. 'India Meteorological Department', not 'IMD'). | [2.8] Rename files as {theme}_{region}_{time_period}_v{version}.{format}, e.g. climate_bihar_precipitation_2000_2020_v1.0.csv. | [1.2] Mention how often the data is recorded or updated (e.g. 'annual', 'daily')."
4621b2ae-aecc-402e-8cc8-0848eff62027,Guwahati Ward-wise temporal summer mean LST,https://civicdataspace.in/datasets/4621b2ae-aecc-402e-8cc8-0848eff62027,CivicDataLab,69.4,Needs improvement,68.3,75.0,55,80,100,100,100,0,100,100,0,100,,,,,,,25,"[1.7] Set the geography (country / state / district) in metadata. | [1.10] Add the official page of the organisation that publishes the source data. | [1.1] Spell out abbreviations in the title (e.g. 'India Meteorological Department', not 'IMD'). | [2.8] Rename files as {theme}_{region}_{time_period}_v{version}.{format}, e.g. climate_bihar_precipitation_2000_2020_v1.0.csv. | [1.2] Mention how often the data is recorded or updated (e.g. 'annual', 'daily')."
4cf485b0-d49a-4ead-b7f8-b565dd1f1f92,Assam Flood-Related Tenders (Revenue Circle Geotagged),https://civicdataspace.in/datasets/4cf485b0-d49a-4ead-b7f8-b565dd1f1f92,CivicDataLab,69.6,Needs improvement,75.5,54.1,75,65,100,100,100,100,0,50,100,100,,30,,33,,,25,"[1.8] Add the source's official creation date in YYYY-MM-DD format. | [2.3] Rename columns to snake_case (lowercase, words joined with underscores). | [1.2] State the years the data covers in the description. | [1.9] Set the license to Government Open Data License (GODL) for data sourced from government platforms. | [2.8] Rename files as {theme}_{region}_{time_period}_v{version}.{format}, e.g. climate_bihar_precipitation_2000_2020_v1.0.csv."
9c994a5a-92d2-46cb-8139-1b3e9a0d97dd,Handbook on Fisheries Statistics,https://civicdataspace.in/datasets/9c994a5a-92d2-46cb-8139-1b3e9a0d97dd,"Department of Fisheries, Government of India",70.1,Fair,79.8,21.7,75,45,100,100,100,100,100,50,100,20,,,,,,,25,"[1.2] Say which geography the data covers (country / state / district level). | [2.1] Publish the underlying data as CSV/JSON (keep the PDF only as supporting documentation). | [1.9] Set the license to Government Open Data License (GODL) for data sourced from government platforms. | [2.8] Rename files as {theme}_{region}_{time_period}_v{version}.{format}, e.g. climate_bihar_precipitation_2000_2020_v1.0.csv. | [1.1] Add the period covered to the title, e.g. '(2000–2020)'."
5b9279b3-5876-4d5a-a2fb-5ae40eca325d,Disaster Reporting and Information Management System (DRIMS),https://civicdataspace.in/datasets/5b9279b3-5876-4d5a-a2fb-5ae40eca325d,ASDMA,70.1,Fair,82.2,38.6,55,70,100,100,100,100,100,50,100,80,,16,,9,,,25,"[2.3] Rename columns to snake_case (lowercase, words joined with underscores). | [2.5] Document the unit of every measurement column (name suffix like _mm / _inr_crore, or column description). | [1.2] State the years the data covers in the description. | [1.1] Spell out abbreviations in the title (e.g. 'India Meteorological Department', not 'IMD'). | [1.9] Set the license to Government Open Data License (GODL) for data sourced from government platforms."
0681f7e5-a38c-454e-b76f-01ae1b840d20,XL-Sum Dataset,https://civicdataspace.in/datasets/0681f7e5-a38c-454e-b76f-01ae1b840d20,Jahnabi Mitra,70.1,Fair,65.7,84.2,55,25,60,100,100,100,100,100,0,100,,100,,,,,25,"[1.2] State the years the data covers in the description. | [1.10] Add the official page of the organisation that publishes the source data. | [1.1] Spell out abbreviations in the title (e.g. 'India Meteorological Department', not 'IMD'). | [2.8] Rename files as {theme}_{region}_{time_period}_v{version}.{format}, e.g. climate_bihar_precipitation_2000_2020_v1.0.csv. | [1.3] Publish under the responsible organisation, or name the original data provider in the description."
71529257-d58b-462f-895f-a182c44c0a2b,New dataset 06 Oct 2025 - 09:41:07,https://civicdataspace.in/datasets/71529257-d58b-462f-895f-a182c44c0a2b,Himachal Pradesh State Disaster Management Authority (HPSDMA),70.3,Fair,78.3,30.0,100,50,100,80,100,100,100,100,0,20,,,,,,,50,"[2.1] Publish the underlying data as CSV/JSON (keep the PDF only as supporting documentation). | [1.2] Expand the description to 2–5 sentences. | [1.10] Add the official page of the organisation that publishes the source data. | [2.8] Rename files as {theme}_{region}_{time_period}_v{version}.{format}, e.g. climate_bihar_precipitation_2000_2020_v1.0.csv. | [1.5] Merge duplicate tag variants."
3e6f107d-0201-4492-825c-373bab4753c6,SDG Report_NER,https://civicdataspace.in/datasets/3e6f107d-0201-4492-825c-373bab4753c6,Niti Aayog,70.4,Fair,78.5,30.0,35,65,100,100,100,100,100,50,100,20,,,,,,,50,"[2.1] Publish the underlying data as CSV/JSON (keep the PDF only as supporting documentation). | [1.1] Remove special characters from the title (write 'and' instead of '&'). | [1.2] State the years the data covers in the description. | [1.9] Set the license to Government Open Data License (GODL) for data sourced from government platforms. | [2.8] Rename files as {theme}_{region}_{time_period}_v{version}.{format}, e.g. climate_bihar_precipitation_2000_2020_v1.0.csv."
f7129164-0a29-4500-b135-d6f10128f770,Microsoft: PARIKSHA,https://civicdataspace.in/datasets/f7129164-0a29-4500-b135-d6f10128f770,CivicDataLab,70.4,Fair,69.0,73.9,55,25,100,100,100,100,100,100,0,100,,100,,0,,,50,"[1.2] State the years the data covers in the description. | [1.10] Add the official page of the organisation that publishes the source data. | [2.5] Document the unit of every measurement column (name suffix like _mm / _inr_crore, or column description). | [1.1] Spell out abbreviations in the title (e.g. 'India Meteorological Department', not 'IMD'). | [2.8] Rename files as {theme}_{region}_{time_period}_v{version}.{format}, e.g. climate_bihar_precipitation_2000_2020_v1.0.csv."
bc2e34ba-21ce-496e-8462-518bdb0965db,Himachal Pradesh Flood-Related Tenders (District Geotagged),https://civicdataspace.in/datasets/bc2e34ba-21ce-496e-8462-518bdb0965db,CivicDataLab,70.4,Fair,75.5,57.1,75,65,100,100,100,100,0,50,100,100,,26,,33,,,50,"[2.3] Rename columns to snake_case (lowercase, words joined with underscores). | [1.8] Add the source's official creation date in YYYY-MM-DD format. | [1.2] State the years the data covers in the description. | [1.9] Set the license to Government Open Data License (GODL) for data sourced from government platforms. | [2.5] Document the unit of every measurement column (name suffix like _mm / _inr_crore, or column description)."
8e553b1d-0f02-46b4-9b78-f658d4d8494c,SpeeD-TB - Kokborok,https://civicdataspace.in/datasets/8e553b1d-0f02-46b4-9b78-f658d4d8494c,Sridhar S,70.4,Fair,64.3,89.5,55,10,60,100,100,100,0,100,100,100,,100,,,,,50,"[1.2] Expand the description to 2–5 sentences. | [1.8] Add the source's official creation date in YYYY-MM-DD format. | [1.1] Spell out abbreviations in the title (e.g. 'India Meteorological Department', not 'IMD'). | [1.3] Publish under the responsible organisation, or name the original data provider in the description. | [2.8] Rename files as {theme}_{region}_{time_period}_v{version}.{format}, e.g. climate_bihar_precipitation_2000_2020_v1.0.csv."
edc944e7-b7bd-4c49-8ecf-1ec582ad1aa9,Assam NASADEM Elevation (Revenue Circle Level),https://civicdataspace.in/datasets/edc944e7-b7bd-4c49-8ecf-1ec582ad1aa9,CivicDataLab,70.5,Fair,73.8,61.7,55,70,100,100,100,100,0,50,100,100,,60,,0,,,50,"[1.8] Add the source's official creation date in YYYY-MM-DD format. | [2.5] Document the unit of every measurement column (name suffix like _mm / _inr_crore, or column description). | [1.2] State the years the data covers in the description. | [1.1] Spell out abbreviations in the title (e.g. 'India Meteorological Department', not 'IMD'). | [1.9] Set the license to Government Open Data License (GODL) for data sourced from government platforms."
1c1861a1-9c48-4cf2-9e70-eba4e13c156b,Mahasuvi Pahari Dataset,https://civicdataspace.in/datasets/1c1861a1-9c48-4cf2-9e70-eba4e13c156b,Avantik Zinta,70.5,Fair,74.0,61.4,75,45,60,100,100,100,0,100,100,100,,16,,100,,,25,"[1.2] State the years the data covers in the description. | [2.3] Rename columns to snake_case (lowercase, words joined with underscores). | [1.8] Add the source's official creation date in YYYY-MM-DD format. | [2.8] Rename files as {theme}_{region}_{time_period}_v{version}.{format}, e.g. climate_bihar_precipitation_2000_2020_v1.0.csv. | [1.1] Add the period covered to the title, e.g. '(2000–2020)'."
f41b8b02-e153-419f-b821-ebc66025f072,Odisha Budget 2022-23: Gender Budget Final,https://civicdataspace.in/datasets/f41b8b02-e153-419f-b821-ebc66025f072,Finance Department- Government of Odisha,70.6,Fair,88.0,15.8,100,40,100,100,100,100,100,100,100,25,,0,,,,,25,"[1.2] Expand the description to 2–5 sentences. | [2.3] Rename columns to snake_case (lowercase, words joined with underscores). | [2.1] Publish the underlying data as CSV/JSON (keep the PDF only as supporting documentation). | [2.8] Rename files as {theme}_{region}_{time_period}_v{version}.{format}, e.g. climate_bihar_precipitation_2000_2020_v1.0.csv. | [1.2] Replace the repeated title with a real summary."
971759b2-91b9-4191-9e97-2b5aed0df3a9,Microsoft: PARIKSHA (Healthcare | English),https://civicdataspace.in/datasets/971759b2-91b9-4191-9e97-2b5aed0df3a9,CivicDataLab,70.6,Fair,66.3,84.2,35,25,100,100,100,100,100,100,0,100,,100,,,,,25,"[1.2] State the years the data covers in the description. | [1.10] Add the official page of the organisation that publishes the source data. | [1.1] Remove special characters from the title (write 'and' instead of '&'). | [2.8] Rename files as {theme}_{region}_{time_period}_v{version}.{format}, e.g. climate_bihar_precipitation_2000_2020_v1.0.csv. | [1.2] Say which geography the data covers (country / state / district level)."
8bb66216-3b5c-45bd-825a-55da0fbcc082,MLRD-20 Marathi Lip Reading,https://civicdataspace.in/datasets/8bb66216-3b5c-45bd-825a-55da0fbcc082,Sridhar S,70.6,Fair,69.3,73.9,55,35,60,100,100,100,0,100,100,100,,100,,0,,,50,"[1.2] State the years the data covers in the description. | [1.8] Add the source's official creation date in YYYY-MM-DD format. | [2.5] Document the unit of every measurement column (name suffix like _mm / _inr_crore, or column description). | [1.1] Spell out abbreviations in the title (e.g. 'India Meteorological Department', not 'IMD'). | [1.3] Publish under the responsible organisation, or name the original data provider in the description."
4b5248fe-28fc-45eb-982f-2332d4c9e108,Himachal Pradesh Tehsil Level IMD Rainfall Inidcators (2018-2026),https://civicdataspace.in/datasets/4b5248fe-28fc-45eb-982f-2332d4c9e108,CivicDataLab,70.7,Fair,73.8,62.7,55,70,100,100,100,100,0,50,100,100,,57,,11,,,50,"[1.8] Add the source's official creation date in YYYY-MM-DD format. | [1.2] State the years the data covers in the description. | [1.1] Shorten the title to 60 characters or fewer. | [2.5] Document the unit of every measurement column (name suffix like _mm / _inr_crore, or column description). | [1.9] Set the license to Government Open Data License (GODL) for data sourced from government platforms."
7858ccac-a92b-4026-a85f-cf0e07b98068,Assam Health Indicators (October 2020),https://civicdataspace.in/datasets/7858ccac-a92b-4026-a85f-cf0e07b98068,Open Contracting Partnership,70.8,Fair,80.0,46.6,100,50,100,100,100,100,100,100,0,100,,10,,25,,,25,"[2.3] Rename columns to snake_case (lowercase, words joined with underscores). | [1.2] Expand the description to 2–5 sentences. | [1.10] Add the official page of the organisation that publishes the source data. | [2.5] Document the unit of every measurement column (name suffix like _mm / _inr_crore, or column description). | [2.8] Rename files as {theme}_{region}_{time_period}_v{version}.{format}, e.g. climate_bihar_precipitation_2000_2020_v1.0.csv."
51f55dbc-61e7-4b40-bd85-850bedec1e04,Child Budget -2018-2024,https://civicdataspace.in/datasets/51f55dbc-61e7-4b40-bd85-850bedec1e04,CivicDataLab,70.8,Fair,79.0,30.0,100,45,100,100,100,100,100,100,0,20,,,,,,,50,"[1.2] Say which geography the data covers (country / state / district level). | [2.1] Publish the underlying data as CSV/JSON (keep the PDF only as supporting documentation). | [1.10] Add the official page of the organisation that publishes the source data. | [2.8] Rename files as {theme}_{region}_{time_period}_v{version}.{format}, e.g. climate_bihar_precipitation_2000_2020_v1.0.csv. | [1.2] Name the organisation that collected or compiled the data (and the method if derived)."
2a3c1abf-f767-481a-a7af-5b448ce72cb5,Assam Public Procurement Tenders,https://civicdataspace.in/datasets/2a3c1abf-f767-481a-a7af-5b448ce72cb5,CivicDataLab,70.8,Fair,76.5,55.9,75,70,100,100,100,100,0,50,100,100,,12,,50,,,50,"[2.3] Rename columns to snake_case (lowercase, words joined with underscores). | [1.8] Add the source's official creation date in YYYY-MM-DD format. | [1.2] State the years the data covers in the description. | [1.9] Set the license to Government Open Data License (GODL) for data sourced from government platforms. | [1.1] Add the period covered to the title, e.g. '(2000–2020)'."
22baa45a-6ff4-4ea7-bfe6-5f3d28a6c2db,Odisha Public Procurement Tenders,https://civicdataspace.in/datasets/22baa45a-6ff4-4ea7-bfe6-5f3d28a6c2db,CivicDataLab,70.8,Fair,76.5,56.1,75,70,100,100,100,100,0,50,100,100,,13,,50,,,50,"[2.3] Rename columns to snake_case (lowercase, words joined with underscores). | [1.8] Add the source's official creation date in YYYY-MM-DD format. | [1.2] State the years the data covers in the description. | [1.9] Set the license to Government Open Data License (GODL) for data sourced from government platforms. | [1.1] Add the period covered to the title, e.g. '(2000–2020)'."
e7ddf347-a353-4135-a96f-7543e2202fc5,Odisha Flood-Related Tenders (Block Geotagged),https://civicdataspace.in/datasets/e7ddf347-a353-4135-a96f-7543e2202fc5,CivicDataLab,70.8,Fair,75.5,58.4,75,65,100,100,100,100,0,50,100,100,,30,,33,,,50,"[1.8] Add the source's official creation date in YYYY-MM-DD format. | [2.3] Rename columns to snake_case (lowercase, words joined with underscores). | [1.2] State the years the data covers in the description. | [1.9] Set the license to Government Open Data License (GODL) for data sourced from government platforms. | [2.5] Document the unit of every measurement column (name suffix like _mm / _inr_crore, or column description)."
38dd6319-efe2-44ad-a4cf-98dd98611a67,Kangri-Hindi Dataset,https://civicdataspace.in/datasets/38dd6319-efe2-44ad-a4cf-98dd98611a67,Avantik Zinta,70.8,Fair,70.0,75.0,75,25,60,100,100,100,0,100,100,100,,,,,,,25,"[1.2] State the years the data covers in the description. | [1.8] Add the source's official creation date in YYYY-MM-DD format. | [2.8] Rename files as {theme}_{region}_{time_period}_v{version}.{format}, e.g. climate_bihar_precipitation_2000_2020_v1.0.csv. | [1.1] Add the period covered to the title, e.g. '(2000–2020)'. | [1.3] Publish under the responsible organisation, or name the original data provider in the description."
bdf543fd-9d9d-499f-8029-33c3d258bee2,Assam Health Indicators 2020,https://civicdataspace.in/datasets/bdf543fd-9d9d-499f-8029-33c3d258bee2,CivicDataLab,70.8,Fair,80.0,46.6,100,50,100,100,100,100,100,100,0,100,,10,,25,,,25,"[2.3] Rename columns to snake_case (lowercase, words joined with underscores). | [1.2] Expand the description to 2–5 sentences. | [1.10] Add the official page of the organisation that publishes the source data. | [2.5] Document the unit of every measurement column (name suffix like _mm / _inr_crore, or column description). | [2.8] Rename files as {theme}_{region}_{time_period}_v{version}.{format}, e.g. climate_bihar_precipitation_2000_2020_v1.0.csv."
e2e5b52c-3aa5-4448-b532-2e3b5e71b4f1,Mission Antyodaya 2020,https://civicdataspace.in/datasets/e2e5b52c-3aa5-4448-b532-2e3b5e71b4f1,Ministry of Rural Development,70.9,Fair,76.7,55.9,100,75,100,100,100,100,0,100,0,73,,74,,20,,,25,"[1.10] Add the official page of the organisation that publishes the source data. | [1.8] Add the source's official creation date in YYYY-MM-DD format. | [2.5] Document the unit of every measurement column (name suffix like _mm / _inr_crore, or column description). | [1.2] Name the organisation that collected or compiled the data (and the method if derived). | [2.8] Rename files as {theme}_{region}_{time_period}_v{version}.{format}, e.g. climate_bihar_precipitation_2000_2020_v1.0.csv."
a162dcf9-1297-4fe8-be91-84e74547561a,Child Budget 2018-2025,https://civicdataspace.in/datasets/a162dcf9-1297-4fe8-be91-84e74547561a,"FinAssam, Finance Department, Government of Assam",71.0,Fair,79.2,30.0,100,25,100,100,100,100,100,50,100,20,,,,,,,50,"[1.2] State the years the data covers in the description. | [2.1] Publish the underlying data as CSV/JSON (keep the PDF only as supporting documentation). | [1.9] Set the license to Government Open Data License (GODL) for data sourced from government platforms. | [2.8] Rename files as {theme}_{region}_{time_period}_v{version}.{format}, e.g. climate_bihar_precipitation_2000_2020_v1.0.csv. | [1.2] Say which geography the data covers (country / state / district level)."
b4246d18-67fe-429e-baee-c19502931156,CALPRA Case details Assam,https://civicdataspace.in/datasets/b4246d18-67fe-429e-baee-c19502931156,CivicDataLab,71.1,Fair,71.7,69.6,55,30,100,100,100,100,0,100,100,100,,100,,0,,,25,"[1.2] Expand the description to 2–5 sentences. | [1.8] Add the source's official creation date in YYYY-MM-DD format. | [2.5] Document the unit of every measurement column (name suffix like _mm / _inr_crore, or column description). | [1.1] Spell out abbreviations in the title (e.g. 'India Meteorological Department', not 'IMD'). | [2.8] Rename files as {theme}_{region}_{time_period}_v{version}.{format}, e.g. climate_bihar_precipitation_2000_2020_v1.0.csv."
44669ce4-a85d-4d88-bab3-893f08a61edd,Pali,https://civicdataspace.in/datasets/44669ce4-a85d-4d88-bab3-893f08a61edd,Sridhar S,71.1,Fair,67.0,84.2,75,10,60,100,100,100,0,100,100,100,,100,,,,,25,"[1.2] Expand the description to 2–5 sentences. | [1.8] Add the source's official creation date in YYYY-MM-DD format. | [2.8] Rename files as {theme}_{region}_{time_period}_v{version}.{format}, e.g. climate_bihar_precipitation_2000_2020_v1.0.csv. | [1.1] Add the period covered to the title, e.g. '(2000–2020)'. | [1.3] Publish under the responsible organisation, or name the original data provider in the description."
88be5d92-ac1d-4305-9280-1b4f3595c1ce,IMR District-wise Assam 2018-19 to 2022-23,https://civicdataspace.in/datasets/88be5d92-ac1d-4305-9280-1b4f3595c1ce,CivicDataLab,71.2,Fair,74.0,63.9,80,75,100,100,100,100,0,100,0,100,,10,,100,,,50,"[2.3] Rename columns to snake_case (lowercase, words joined with underscores). | [1.10] Add the official page of the organisation that publishes the source data. | [1.8] Add the source's official creation date in YYYY-MM-DD format. | [1.2] Name the organisation that collected or compiled the data (and the method if derived). | [2.8] Rename files as {theme}_{region}_{time_period}_v{version}.{format}, e.g. climate_bihar_precipitation_2000_2020_v1.0.csv."
b7935b94-90be-48a9-adb7-7dfa8ba38acb,State-wise Fund Released under the Scheme of Strengthening Education among ST Girl in Low Literacy Districts from 2018-19 to 2020-21,https://civicdataspace.in/datasets/b7935b94-90be-48a9-adb7-7dfa8ba38acb,Rajya Sabha,71.3,Fair,83.7,39.1,55,90,100,100,100,100,0,100,100,100,,0,,0,,,25,"[2.3] Rename columns to snake_case (lowercase, words joined with underscores). | [1.8] Add the source's official creation date in YYYY-MM-DD format. | [2.5] Document the unit of every measurement column (name suffix like _mm / _inr_crore, or column description). | [1.1] Shorten the title to 60 characters or fewer. | [2.8] Rename files as {theme}_{region}_{time_period}_v{version}.{format}, e.g. climate_bihar_precipitation_2000_2020_v1.0.csv."
b18e3be5-72df-43b3-ab7b-a821a36a2e85,India Justice Report - 2022,https://civicdataspace.in/datasets/b18e3be5-72df-43b3-ab7b-a821a36a2e85,JusticeHub,71.6,Fair,89.0,26.0,100,45,100,100,100,100,100,100,100,25,,16,,33,,,38,"[1.2] State the years the data covers in the description. | [2.1] Publish the underlying data as CSV/JSON (keep the PDF only as supporting documentation). | [2.3] Rename columns to snake_case (lowercase, words joined with underscores). | [2.5] Document the unit of every measurement column (name suffix like _mm / _inr_crore, or column description). | [2.8] Rename files as {theme}_{region}_{time_period}_v{version}.{format}, e.g. climate_bihar_precipitation_2000_2020_v1.0.csv."
3dae89d2-a3b5-4dad-8dff-858a2576f3af,Revenue & Receipts 2018-26,https://civicdataspace.in/datasets/3dae89d2-a3b5-4dad-8dff-858a2576f3af,"FinAssam, Finance Department, Government of Assam",71.7,Fair,80.0,30.0,80,42,100,100,100,100,100,50,100,20,,,,,,,50,"[1.2] Tighten the description to at most 5 sentences; move methodology detail to a resource description. | [2.1] Publish the underlying data as CSV/JSON (keep the PDF only as supporting documentation). | [1.9] Set the license to Government Open Data License (GODL) for data sourced from government platforms. | [2.8] Rename files as {theme}_{region}_{time_period}_v{version}.{format}, e.g. climate_bihar_precipitation_2000_2020_v1.0.csv. | [1.1] Remove special characters from the title (write 'and' instead of '&')."
257c474a-f95c-4996-9ef9-f35fd37c833f,Assam Average Land Surface Temperature (2004-2024),https://civicdataspace.in/datasets/257c474a-f95c-4996-9ef9-f35fd37c833f,CivicDataLab,71.7,Fair,71.0,75.0,100,55,100,100,100,0,0,100,100,100,,,,,,,25,"[1.7] Set the geography (country / state / district) in metadata. | [1.2] State the years the data covers in the description. | [1.8] Add the source's official creation date in YYYY-MM-DD format. | [2.8] Rename files as {theme}_{region}_{time_period}_v{version}.{format}, e.g. climate_bihar_precipitation_2000_2020_v1.0.csv. | [1.2] Name the organisation that collected or compiled the data (and the method if derived)."
86006661-704a-43c9-bb66-1c2d6ca018b4,Odisha Surface Runoff Indicators (Block Level),https://civicdataspace.in/datasets/86006661-704a-43c9-bb66-1c2d6ca018b4,CivicDataLab,71.7,Fair,75.5,61.7,75,65,100,100,100,100,0,50,100,100,,60,,0,,,50,"[1.8] Add the source's official creation date in YYYY-MM-DD format. | [1.2] State the years the data covers in the description. | [2.5] Document the unit of every measurement column (name suffix like _mm / _inr_crore, or column description). | [1.9] Set the license to Government Open Data License (GODL) for data sourced from government platforms. | [2.3] Use one convention (snake_case recommended) for every column."
9dad8108-41e6-4dcd-b012-8ef638d127ce,Open Odia Corpus,https://civicdataspace.in/datasets/9dad8108-41e6-4dcd-b012-8ef638d127ce,Divitamayee Deogam,71.7,Fair,80.3,28.3,75,35,60,100,100,100,100,100,100,30,,,,,,,25,"[1.2] State the years the data covers in the description. | [2.1] Add a CSV version alongside every Excel file. | [2.8] Rename files as {theme}_{region}_{time_period}_v{version}.{format}, e.g. climate_bihar_precipitation_2000_2020_v1.0.csv. | [1.1] Add the period covered to the title, e.g. '(2000–2020)'. | [1.3] Publish under the responsible organisation, or name the original data provider in the description."
737f51b1-5fa3-48ff-8d7f-4e85739c9dad,KHOJ - Dataset about the Indian High Court judges,https://civicdataspace.in/datasets/737f51b1-5fa3-48ff-8d7f-4e85739c9dad,JusticeHub,71.8,Fair,79.0,48.9,55,25,100,100,100,100,100,100,100,100,,4,,,,,25,"[1.2] State the years the data covers in the description. | [2.3] Rename columns to snake_case (lowercase, words joined with underscores). | [1.1] Spell out abbreviations in the title (e.g. 'India Meteorological Department', not 'IMD'). | [2.8] Rename files as {theme}_{region}_{time_period}_v{version}.{format}, e.g. climate_bihar_precipitation_2000_2020_v1.0.csv. | [1.2] Say which geography the data covers (country / state / district level)."
594e7709-6ec4-4362-bf8e-57b0fd13bdeb,Mission Antyodaya 2020,https://civicdataspace.in/datasets/594e7709-6ec4-4362-bf8e-57b0fd13bdeb,Ministry of Rural Development,71.8,Fair,76.7,59.3,100,75,100,100,100,100,0,100,0,100,,48,,7,,,50,"[1.10] Add the official page of the organisation that publishes the source data. | [1.8] Add the source's official creation date in YYYY-MM-DD format. | [2.5] Document the unit of every measurement column (name suffix like _mm / _inr_crore, or column description). | [2.3] Rename columns to snake_case (lowercase, words joined with underscores). | [1.2] Name the organisation that collected or compiled the data (and the method if derived)."
90dfe131-3fcc-41dc-8486-ea2319c53c12,Bhuvan,https://civicdataspace.in/datasets/90dfe131-3fcc-41dc-8486-ea2319c53c12,Bhuvan,71.8,Fair,70.3,79.2,75,60,100,100,100,100,0,100,0,100,,,,,,,38,"[1.10] Add the official page of the organisation that publishes the source data. | [1.8] Add the source's official creation date in YYYY-MM-DD format. | [1.2] State the years the data covers in the description. | [2.8] Rename files as {theme}_{region}_{time_period}_v{version}.{format}, e.g. climate_bihar_precipitation_2000_2020_v1.0.csv. | [1.1] Add the period covered to the title, e.g. '(2000–2020)'."
74c46595-4731-4d84-aa12-4083862bc942,Assam DRIMS Flood Impact and Response Indicators(2021-2026),https://civicdataspace.in/datasets/74c46595-4731-4d84-aa12-4083862bc942,CivicDataLab,71.9,Fair,81.0,48.0,80,60,100,100,100,100,0,100,100,100,,12,,6,,,50,"[2.3] Rename columns to snake_case (lowercase, words joined with underscores). | [1.8] Add the source's official creation date in YYYY-MM-DD format. | [1.2] State the years the data covers in the description. | [2.5] Document the unit of every measurement column (name suffix like _mm / _inr_crore, or column description). | [2.8] Rename files as {theme}_{region}_{time_period}_v{version}.{format}, e.g. climate_bihar_precipitation_2000_2020_v1.0.csv."
512a94f2-84fa-4a57-b354-4eb6332f5556,SpeeD-TB - Meitei,https://civicdataspace.in/datasets/512a94f2-84fa-4a57-b354-4eb6332f5556,Sridhar S,71.9,Fair,66.3,89.5,55,20,60,100,100,100,0,100,100,100,,100,,,,,50,"[1.2] Expand the description to 2–5 sentences. | [1.8] Add the source's official creation date in YYYY-MM-DD format. | [1.1] Spell out abbreviations in the title (e.g. 'India Meteorological Department', not 'IMD'). | [1.3] Publish under the responsible organisation, or name the original data provider in the description. | [2.8] Rename files as {theme}_{region}_{time_period}_v{version}.{format}, e.g. climate_bihar_precipitation_2000_2020_v1.0.csv."
8ecffbe9-0eab-410a-ba32-6bebbb82bc13,State/UT wise Dropout rates of  Girl Students  in Secondary and Elementary Education level (2016-17 to 2019-20),https://civicdataspace.in/datasets/8ecffbe9-0eab-410a-ba32-6bebbb82bc13,Rajya Sabha,72.0,Fair,78.0,56.5,35,75,100,100,100,100,0,100,100,100,,0,,100,,,25,"[2.3] Rename columns to snake_case (lowercase, words joined with underscores). | [1.1] Shorten the title to 60 characters or fewer. | [1.8] Add the source's official creation date in YYYY-MM-DD format. | [1.2] Name the organisation that collected or compiled the data (and the method if derived). | [2.8] Rename files as {theme}_{region}_{time_period}_v{version}.{format}, e.g. climate_bihar_precipitation_2000_2020_v1.0.csv."
182dfc61-4dc4-47fe-bf58-e168aa4aacab,Assam GCN250 Population Density Indicators (Revenue Circle Level),https://civicdataspace.in/datasets/182dfc61-4dc4-47fe-bf58-e168aa4aacab,CivicDataLab,72.0,Fair,74.3,66.1,30,60,100,100,100,100,0,100,100,100,,60,,25,,,50,"[1.1] Shorten the title to 60 characters or fewer. | [1.8] Add the source's official creation date in YYYY-MM-DD format. | [1.2] State the years the data covers in the description. | [2.5] Document the unit of every measurement column (name suffix like _mm / _inr_crore, or column description). | [2.3] Use one convention (snake_case recommended) for every column."
3b4970ba-beb7-461c-915b-618535fd52a8,Himachal Pradesh GCN250 Population Density Indicators (Tehsil Level),https://civicdataspace.in/datasets/3b4970ba-beb7-461c-915b-618535fd52a8,CivicDataLab,72.0,Fair,74.3,66.1,30,60,100,100,100,100,0,100,100,100,,60,,25,,,50,"[1.1] Shorten the title to 60 characters or fewer. | [1.8] Add the source's official creation date in YYYY-MM-DD format. | [1.2] State the years the data covers in the description. | [2.5] Document the unit of every measurement column (name suffix like _mm / _inr_crore, or column description). | [2.3] Use one convention (snake_case recommended) for every column."
df69e9e5-43fd-441c-89e7-71e5d0b11427,"Climate Change Claims in Bangla, Odia, Assamese",https://civicdataspace.in/datasets/df69e9e5-43fd-441c-89e7-71e5d0b11427,Jahnabi Mitra,72.0,Fair,73.0,69.6,75,40,60,100,100,100,0,100,100,100,,100,,0,,,25,"[1.2] State the years the data covers in the description. | [1.8] Add the source's official creation date in YYYY-MM-DD format. | [2.5] Document the unit of every measurement column (name suffix like _mm / _inr_crore, or column description). | [2.8] Rename files as {theme}_{region}_{time_period}_v{version}.{format}, e.g. climate_bihar_precipitation_2000_2020_v1.0.csv. | [1.1] Add the period covered to the title, e.g. '(2000–2020)'."
f03bd4b0-8b7c-4bb4-b3e5-da6a0a572f86,Kangri Dataset,https://civicdataspace.in/datasets/f03bd4b0-8b7c-4bb4-b3e5-da6a0a572f86,Avantik Zinta,72.0,Fair,76.0,61.4,75,55,60,100,100,100,0,100,100,100,,16,,100,,,25,"[2.3] Rename columns to snake_case (lowercase, words joined with underscores). | [1.2] State the years the data covers in the description. | [1.8] Add the source's official creation date in YYYY-MM-DD format. | [2.8] Rename files as {theme}_{region}_{time_period}_v{version}.{format}, e.g. climate_bihar_precipitation_2000_2020_v1.0.csv. | [1.1] Add the period covered to the title, e.g. '(2000–2020)'."
4a54faa4-fd58-4cb9-b8ea-5cdf446a987f,HMIS child health Report Assam 2018-20,https://civicdataspace.in/datasets/4a54faa4-fd58-4cb9-b8ea-5cdf446a987f,CivicDataLab,72.0,Fair,78.2,52.6,80,75,100,100,100,100,0,50,100,100,,0,,,,,50,"[2.3] Rename columns to snake_case (lowercase, words joined with underscores). | [1.8] Add the source's official creation date in YYYY-MM-DD format. | [1.9] Set the license to Government Open Data License (GODL) for data sourced from government platforms. | [1.2] Name the organisation that collected or compiled the data (and the method if derived). | [2.8] Rename files as {theme}_{region}_{time_period}_v{version}.{format}, e.g. climate_bihar_precipitation_2000_2020_v1.0.csv."
e63bc17f-61e7-456c-b009-a7a0b4bd3143,Odisha GCN250 Population Density Indicators (Block Level),https://civicdataspace.in/datasets/e63bc17f-61e7-456c-b009-a7a0b4bd3143,CivicDataLab,72.2,Fair,76.0,62.1,55,60,100,100,100,100,100,100,0,100,,56,,10,,,50,"[1.10] Add the official page of the organisation that publishes the source data. | [1.2] State the years the data covers in the description. | [2.5] Document the unit of every measurement column (name suffix like _mm / _inr_crore, or column description). | [1.1] Spell out abbreviations in the title (e.g. 'India Meteorological Department', not 'IMD'). | [2.3] Rename columns to snake_case (lowercase, words joined with underscores)."
b8f28492-b865-46cd-82d6-b5a501179739,Odisha Drainage Density,https://civicdataspace.in/datasets/b8f28492-b865-46cd-82d6-b5a501179739,CivicDataLab,72.2,Fair,71.5,73.9,75,45,100,100,100,100,0,50,100,100,,100,,0,,,50,"[1.2] State the years the data covers in the description. | [1.8] Add the source's official creation date in YYYY-MM-DD format. | [2.5] Document the unit of every measurement column (name suffix like _mm / _inr_crore, or column description). | [1.9] Set the license to Government Open Data License (GODL) for data sourced from government platforms. | [1.1] Add the period covered to the title, e.g. '(2000–2020)'."
360e8cff-50ff-4dfa-b78a-8125116a7cab,"Child Population by Residence and Sex & Child Sex Ratio of Sikkim, 2011",https://civicdataspace.in/datasets/360e8cff-50ff-4dfa-b78a-8125116a7cab,Census of India,72.3,Fair,80.0,52.2,55,80,100,100,100,100,100,100,0,100,,0,,50,,,50,"[2.3] Rename columns to snake_case (lowercase, words joined with underscores). | [1.10] Add the official page of the organisation that publishes the source data. | [1.1] Shorten the title to 60 characters or fewer. | [1.2] Mention how often the data is recorded or updated (e.g. 'annual', 'daily'). | [2.5] Document the unit of every measurement column (name suffix like _mm / _inr_crore, or column description)."
ba892c22-6d06-4c11-b3e2-ac21c9f5a9f8,Natural Calamities Data Odisha 2022-23,https://civicdataspace.in/datasets/ba892c22-6d06-4c11-b3e2-ac21c9f5a9f8,Aashi Srivastava,72.4,Fair,80.8,30.0,100,50,60,100,100,100,100,50,100,20,,,,,,,50,"[2.1] Publish the underlying data as CSV/JSON (keep the PDF only as supporting documentation). | [1.2] Expand the description to 2–5 sentences. | [1.9] Set the license to Government Open Data License (GODL) for data sourced from government platforms. | [1.3] Publish under the responsible organisation, or name the original data provider in the description. | [2.8] Rename files as {theme}_{region}_{time_period}_v{version}.{format}, e.g. climate_bihar_precipitation_2000_2020_v1.0.csv."
5efb5c65-61bf-44f5-b103-088ba720cbe5,Guwahati Land Surface Temperature 2022,https://civicdataspace.in/datasets/5efb5c65-61bf-44f5-b103-088ba720cbe5,CivicDataLab,72.4,Fair,71.0,79.2,100,55,100,100,100,0,0,100,100,100,,,,,,,38,"[1.7] Set the geography (country / state / district) in metadata. | [1.2] Say which geography the data covers (country / state / district level). | [1.8] Add the source's official creation date in YYYY-MM-DD format. | [2.8] Rename files as {theme}_{region}_{time_period}_v{version}.{format}, e.g. climate_bihar_precipitation_2000_2020_v1.0.csv. | [1.2] Name the organisation that collected or compiled the data (and the method if derived)."
316b848d-fc5e-44ac-bb46-523b98a2893c,Mission Antodaya -Uttar Pradesh(Subdistrict Level),https://civicdataspace.in/datasets/316b848d-fc5e-44ac-bb46-523b98a2893c,CivicDataLab,72.5,Fair,76.5,62.2,75,70,100,100,100,100,0,50,100,100,,56,,10,,,50,"[1.8] Add the source's official creation date in YYYY-MM-DD format. | [1.2] State the years the data covers in the description. | [2.5] Document the unit of every measurement column (name suffix like _mm / _inr_crore, or column description). | [1.9] Set the license to Government Open Data License (GODL) for data sourced from government platforms. | [2.3] Rename columns to snake_case (lowercase, words joined with underscores)."
0a0ec5e1-0055-4a43-87ed-037223f2ca80,KCC Hindi Queries,https://civicdataspace.in/datasets/0a0ec5e1-0055-4a43-87ed-037223f2ca80,CivicDataLab,72.5,Fair,68.8,84.2,55,45,100,100,100,100,0,50,100,100,,100,,,,,25,"[1.2] State the years the data covers in the description. | [1.8] Add the source's official creation date in YYYY-MM-DD format. | [1.1] Spell out abbreviations in the title (e.g. 'India Meteorological Department', not 'IMD'). | [1.9] Set the license to Government Open Data License (GODL) for data sourced from government platforms. | [2.8] Rename files as {theme}_{region}_{time_period}_v{version}.{format}, e.g. climate_bihar_precipitation_2000_2020_v1.0.csv."
0fe407db-7204-4c3b-8478-a02ebe060f20,Himachal Pradesh Mission Antyodaya,https://civicdataspace.in/datasets/0fe407db-7204-4c3b-8478-a02ebe060f20,CivicDataLab,72.6,Fair,74.5,67.5,75,60,100,100,100,100,0,50,100,100,,60,,33,,,50,"[1.8] Add the source's official creation date in YYYY-MM-DD format. | [1.2] State the years the data covers in the description. | [1.9] Set the license to Government Open Data License (GODL) for data sourced from government platforms. | [2.3] Use one convention (snake_case recommended) for every column. | [2.5] Document the unit of every measurement column (name suffix like _mm / _inr_crore, or column description)."
d93c5e86-39f8-4d22-90a6-cec7c940c322,Odisha Heat-Related Tenders (Block Geotagged),https://civicdataspace.in/datasets/d93c5e86-39f8-4d22-90a6-cec7c940c322,CivicDataLab,73.0,Fair,79.7,55.7,75,65,100,100,100,100,100,100,0,100,,29,,20,,,50,"[1.10] Add the official page of the organisation that publishes the source data. | [2.3] Rename columns to snake_case (lowercase, words joined with underscores). | [1.2] State the years the data covers in the description. | [2.5] Document the unit of every measurement column (name suffix like _mm / _inr_crore, or column description). | [1.1] Add the period covered to the title, e.g. '(2000–2020)'."
08bc89d4-e562-4858-a5f3-415f51fe911d,Annual Reports-Natural Calamities-Odisha,https://civicdataspace.in/datasets/08bc89d4-e562-4858-a5f3-415f51fe911d,Odisha State Disaster Management Authority (OSDMA),73.1,Fair,81.8,29.3,75,55,100,100,100,100,100,50,100,20,,,,,,,48,"[2.1] Publish the underlying data as CSV/JSON (keep the PDF only as supporting documentation). | [1.2] Say which geography the data covers (country / state / district level). | [1.9] Set the license to Government Open Data License (GODL) for data sourced from government platforms. | [2.8] Rename files as {theme}_{region}_{time_period}_v{version}.{format}, e.g. climate_bihar_precipitation_2000_2020_v1.0.csv. | [1.1] Add the period covered to the title, e.g. '(2000–2020)'."
52ddf9a2-5452-403b-9d50-b359206a80c6,Uttar Pradesh Tenders,https://civicdataspace.in/datasets/52ddf9a2-5452-403b-9d50-b359206a80c6,CivicDataLab,73.1,Fair,80.7,53.5,75,70,100,100,100,100,100,100,0,100,,14,,33,,,50,"[2.3] Rename columns to snake_case (lowercase, words joined with underscores). | [1.10] Add the official page of the organisation that publishes the source data. | [1.2] State the years the data covers in the description. | [2.5] Document the unit of every measurement column (name suffix like _mm / _inr_crore, or column description). | [1.1] Add the period covered to the title, e.g. '(2000–2020)'."
f07c7047-3f08-484c-bc73-331084ca0b24,New dataset 31 Aug 2026 - 09:12:20,https://civicdataspace.in/datasets/f07c7047-3f08-484c-bc73-331084ca0b24,Nikil Augustine,73.2,Fair,69.5,91.7,100,35,60,100,100,100,0,50,100,100,,,,,,,75,"[1.2] State the years the data covers in the description. | [1.8] Add the source's official creation date in YYYY-MM-DD format. | [1.9] Set the license to Government Open Data License (GODL) for data sourced from government platforms. | [1.3] Publish under the responsible organisation, or name the original data provider in the description. | [2.8] Rename files as {theme}_{region}_{time_period}_v{version}.{format}, e.g. climate_bihar_precipitation_2000_2020_v1.0.csv."
f9725ad8-f55a-481a-8906-84999d32c0e5,KHOJ - Dataset about the judges of the Telangana High Court,https://civicdataspace.in/datasets/f9725ad8-f55a-481a-8906-84999d32c0e5,JusticeHub,73.3,Fair,79.5,53.7,55,45,100,100,100,70,100,100,100,100,,3,,,,,50,"[2.3] Rename columns to snake_case (lowercase, words joined with underscores). | [1.2] State the years the data covers in the description. | [1.1] Spell out abbreviations in the title (e.g. 'India Meteorological Department', not 'IMD'). | [1.7] Add Telangana to the dataset's geography. | [2.8] Rename files as {theme}_{region}_{time_period}_v{version}.{format}, e.g. climate_bihar_precipitation_2000_2020_v1.0.csv."
035b9750-809b-4388-8ca3-43f6ddacb633,The First Information Report Dataset from years 2015-2019,https://civicdataspace.in/datasets/035b9750-809b-4388-8ca3-43f6ddacb633,JusticeHub,73.3,Fair,83.7,21.7,100,60,100,100,100,100,0,100,100,20,,,,,,,25,"[2.1] Publish the underlying data as CSV/JSON (keep the PDF only as supporting documentation). | [1.8] Add the source's official creation date in YYYY-MM-DD format. | [1.2] State the years the data covers in the description. | [2.8] Rename files as {theme}_{region}_{time_period}_v{version}.{format}, e.g. climate_bihar_precipitation_2000_2020_v1.0.csv. | [1.2] Mention how often the data is recorded or updated (e.g. 'annual', 'daily')."
3eb1fad4-a8f8-4c4f-b89f-f0a435d370da,Assamese Wikimedia Corpus,https://civicdataspace.in/datasets/3eb1fad4-a8f8-4c4f-b89f-f0a435d370da,Jahnabi Mitra,73.3,Fair,71.3,83.3,75,40,60,100,100,100,100,100,0,100,,,,,,,50,"[1.2] State the years the data covers in the description. | [1.10] Add the official page of the organisation that publishes the source data. | [1.1] Add the period covered to the title, e.g. '(2000–2020)'. | [1.3] Publish under the responsible organisation, or name the original data provider in the description. | [2.8] Rename files as {theme}_{region}_{time_period}_v{version}.{format}, e.g. climate_bihar_precipitation_2000_2020_v1.0.csv."
ded8759e-a5af-4a72-8dfa-bc49ee0e6242,Uttar Pradesh Flood-Related Tenders (District Geotagged),https://civicdataspace.in/datasets/ded8759e-a5af-4a72-8dfa-bc49ee0e6242,CivicDataLab,73.4,Fair,79.7,57.0,75,65,100,100,100,100,100,100,0,100,,25,,33,,,50,"[1.10] Add the official page of the organisation that publishes the source data. | [2.3] Rename columns to snake_case (lowercase, words joined with underscores). | [1.2] State the years the data covers in the description. | [2.5] Document the unit of every measurement column (name suffix like _mm / _inr_crore, or column description). | [1.1] Add the period covered to the title, e.g. '(2000–2020)'."
7c776a76-a128-4a9d-9ea5-a33b4b63a57f,TamilCOCO,https://civicdataspace.in/datasets/7c776a76-a128-4a9d-9ea5-a33b4b63a57f,Sridhar S,73.4,Fair,70.0,84.2,75,25,60,100,100,100,0,100,100,100,,100,,,,,25,"[1.2] State the years the data covers in the description. | [1.8] Add the source's official creation date in YYYY-MM-DD format. | [2.8] Rename files as {theme}_{region}_{time_period}_v{version}.{format}, e.g. climate_bihar_precipitation_2000_2020_v1.0.csv. | [1.1] Add the period covered to the title, e.g. '(2000–2020)'. | [1.3] Publish under the responsible organisation, or name the original data provider in the description."
ebca0d4a-2df7-46ae-a315-640bce23968a,Odisha Distance from River,https://civicdataspace.in/datasets/ebca0d4a-2df7-46ae-a315-640bce23968a,CivicDataLab,73.6,Fair,73.5,73.9,75,55,100,100,100,100,0,50,100,100,,100,,0,,,50,"[1.2] State the years the data covers in the description. | [1.8] Add the source's official creation date in YYYY-MM-DD format. | [2.5] Document the unit of every measurement column (name suffix like _mm / _inr_crore, or column description). | [1.9] Set the license to Government Open Data License (GODL) for data sourced from government platforms. | [1.1] Add the period covered to the title, e.g. '(2000–2020)'."
fa08be7f-9647-462b-8fc1-d218211271da,New dataset 03 Jul 2026 - 10:01:00,https://civicdataspace.in/datasets/fa08be7f-9647-462b-8fc1-d218211271da,Mihika Wakhloo,73.6,Fair,82.3,30.0,100,70,60,100,100,100,0,100,100,20,,,,,,,50,"[2.1] Publish the underlying data as CSV/JSON (keep the PDF only as supporting documentation). | [1.8] Add the source's official creation date in YYYY-MM-DD format. | [1.2] State the years the data covers in the description. | [1.3] Publish under the responsible organisation, or name the original data provider in the description. | [2.8] Rename files as {theme}_{region}_{time_period}_v{version}.{format}, e.g. climate_bihar_precipitation_2000_2020_v1.0.csv."
1301d1a0-d8e9-414a-b406-b87a31a2d880,Odisha Heat-Related Public Procurement Tenders,https://civicdataspace.in/datasets/1301d1a0-d8e9-414a-b406-b87a31a2d880,CivicDataLab,73.9,Fair,79.7,58.7,75,65,100,100,100,100,100,100,0,100,,22,,50,,,50,"[1.10] Add the official page of the organisation that publishes the source data. | [2.3] Rename columns to snake_case (lowercase, words joined with underscores). | [1.2] State the years the data covers in the description. | [1.1] Add the period covered to the title, e.g. '(2000–2020)'. | [2.5] Document the unit of every measurement column (name suffix like _mm / _inr_crore, or column description)."
bfa3e73b-893e-4f9b-b9de-11c26f7a229e,Assam IMD Subdistrict-Level  Rainfall(2018-2026),https://civicdataspace.in/datasets/bfa3e73b-893e-4f9b-b9de-11c26f7a229e,CivicDataLab,73.9,Fair,77.2,65.2,80,70,100,100,100,100,0,50,100,100,,60,,20,,,50,"[1.8] Add the source's official creation date in YYYY-MM-DD format. | [1.2] State the years the data covers in the description. | [1.9] Set the license to Government Open Data License (GODL) for data sourced from government platforms. | [2.5] Document the unit of every measurement column (name suffix like _mm / _inr_crore, or column description). | [2.3] Use one convention (snake_case recommended) for every column."
42a03126-8f44-4962-948c-209c1a8ae459,Uttar Pradesh NASADEM Elevation,https://civicdataspace.in/datasets/42a03126-8f44-4962-948c-209c1a8ae459,CivicDataLab,74.0,Fair,79.7,59.3,55,70,100,100,100,100,0,100,100,100,,52,,0,,,50,"[1.8] Add the source's official creation date in YYYY-MM-DD format. | [2.5] Document the unit of every measurement column (name suffix like _mm / _inr_crore, or column description). | [1.2] State the years the data covers in the description. | [1.1] Spell out abbreviations in the title (e.g. 'India Meteorological Department', not 'IMD'). | [2.3] Rename columns to snake_case (lowercase, words joined with underscores)."
decec4bd-842d-4994-8f76-9c7bd6a99b0a,State-wise Details of Integrated Aquaparks approved under Pradhan Mantri Matsya Sampada Yojana (PMMSY) from 2020-21 to 2024-25,https://civicdataspace.in/datasets/decec4bd-842d-4994-8f76-9c7bd6a99b0a,"Department of Fisheries, Government of India",74.1,Fair,86.2,42.8,55,90,100,100,100,100,100,50,100,100,,12,,0,,,25,"[2.3] Rename columns to snake_case (lowercase, words joined with underscores). | [2.5] Document the unit of every measurement column (name suffix like _mm / _inr_crore, or column description). | [1.1] Shorten the title to 60 characters or fewer. | [1.9] Set the license to Government Open Data License (GODL) for data sourced from government platforms. | [2.8] Rename files as {theme}_{region}_{time_period}_v{version}.{format}, e.g. climate_bihar_precipitation_2000_2020_v1.0.csv."
e21858df-9791-4957-97b3-e8429df674a5,"Unpacking Judicial Data to Track Implementation of the POCSO Act in Assam, Delhi & Haryana",https://civicdataspace.in/datasets/e21858df-9791-4957-97b3-e8429df674a5,JusticeHub,74.1,Fair,83.0,29.5,10,75,100,100,100,100,100,100,100,29,,,,,,,31,"[1.1] Shorten the title to 60 characters or fewer. | [2.1] Publish the underlying data as CSV/JSON (keep the PDF only as supporting documentation). | [1.2] Name the organisation that collected or compiled the data (and the method if derived). | [2.8] Rename files as {theme}_{region}_{time_period}_v{version}.{format}, e.g. climate_bihar_precipitation_2000_2020_v1.0.csv. | [1.1] Remove special characters from the title (write 'and' instead of '&')."
8dd7c6af-6c52-48e0-9daa-75ff7b8c0e89,Himachal Pradesh Bharat Maps,https://civicdataspace.in/datasets/8dd7c6af-6c52-48e0-9daa-75ff7b8c0e89,CivicDataLab,74.1,Fair,76.5,67.8,75,70,100,100,100,100,0,50,100,100,,60,,60,,,25,"[1.8] Add the source's official creation date in YYYY-MM-DD format. | [1.2] State the years the data covers in the description. | [1.9] Set the license to Government Open Data License (GODL) for data sourced from government platforms. | [2.8] Rename files as {theme}_{region}_{time_period}_v{version}.{format}, e.g. climate_bihar_precipitation_2000_2020_v1.0.csv. | [2.3] Use one convention (snake_case recommended) for every column."
7d35734f-6a09-43d5-a553-e4231f586544,Himachal Pradesh Tehsil-Level NDVI Indicators(2019-2024),https://civicdataspace.in/datasets/7d35734f-6a09-43d5-a553-e4231f586544,CivicDataLab,74.1,Fair,77.2,66.1,80,70,100,100,100,100,0,50,100,100,,60,,25,,,50,"[1.8] Add the source's official creation date in YYYY-MM-DD format. | [1.2] State the years the data covers in the description. | [1.9] Set the license to Government Open Data License (GODL) for data sourced from government platforms. | [2.5] Document the unit of every measurement column (name suffix like _mm / _inr_crore, or column description). | [2.3] Use one convention (snake_case recommended) for every column."
35b5184d-13c9-44db-99f1-59406f5bf78b,Funds Released under Child Protection Services from 2016-17 to 2018-19,https://civicdataspace.in/datasets/35b5184d-13c9-44db-99f1-59406f5bf78b,Rajya Sabha,74.2,Fair,86.7,41.7,75,100,100,100,100,100,100,100,0,100,,9,,0,,,25,"[2.3] Rename columns to snake_case (lowercase, words joined with underscores). | [1.10] Add the official page of the organisation that publishes the source data. | [2.5] Document the unit of every measurement column (name suffix like _mm / _inr_crore, or column description). | [2.8] Rename files as {theme}_{region}_{time_period}_v{version}.{format}, e.g. climate_bihar_precipitation_2000_2020_v1.0.csv. | [1.1] Shorten the title to 60 characters or fewer."
e7de500b-4163-4b20-a0ff-35b517c53754,DigiGreen: Human Curated QA Dataset (Agriculture) (English),https://civicdataspace.in/datasets/e7de500b-4163-4b20-a0ff-35b517c53754,CivicDataLab,74.2,Fair,71.0,84.2,55,35,100,100,100,100,100,100,0,100,,100,,,,,25,"[1.2] State the years the data covers in the description. | [1.10] Add the official page of the organisation that publishes the source data. | [1.1] Spell out abbreviations in the title (e.g. 'India Meteorological Department', not 'IMD'). | [2.8] Rename files as {theme}_{region}_{time_period}_v{version}.{format}, e.g. climate_bihar_precipitation_2000_2020_v1.0.csv. | [1.2] Say which geography the data covers (country / state / district level)."
fa2570a0-ee85-4e45-b2ca-e1b881ccece3,Demand for Estimates General Administration,https://civicdataspace.in/datasets/fa2570a0-ee85-4e45-b2ca-e1b881ccece3,Finance Department Himachal Pradesh,74.3,Fair,84.8,21.7,75,70,100,100,100,100,100,50,100,20,,,,,,,25,"[2.1] Publish the underlying data as CSV/JSON (keep the PDF only as supporting documentation). | [1.2] State the years the data covers in the description. | [1.9] Set the license to Government Open Data License (GODL) for data sourced from government platforms. | [2.8] Rename files as {theme}_{region}_{time_period}_v{version}.{format}, e.g. climate_bihar_precipitation_2000_2020_v1.0.csv. | [1.1] Add the period covered to the title, e.g. '(2000–2020)'."
d4291706-0a9a-4063-b2ea-de840dc14a40,Imphal Municipal Corporation: Budget Summary Statement,https://civicdataspace.in/datasets/d4291706-0a9a-4063-b2ea-de840dc14a40,Imphal Municipal Corporation,74.3,Fair,83.7,50.0,75,35,100,100,100,100,100,100,100,100,,36,,0,,,25,"[1.2] Expand the description to 2–5 sentences. | [2.3] Rename columns to snake_case (lowercase, words joined with underscores). | [2.5] Document the unit of every measurement column (name suffix like _mm / _inr_crore, or column description). | [2.8] Rename files as {theme}_{region}_{time_period}_v{version}.{format}, e.g. climate_bihar_precipitation_2000_2020_v1.0.csv. | [1.1] Add the period covered to the title, e.g. '(2000–2020)'."
71382798-d3fe-4ce3-b0f0-5e0e8b0ad136,Gandhinagar Municipal Corporation: Budget Summary Statement,https://civicdataspace.in/datasets/71382798-d3fe-4ce3-b0f0-5e0e8b0ad136,Gandhinagar Municipal Corporation,74.3,Fair,83.7,49.8,75,35,100,100,100,100,100,100,100,100,,35,,0,,,25,"[1.2] Expand the description to 2–5 sentences. | [2.3] Rename columns to snake_case (lowercase, words joined with underscores). | [2.5] Document the unit of every measurement column (name suffix like _mm / _inr_crore, or column description). | [2.8] Rename files as {theme}_{region}_{time_period}_v{version}.{format}, e.g. climate_bihar_precipitation_2000_2020_v1.0.csv. | [1.1] Add the period covered to the title, e.g. '(2000–2020)'."
43c6cbce-70ca-41e9-94fe-c55c8b6b4056,Bihar Sub-District Level IMD Rainfall (2018-2026),https://civicdataspace.in/datasets/43c6cbce-70ca-41e9-94fe-c55c8b6b4056,CivicDataLab,74.4,Fair,79.2,61.9,80,80,100,100,100,100,0,50,100,100,,54,,11,,,50,"[1.8] Add the source's official creation date in YYYY-MM-DD format. | [2.5] Document the unit of every measurement column (name suffix like _mm / _inr_crore, or column description). | [1.9] Set the license to Government Open Data License (GODL) for data sourced from government platforms. | [2.3] Rename columns to snake_case (lowercase, words joined with underscores). | [1.2] State the years the data covers in the description."
3cc57bb1-7713-4538-935a-c69e06bf8bf5,Odisha NDVI Indicators (2019-2023),https://civicdataspace.in/datasets/3cc57bb1-7713-4538-935a-c69e06bf8bf5,CivicDataLab,74.5,Fair,79.2,62.2,80,80,100,100,100,100,0,50,100,100,,56,,10,,,50,"[1.8] Add the source's official creation date in YYYY-MM-DD format. | [2.5] Document the unit of every measurement column (name suffix like _mm / _inr_crore, or column description). | [1.9] Set the license to Government Open Data License (GODL) for data sourced from government platforms. | [2.3] Rename columns to snake_case (lowercase, words joined with underscores). | [1.2] State the years the data covers in the description."
16eda4f3-78fa-4702-833f-da332458792c,Bihar Bharat Maps Infrastructure Indicators (Subdistrict Level),https://civicdataspace.in/datasets/16eda4f3-78fa-4702-833f-da332458792c,CivicDataLab,74.6,Fair,73.2,78.3,50,70,100,100,100,100,0,50,100,100,,100,,50,,,25,"[1.8] Add the source's official creation date in YYYY-MM-DD format. | [1.1] Shorten the title to 60 characters or fewer. | [1.2] State the years the data covers in the description. | [1.9] Set the license to Government Open Data License (GODL) for data sourced from government platforms. | [2.8] Rename files as {theme}_{region}_{time_period}_v{version}.{format}, e.g. climate_bihar_precipitation_2000_2020_v1.0.csv."
37d070d1-74e9-4c1c-809d-bd78ef930079,English to Assamese Dataset,https://civicdataspace.in/datasets/37d070d1-74e9-4c1c-809d-bd78ef930079,Jahnabi Mitra,74.7,Fair,70.0,89.5,75,25,60,100,100,100,0,100,100,100,,100,,,,,50,"[1.2] State the years the data covers in the description. | [1.8] Add the source's official creation date in YYYY-MM-DD format. | [1.1] Add the period covered to the title, e.g. '(2000–2020)'. | [1.3] Publish under the responsible organisation, or name the original data provider in the description. | [2.8] Rename files as {theme}_{region}_{time_period}_v{version}.{format}, e.g. climate_bihar_precipitation_2000_2020_v1.0.csv."
179c950b-ce16-4271-b62d-75d98f20a858,Mission Antyodaya 2020,https://civicdataspace.in/datasets/179c950b-ce16-4271-b62d-75d98f20a858,Ministry of Rural Development,75.1,Fair,73.3,79.7,100,75,100,100,100,0,100,100,0,100,,100,,33,,,50,"[1.7] Set the geography (country / state / district) in metadata. | [1.10] Add the official page of the organisation that publishes the source data. | [1.2] Name the organisation that collected or compiled the data (and the method if derived). | [2.5] Document the unit of every measurement column (name suffix like _mm / _inr_crore, or column description). | [2.8] Rename files as {theme}_{region}_{time_period}_v{version}.{format}, e.g. climate_bihar_precipitation_2000_2020_v1.0.csv."
57de123e-2e73-4d9d-a91e-24210fcfc32e,State/UT wise Enrolment of students  by Gender 2021-22,https://civicdataspace.in/datasets/57de123e-2e73-4d9d-a91e-24210fcfc32e,"Dept. of School Education and Literacy, Ministry of Education",75.1,Fair,73.5,83.3,60,65,100,100,100,100,0,50,100,100,,,,,,,50,"[1.8] Add the source's official creation date in YYYY-MM-DD format. | [1.2] Name the organisation that collected or compiled the data (and the method if derived). | [1.9] Set the license to Government Open Data License (GODL) for data sourced from government platforms. | [1.1] Remove special characters from the title (write 'and' instead of '&'). | [2.8] Rename files as {theme}_{region}_{time_period}_v{version}.{format}, e.g. climate_bihar_precipitation_2000_2020_v1.0.csv."
1c1d7e48-83ce-4756-93b6-e7fa3e896cee,IndicSafe,https://civicdataspace.in/datasets/1c1d7e48-83ce-4756-93b6-e7fa3e896cee,CivicDataLab,75.2,Fair,79.3,62.1,75,55,100,100,100,100,0,100,100,100,,40,,,,,25,"[1.2] Say which geography the data covers (country / state / district level). | [1.8] Add the source's official creation date in YYYY-MM-DD format. | [2.3] Make every column name unique. | [2.8] Rename files as {theme}_{region}_{time_period}_v{version}.{format}, e.g. climate_bihar_precipitation_2000_2020_v1.0.csv. | [1.1] Add the period covered to the title, e.g. '(2000–2020)'."
df5f4a6e-9115-4d49-8ee6-d5d2da0fec55,Bharat Maps,https://civicdataspace.in/datasets/df5f4a6e-9115-4d49-8ee6-d5d2da0fec55,Bharat Maps,75.5,Fair,74.5,78.3,75,60,100,100,100,100,0,50,100,100,,100,,50,,,25,"[1.8] Add the source's official creation date in YYYY-MM-DD format. | [1.2] Say which geography the data covers (country / state / district level). | [1.9] Set the license to Government Open Data License (GODL) for data sourced from government platforms. | [2.8] Rename files as {theme}_{region}_{time_period}_v{version}.{format}, e.g. climate_bihar_precipitation_2000_2020_v1.0.csv. | [1.1] Add the period covered to the title, e.g. '(2000–2020)'."
b6090b4f-e18c-4e19-8beb-828d89d39fa5,HMIS IMR Assam 2022-23,https://civicdataspace.in/datasets/b6090b4f-e18c-4e19-8beb-828d89d39fa5,CivicDataLab,75.6,Fair,84.0,53.8,80,75,100,100,100,100,0,100,100,100,,15,,33,,,50,"[2.3] Rename columns to snake_case (lowercase, words joined with underscores). | [1.8] Add the source's official creation date in YYYY-MM-DD format. | [1.2] Name the organisation that collected or compiled the data (and the method if derived). | [2.5] Document the unit of every measurement column (name suffix like _mm / _inr_crore, or column description). | [2.8] Rename files as {theme}_{region}_{time_period}_v{version}.{format}, e.g. climate_bihar_precipitation_2000_2020_v1.0.csv."
af53626b-0e3f-4161-a35c-6e779567751f,Vijayawada Municipal Corporation: Budget Summary Statement,https://civicdataspace.in/datasets/af53626b-0e3f-4161-a35c-6e779567751f,Vijayawada Municipal Corporation,75.8,Fair,83.7,55.1,75,35,100,100,100,100,100,100,100,100,,52,,0,,,25,"[1.2] Expand the description to 2–5 sentences. | [2.5] Document the unit of every measurement column (name suffix like _mm / _inr_crore, or column description). | [2.3] Rename columns to snake_case (lowercase, words joined with underscores). | [2.8] Rename files as {theme}_{region}_{time_period}_v{version}.{format}, e.g. climate_bihar_precipitation_2000_2020_v1.0.csv. | [1.1] Add the period covered to the title, e.g. '(2000–2020)'."
14f28519-8039-4531-b1aa-6bf72f8aece2,Bangkok Fire and Other Disaster Management Report,https://civicdataspace.in/datasets/14f28519-8039-4531-b1aa-6bf72f8aece2,BMA,75.8,Fair,74.3,83.3,75,30,100,100,100,100,0,100,100,100,,,,,,,50,"[1.2] Expand the description to 2–5 sentences. | [1.8] Add the source's official creation date in YYYY-MM-DD format. | [1.1] Add the period covered to the title, e.g. '(2000–2020)'. | [2.8] Rename files as {theme}_{region}_{time_period}_v{version}.{format}, e.g. climate_bihar_precipitation_2000_2020_v1.0.csv. | [1.2] State the years the data covers in the description."
3e86e623-17d7-4527-9932-d0156f99e79e,Green Budget 2023-26,https://civicdataspace.in/datasets/3e86e623-17d7-4527-9932-d0156f99e79e,"FinAssam, Finance Department, Government of Assam",76.0,Fair,85.2,30.0,100,55,100,100,100,100,100,50,100,20,,,,,,,50,"[2.1] Publish the underlying data as CSV/JSON (keep the PDF only as supporting documentation). | [1.2] State the years the data covers in the description. | [1.9] Set the license to Government Open Data License (GODL) for data sourced from government platforms. | [2.8] Rename files as {theme}_{region}_{time_period}_v{version}.{format}, e.g. climate_bihar_precipitation_2000_2020_v1.0.csv. | [1.2] Name the organisation that collected or compiled the data (and the method if derived)."
d954cb3c-22fd-41b6-a0c4-54ab2fc553f0,Outcome Budget 2018-2026,https://civicdataspace.in/datasets/d954cb3c-22fd-41b6-a0c4-54ab2fc553f0,"FinAssam, Finance Department, Government of Assam",76.0,Fair,85.2,30.0,100,55,100,100,100,100,100,50,100,20,,,,,,,50,"[2.1] Publish the underlying data as CSV/JSON (keep the PDF only as supporting documentation). | [1.2] State the years the data covers in the description. | [1.9] Set the license to Government Open Data License (GODL) for data sourced from government platforms. | [2.8] Rename files as {theme}_{region}_{time_period}_v{version}.{format}, e.g. climate_bihar_precipitation_2000_2020_v1.0.csv. | [1.2] Name the organisation that collected or compiled the data (and the method if derived)."
46badaef-63cc-431e-8fc0-345c663b4ed4,Himachal Pradesh Budget Data - Department Wise 2025-26,https://civicdataspace.in/datasets/46badaef-63cc-431e-8fc0-345c663b4ed4,Finance Department Himachal Pradesh,76.0,Fair,85.2,30.0,100,55,100,100,100,100,100,50,100,20,,,,,,,50,"[2.1] Publish the underlying data as CSV/JSON (keep the PDF only as supporting documentation). | [1.2] Expand the description to 2–5 sentences. | [1.9] Set the license to Government Open Data License (GODL) for data sourced from government platforms. | [2.8] Rename files as {theme}_{region}_{time_period}_v{version}.{format}, e.g. climate_bihar_precipitation_2000_2020_v1.0.csv. | [1.2] State the years the data covers in the description."
8f0f26d9-5147-42ae-9220-0a6ec9b81da0,Pending Cases in India,https://civicdataspace.in/datasets/8f0f26d9-5147-42ae-9220-0a6ec9b81da0,JusticeHub,76.1,Fair,78.7,69.6,75,10,100,100,100,100,100,100,100,100,,100,,0,,,25,"[1.2] Expand the description to 2–5 sentences. | [2.5] Document the unit of every measurement column (name suffix like _mm / _inr_crore, or column description). | [2.8] Rename files as {theme}_{region}_{time_period}_v{version}.{format}, e.g. climate_bihar_precipitation_2000_2020_v1.0.csv. | [1.1] Add the period covered to the title, e.g. '(2000–2020)'. | [1.2] State the years the data covers in the description."
f12065ab-4cbe-4a19-b7fd-aea17fc28448,Himachal Pradesh Tehsil-Level Surface Runoff(2021-2025),https://civicdataspace.in/datasets/f12065ab-4cbe-4a19-b7fd-aea17fc28448,CivicDataLab,76.3,Fair,81.8,61.7,100,80,100,100,100,100,0,50,100,100,,60,,0,,,50,"[1.8] Add the source's official creation date in YYYY-MM-DD format. | [2.5] Document the unit of every measurement column (name suffix like _mm / _inr_crore, or column description). | [1.9] Set the license to Government Open Data License (GODL) for data sourced from government platforms. | [2.3] Use one convention (snake_case recommended) for every column. | [1.2] State the years the data covers in the description."
6df07eec-fd9b-4216-978d-528d642f5dd9,WorldPop,https://civicdataspace.in/datasets/6df07eec-fd9b-4216-978d-528d642f5dd9,WorldPOP,76.4,Fair,72.3,87.0,75,70,100,100,100,100,0,100,0,100,,100,,100,,,25,"[1.10] Add the official page of the organisation that publishes the source data. | [1.8] Add the source's official creation date in YYYY-MM-DD format. | [1.2] Say which geography the data covers (country / state / district level). | [2.8] Rename files as {theme}_{region}_{time_period}_v{version}.{format}, e.g. climate_bihar_precipitation_2000_2020_v1.0.csv. | [1.1] Add the period covered to the title, e.g. '(2000–2020)'."
47094da1-455d-42f8-8b34-4acaeb1c56e3,Summary Statements 2018-2026,https://civicdataspace.in/datasets/47094da1-455d-42f8-8b34-4acaeb1c56e3,"FinAssam, Finance Department, Government of Assam",76.8,Fair,86.2,30.0,100,60,100,100,100,100,100,50,100,20,,,,,,,50,"[2.1] Publish the underlying data as CSV/JSON (keep the PDF only as supporting documentation). | [1.2] State the years the data covers in the description. | [1.9] Set the license to Government Open Data License (GODL) for data sourced from government platforms. | [2.8] Rename files as {theme}_{region}_{time_period}_v{version}.{format}, e.g. climate_bihar_precipitation_2000_2020_v1.0.csv. | [1.2] Mention how often the data is recorded or updated (e.g. 'annual', 'daily')."
e2ecc466-2158-4cd6-96fe-a7f5429a1d8c,Special Leave Petitions in Supreme Court 2001-2011,https://civicdataspace.in/datasets/e2ecc466-2158-4cd6-96fe-a7f5429a1d8c,JusticeHub,76.9,Fair,88.0,21.7,100,40,100,100,100,100,100,100,100,20,,,,,,,25,"[1.2] State the years the data covers in the description. | [2.1] Publish the underlying data as CSV/JSON (keep the PDF only as supporting documentation). | [2.8] Rename files as {theme}_{region}_{time_period}_v{version}.{format}, e.g. climate_bihar_precipitation_2000_2020_v1.0.csv. | [1.2] Say which geography the data covers (country / state / district level). | [1.2] Mention how often the data is recorded or updated (e.g. 'annual', 'daily')."
a2586c90-4aaf-48c5-a49f-b0d321434a23,Uttar Pradesh Bharat Maps(Subdistrict Level),https://civicdataspace.in/datasets/a2586c90-4aaf-48c5-a49f-b0d321434a23,CivicDataLab,77.0,Fair,76.5,78.3,75,70,100,100,100,100,0,50,100,100,,100,,50,,,25,"[1.8] Add the source's official creation date in YYYY-MM-DD format. | [1.2] State the years the data covers in the description. | [1.9] Set the license to Government Open Data License (GODL) for data sourced from government platforms. | [2.8] Rename files as {theme}_{region}_{time_period}_v{version}.{format}, e.g. climate_bihar_precipitation_2000_2020_v1.0.csv. | [1.1] Add the period covered to the title, e.g. '(2000–2020)'."
de6f19af-bac3-4c0f-ba3a-49371304a718,Cummilative Assam Human Lives Lost (2021-2026),https://civicdataspace.in/datasets/de6f19af-bac3-4c0f-ba3a-49371304a718,CivicDataLab,77.1,Fair,84.7,57.4,100,65,100,100,100,100,0,100,100,100,,60,,0,,,25,"[1.8] Add the source's official creation date in YYYY-MM-DD format. | [1.2] State the years the data covers in the description. | [2.5] Document the unit of every measurement column (name suffix like _mm / _inr_crore, or column description). | [2.8] Rename files as {theme}_{region}_{time_period}_v{version}.{format}, e.g. climate_bihar_precipitation_2000_2020_v1.0.csv. | [2.3] Use one convention (snake_case recommended) for every column."
e77e272a-31f9-44c0-b662-b55b7d1c89f8,Assamese Text-to-Speech (TTS),https://civicdataspace.in/datasets/e77e272a-31f9-44c0-b662-b55b7d1c89f8,Jahnabi Mitra,77.2,Fair,73.3,89.5,55,55,60,100,100,100,0,100,100,100,,100,,,,,50,"[1.2] State the years the data covers in the description. | [1.8] Add the source's official creation date in YYYY-MM-DD format. | [1.1] Spell out abbreviations in the title (e.g. 'India Meteorological Department', not 'IMD'). | [1.3] Publish under the responsible organisation, or name the original data provider in the description. | [2.8] Rename files as {theme}_{region}_{time_period}_v{version}.{format}, e.g. climate_bihar_precipitation_2000_2020_v1.0.csv."
85ed80f2-6315-412a-b7aa-3b8410f2027e,Odisha NDBI Indicators (2019-2023),https://civicdataspace.in/datasets/85ed80f2-6315-412a-b7aa-3b8410f2027e,CivicDataLab,77.5,Fair,85.0,57.9,80,80,100,100,100,100,0,100,100,100,,56,,10,,,25,"[1.8] Add the source's official creation date in YYYY-MM-DD format. | [2.5] Document the unit of every measurement column (name suffix like _mm / _inr_crore, or column description). | [2.3] Rename columns to snake_case (lowercase, words joined with underscores). | [2.8] Rename files as {theme}_{region}_{time_period}_v{version}.{format}, e.g. climate_bihar_precipitation_2000_2020_v1.0.csv. | [1.2] State the years the data covers in the description."
5a9758b5-7a52-4f4a-9c4e-7460a791a2d1,Union Budget at a Glance (Timeseries) from 1995-1996 (Actuals) to 2024-2025 (Budget Estimates),https://civicdataspace.in/datasets/5a9758b5-7a52-4f4a-9c4e-7460a791a2d1,Ministry of Finance,77.6,Fair,85.7,56.6,75,45,100,100,100,100,100,100,100,100,,50,,0,,,38,"[1.2] Expand the description to 2–5 sentences. | [2.5] Document the unit of every measurement column (name suffix like _mm / _inr_crore, or column description). | [2.3] Rename columns to snake_case (lowercase, words joined with underscores). | [2.8] Rename files as {theme}_{region}_{time_period}_v{version}.{format}, e.g. climate_bihar_precipitation_2000_2020_v1.0.csv. | [1.1] Shorten the title to 60 characters or fewer."
c4c30f90-60cc-4461-811f-d171cdf584a7,Assam Gender Budget Statement 2018–25,https://civicdataspace.in/datasets/c4c30f90-60cc-4461-811f-d171cdf584a7,"FinAssam, Finance Department, Government of Assam",77.6,Fair,87.2,30.0,100,65,100,100,100,100,100,50,100,20,,,,,,,50,"[2.1] Publish the underlying data as CSV/JSON (keep the PDF only as supporting documentation). | [1.2] Name the organisation that collected or compiled the data (and the method if derived). | [1.9] Set the license to Government Open Data License (GODL) for data sourced from government platforms. | [2.8] Rename files as {theme}_{region}_{time_period}_v{version}.{format}, e.g. climate_bihar_precipitation_2000_2020_v1.0.csv. | [1.2] Mention how often the data is recorded or updated (e.g. 'annual', 'daily')."
7343af3c-f892-4610-b528-2444857b2081,WorldPop,https://civicdataspace.in/datasets/7343af3c-f892-4610-b528-2444857b2081,WorldPOP,77.6,Fair,72.3,91.3,75,70,100,100,100,100,0,100,0,100,,100,,100,,,50,"[1.10] Add the official page of the organisation that publishes the source data. | [1.8] Add the source's official creation date in YYYY-MM-DD format. | [1.2] Say which geography the data covers (country / state / district level). | [1.1] Add the period covered to the title, e.g. '(2000–2020)'. | [2.8] Rename files as {theme}_{region}_{time_period}_v{version}.{format}, e.g. climate_bihar_precipitation_2000_2020_v1.0.csv."
be323aed-d992-4cf7-a6cb-c68967a3315e,East Tusom,https://civicdataspace.in/datasets/be323aed-d992-4cf7-a6cb-c68967a3315e,Sridhar S,77.7,Fair,74.0,89.5,75,45,60,100,100,100,0,100,100,100,,100,,,,,50,"[1.2] State the years the data covers in the description. | [1.8] Add the source's official creation date in YYYY-MM-DD format. | [1.1] Add the period covered to the title, e.g. '(2000–2020)'. | [1.3] Publish under the responsible organisation, or name the original data provider in the description. | [2.8] Rename files as {theme}_{region}_{time_period}_v{version}.{format}, e.g. climate_bihar_precipitation_2000_2020_v1.0.csv."
f7154703-5460-485f-b753-7b2710865836,Assam Revenue Circle Level Flood Inundation(2015-2025),https://civicdataspace.in/datasets/f7154703-5460-485f-b753-7b2710865836,CivicDataLab,77.9,Fair,81.8,67.5,100,80,100,100,100,100,0,50,100,100,,55,,43,,,50,"[1.8] Add the source's official creation date in YYYY-MM-DD format. | [1.9] Set the license to Government Open Data License (GODL) for data sourced from government platforms. | [2.3] Rename columns to snake_case (lowercase, words joined with underscores). | [1.2] State the years the data covers in the description. | [2.5] Document the unit of every measurement column (name suffix like _mm / _inr_crore, or column description)."
67bc0053-0a1e-4343-97c3-e2cbdf487e93,Bangkok Air Quality Index Measured in Public parks 2021 to 2024,https://civicdataspace.in/datasets/67bc0053-0a1e-4343-97c3-e2cbdf487e93,BMA,78.4,Fair,89.7,48.8,75,65,100,100,100,100,100,100,100,100,,18,,0,,,50,"[2.3] Rename columns to snake_case (lowercase, words joined with underscores). | [1.2] Name the organisation that collected or compiled the data (and the method if derived). | [2.5] Document the unit of every measurement column (name suffix like _mm / _inr_crore, or column description). | [1.1] Shorten the title to 60 characters or fewer. | [2.8] Rename files as {theme}_{region}_{time_period}_v{version}.{format}, e.g. climate_bihar_precipitation_2000_2020_v1.0.csv."
1cdab615-0577-42eb-8bd8-63c1e7785d96,Transfer to Local Bodies 2018-2026,https://civicdataspace.in/datasets/1cdab615-0577-42eb-8bd8-63c1e7785d96,"FinAssam, Finance Department, Government of Assam",78.5,Fair,88.2,30.0,100,70,100,100,100,100,100,50,100,20,,,,,,,50,"[2.1] Publish the underlying data as CSV/JSON (keep the PDF only as supporting documentation). | [1.2] State the years the data covers in the description. | [1.9] Set the license to Government Open Data License (GODL) for data sourced from government platforms. | [2.8] Rename files as {theme}_{region}_{time_period}_v{version}.{format}, e.g. climate_bihar_precipitation_2000_2020_v1.0.csv. | [1.2] Mention how often the data is recorded or updated (e.g. 'annual', 'daily')."
1e7a3edb-0614-486c-bab6-0fc29f0d4ce7,Odisha IMD Block Level Rainfall Indicators (2018-2026),https://civicdataspace.in/datasets/1e7a3edb-0614-486c-bab6-0fc29f0d4ce7,CivicDataLab,78.5,Fair,79.2,76.8,80,80,100,100,100,100,0,50,100,100,,100,,17,,,50,"[1.8] Add the source's official creation date in YYYY-MM-DD format. | [1.9] Set the license to Government Open Data License (GODL) for data sourced from government platforms. | [2.5] Document the unit of every measurement column (name suffix like _mm / _inr_crore, or column description). | [1.2] State the years the data covers in the description. | [2.8] Rename files as {theme}_{region}_{time_period}_v{version}.{format}, e.g. climate_bihar_precipitation_2000_2020_v1.0.csv."
6144f565-86bc-4993-8e30-593aa263d4c6,Bangkok Museums Location,https://civicdataspace.in/datasets/6144f565-86bc-4993-8e30-593aa263d4c6,BMA,78.6,Fair,80.3,73.9,75,60,100,100,100,100,0,100,100,100,,100,,0,,,50,"[1.8] Add the source's official creation date in YYYY-MM-DD format. | [1.2] State the years the data covers in the description. | [2.5] Document the unit of every measurement column (name suffix like _mm / _inr_crore, or column description). | [1.1] Add the period covered to the title, e.g. '(2000–2020)'. | [2.8] Rename files as {theme}_{region}_{time_period}_v{version}.{format}, e.g. climate_bihar_precipitation_2000_2020_v1.0.csv."
cee2015f-850f-4bcc-b35c-9fbe26620b4a,WorldPop,https://civicdataspace.in/datasets/cee2015f-850f-4bcc-b35c-9fbe26620b4a,WorldPOP,78.8,Fair,72.3,95.7,75,70,100,100,100,100,0,100,0,100,,100,,100,,,75,"[1.10] Add the official page of the organisation that publishes the source data. | [1.8] Add the source's official creation date in YYYY-MM-DD format. | [1.2] Say which geography the data covers (country / state / district level). | [1.1] Add the period covered to the title, e.g. '(2000–2020)'. | [2.8] Rename files as {theme}_{region}_{time_period}_v{version}.{format}, e.g. climate_bihar_precipitation_2000_2020_v1.0.csv."
865277d2-c379-488a-8d93-0d5a78fb7ae9,WorldPop,https://civicdataspace.in/datasets/865277d2-c379-488a-8d93-0d5a78fb7ae9,WorldPOP,78.8,Fair,72.3,95.7,75,70,100,100,100,100,0,100,0,100,,100,,100,,,75,"[1.10] Add the official page of the organisation that publishes the source data. | [1.8] Add the source's official creation date in YYYY-MM-DD format. | [1.2] Say which geography the data covers (country / state / district level). | [1.1] Add the period covered to the title, e.g. '(2000–2020)'. | [2.8] Rename files as {theme}_{region}_{time_period}_v{version}.{format}, e.g. climate_bihar_precipitation_2000_2020_v1.0.csv."
06e2f5ed-3239-4854-ad7b-48c5800a27fa,Bangkok Government and Private Hospital Location,https://civicdataspace.in/datasets/06e2f5ed-3239-4854-ad7b-48c5800a27fa,BMA,78.8,Fair,77.3,82.6,75,45,100,100,100,100,0,100,100,100,,100,,50,,,50,"[1.2] State the years the data covers in the description. | [1.8] Add the source's official creation date in YYYY-MM-DD format. | [1.1] Add the period covered to the title, e.g. '(2000–2020)'. | [2.5] Document the unit of every measurement column (name suffix like _mm / _inr_crore, or column description). | [2.8] Rename files as {theme}_{region}_{time_period}_v{version}.{format}, e.g. climate_bihar_precipitation_2000_2020_v1.0.csv."
1b676973-24f2-48cb-b0e8-8734b26f0e95,Jal Jeevan Mission (National Rural Drinking Water Programme): 2015 - 22,https://civicdataspace.in/datasets/1b676973-24f2-48cb-b0e8-8734b26f0e95,Department of Drinking Water and Sanitation,79.1,Fair,91.7,46.3,75,75,100,100,100,100,100,100,100,100,,9,,0,,,50,"[2.3] Rename columns to snake_case (lowercase, words joined with underscores). | [2.5] Document the unit of every measurement column (name suffix like _mm / _inr_crore, or column description). | [1.2] Name the organisation that collected or compiled the data (and the method if derived). | [1.1] Shorten the title to 60 characters or fewer. | [2.8] Rename files as {theme}_{region}_{time_period}_v{version}.{format}, e.g. climate_bihar_precipitation_2000_2020_v1.0.csv."
a8d41fb9-0b9e-4f1a-bdd4-964e5bd1e535,Uttar Pradesh Subdistrict-Level IMD Rainfall data -(2018-2026),https://civicdataspace.in/datasets/a8d41fb9-0b9e-4f1a-bdd4-964e5bd1e535,CivicDataLab,79.5,Fair,80.0,78.3,55,80,100,100,100,100,100,100,0,100,,100,,25,,,50,"[1.10] Add the official page of the organisation that publishes the source data. | [1.1] Shorten the title to 60 characters or fewer. | [2.5] Document the unit of every measurement column (name suffix like _mm / _inr_crore, or column description). | [1.2] State the years the data covers in the description. | [2.8] Rename files as {theme}_{region}_{time_period}_v{version}.{format}, e.g. climate_bihar_precipitation_2000_2020_v1.0.csv."
e1f0295b-a0f3-4921-9449-f87cb689c794,Himachal Pradesh Tehsil-Level NDBI Indicators (2019-2024),https://civicdataspace.in/datasets/e1f0295b-a0f3-4921-9449-f87cb689c794,CivicDataLab,79.8,Fair,85.0,66.1,80,80,100,100,100,100,0,100,100,100,,60,,25,,,50,"[1.8] Add the source's official creation date in YYYY-MM-DD format. | [2.5] Document the unit of every measurement column (name suffix like _mm / _inr_crore, or column description). | [2.3] Use one convention (snake_case recommended) for every column. | [1.2] State the years the data covers in the description. | [2.8] Rename files as {theme}_{region}_{time_period}_v{version}.{format}, e.g. climate_bihar_precipitation_2000_2020_v1.0.csv."
076f5997-d42a-4ffb-9525-afdc028b37fa,Bangkok Procurement Details for the Buddhist year 2568,https://civicdataspace.in/datasets/076f5997-d42a-4ffb-9525-afdc028b37fa,BMA,80.1,Fair,87.7,60.3,75,55,100,100,100,100,100,100,100,100,,60,,17,,,25,"[1.2] State the years the data covers in the description. | [2.5] Document the unit of every measurement column (name suffix like _mm / _inr_crore, or column description). | [2.8] Rename files as {theme}_{region}_{time_period}_v{version}.{format}, e.g. climate_bihar_precipitation_2000_2020_v1.0.csv. | [2.3] Use one convention (snake_case recommended) for every column. | [1.1] Add the period covered to the title, e.g. '(2000–2020)'."
6b1393ec-4c37-441e-a3b0-4eb90cdec934,Uttar Pradesh Flood Inundation Maps - (2021-2025),https://civicdataspace.in/datasets/6b1393ec-4c37-441e-a3b0-4eb90cdec934,CivicDataLab,82.0,Fair,81.8,82.6,100,80,100,100,100,100,0,50,100,100,,100,,50,,,50,"[1.8] Add the source's official creation date in YYYY-MM-DD format. | [1.9] Set the license to Government Open Data License (GODL) for data sourced from government platforms. | [1.2] State the years the data covers in the description. | [2.5] Document the unit of every measurement column (name suffix like _mm / _inr_crore, or column description). | [2.8] Rename files as {theme}_{region}_{time_period}_v{version}.{format}, e.g. climate_bihar_precipitation_2000_2020_v1.0.csv."
4c852bf8-99d8-4254-b4b3-26b60e11304e,Odisha Bhuvan Flood Inundation (2021-2025),https://civicdataspace.in/datasets/4c852bf8-99d8-4254-b4b3-26b60e11304e,CivicDataLab,82.0,Fair,81.8,82.6,100,80,100,100,100,100,0,50,100,100,,100,,50,,,50,"[1.8] Add the source's official creation date in YYYY-MM-DD format. | [1.9] Set the license to Government Open Data License (GODL) for data sourced from government platforms. | [1.2] State the years the data covers in the description. | [2.5] Document the unit of every measurement column (name suffix like _mm / _inr_crore, or column description). | [2.8] Rename files as {theme}_{region}_{time_period}_v{version}.{format}, e.g. climate_bihar_precipitation_2000_2020_v1.0.csv."
2c10ed21-6f6b-4f58-83dc-5406fb048e25,Bihar Sub-District Level Flood Inundation (2021-2025),https://civicdataspace.in/datasets/2c10ed21-6f6b-4f58-83dc-5406fb048e25,CivicDataLab,82.0,Fair,81.8,82.6,100,80,100,100,100,100,0,50,100,100,,100,,50,,,50,"[1.8] Add the source's official creation date in YYYY-MM-DD format. | [1.9] Set the license to Government Open Data License (GODL) for data sourced from government platforms. | [1.2] State the years the data covers in the description. | [2.5] Document the unit of every measurement column (name suffix like _mm / _inr_crore, or column description). | [2.8] Rename files as {theme}_{region}_{time_period}_v{version}.{format}, e.g. climate_bihar_precipitation_2000_2020_v1.0.csv."
1e30a465-ac3a-4c16-96d2-3f25264e9432,Himachal Pradesh Tehsil-level Population Projections and Demographic Indicators(2017-2026),https://civicdataspace.in/datasets/1e30a465-ac3a-4c16-96d2-3f25264e9432,CivicDataLab,82.7,Fair,79.3,91.3,75,55,100,100,100,100,0,100,100,100,,100,,100,,,50,"[1.2] State the years the data covers in the description. | [1.8] Add the source's official creation date in YYYY-MM-DD format. | [1.1] Shorten the title to 60 characters or fewer. | [2.8] Rename files as {theme}_{region}_{time_period}_v{version}.{format}, e.g. climate_bihar_precipitation_2000_2020_v1.0.csv. | [1.2] Name the organisation that collected or compiled the data (and the method if derived)."
a3ba09c9-a4d1-440c-b748-5635cb42b866,Constitution Benches of the Supreme Court of India (2010-22),https://civicdataspace.in/datasets/a3ba09c9-a4d1-440c-b748-5635cb42b866,JusticeHub,83.2,Fair,93.0,34.5,100,65,100,100,100,100,100,100,100,27,,,,,,,50,"[2.1] Add a CSV version alongside every Excel file. | [1.2] Name the organisation that collected or compiled the data (and the method if derived). | [2.8] Rename files as {theme}_{region}_{time_period}_v{version}.{format}, e.g. climate_bihar_precipitation_2000_2020_v1.0.csv. | [2.1] Publish the underlying data as CSV/JSON (keep the PDF only as supporting documentation). | [1.2] Mention how often the data is recorded or updated (e.g. 'annual', 'daily')."
d5fe2150-672d-455b-9b60-1e779919a053,WorldPop,https://civicdataspace.in/datasets/d5fe2150-672d-455b-9b60-1e779919a053,WorldPOP,83.6,Fair,82.3,87.0,75,70,100,100,100,100,0,100,100,100,,100,,100,,,25,"[1.8] Add the source's official creation date in YYYY-MM-DD format. | [1.2] Say which geography the data covers (country / state / district level). | [2.8] Rename files as {theme}_{region}_{time_period}_v{version}.{format}, e.g. climate_bihar_precipitation_2000_2020_v1.0.csv. | [1.1] Add the period covered to the title, e.g. '(2000–2020)'. | [1.2] Add one line on what the dataset is intended to support."
020e2dfa-8036-4533-8ac7-145b91ecee2d,Bharat Maps Odisha,https://civicdataspace.in/datasets/020e2dfa-8036-4533-8ac7-145b91ecee2d,Bharat Maps,85.1,Fair,86.8,80.4,75,80,100,100,100,100,100,50,100,100,,100,,62,,,25,"[1.9] Set the license to Government Open Data License (GODL) for data sourced from government platforms. | [2.8] Rename files as {theme}_{region}_{time_period}_v{version}.{format}, e.g. climate_bihar_precipitation_2000_2020_v1.0.csv. | [1.2] Mention how often the data is recorded or updated (e.g. 'annual', 'daily'). | [1.1] Add the period covered to the title, e.g. '(2000–2020)'. | [2.5] Document the unit of every measurement column (name suffix like _mm / _inr_crore, or column description)."
eef58526-ca04-4732-bd79-c7b655de63ee,Budgets for Justice - Assam,https://civicdataspace.in/datasets/eef58526-ca04-4732-bd79-c7b655de63ee,"FinAssam, Finance Department, Government of Assam",87.2,Fair,92.7,73.0,75,80,100,100,100,100,100,100,100,100,,90,,0,,,62,"[2.5] Document the unit of every measurement column (name suffix like _mm / _inr_crore, or column description). | [1.2] Mention how often the data is recorded or updated (e.g. 'annual', 'daily'). | [1.1] Add the period covered to the title, e.g. '(2000–2020)'. | [2.8] Rename files as {theme}_{region}_{time_period}_v{version}.{format}, e.g. climate_bihar_precipitation_2000_2020_v1.0.csv. | [2.3] Use one convention (snake_case recommended) for every column."
080356e2-46e5-41cb-a4ed-217d158ccb93,Justices of the Supreme Court of India (1950-2019),https://civicdataspace.in/datasets/080356e2-46e5-41cb-a4ed-217d158ccb93,JusticeHub,87.5,Fair,93.0,73.0,100,65,100,100,100,100,100,100,100,100,,100,,0,,,45,"[1.2] Name the organisation that collected or compiled the data (and the method if derived). | [2.5] Document the unit of every measurement column (name suffix like _mm / _inr_crore, or column description). | [2.8] Rename files as {theme}_{region}_{time_period}_v{version}.{format}, e.g. climate_bihar_precipitation_2000_2020_v1.0.csv. | [1.2] Mention how often the data is recorded or updated (e.g. 'annual', 'daily'). | [2.5] Fill in column descriptions on the resource schema, including units."
4ed10473-9f39-45f9-a990-a5673aac786e,India Justice Report - 2020,https://civicdataspace.in/datasets/4ed10473-9f39-45f9-a990-a5673aac786e,JusticeHub,88.4,Good,93.0,65.5,100,65,100,100,100,100,100,100,100,73,,,,,,,50,"[1.2] Name the organisation that collected or compiled the data (and the method if derived). | [2.1] Publish the underlying data as CSV/JSON (keep the PDF only as supporting documentation). | [2.8] Rename files as {theme}_{region}_{time_period}_v{version}.{format}, e.g. climate_bihar_precipitation_2000_2020_v1.0.csv. | [1.2] Mention how often the data is recorded or updated (e.g. 'annual', 'daily'). | [1.2] Add one line on what the dataset is intended to support."
30b57b54-fe31-4483-86bb-874900cef050,Uttar Pradesh Subdistrict Level Worldpop Data(2017-2026),https://civicdataspace.in/datasets/30b57b54-fe31-4483-86bb-874900cef050,CivicDataLab,88.7,Fair,87.7,91.3,100,80,100,100,100,100,0,100,100,100,,100,,100,,,50,"[1.8] Add the source's official creation date in YYYY-MM-DD format. | [1.2] State the years the data covers in the description. | [2.8] Rename files as {theme}_{region}_{time_period}_v{version}.{format}, e.g. climate_bihar_precipitation_2000_2020_v1.0.csv."
