lgd_subdistrict_code,subdistrict_name,lgd_district_code,lgd_state_code,object_id,census_2011_code,wikidata_uri,valid_from,valid_to,notes
53,Pahalgam,1,1,1-1-53,,http://www.wikidata.org/entity/Q123256323,,,
54,Bijbehara,1,1,1-1-54,,http://www.wikidata.org/entity/Q123256506,,,
55,Anantnag,1,1,1-1-55,,http://www.wikidata.org/entity/Q123256475,,,
56,Shangus,1,1,1-1-56,,http://www.wikidata.org/entity/Q123256300,,,
57,Kokernag,1,1,1-1-57,,http://www.wikidata.org/entity/Q123256453,,,
58,Dooru,1,1,1-1-58,,http://www.wikidata.org/entity/Q123256505,,,
6816,Shahbad Bala,1,1,1-1-6816,,http://www.wikidata.org/entity/Q123256326,,,
6817,Qazigund,1,1,1-1-6817,,http://www.wikidata.org/entity/Q123256393,,,
6818,Sallar,1,1,1-1-6818,,http://www.wikidata.org/entity/Q123256327,,,
6819,Srigufwara,1,1,1-1-6819,,http://www.wikidata.org/entity/Q123256408,,,
6820,Larnoo,1,1,1-1-6820,,http://www.wikidata.org/entity/Q123256400,,,
6822,Anantnag East,1,1,1-1-6822,,http://www.wikidata.org/entity/Q123256421,,,
16,Haveli,10,1,1-10-16,,http://www.wikidata.org/entity/Q123256464,,,
17,Mandi,10,1,1-10-17,,http://www.wikidata.org/entity/Q123256290,,,
18,Mendhar,10,1,1-10-18,,http://www.wikidata.org/entity/Q16740089,,,
19,Surankote,10,1,1-10-19,,http://www.wikidata.org/entity/Q123256351,,,
6778,Balakote,10,1,1-10-6778,,http://www.wikidata.org/entity/Q123256416,,,
6779,Mankote,10,1,1-10-6779,,http://www.wikidata.org/entity/Q123256436,,,
48,Pampore,11,1,1-11-48,,http://www.wikidata.org/entity/Q123256483,,,
49,Awantipora,11,1,1-11-49,,http://www.wikidata.org/entity/Q123256307,,,
50,Tral,11,1,1-11-50,,http://www.wikidata.org/entity/Q123256412,,,
51,Pulwama,11,1,1-11-51,,http://www.wikidata.org/entity/Q123256442,,,
6793,Kakapora,11,1,1-11-6793,,http://www.wikidata.org/entity/Q123256402,,,
6794,Shahoora,11,1,1-11-6794,,http://www.wikidata.org/entity/Q123256404,,,
6795,Aripal,11,1,1-11-6795,,http://www.wikidata.org/entity/Q123256320,,,
6796,Rajpora,11,1,1-11-6796,,http://www.wikidata.org/entity/Q123256424,,,
20,Thana Mandi,12,1,1-12-20,,http://www.wikidata.org/entity/Q123256296,,,
21,Darhal,12,1,1-12-21,,http://www.wikidata.org/entity/Q123256414,,,
22,Rajouri,12,1,1-12-22,,http://www.wikidata.org/entity/Q123256415,,,
24,Kalakote,12,1,1-12-24,,http://www.wikidata.org/entity/Q116959870,,,
25,Nowshera,12,1,1-12-25,,http://www.wikidata.org/entity/Q123256489,,,
26,Sundarbani,12,1,1-12-26,,http://www.wikidata.org/entity/Q123256508,,,
6771,Khawas,12,1,1-12-6771,,http://www.wikidata.org/entity/Q123256468,,,
6772,Manjakote,12,1,1-12-6772,,http://www.wikidata.org/entity/Q123256313,,,
6773,Qila Darhal,12,1,1-12-6773,,http://www.wikidata.org/entity/Q123256446,,,
6774,Laroka,12,1,1-12-6774,,http://www.wikidata.org/entity/Q123256467,,,
6775,Taryath,12,1,1-12-6775,,http://www.wikidata.org/entity/Q123256282,,,
6776,Beri Pattan,12,1,1-12-6776,,http://www.wikidata.org/entity/Q123256435,,,
6777,Siot,12,1,1-12-6777,,http://www.wikidata.org/entity/Q123256381,,,
6851,Koteranka,12,1,1-12-6851,,http://www.wikidata.org/entity/Q123256528,,,
43,Srinagar (North),13,1,1-13-43,,http://www.wikidata.org/entity/Q123256319,,,
44,Srinagar (South),13,1,1-13-44,,http://www.wikidata.org/entity/Q123256311,,,
6801,Khanyar,13,1,1-13-6801,,http://www.wikidata.org/entity/Q123256411,,,
6802,Channapora,13,1,1-13-6802,,http://www.wikidata.org/entity/Q123256510,,,
6803,Eidgah,13,1,1-13-6803,,http://www.wikidata.org/entity/Q123256476,,,
6804,Panthachowk,13,1,1-13-6804,,http://www.wikidata.org/entity/Q123256315,,,
6805,Srinagar Central,13,1,1-13-6805,,http://www.wikidata.org/entity/Q123256471,,,
72,Udhampur,14,1,1-14-72,,http://www.wikidata.org/entity/Q123256520,,,
73,Chenani,14,1,1-14-73,,http://www.wikidata.org/entity/Q123256291,,,
74,Ramnagar,14,1,1-14-74,,http://www.wikidata.org/entity/Q123256443,,,
75,Majalta,14,1,1-14-75,,http://www.wikidata.org/entity/Q123256373,,,
6734,Moungri,14,1,1-14-6734,,http://www.wikidata.org/entity/Q123256391,,,
6735,Panchari,14,1,1-14-6735,,http://www.wikidata.org/entity/Q123256425,,,
6736,Basantgarh,14,1,1-14-6736,,http://www.wikidata.org/entity/Q123256292,,,
6737,Latti,14,1,1-14-6737,,http://www.wikidata.org/entity/Q123256368,,,
4,Khag,2,1,1-2-4,,http://www.wikidata.org/entity/Q24933283,,,
5,Beerwah,2,1,1-2-5,,http://www.wikidata.org/entity/Q123256345,,,
6,Khansahib,2,1,1-2-6,,http://www.wikidata.org/entity/Q123256310,,,
7,Budgam,2,1,1-2-7,,http://www.wikidata.org/entity/Q123256474,,,
8,Chadoora,2,1,1-2-8,,http://www.wikidata.org/entity/Q123256284,,,
9,Charar- E- Shrief,2,1,1-2-9,,http://www.wikidata.org/entity/Q123256297,,,
6813,Narbal,2,1,1-2-6813,,http://www.wikidata.org/entity/Q123256314,,,
6814,Magam,2,1,1-2-6814,,http://www.wikidata.org/entity/Q123256339,,,
6815,Bk Pora,2,1,1-2-6815,,http://www.wikidata.org/entity/Q123256317,,,
32,Sopore,3,1,1-3-32,,http://www.wikidata.org/entity/Q123256312,,,
33,Rafiabad,3,1,1-3-33,,http://www.wikidata.org/entity/Q123256394,,,
34,Pattan,3,1,1-3-34,,http://www.wikidata.org/entity/Q123256469,,,
35,Baramulla,3,1,1-3-35,,http://www.wikidata.org/entity/Q123256332,,,
36,Kreeri,3,1,1-3-36,,http://www.wikidata.org/entity/Q123256459,,,
37,Uri,3,1,1-3-37,,http://www.wikidata.org/entity/Q123256337,,,
38,Boniyar,3,1,1-3-38,,http://www.wikidata.org/entity/Q123256362,,,
39,Tangmarg,3,1,1-3-39,,http://www.wikidata.org/entity/Q123256324,,,
6823,Wagoora,3,1,1-3-6823,,http://www.wikidata.org/entity/Q123256364,,,
6824,Danghiwacha,3,1,1-3-6824,,http://www.wikidata.org/entity/Q123256514,,,
6825,Watergam,3,1,1-3-6825,,http://www.wikidata.org/entity/Q123256328,,,
6826,Zaingeer,3,1,1-3-6826,,http://www.wikidata.org/entity/Q123256359,,,
6827,Dangarpora,3,1,1-3-6827,,http://www.wikidata.org/entity/Q123256418,,,
6828,Khoie,3,1,1-3-6828,,http://www.wikidata.org/entity/Q123256375,,,
6829,Kawarhama,3,1,1-3-6829,,http://www.wikidata.org/entity/Q123256338,,,
6830,Kunzar,3,1,1-3-6830,,http://www.wikidata.org/entity/Q123256286,,,
7202,Narvaw,3,1,1-3-7202,,http://www.wikidata.org/entity/Q123256419,,,
7204,Singhpora,3,1,1-3-7204,,http://www.wikidata.org/entity/Q123256383,,,
62,Doda,4,1,1-4-62,,http://www.wikidata.org/entity/Q123256504,,,
63,Thathri,4,1,1-4-63,,http://www.wikidata.org/entity/Q123256356,,,
65,Bhaderwah,4,1,1-4-65,,http://www.wikidata.org/entity/Q123256405,,,
6746,Bharath Bagla,4,1,1-4-6746,,http://www.wikidata.org/entity/Q123256342,,,
6747,Bhagwah,4,1,1-4-6747,,http://www.wikidata.org/entity/Q123256534,,,
6748,Kashtigarh,4,1,1-4-6748,,http://www.wikidata.org/entity/Q123256438,,,
6749,Gundna,4,1,1-4-6749,,http://www.wikidata.org/entity/Q123256507,,,
6750,Mohalla,4,1,1-4-6750,,http://www.wikidata.org/entity/Q123256331,,,
6751,Marmat,4,1,1-4-6751,,http://www.wikidata.org/entity/Q123256434,,,
6752,Assar,4,1,1-4-6752,,http://www.wikidata.org/entity/Q123256298,,,
6753,Bhalessa,4,1,1-4-6753,,http://www.wikidata.org/entity/Q123256478,,,
6754,Chilly Pingal,4,1,1-4-6754,,http://www.wikidata.org/entity/Q123256470,,,
6755,Bhalla,4,1,1-4-6755,,http://www.wikidata.org/entity/Q123256330,,,
6756,Kahara,4,1,1-4-6756,,http://www.wikidata.org/entity/Q123256537,,,
6757,Phigsoo,4,1,1-4-6757,,http://www.wikidata.org/entity/Q123256350,,,
6758,Chiralla,4,1,1-4-6758,,http://www.wikidata.org/entity/Q123256447,,,
7203,Bhella,4,1,1-4-7203,,http://www.wikidata.org/entity/Q123256340,,,
78,Akhnoor,5,1,1-5-78,,http://www.wikidata.org/entity/Q123256293,,,
79,Jammu,5,1,1-5-79,,http://www.wikidata.org/entity/Q123256429,,,
80,Ranbir Singh Pura,5,1,1-5-80,,http://www.wikidata.org/entity/Q123256522,,,
81,Bishnah,5,1,1-5-81,,http://www.wikidata.org/entity/Q123256517,,,
6701,Jourian,5,1,1-5-6701,,http://www.wikidata.org/entity/Q123256538,,,
6702,Maira Mandrian,5,1,1-5-6702,,http://www.wikidata.org/entity/Q123256493,,,
6703,Chowki Choura,5,1,1-5-6703,,http://www.wikidata.org/entity/Q123256509,,,
6704,Kharah Balli,5,1,1-5-6704,,http://www.wikidata.org/entity/Q123256329,,,
6705,Pargwal,5,1,1-5-6705,,http://www.wikidata.org/entity/Q123256460,,,
6706,Jammu South,5,1,1-5-6706,,http://www.wikidata.org/entity/Q123256450,,,
6707,Bahu,5,1,1-5-6707,,http://www.wikidata.org/entity/Q123256488,,,
6708,Jammu North,5,1,1-5-6708,,http://www.wikidata.org/entity/Q123256531,,,
6709,Bhalwal,5,1,1-5-6709,,http://www.wikidata.org/entity/Q123256480,,,
6711,Nagrota,5,1,1-5-6711,,http://www.wikidata.org/entity/Q123256511,,,
6712,Dansal,5,1,1-5-6712,,http://www.wikidata.org/entity/Q123256306,,,
6713,Mandal,5,1,1-5-6713,,http://www.wikidata.org/entity/Q123256303,,,
6714,Khour,5,1,1-5-6714,,http://www.wikidata.org/entity/Q123256385,,,
6715,Marh,5,1,1-5-6715,,http://www.wikidata.org/entity/Q123256494,,,
6716,Suchetgarh,5,1,1-5-6716,,http://www.wikidata.org/entity/Q123256503,,,
6717,Arnia,5,1,1-5-6717,,http://www.wikidata.org/entity/Q123256518,,,
6718,Jammu West,5,1,1-5-6718,,http://www.wikidata.org/entity/Q123256526,,,
68,Kishtwar,620,1,1-620-68,,http://www.wikidata.org/entity/Q123256321,,,
69,Marwah,620,1,1-620-69,,http://www.wikidata.org/entity/Q123256396,,,
70,Chhatroo,620,1,1-620-70,,http://www.wikidata.org/entity/Q123256497,,,
71,Atholi (Paddar),620,1,1-620-71,,http://www.wikidata.org/entity/Q123256401,,,
6764,Mughalmaidan,620,1,1-620-6764,,http://www.wikidata.org/entity/Q123256322,,,
6765,Dachhan,620,1,1-620-6765,,http://www.wikidata.org/entity/Q123256501,,,
6766,Warwan,620,1,1-620-6766,,http://www.wikidata.org/entity/Q123256410,,,
6767,Machail,620,1,1-620-6767,,http://www.wikidata.org/entity/Q123256428,,,
6768,Nagseni,620,1,1-620-6768,,http://www.wikidata.org/entity/Q123256487,,,
6769,Drabshalla,620,1,1-620-6769,,http://www.wikidata.org/entity/Q123256333,,,
6770,Bounjwah,620,1,1-620-6770,,http://www.wikidata.org/entity/Q123256372,,,
66,Banihal,621,1,1-621-66,,http://www.wikidata.org/entity/Q123256485,,,
67,Ramban,621,1,1-621-67,,http://www.wikidata.org/entity/Q123256462,,,
6759,Khari,621,1,1-621-6759,,http://www.wikidata.org/entity/Q123256465,,,
6760,Pogal Paristan,621,1,1-621-6760,,http://www.wikidata.org/entity/Q123256355,,,
6761,Batote,621,1,1-621-6761,,http://www.wikidata.org/entity/Q123256482,,,
6762,Rajgarh,621,1,1-621-6762,,http://www.wikidata.org/entity/Q123256358,,,
6763,Gool,621,1,1-621-6763,,http://www.wikidata.org/entity/Q123256458,,,
7201,Ramsoo,621,1,1-621-7201,,http://www.wikidata.org/entity/Q123256499,,,
59,Kulgam,622,1,1-622-59,,http://www.wikidata.org/entity/Q123256305,,,
60,Devsar,622,1,1-622-60,,http://www.wikidata.org/entity/Q123256302,,,
61,D H Pora,622,1,1-622-61,,http://www.wikidata.org/entity/Q123256409,,,
6193,Qaimoh,622,1,1-622-6193,,http://www.wikidata.org/entity/Q123256377,,,
6194,Pahloo,622,1,1-622-6194,,http://www.wikidata.org/entity/Q123256289,,,
6780,Frisal,622,1,1-622-6780,,http://www.wikidata.org/entity/Q123256539,,,
6781,Yaripora,622,1,1-622-6781,,http://www.wikidata.org/entity/Q123256334,,,
40,Gurez,623,1,1-623-40,,http://www.wikidata.org/entity/Q4991441,,,
41,Bandipora,623,1,1-623-41,,http://www.wikidata.org/entity/Q123256512,,,
42,Sonawari,623,1,1-623-42,,http://www.wikidata.org/entity/Q123256360,,,
6809,Aloosa,623,1,1-623-6809,,http://www.wikidata.org/entity/Q123256441,,,
6810,Ajas,623,1,1-623-6810,,http://www.wikidata.org/entity/Q123256398,,,
6811,Hajin,623,1,1-623-6811,,http://www.wikidata.org/entity/Q123256481,,,
6812,Tulail,623,1,1-623-6812,,http://www.wikidata.org/entity/Q123256422,,,
82,Samba,624,1,1-624-82,,http://www.wikidata.org/entity/Q123256283,,,
6719,Rajpura,624,1,1-624-6719,,http://www.wikidata.org/entity/Q123256388,,,
6720,Bari Brahamana,624,1,1-624-6720,,http://www.wikidata.org/entity/Q123256403,,,
6721,Ghagwal,624,1,1-624-6721,,http://www.wikidata.org/entity/Q123256304,,,
6722,Vijaypur,624,1,1-624-6722,,http://www.wikidata.org/entity/Q123256420,,,
6724,Ramgarh,624,1,1-624-6724,,http://www.wikidata.org/entity/Q123256346,,,
52,Shopian,625,1,1-625-52,,http://www.wikidata.org/entity/Q123256299,,,
6091,Keller,625,1,1-625-6091,,http://www.wikidata.org/entity/Q123256341,,,
6092,Keegam,625,1,1-625-6092,,http://www.wikidata.org/entity/Q123256295,,,
6797,Zainapora,625,1,1-625-6797,,http://www.wikidata.org/entity/Q123256335,,,
6798,Barbugh,625,1,1-625-6798,,http://www.wikidata.org/entity/Q123256281,,,
6799,Chitragam,625,1,1-625-6799,,http://www.wikidata.org/entity/Q123256445,,,
6800,Hermain,625,1,1-625-6800,,http://www.wikidata.org/entity/Q123256525,,,
45,Lar,626,1,1-626-45,,http://www.wikidata.org/entity/Q123256463,,,
46,Kangan,626,1,1-626-46,,http://www.wikidata.org/entity/Q123256309,,,
47,Ganderbal,626,1,1-626-47,,http://www.wikidata.org/entity/Q123256492,,,
6806,Gund,626,1,1-626-6806,,http://www.wikidata.org/entity/Q123256371,,,
6807,Tullamulla Khirbhawani,626,1,1-626-6807,,http://www.wikidata.org/entity/Q123256343,,,
6808,Wakoora,626,1,1-626-6808,,http://www.wikidata.org/entity/Q123256316,,,
77,Reasi,627,1,1-627-77,,http://www.wikidata.org/entity/Q123256413,,,
6738,Chassana,627,1,1-627-6738,,http://www.wikidata.org/entity/Q123256407,,,
6739,Thuroo,627,1,1-627-6739,,http://www.wikidata.org/entity/Q123256472,,,
6740,Arnas,627,1,1-627-6740,,http://www.wikidata.org/entity/Q123256397,,,
6741,Katra,627,1,1-627-6741,,http://www.wikidata.org/entity/Q123256439,,,
6742,Pouni,627,1,1-627-6742,,http://www.wikidata.org/entity/Q123256444,,,
6744,Bhomag,627,1,1-627-6744,,http://www.wikidata.org/entity/Q123256452,,,
6745,Thakrakote,627,1,1-627-6745,,http://www.wikidata.org/entity/Q123256516,,,
6850,Mahore,627,1,1-627-6850,,http://www.wikidata.org/entity/Q123256357,,,
27,Billawar,7,1,1-7-27,,http://www.wikidata.org/entity/Q123256325,,,
28,Basohli,7,1,1-7-28,,http://www.wikidata.org/entity/Q123256366,,,
29,Bani,7,1,1-7-29,,http://www.wikidata.org/entity/Q123256456,,,
30,Kathua,7,1,1-7-30,,http://www.wikidata.org/entity/Q123256285,,,
31,Hiranagar,7,1,1-7-31,,http://www.wikidata.org/entity/Q123256352,,,
6725,Mahanpur,7,1,1-7-6725,,http://www.wikidata.org/entity/Q123256308,,,
6726,Dinga Amb,7,1,1-7-6726,,http://www.wikidata.org/entity/Q123256336,,,
6727,Nagri,7,1,1-7-6727,,http://www.wikidata.org/entity/Q123256448,,,
6728,Ramkote,7,1,1-7-6728,,http://www.wikidata.org/entity/Q123256496,,,
6729,Lohai Malhar,7,1,1-7-6729,,http://www.wikidata.org/entity/Q123256437,,,
6731,Marheen,7,1,1-7-6731,,http://www.wikidata.org/entity/Q123256524,,,
1,Kupwara,8,1,1-8-1,,http://www.wikidata.org/entity/Q123256348,,,
2,Handwara,8,1,1-8-2,,http://www.wikidata.org/entity/Q123256347,,,
3,Karnah,8,1,1-8-3,,http://www.wikidata.org/entity/Q6372800,,,
6782,Keran,8,1,1-8-6782,,http://www.wikidata.org/entity/Q123256349,,,
6783,Kralpora,8,1,1-8-6783,,http://www.wikidata.org/entity/Q123256466,,,
6784,Trehgam,8,1,1-8-6784,,http://www.wikidata.org/entity/Q123256454,,,
6785,Machil,8,1,1-8-6785,,http://www.wikidata.org/entity/Q123256455,,,
6786,Drugmulla,8,1,1-8-6786,,http://www.wikidata.org/entity/Q123256369,,,
6787,Ramhal,8,1,1-8-6787,,http://www.wikidata.org/entity/Q123256515,,,
6788,Qaziabad,8,1,1-8-6788,,http://www.wikidata.org/entity/Q123256430,,,
6789,Langate,8,1,1-8-6789,,http://www.wikidata.org/entity/Q123256432,,,
6790,Zachaldara,8,1,1-8-6790,,http://www.wikidata.org/entity/Q123256523,,,
6791,Lolab,8,1,1-8-6791,,http://www.wikidata.org/entity/Q123256353,,,
6792,Lalpora,8,1,1-8-6792,,http://www.wikidata.org/entity/Q123256287,,,
7205,Qalamabad,8,1,1-8-7205,,http://www.wikidata.org/entity/Q123256294,,,
7206,Villgam,8,1,1-8-7206,,http://www.wikidata.org/entity/Q123256301,,,
1056,Tetaria block,,10,10-1056,,http://www.wikidata.org/entity/Q12432495,,,incomplete parentage on Wikidata
1057,Mehsi block,,10,10-1057,,http://www.wikidata.org/entity/Q12446188,,,incomplete parentage on Wikidata
1112,Narpatganj block,188,10,10-188-1112,,http://www.wikidata.org/entity/Q15650173,,,
1113,Farbesganj Block,188,10,10-188-1113,,http://www.wikidata.org/entity/Q12439480,,,
1114,Bhargama block,188,10,10-188-1114,,http://www.wikidata.org/entity/Q15669925,,,
1115,Raniganj Block,188,10,10-188-1115,,http://www.wikidata.org/entity/Q12449515,,,
1116,Araria Block,188,10,10-188-1116,,http://www.wikidata.org/entity/Q12414138,,,
1117,Kursakatta Block,188,10,10-188-1117,,http://www.wikidata.org/entity/Q12420227,,,
1118,Sikti block,188,10,10-188-1118,,http://www.wikidata.org/entity/Q12456916,,,
1119,Palasi block,188,10,10-188-1119,,http://www.wikidata.org/entity/Q12437336,,,
1120,Jokihat block,188,10,10-188-1120,,http://www.wikidata.org/entity/Q12429403,,,
1476,Daudnagar Block,189,10,10-189-1476,,http://www.wikidata.org/entity/Q12434274,,,
1477,Haspura Block,189,10,10-189-1477,,http://www.wikidata.org/entity/Q12460115,,,
1478,Goh Block,189,10,10-189-1478,,http://www.wikidata.org/entity/Q12424835,,,
1479,Rafiganj Block,189,10,10-189-1479,,http://www.wikidata.org/entity/Q12448801,,,
1480,Obra Block,189,10,10-189-1480,,http://www.wikidata.org/entity/Q12417375,,,
1481,Aurangabad Block,189,10,10-189-1481,,http://www.wikidata.org/entity/Q12417483,,,
1482,Barun Block,189,10,10-189-1482,,http://www.wikidata.org/entity/Q15662982,,,
1483,Nabinagar Block,189,10,10-189-1483,,http://www.wikidata.org/entity/Q12435029,,,
1484,Kutumba Block,189,10,10-189-1484,,http://www.wikidata.org/entity/Q12419935,,,
1485,Deo Block,189,10,10-189-1485,,http://www.wikidata.org/entity/Q12433979,,,
1486,Madanpur Block,189,10,10-189-1486,,http://www.wikidata.org/entity/Q12445091,,,
1345,Shambhuganj block,190,10,10-190-1345,,http://www.wikidata.org/entity/Q123280248,,,
1346,Amarpur block,190,10,10-190-1346,,http://www.wikidata.org/entity/Q123280430,,,
1347,Rajaun block,190,10,10-190-1347,,http://www.wikidata.org/entity/Q123280640,,,
1348,Dhuraiya block,190,10,10-190-1348,,http://www.wikidata.org/entity/Q123280307,,,
1349,Barahat block,190,10,10-190-1349,,http://www.wikidata.org/entity/Q123280472,,,
1350,Banka block,190,10,10-190-1350,,http://www.wikidata.org/entity/Q123280270,,,
1351,Phulidumar block,190,10,10-190-1351,,http://www.wikidata.org/entity/Q123280263,,,
1352,Belhar block,190,10,10-190-1352,,http://www.wikidata.org/entity/Q123280435,,,
1353,Chanan block,190,10,10-190-1353,,http://www.wikidata.org/entity/Q123280615,,,
1354,Katoria block,190,10,10-190-1354,,http://www.wikidata.org/entity/Q123280297,,,
1355,Bausi block,190,10,10-190-1355,,http://www.wikidata.org/entity/Q123280625,,,
1304,Khudabandpur block,191,10,10-191-1304,,http://www.wikidata.org/entity/Q123280549,,,
1305,Chhorahi block,191,10,10-191-1305,,http://www.wikidata.org/entity/Q123280546,,,
1306,Garhpura block,191,10,10-191-1306,,http://www.wikidata.org/entity/Q123280324,,,
1307,Cheria Bariarpur block,191,10,10-191-1307,,http://www.wikidata.org/entity/Q123280364,,,
1308,Bhagwanpur block,191,10,10-191-1308,,http://www.wikidata.org/entity/Q123280302,,,
1309,Mansurchak Block,191,10,10-191-1309,,http://www.wikidata.org/entity/Q15673894,,,
1310,Bachhwara block,191,10,10-191-1310,,http://www.wikidata.org/entity/Q123280530,,,
1311,Teghra block,191,10,10-191-1311,,http://www.wikidata.org/entity/Q123280590,,,
1312,Barauni block,191,10,10-191-1312,,http://www.wikidata.org/entity/Q123280608,,,
1313,Birpur block,191,10,10-191-1313,,http://www.wikidata.org/entity/Q123280578,,,
1314,Begusarai block,191,10,10-191-1314,,http://www.wikidata.org/entity/Q123280594,,,
1315,Naokothi block,191,10,10-191-1315,,http://www.wikidata.org/entity/Q123280406,,,
1316,Bakhri block,191,10,10-191-1316,,http://www.wikidata.org/entity/Q123280308,,,
1317,Dandari block,191,10,10-191-1317,,http://www.wikidata.org/entity/Q123280437,,,
1318,Sahebpur Kamal block,191,10,10-191-1318,,http://www.wikidata.org/entity/Q123280293,,,
1319,Balia block,191,10,10-191-1319,,http://www.wikidata.org/entity/Q123280633,,,
1320,Matihani block,191,10,10-191-1320,,http://www.wikidata.org/entity/Q123280547,,,
1321,Shamho Akha Kurha block,191,10,10-191-1321,,http://www.wikidata.org/entity/Q123280338,,,
1329,Narayanpur block,192,10,10-192-1329,,http://www.wikidata.org/entity/Q123280597,,,
1330,Bihpur block,192,10,10-192-1330,,http://www.wikidata.org/entity/Q123280467,,,
1331,Kharik block,192,10,10-192-1331,,http://www.wikidata.org/entity/Q123280315,,,
1332,Naugachhia block,192,10,10-192-1332,,http://www.wikidata.org/entity/Q123280481,,,
1333,Rangra Chowk block,192,10,10-192-1333,,http://www.wikidata.org/entity/Q123280405,,,
1334,Gopalpur block,192,10,10-192-1334,,http://www.wikidata.org/entity/Q123280371,,,
1335,Pirpainti block,192,10,10-192-1335,,http://www.wikidata.org/entity/Q123280558,,,
1336,Kahalgaon block,192,10,10-192-1336,,http://www.wikidata.org/entity/Q123280360,,,
1337,Ismailpur block,192,10,10-192-1337,,http://www.wikidata.org/entity/Q123280408,,,
1338,Sabour block,192,10,10-192-1338,,http://www.wikidata.org/entity/Q123280359,,,
1339,Nathnagar block,192,10,10-192-1339,,http://www.wikidata.org/entity/Q123280526,,,
1340,Sultanganj block,192,10,10-192-1340,,http://www.wikidata.org/entity/Q123280463,,,
1341,Shahkund block,192,10,10-192-1341,,http://www.wikidata.org/entity/Q123280544,,,
1342,Goradih block,192,10,10-192-1342,,http://www.wikidata.org/entity/Q123280628,,,
1343,Jagdishpur block,192,10,10-192-1343,,http://www.wikidata.org/entity/Q123280295,,,
1344,Sonhaula block,192,10,10-192-1344,,http://www.wikidata.org/entity/Q123280383,,,
1421,Shahpur block,193,10,10-193-1421,,http://www.wikidata.org/entity/Q123280252,,,
1422,Arrah block,193,10,10-193-1422,,http://www.wikidata.org/entity/Q123280536,,,
1423,Barhara block,193,10,10-193-1423,,http://www.wikidata.org/entity/Q123280638,,,
1424,Koilwar block,193,10,10-193-1424,,http://www.wikidata.org/entity/Q123280513,,,
1425,Sandesh block,193,10,10-193-1425,,http://www.wikidata.org/entity/Q123280478,,,
1426,Udwant Nagar block,193,10,10-193-1426,,http://www.wikidata.org/entity/Q123280539,,,
1427,Behea block,193,10,10-193-1427,,http://www.wikidata.org/entity/Q123280261,,,
1428,Jagdishpur block,193,10,10-193-1428,,http://www.wikidata.org/entity/Q123280555,,,
1429,Piro block,193,10,10-193-1429,,http://www.wikidata.org/entity/Q123280466,,,
1430,Charpokhari block,193,10,10-193-1430,,http://www.wikidata.org/entity/Q123280487,,,
1431,Garhani block,193,10,10-193-1431,,http://www.wikidata.org/entity/Q123280565,,,
1432,Agiaon block,193,10,10-193-1432,,http://www.wikidata.org/entity/Q123280369,,,
1433,Tarari block,193,10,10-193-1433,,http://www.wikidata.org/entity/Q123280639,,,
1434,Sahar block,193,10,10-193-1434,,http://www.wikidata.org/entity/Q123280531,,,
1435,Simri block,194,10,10-194-1435,,http://www.wikidata.org/entity/Q123280309,,,
1436,Chakki block,194,10,10-194-1436,,http://www.wikidata.org/entity/Q123280614,,,
1437,Barhampur block,194,10,10-194-1437,,http://www.wikidata.org/entity/Q123280246,,,
1438,Chaugain block,194,10,10-194-1438,,http://www.wikidata.org/entity/Q123280474,,,
1439,Kesath block,194,10,10-194-1439,,http://www.wikidata.org/entity/Q123280349,,,
1440,Dumraon block,194,10,10-194-1440,,http://www.wikidata.org/entity/Q123280554,,,
1441,Buxar block,194,10,10-194-1441,,http://www.wikidata.org/entity/Q123280636,,,
1442,Chausa block,194,10,10-194-1442,,http://www.wikidata.org/entity/Q123280477,,,
1443,Rajpur block,194,10,10-194-1443,,http://www.wikidata.org/entity/Q123280514,,,
1444,Itarhi block,194,10,10-194-1444,,http://www.wikidata.org/entity/Q123280425,,,
1445,Nawanagar block,194,10,10-194-1445,,http://www.wikidata.org/entity/Q123280506,,,
1181,Jale block,195,10,10-195-1181,,http://www.wikidata.org/entity/Q123280346,,,
1182,Singhwara block,195,10,10-195-1182,,http://www.wikidata.org/entity/Q123280613,,,
1183,Keotiranway block,195,10,10-195-1183,,http://www.wikidata.org/entity/Q123280568,,,
1184,Darbhanga block,195,10,10-195-1184,,http://www.wikidata.org/entity/Q123280458,,,
1185,Manigachhi block,195,10,10-195-1185,,http://www.wikidata.org/entity/Q123280382,,,
1186,Tardih block,195,10,10-195-1186,,http://www.wikidata.org/entity/Q123280415,,,
1187,Alinagar block,195,10,10-195-1187,,http://www.wikidata.org/entity/Q123280604,,,
1188,Benipur block,195,10,10-195-1188,,http://www.wikidata.org/entity/Q123280412,,,
1189,Bahadurpur block,195,10,10-195-1189,,http://www.wikidata.org/entity/Q123280433,,,
1190,Hanumannagar block,195,10,10-195-1190,,http://www.wikidata.org/entity/Q123280310,,,
1191,Hayaghat block,195,10,10-195-1191,,http://www.wikidata.org/entity/Q123280239,,,
1192,Baheri block,195,10,10-195-1192,,http://www.wikidata.org/entity/Q123280439,,,
1193,Biraul block,195,10,10-195-1193,,http://www.wikidata.org/entity/Q123280294,,,
1194,Ghanshyampur block,195,10,10-195-1194,,http://www.wikidata.org/entity/Q123280318,,,
1195,Kiratpur block,195,10,10-195-1195,,http://www.wikidata.org/entity/Q123280289,,,
1196,Gora Bauram block,195,10,10-195-1196,,http://www.wikidata.org/entity/Q123280432,,,
1197,Kusheshwar Asthan block,195,10,10-195-1197,,http://www.wikidata.org/entity/Q123280551,,,
1198,Kusheshwar Asthan Purbi block,195,10,10-195-1198,,http://www.wikidata.org/entity/Q123280299,,,
1487,Konch Block,196,10,10-196-1487,,http://www.wikidata.org/entity/Q6428909,,,
1488,Tikari block,196,10,10-196-1488,,http://www.wikidata.org/entity/Q12432013,,,
1489,Belaganj block,196,10,10-196-1489,,http://www.wikidata.org/entity/Q15667450,,,
1490,Khizirsarai block,196,10,10-196-1490,,http://www.wikidata.org/entity/Q12422332,,,
1491,Neem Chak Bathani block,196,10,10-196-1491,,http://www.wikidata.org/entity/Q12440332,,,
1492,Muhra block,196,10,10-196-1492,,http://www.wikidata.org/entity/Q12448112,,,
1493,Atri block,196,10,10-196-1493,,http://www.wikidata.org/entity/Q15643525,,,
1494,Manpur block,196,10,10-196-1494,,http://www.wikidata.org/entity/Q12445262,,,
1495,Gaya Town block,196,10,10-196-1495,,http://www.wikidata.org/entity/Q12423312,,,
1496,Paraiya block,196,10,10-196-1496,,http://www.wikidata.org/entity/Q12437250,,,
1497,Guraru block,196,10,10-196-1497,,http://www.wikidata.org/entity/Q12423969,,,
1498,Gurua block,196,10,10-196-1498,,http://www.wikidata.org/entity/Q12423988,,,
1499,Amas block,196,10,10-196-1499,,http://www.wikidata.org/entity/Q12413949,,,
1500,Banke Bazar block,196,10,10-196-1500,,http://www.wikidata.org/entity/Q12441219,,,
1501,Imamganj block,196,10,10-196-1501,,http://www.wikidata.org/entity/Q12415750,,,
1502,Dumaria block,196,10,10-196-1502,,http://www.wikidata.org/entity/Q12430952,,,
1503,Sherghati block,196,10,10-196-1503,,http://www.wikidata.org/entity/Q12454438,,,
1504,Dobhi block,196,10,10-196-1504,,http://www.wikidata.org/entity/Q12434235,,,
1505,Bodh Gaya block,196,10,10-196-1505,,http://www.wikidata.org/entity/Q12442886,,,
1506,Tan Kuppa block,196,10,10-196-1506,,http://www.wikidata.org/entity/Q12431518,,,
1507,Wazirganj block,196,10,10-196-1507,,http://www.wikidata.org/entity/Q12452345,,,
1508,Fatehpur block,196,10,10-196-1508,,http://www.wikidata.org/entity/Q12439457,,,
1509,Mohanpur block,196,10,10-196-1509,,http://www.wikidata.org/entity/Q12448041,,,
1510,Barachatti block,196,10,10-196-1510,,http://www.wikidata.org/entity/Q4858097,,,
1215,Katiya block,197,10,10-197-1215,,http://www.wikidata.org/entity/Q12417771,,,
1216,Bijaipur block,197,10,10-197-1216,,http://www.wikidata.org/entity/Q15665622,,,
1217,Bhorey block,197,10,10-197-1217,,http://www.wikidata.org/entity/Q12444506,,,
1218,Pach Deuri Block,197,10,10-197-1218,,http://www.wikidata.org/entity/Q12436536,,,
1219,Kuchaikote community development block,197,10,10-197-1219,,http://www.wikidata.org/entity/Q2723304,,,
1220,Phulwaria block,197,10,10-197-1220,,http://www.wikidata.org/entity/Q15660409,,,
1221,Hathua block,197,10,10-197-1221,,http://www.wikidata.org/entity/Q60748409,,,
1222,Uchkagaon block,197,10,10-197-1222,,http://www.wikidata.org/entity/Q12416028,,,
1223,Thawe block,197,10,10-197-1223,,http://www.wikidata.org/entity/Q15648171,,,
1224,Gopalganj block,197,10,10-197-1224,,http://www.wikidata.org/entity/Q12424506,,,
1225,Manjha block,197,10,10-197-1225,,http://www.wikidata.org/entity/Q12444652,,,
1226,Barauli block,197,10,10-197-1226,,http://www.wikidata.org/entity/Q12440793,,,
1227,Sidhwalia block,197,10,10-197-1227,,http://www.wikidata.org/entity/Q12457062,,,
1228,Baikunthpur block,197,10,10-197-1228,,http://www.wikidata.org/entity/Q12442707,,,
1525,Islamnagar Aliganj block,198,10,10-198-1525,,http://www.wikidata.org/entity/Q123280320,,,
1526,Sikandra block,198,10,10-198-1526,,http://www.wikidata.org/entity/Q123280241,,,
1527,Jamui block,198,10,10-198-1527,,http://www.wikidata.org/entity/Q123280453,,,
1528,Barhat block,198,10,10-198-1528,,http://www.wikidata.org/entity/Q123280274,,,
1529,Lakshmipur block,198,10,10-198-1529,,http://www.wikidata.org/entity/Q123280333,,,
1530,Jhajha block,198,10,10-198-1530,,http://www.wikidata.org/entity/Q123280517,,,
1531,Gidhour Block,198,10,10-198-1531,,http://www.wikidata.org/entity/Q24935113,,,
1532,Khaira block,198,10,10-198-1532,,http://www.wikidata.org/entity/Q123280431,,,
1533,Sono block,198,10,10-198-1533,,http://www.wikidata.org/entity/Q123280345,,,
1534,Chakai block,198,10,10-198-1534,,http://www.wikidata.org/entity/Q123280272,,,
1535,Ratni Faridpur block,199,10,10-199-1535,,http://www.wikidata.org/entity/Q123280377,,,
1536,Jehanabad block,199,10,10-199-1536,,http://www.wikidata.org/entity/Q123280644,,,
1537,Kako block,199,10,10-199-1537,,http://www.wikidata.org/entity/Q123280509,,,
1538,Modanganj block,199,10,10-199-1538,,http://www.wikidata.org/entity/Q123280334,,,
1539,Ghoshi block,199,10,10-199-1539,,http://www.wikidata.org/entity/Q123280507,,,
1540,Makhdumpur block,199,10,10-199-1540,,http://www.wikidata.org/entity/Q123280300,,,
1541,Hulasganj block,199,10,10-199-1541,,http://www.wikidata.org/entity/Q123280271,,,
1446,Ramgarh block,200,10,10-200-1446,,http://www.wikidata.org/entity/Q12449598,,,
1447,Nuaon block,200,10,10-200-1447,,http://www.wikidata.org/entity/Q15650826,,,
1448,Kudra block,200,10,10-200-1448,,http://www.wikidata.org/entity/Q12419999,,,
1449,Mohania block,200,10,10-200-1449,,http://www.wikidata.org/entity/Q12448057,,,
1450,Durgawati block,200,10,10-200-1450,,http://www.wikidata.org/entity/Q12433897,,,
1451,Chand block,200,10,10-200-1451,,http://www.wikidata.org/entity/Q12426165,,,
1452,Chainpur block,200,10,10-200-1452,,http://www.wikidata.org/entity/Q12427028,,,
1453,Bhabua block,200,10,10-200-1453,,http://www.wikidata.org/entity/Q12443472,,,
1454,Rampur block,200,10,10-200-1454,,http://www.wikidata.org/entity/Q12449739,,,
1455,Bhagwanpur block,200,10,10-200-1455,,http://www.wikidata.org/entity/Q15669347,,,
1456,Adhaura block,200,10,10-200-1456,,http://www.wikidata.org/entity/Q12413446,,,
1142,Falka block,201,10,10-201-1142,,http://www.wikidata.org/entity/Q12439535,,,
1143,Korha block,201,10,10-201-1143,,http://www.wikidata.org/entity/Q12421369,,,
1144,Hasanganj block,201,10,10-201-1144,,http://www.wikidata.org/entity/Q12460074,,,
1145,Kadwa block,201,10,10-201-1145,,http://www.wikidata.org/entity/Q12417828,,,
1146,Balrampur block,201,10,10-201-1146,,http://www.wikidata.org/entity/Q12440863,,,
1147,Barsoi block,201,10,10-201-1147,,http://www.wikidata.org/entity/Q15662785,,,
1148,Azamnagar block,201,10,10-201-1148,,http://www.wikidata.org/entity/Q15644683,,,
1149,Pranpur block,201,10,10-201-1149,,http://www.wikidata.org/entity/Q12439265,,,
1150,Dandkhora block,201,10,10-201-1150,,http://www.wikidata.org/entity/Q15648228,,,
1151,Katihar block,201,10,10-201-1151,,http://www.wikidata.org/entity/Q12417760,,,
1152,Mansahi block,201,10,10-201-1152,,http://www.wikidata.org/entity/Q12445283,,,
1153,Barari block,201,10,10-201-1153,,http://www.wikidata.org/entity/Q12440703,,,
1154,Sameli block,201,10,10-201-1154,,http://www.wikidata.org/entity/Q12455662,,,
1155,Kursela block,201,10,10-201-1155,,http://www.wikidata.org/entity/Q15646324,,,
1156,Manihari block,201,10,10-201-1156,,http://www.wikidata.org/entity/Q12445312,,,
1157,Amdabad block,201,10,10-201-1157,,http://www.wikidata.org/entity/Q12413844,,,
1322,Alauli block,202,10,10-202-1322,,http://www.wikidata.org/entity/Q12414409,,,
1323,Khagaria block,202,10,10-202-1323,,http://www.wikidata.org/entity/Q12421880,,,
1324,Mansi block,202,10,10-202-1324,,http://www.wikidata.org/entity/Q15673888,,,
1325,Chautham block,202,10,10-202-1325,,http://www.wikidata.org/entity/Q12427202,,,
1326,Beldaur block,202,10,10-202-1326,,http://www.wikidata.org/entity/Q12442585,,,
1327,Gogri block,202,10,10-202-1327,,http://www.wikidata.org/entity/Q12424380,,,
1328,Parbatta block,202,10,10-202-1328,,http://www.wikidata.org/entity/Q15651619,,,
1121,Terhagachh block,203,10,10-203-1121,,http://www.wikidata.org/entity/Q123280609,,,
1122,Dighalbank block,203,10,10-203-1122,,http://www.wikidata.org/entity/Q123280281,,,
1123,Thakurganj block,203,10,10-203-1123,,http://www.wikidata.org/entity/Q123280375,,,
1124,Pothia block,203,10,10-203-1124,,http://www.wikidata.org/entity/Q15657654,,,
1125,Bahadurganj block,203,10,10-203-1125,,http://www.wikidata.org/entity/Q123280325,,,
1126,Kochadhamin block,203,10,10-203-1126,,http://www.wikidata.org/entity/Q123280322,,,
1127,Kishanganj block,203,10,10-203-1127,,http://www.wikidata.org/entity/Q123280313,,,
1365,Barahiya block,204,10,10-204-1365,,http://www.wikidata.org/entity/Q123280490,,,
1366,Pipariya block,204,10,10-204-1366,,http://www.wikidata.org/entity/Q123280469,,,
1367,Surajgarha block,204,10,10-204-1367,,http://www.wikidata.org/entity/Q123280418,,,
1368,Lakhisarai block,204,10,10-204-1368,,http://www.wikidata.org/entity/Q123280562,,,
1369,Chanan* block,204,10,10-204-1369,,http://www.wikidata.org/entity/Q123280508,,,
1370,Ramgarh Chowk block,204,10,10-204-1370,,http://www.wikidata.org/entity/Q123280566,,,
1371,Halsi block,204,10,10-204-1371,,http://www.wikidata.org/entity/Q123280354,,,
1158,Gamhariya Block,205,10,10-205-1158,,http://www.wikidata.org/entity/Q5520167,,,
1159,Singheshwar Block,205,10,10-205-1159,,http://www.wikidata.org/entity/Q7523495,,,
1160,Ghelardh block,205,10,10-205-1160,,http://www.wikidata.org/entity/Q5556176,,,
1161,Madhepura Block,205,10,10-205-1161,,http://www.wikidata.org/entity/Q6727344,,,
1162,Shankarpur block,205,10,10-205-1162,,http://www.wikidata.org/entity/Q12453689,,,
1163,Kumarkhand Block,205,10,10-205-1163,,http://www.wikidata.org/entity/Q6443624,,,
1164,Murliganj Block,205,10,10-205-1164,,http://www.wikidata.org/entity/Q6938777,,,
1165,Gwalpara block,205,10,10-205-1165,,http://www.wikidata.org/entity/Q12425110,,,
1166,Bihariganj Block,205,10,10-205-1166,,http://www.wikidata.org/entity/Q4907105,,,
1167,Udakishunganj block,205,10,10-205-1167,,http://www.wikidata.org/entity/Q7876896,,,
1168,Puraini Block,205,10,10-205-1168,,http://www.wikidata.org/entity/Q6093326,,,
1169,Alamnagar block,205,10,10-205-1169,,http://www.wikidata.org/entity/Q12415236,,,
1170,Chousa Block,205,10,10-205-1170,,http://www.wikidata.org/entity/Q5105470,,,
1080,Madhwapur block,206,10,10-206-1080,,http://www.wikidata.org/entity/Q123280510,,,
1081,Harlakhi block,206,10,10-206-1081,,http://www.wikidata.org/entity/Q123280304,,,
1082,Basopatti block,206,10,10-206-1082,,http://www.wikidata.org/entity/Q123280448,,,
1083,Jainagar block,206,10,10-206-1083,,http://www.wikidata.org/entity/Q123280370,,,
1084,Ladania block,206,10,10-206-1084,,http://www.wikidata.org/entity/Q123280254,,,
1085,Laukaha block,206,10,10-206-1085,,http://www.wikidata.org/entity/Q123280534,,,
1086,Laukahi block,206,10,10-206-1086,,http://www.wikidata.org/entity/Q123280495,,,
1087,Phulparas block,206,10,10-206-1087,,http://www.wikidata.org/entity/Q123280637,,,
1088,Babubarhi block,206,10,10-206-1088,,http://www.wikidata.org/entity/Q123280643,,,
1089,Khajauli block,206,10,10-206-1089,,http://www.wikidata.org/entity/Q123280410,,,
1090,Kaluahi block,206,10,10-206-1090,,http://www.wikidata.org/entity/Q123280475,,,
1091,Benipatti block,206,10,10-206-1091,,http://www.wikidata.org/entity/Q123280648,,,
1092,Bisfi block,206,10,10-206-1092,,http://www.wikidata.org/entity/Q123280610,,,
1093,Madhubani block,206,10,10-206-1093,,http://www.wikidata.org/entity/Q123280291,,,
1094,Pandaul block,206,10,10-206-1094,,http://www.wikidata.org/entity/Q123280390,,,
1095,Rajnagar block,206,10,10-206-1095,,http://www.wikidata.org/entity/Q123280426,,,
1096,Andhratharhi block,206,10,10-206-1096,,http://www.wikidata.org/entity/Q123280385,,,
1097,Jhanjharpur block,206,10,10-206-1097,,http://www.wikidata.org/entity/Q123280417,,,
1098,Ghoghardiha block,206,10,10-206-1098,,http://www.wikidata.org/entity/Q123280237,,,
1099,Lakhnaur block,206,10,10-206-1099,,http://www.wikidata.org/entity/Q123280329,,,
1100,Madhepur block,206,10,10-206-1100,,http://www.wikidata.org/entity/Q123280423,,,
1356,Munger block,207,10,10-207-1356,,http://www.wikidata.org/entity/Q123280447,,,
1357,Bariarpur block,207,10,10-207-1357,,http://www.wikidata.org/entity/Q123280541,,,
1358,Jamalpur block,207,10,10-207-1358,,http://www.wikidata.org/entity/Q123280476,,,
1359,Dharhara Block,207,10,10-207-1359,,http://www.wikidata.org/entity/Q5269178,,,
1360,Kharagpur block,207,10,10-207-1360,,http://www.wikidata.org/entity/Q123280287,,,
1361,Asarganj block,207,10,10-207-1361,,http://www.wikidata.org/entity/Q123280454,,,
1362,Tarapur block,207,10,10-207-1362,,http://www.wikidata.org/entity/Q123280599,,,
1363,Tetiha Bambor block,207,10,10-207-1363,,http://www.wikidata.org/entity/Q123280545,,,
1364,Sangrampur block,207,10,10-207-1364,,http://www.wikidata.org/entity/Q123280518,,,
1199,Sahebganj Block,208,10,10-208-1199,,http://www.wikidata.org/entity/Q7399570,,,
1200,Baruraj (Motipur) block,208,10,10-208-1200,,http://www.wikidata.org/entity/Q123280548,,,
1201,Paroo block,208,10,10-208-1201,,http://www.wikidata.org/entity/Q123280586,,,
1202,Saraiya block,208,10,10-208-1202,,http://www.wikidata.org/entity/Q123280498,,,
1203,Marwan block,208,10,10-208-1203,,http://www.wikidata.org/entity/Q123280588,,,
1204,Kanti block,208,10,10-208-1204,,http://www.wikidata.org/entity/Q123280484,,,
1205,Minapur block,208,10,10-208-1205,,http://www.wikidata.org/entity/Q123280516,,,
1206,Bochaha block,208,10,10-208-1206,,http://www.wikidata.org/entity/Q123280392,,,
1207,Aurai block,208,10,10-208-1207,,http://www.wikidata.org/entity/Q123280373,,,
1208,Katra block,208,10,10-208-1208,,http://www.wikidata.org/entity/Q123280259,,,
1209,Gaighat block,208,10,10-208-1209,,http://www.wikidata.org/entity/Q123280422,,,
1210,Bandra block,208,10,10-208-1210,,http://www.wikidata.org/entity/Q123280603,,,
1211,Dholi (Moraul) block,208,10,10-208-1211,,http://www.wikidata.org/entity/Q123280499,,,
1212,Musahri block,208,10,10-208-1212,,http://www.wikidata.org/entity/Q123280592,,,
1213,Kurhani block,208,10,10-208-1213,,http://www.wikidata.org/entity/Q123280589,,,
1214,Sakra block,208,10,10-208-1214,,http://www.wikidata.org/entity/Q123280449,,,
1378,Karai Parsurai block,209,10,10-209-1378,,http://www.wikidata.org/entity/Q123280582,,,
1379,Nagar Nausa block,209,10,10-209-1379,,http://www.wikidata.org/entity/Q123280280,,,
1380,Harnaut block,209,10,10-209-1380,,http://www.wikidata.org/entity/Q123280306,,,
1381,Chandi block,209,10,10-209-1381,,http://www.wikidata.org/entity/Q123280622,,,
1382,Rahui block,209,10,10-209-1382,,http://www.wikidata.org/entity/Q123280339,,,
1383,Bind block,209,10,10-209-1383,,http://www.wikidata.org/entity/Q123280580,,,
1384,Sarmera block,209,10,10-209-1384,,http://www.wikidata.org/entity/Q123280358,,,
1385,Asthawan block,209,10,10-209-1385,,http://www.wikidata.org/entity/Q123280424,,,
1386,Bihar block,209,10,10-209-1386,,http://www.wikidata.org/entity/Q123280618,,,
1387,Noorsarai block,209,10,10-209-1387,,http://www.wikidata.org/entity/Q123280350,,,
1388,Tharthari block,209,10,10-209-1388,,http://www.wikidata.org/entity/Q123280314,,,
1389,Parbalpur block,209,10,10-209-1389,,http://www.wikidata.org/entity/Q123280269,,,
1390,Hilsa block,209,10,10-209-1390,,http://www.wikidata.org/entity/Q123280446,,,
1391,Ekangarsarai block,209,10,10-209-1391,,http://www.wikidata.org/entity/Q123280479,,,
1392,Islampur block,209,10,10-209-1392,,http://www.wikidata.org/entity/Q123280251,,,
1393,Ben block,209,10,10-209-1393,,http://www.wikidata.org/entity/Q123280402,,,
1394,Rajgir block,209,10,10-209-1394,,http://www.wikidata.org/entity/Q123280240,,,
1395,Silao block,209,10,10-209-1395,,http://www.wikidata.org/entity/Q123280376,,,
1396,Giriak block,209,10,10-209-1396,,http://www.wikidata.org/entity/Q123280337,,,
1397,Katrisarai block,209,10,10-209-1397,,http://www.wikidata.org/entity/Q123280632,,,
1511,Nardiganj block,210,10,10-210-1511,,http://www.wikidata.org/entity/Q123280563,,,
1512,Nawada block,210,10,10-210-1512,,http://www.wikidata.org/entity/Q123280278,,,
1513,Warisaliganj block,210,10,10-210-1513,,http://www.wikidata.org/entity/Q123280482,,,
1514,Kashi Chak block,210,10,10-210-1514,,http://www.wikidata.org/entity/Q123280489,,,
1515,Pakribarawan block,210,10,10-210-1515,,http://www.wikidata.org/entity/Q123280414,,,
1516,Kawakol block,210,10,10-210-1516,,http://www.wikidata.org/entity/Q123280519,,,
1517,Roh block,210,10,10-210-1517,,http://www.wikidata.org/entity/Q123280303,,,
1518,Gobindpur block,210,10,10-210-1518,,http://www.wikidata.org/entity/Q123280574,,,
1519,Akbarpur Block,210,10,10-210-1519,,http://www.wikidata.org/entity/Q23038545,,,
1520,Hisua block,210,10,10-210-1520,,http://www.wikidata.org/entity/Q123280571,,,
1521,Narhat block,210,10,10-210-1521,,http://www.wikidata.org/entity/Q123280253,,,
1522,Meskaur block,210,10,10-210-1522,,http://www.wikidata.org/entity/Q123280623,,,
1523,Sirdala block,210,10,10-210-1523,,http://www.wikidata.org/entity/Q123280427,,,
1524,Rajauli block,210,10,10-210-1524,,http://www.wikidata.org/entity/Q123280379,,,
1013,Sidhaw block,211,10,10-211-1013,,http://www.wikidata.org/entity/Q12440059,,,
1014,Ramnagar block,211,10,10-211-1014,,http://www.wikidata.org/entity/Q12449664,,,
1015,Gaunaha block,211,10,10-211-1015,,http://www.wikidata.org/entity/Q12424896,,,
1016,Mainatanr block,211,10,10-211-1016,,http://www.wikidata.org/entity/Q12447754,,,
1017,Narkatiaganj block,211,10,10-211-1017,,http://www.wikidata.org/entity/Q12435085,,,
1018,Lauriya block,211,10,10-211-1018,,http://www.wikidata.org/entity/Q12451880,,,
1019,Bagaha block,211,10,10-211-1019,,http://www.wikidata.org/entity/Q12440058,,,
1020,Piprasi block,211,10,10-211-1020,,http://www.wikidata.org/entity/Q15655098,,,
1021,Madhubani block,211,10,10-211-1021,,http://www.wikidata.org/entity/Q12445184,,,
1022,Bhitaha block,211,10,10-211-1022,,http://www.wikidata.org/entity/Q12442105,,,
1023,Thakrahan block,211,10,10-211-1023,,http://www.wikidata.org/entity/Q12430413,,,
1024,Jogapatti block,211,10,10-211-1024,,http://www.wikidata.org/entity/Q12429414,,,
1025,Chanpatia block,211,10,10-211-1025,,http://www.wikidata.org/entity/Q15647473,,,
1026,Sikta block,211,10,10-211-1026,,http://www.wikidata.org/entity/Q12456917,,,
1027,Majhaulia block,211,10,10-211-1027,,http://www.wikidata.org/entity/Q12444654,,,
1028,Bettiah block,211,10,10-211-1028,,http://www.wikidata.org/entity/Q15667069,,,
1029,Bairia block,211,10,10-211-1029,,http://www.wikidata.org/entity/Q12442787,,,
1030,Nautan block,211,10,10-211-1030,,http://www.wikidata.org/entity/Q15651120,,,
1398,Maner block,212,10,10-212-1398,,http://www.wikidata.org/entity/Q123280312,,,
1399,Dinapur-Cum-Khagaul block,212,10,10-212-1399,,http://www.wikidata.org/entity/Q123280583,,,
1400,Patna Rural block,212,10,10-212-1400,,http://www.wikidata.org/entity/Q123280572,,,
1401,Sampatchak block,212,10,10-212-1401,,http://www.wikidata.org/entity/Q123280264,,,
1402,Phulwari block,212,10,10-212-1402,,http://www.wikidata.org/entity/Q123280488,,,
1403,Bihta block,212,10,10-212-1403,,http://www.wikidata.org/entity/Q123280331,,,
1404,Naubatpur block,212,10,10-212-1404,,http://www.wikidata.org/entity/Q123280440,,,
1405,Bikram block,212,10,10-212-1405,,http://www.wikidata.org/entity/Q123280262,,,
1406,Dulhin Bazar block,212,10,10-212-1406,,http://www.wikidata.org/entity/Q123280642,,,
1407,Paliganj block,212,10,10-212-1407,,http://www.wikidata.org/entity/Q123280434,,,
1408,Masaurhi block,212,10,10-212-1408,,http://www.wikidata.org/entity/Q123280380,,,
1409,Dhanarua block,212,10,10-212-1409,,http://www.wikidata.org/entity/Q123280321,,,
1410,Punpun block,212,10,10-212-1410,,http://www.wikidata.org/entity/Q123280564,,,
1411,Fatwah block,212,10,10-212-1411,,http://www.wikidata.org/entity/Q123280634,,,
1412,Daniawan block,212,10,10-212-1412,,http://www.wikidata.org/entity/Q123280286,,,
1413,Khusrupur block,212,10,10-212-1413,,http://www.wikidata.org/entity/Q123280512,,,
1414,Bakhtiarpur block,212,10,10-212-1414,,http://www.wikidata.org/entity/Q123280617,,,
1415,Athmalgola block,212,10,10-212-1415,,http://www.wikidata.org/entity/Q123280480,,,
1416,Belchhi block,212,10,10-212-1416,,http://www.wikidata.org/entity/Q123280255,,,
1417,Barh block,212,10,10-212-1417,,http://www.wikidata.org/entity/Q123280528,,,
1418,Pandarak block,212,10,10-212-1418,,http://www.wikidata.org/entity/Q123280559,,,
1419,Ghoswari block,212,10,10-212-1419,,http://www.wikidata.org/entity/Q123280442,,,
1420,Mokameh block,212,10,10-212-1420,,http://www.wikidata.org/entity/Q123280409,,,
7447,Patliputra Block,212,10,10-212-7447,,http://www.wikidata.org/entity/Q133645673,,,
7448,Patna City Block,212,10,10-212-7448,,http://www.wikidata.org/entity/Q133645652,,,
7449,Didarganj Block,212,10,10-212-7449,,http://www.wikidata.org/entity/Q133645660,,,
1031,Raxaul block,213,10,10-213-1031,,http://www.wikidata.org/entity/Q12448597,,,
1032,Adapur block,213,10,10-213-1032,,http://www.wikidata.org/entity/Q12413408,,,
1033,Ramgarhwa block,213,10,10-213-1033,,http://www.wikidata.org/entity/Q15680762,,,
1034,Sugauli block,213,10,10-213-1034,,http://www.wikidata.org/entity/Q12457790,,,
1035,Banjaria block,213,10,10-213-1035,,http://www.wikidata.org/entity/Q15661001,,,
1036,Narkatia block,213,10,10-213-1036,,http://www.wikidata.org/entity/Q12427650,,,
1037,Bankatwa block,213,10,10-213-1037,,http://www.wikidata.org/entity/Q12452062,,,
1038,Ghorasahan block,213,10,10-213-1038,,http://www.wikidata.org/entity/Q12425407,,,
1039,Dhaka block,213,10,10-213-1039,,http://www.wikidata.org/entity/Q12431293,,,
1040,Chiraia block,213,10,10-213-1040,,http://www.wikidata.org/entity/Q12426647,,,
1041,Motihari block,213,10,10-213-1041,,http://www.wikidata.org/entity/Q12447900,,,
1042,Turkaulia block,213,10,10-213-1042,,http://www.wikidata.org/entity/Q12432343,,,
1043,Harsidhi block,213,10,10-213-1043,,http://www.wikidata.org/entity/Q12459815,,,
1044,,213,10,10-213-1044,,http://www.wikidata.org/entity/Q12437478,,,
1045,Areraj block,213,10,10-213-1045,,http://www.wikidata.org/entity/Q12414225,,,
1046,Sangrampur block,213,10,10-213-1046,,http://www.wikidata.org/entity/Q12454876,,,
1047,Kesaria block,213,10,10-213-1047,,http://www.wikidata.org/entity/Q12420687,,,
1048,Kalyanpur block,213,10,10-213-1048,,http://www.wikidata.org/entity/Q12418730,,,
1049,Kotwa block,213,10,10-213-1049,,http://www.wikidata.org/entity/Q15646583,,,
1050,Piprakothi block,213,10,10-213-1050,,http://www.wikidata.org/entity/Q12438088,,,
1051,Pipra block,213,10,10-213-1051,,http://www.wikidata.org/entity/Q12425757,,,
1052,Pakri Dayal block,213,10,10-213-1052,,http://www.wikidata.org/entity/Q12437540,,,
1053,Patahi block,213,10,10-213-1053,,http://www.wikidata.org/entity/Q12436852,,,
1054,Phenhara block,213,10,10-213-1054,,http://www.wikidata.org/entity/Q15660524,,,
1055,Madhuban block,213,10,10-213-1055,,http://www.wikidata.org/entity/Q12445181,,,
1128,Banmankhi block,214,10,10-214-1128,,http://www.wikidata.org/entity/Q123280602,,,
1129,Barhara block,214,10,10-214-1129,,http://www.wikidata.org/entity/Q123280366,,,
1130,Bhawanipur Block,214,10,10-214-1130,,http://www.wikidata.org/entity/Q4901602,,,
1131,Rupauli block,214,10,10-214-1131,,http://www.wikidata.org/entity/Q123280629,,,
1132,Dhamdaha block,214,10,10-214-1132,,http://www.wikidata.org/entity/Q123280560,,,
1133,Krityanand Nagar block,214,10,10-214-1133,,http://www.wikidata.org/entity/Q123280290,,,
1134,Purnia East block,214,10,10-214-1134,,http://www.wikidata.org/entity/Q123280296,,,
1135,Kasba block,214,10,10-214-1135,,http://www.wikidata.org/entity/Q123280326,,,
1136,Srinagar block,214,10,10-214-1136,,http://www.wikidata.org/entity/Q123280627,,,
1137,Jalalgarh block,214,10,10-214-1137,,http://www.wikidata.org/entity/Q123280511,,,
1138,Amour block,214,10,10-214-1138,,http://www.wikidata.org/entity/Q123280486,,,
1139,Baisa block,214,10,10-214-1139,,http://www.wikidata.org/entity/Q123280400,,,
1140,Baisi block,214,10,10-214-1140,,http://www.wikidata.org/entity/Q123280407,,,
1141,Dagarua block,214,10,10-214-1141,,http://www.wikidata.org/entity/Q123280524,,,
1457,Kochas block,215,10,10-215-1457,,http://www.wikidata.org/entity/Q123280465,,,
1458,Dinara block,215,10,10-215-1458,,http://www.wikidata.org/entity/Q123280242,,,
1459,Dawath block,215,10,10-215-1459,,http://www.wikidata.org/entity/Q123280612,,,
1460,Suryapura block,215,10,10-215-1460,,http://www.wikidata.org/entity/Q123280374,,,
1461,Bikramganj block,215,10,10-215-1461,,http://www.wikidata.org/entity/Q123280464,,,
1462,Karakat block,215,10,10-215-1462,,http://www.wikidata.org/entity/Q123280646,,,
1463,Nasriganj block,215,10,10-215-1463,,http://www.wikidata.org/entity/Q123280319,,,
1464,Rajpur block,215,10,10-215-1464,,http://www.wikidata.org/entity/Q123280276,,,
1465,Sanjhauli block,215,10,10-215-1465,,http://www.wikidata.org/entity/Q123280579,,,
1466,Nokha block,215,10,10-215-1466,,http://www.wikidata.org/entity/Q123280540,,,
1467,Kargahar block,215,10,10-215-1467,,http://www.wikidata.org/entity/Q123280573,,,
1468,Chenari block,215,10,10-215-1468,,http://www.wikidata.org/entity/Q96374854,,,
1469,Nauhatta block,215,10,10-215-1469,,http://www.wikidata.org/entity/Q123280238,,,
1470,Sheosagar block,215,10,10-215-1470,,http://www.wikidata.org/entity/Q123280444,,,
1471,Sasaram block,215,10,10-215-1471,,http://www.wikidata.org/entity/Q123280552,,,
1472,Akorhi Gola block,215,10,10-215-1472,,http://www.wikidata.org/entity/Q123280419,,,
1473,Dehri block,215,10,10-215-1473,,http://www.wikidata.org/entity/Q123280428,,,
1474,Tilouthu block,215,10,10-215-1474,,http://www.wikidata.org/entity/Q123280522,,,
1475,Rohtas block,215,10,10-215-1475,,http://www.wikidata.org/entity/Q123280542,,,
1171,Nauhatta Block,216,10,10-216-1171,,http://www.wikidata.org/entity/Q28172530,,,
1172,Satar Kataiya block,216,10,10-216-1172,,http://www.wikidata.org/entity/Q123280601,,,
1173,Mahishi block,216,10,10-216-1173,,http://www.wikidata.org/entity/Q123280570,,,
1174,Kahara Block,216,10,10-216-1174,,http://www.wikidata.org/entity/Q28172643,,,
1175,Saur Bazar block,216,10,10-216-1175,,http://www.wikidata.org/entity/Q123280635,,,
1176,Patarghat block,216,10,10-216-1176,,http://www.wikidata.org/entity/Q123280365,,,
1177,Sonbarsa block,216,10,10-216-1177,,http://www.wikidata.org/entity/Q123280243,,,
1178,Simri Bakhtiarpur block,216,10,10-216-1178,,http://www.wikidata.org/entity/Q123280491,,,
1179,Salkhua block,216,10,10-216-1179,,http://www.wikidata.org/entity/Q123280620,,,
1180,Banma Itahri block,216,10,10-216-1180,,http://www.wikidata.org/entity/Q123280311,,,
1284,Kalyanpur block,217,10,10-217-1284,,http://www.wikidata.org/entity/Q123280429,,,
1285,Warisnagar block,217,10,10-217-1285,,http://www.wikidata.org/entity/Q123280616,,,
1286,Shivajinagar block,217,10,10-217-1286,,http://www.wikidata.org/entity/Q120000161,,,
1287,Khanpur block,217,10,10-217-1287,,http://www.wikidata.org/entity/Q123280267,,,
1288,Samastipur block,217,10,10-217-1288,,http://www.wikidata.org/entity/Q123280520,,,
1289,Pusa block,217,10,10-217-1289,,http://www.wikidata.org/entity/Q123280378,,,
1290,Tajpur block,217,10,10-217-1290,,http://www.wikidata.org/entity/Q123280500,,,
1291,Morwa block,217,10,10-217-1291,,http://www.wikidata.org/entity/Q123280372,,,
1292,Patori block,217,10,10-217-1292,,http://www.wikidata.org/entity/Q123280591,,,
1293,Mohanpur block,217,10,10-217-1293,,http://www.wikidata.org/entity/Q123285310,,,
1294,Mohiuddinagar block,217,10,10-217-1294,,http://www.wikidata.org/entity/Q123280445,,,
1295,Sarairanjan block,217,10,10-217-1295,,http://www.wikidata.org/entity/Q123280301,,,
1296,Vidyapati Nagar block,217,10,10-217-1296,,http://www.wikidata.org/entity/Q123280593,,,
1297,Dalsinghsarai block,217,10,10-217-1297,,http://www.wikidata.org/entity/Q123280525,,,
1298,Ujiarpur block,217,10,10-217-1298,,http://www.wikidata.org/entity/Q123280473,,,
1299,Bibhutpur block,217,10,10-217-1299,,http://www.wikidata.org/entity/Q123280557,,,
1300,Rosera block,217,10,10-217-1300,,http://www.wikidata.org/entity/Q123280388,,,
1301,Singhia block,217,10,10-217-1301,,http://www.wikidata.org/entity/Q123280384,,,
1302,Hasanpur block,217,10,10-217-1302,,http://www.wikidata.org/entity/Q123280436,,,
1303,Bithan block,217,10,10-217-1303,,http://www.wikidata.org/entity/Q123280332,,,
1248,Mashrakh block,218,10,10-218-1248,,http://www.wikidata.org/entity/Q123280335,,,
1249,Panapur block,218,10,10-218-1249,,http://www.wikidata.org/entity/Q123280529,,,
1250,Taraiya block,218,10,10-218-1250,,http://www.wikidata.org/entity/Q123280485,,,
1251,Ishupur block,218,10,10-218-1251,,http://www.wikidata.org/entity/Q123280247,,,
1252,Baniapur block,218,10,10-218-1252,,http://www.wikidata.org/entity/Q123280443,,,
1253,Lahladpur block,218,10,10-218-1253,,http://www.wikidata.org/entity/Q123280268,,,
1254,Ekma block,218,10,10-218-1254,,http://www.wikidata.org/entity/Q123280624,,,
1255,Manjhi block,218,10,10-218-1255,,http://www.wikidata.org/entity/Q123280316,,,
1256,Jalalpur block,218,10,10-218-1256,,http://www.wikidata.org/entity/Q123280357,,,
1257,Revelganj block,218,10,10-218-1257,,http://www.wikidata.org/entity/Q123280605,,,
1258,Chapra block,218,10,10-218-1258,,http://www.wikidata.org/entity/Q123280317,,,
1259,Nagra block,218,10,10-218-1259,,http://www.wikidata.org/entity/Q123280569,,,
1260,Marhaura block,218,10,10-218-1260,,http://www.wikidata.org/entity/Q123280471,,,
1261,Amnour block,218,10,10-218-1261,,http://www.wikidata.org/entity/Q123280323,,,
1262,Maker block,218,10,10-218-1262,,http://www.wikidata.org/entity/Q123280532,,,
1263,Parsa block,218,10,10-218-1263,,http://www.wikidata.org/entity/Q123280393,,,
1264,Dariapur community development block,218,10,10-218-1264,,http://www.wikidata.org/entity/Q12433378,,,
1265,Garkha block,218,10,10-218-1265,,http://www.wikidata.org/entity/Q123280328,,,
1266,Dighwara block,218,10,10-218-1266,,http://www.wikidata.org/entity/Q123280245,,,
1267,Sonpur community development block,218,10,10-218-1267,,http://www.wikidata.org/entity/Q28169348,,,
1372,Barbigha block,219,10,10-219-1372,,http://www.wikidata.org/entity/Q123280576,,,
1373,Shekhopur Sarai block,219,10,10-219-1373,,http://www.wikidata.org/entity/Q123280249,,,
1374,Sheikhpura block,219,10,10-219-1374,,http://www.wikidata.org/entity/Q123280645,,,
1375,Ghat Kusumbha block,219,10,10-219-1375,,http://www.wikidata.org/entity/Q123280266,,,
1376,Chewara block,219,10,10-219-1376,,http://www.wikidata.org/entity/Q123280416,,,
1377,Ariari block,219,10,10-219-1377,,http://www.wikidata.org/entity/Q123280421,,,
1058,Purnahiya block,220,10,10-220-1058,,http://www.wikidata.org/entity/Q123280341,,,
1059,Piprarhi block,220,10,10-220-1059,,http://www.wikidata.org/entity/Q123280577,,,
1060,Sheohar block,220,10,10-220-1060,,http://www.wikidata.org/entity/Q123280275,,,
1061,Dumri Katsari block,220,10,10-220-1061,,http://www.wikidata.org/entity/Q123280381,,,
1062,Tariani Chowk block,220,10,10-220-1062,,http://www.wikidata.org/entity/Q123280391,,,
1063,Bairgania block,221,10,10-221-1063,,http://www.wikidata.org/entity/Q12442765,,,
1064,Suppi block,221,10,10-221-1064,,http://www.wikidata.org/entity/Q123280305,,,
1065,Majorganj Block,221,10,10-221-1065,,http://www.wikidata.org/entity/Q6738398,,,
1066,Sonbarsa block,221,10,10-221-1066,,http://www.wikidata.org/entity/Q12458847,,,
1067,Parihar block,221,10,10-221-1067,,http://www.wikidata.org/entity/Q12437225,,,
1068,Sursand block,221,10,10-221-1068,,http://www.wikidata.org/entity/Q12458084,,,
1069,Bathnaha block,221,10,10-221-1069,,http://www.wikidata.org/entity/Q12440329,,,
1070,Riga block,221,10,10-221-1070,,http://www.wikidata.org/entity/Q15693734,,,
1071,Parsauni block,221,10,10-221-1071,,http://www.wikidata.org/entity/Q123280543,,,
1072,Belsand block,221,10,10-221-1072,,http://www.wikidata.org/entity/Q15667370,,,
1073,Runisaidpur block,221,10,10-221-1073,,http://www.wikidata.org/entity/Q12450372,,,
1074,Dumra block,221,10,10-221-1074,,http://www.wikidata.org/entity/Q12430947,,,
1075,Bajpatti block,221,10,10-221-1075,,http://www.wikidata.org/entity/Q12440147,,,
1076,Charaut block,221,10,10-221-1076,,http://www.wikidata.org/entity/Q12427101,,,
1077,Pupri block,221,10,10-221-1077,,http://www.wikidata.org/entity/Q15655500,,,
1078,Nanpur block,221,10,10-221-1078,,http://www.wikidata.org/entity/Q12434988,,,
1079,Bokhara block,221,10,10-221-1079,,http://www.wikidata.org/entity/Q15668255,,,
1229,Nautan block,222,10,10-222-1229,,http://www.wikidata.org/entity/Q48734837,,,
1230,Siwan block,222,10,10-222-1230,,http://www.wikidata.org/entity/Q55633292,,,
1231,Barharia Block,222,10,10-222-1231,,http://www.wikidata.org/entity/Q25247670,,,
1232,Goriakothi Block,222,10,10-222-1232,,http://www.wikidata.org/entity/Q12424680,,,
1233,Lakri Nabiganj Block,222,10,10-222-1233,,http://www.wikidata.org/entity/Q56761912,,,
1234,Basantpur block,222,10,10-222-1234,,http://www.wikidata.org/entity/Q56759646,,,
1235,Bhagwanpur Hat Block,222,10,10-222-1235,,http://www.wikidata.org/entity/Q56761832,,,
1236,Maharajganj block,222,10,10-222-1236,,http://www.wikidata.org/entity/Q57231258,,,
1237,Panchrukhi Block,222,10,10-222-1237,,http://www.wikidata.org/entity/Q56756675,,,
1238,Hussainganj block,222,10,10-222-1238,,http://www.wikidata.org/entity/Q56755546,,,
1239,Ziradei Block,222,10,10-222-1239,,http://www.wikidata.org/entity/Q8072715,,,
1240,Mairwa Block,222,10,10-222-1240,,http://www.wikidata.org/entity/Q55621790,,,
1241,Guthani Block,222,10,10-222-1241,,http://www.wikidata.org/entity/Q55613123,,,
1242,Darauli Block,222,10,10-222-1242,,http://www.wikidata.org/entity/Q55609021,,,
1243,Andar block,222,10,10-222-1243,,http://www.wikidata.org/entity/Q55603907,,,
1244,Raghunathpur block,222,10,10-222-1244,,http://www.wikidata.org/entity/Q56756830,,,
1245,Hasanpura block,222,10,10-222-1245,,http://www.wikidata.org/entity/Q123280523,,,
1246,Daraundha Block,222,10,10-222-1246,,http://www.wikidata.org/entity/Q57231727,,,
1247,Siswan Block,222,10,10-222-1247,,http://www.wikidata.org/entity/Q56757040,,,
1101,Nirmali block,223,10,10-223-1101,,http://www.wikidata.org/entity/Q123280363,,,
1102,Basantpur block,223,10,10-223-1102,,http://www.wikidata.org/entity/Q123280398,,,
1103,Chhatapur block,223,10,10-223-1103,,http://www.wikidata.org/entity/Q123280492,,,
1104,Pratapganj block,223,10,10-223-1104,,http://www.wikidata.org/entity/Q123280468,,,
1105,Raghopur block,223,10,10-223-1105,,http://www.wikidata.org/entity/Q123280288,,,
1106,Saraigarh Bhaptiyahi block,223,10,10-223-1106,,http://www.wikidata.org/entity/Q123280396,,,
1107,Kishanpur block,223,10,10-223-1107,,http://www.wikidata.org/entity/Q123280607,,,
1108,Marauna block,223,10,10-223-1108,,http://www.wikidata.org/entity/Q123280595,,,
1109,Supaul block,223,10,10-223-1109,,http://www.wikidata.org/entity/Q123280368,,,
1110,Pipra block,223,10,10-223-1110,,http://www.wikidata.org/entity/Q123280404,,,
1111,Tribeniganj block,223,10,10-223-1111,,http://www.wikidata.org/entity/Q123280556,,,
1268,Vaishali block,224,10,10-224-1268,,http://www.wikidata.org/entity/Q123280456,,,
1269,Paterhi Belsar block,224,10,10-224-1269,,http://www.wikidata.org/entity/Q123280389,,,
1270,Lalganj block,224,10,10-224-1270,,http://www.wikidata.org/entity/Q123280585,,,
1271,Bhagwanpur block,224,10,10-224-1271,,http://www.wikidata.org/entity/Q123280397,,,
1272,Goraul block,224,10,10-224-1272,,http://www.wikidata.org/entity/Q12424691,,,
1273,Chehra Kalan block,224,10,10-224-1273,,http://www.wikidata.org/entity/Q123280362,,,
1274,Patepur block,224,10,10-224-1274,,http://www.wikidata.org/entity/Q123280420,,,
1275,Mahua block,224,10,10-224-1275,,http://www.wikidata.org/entity/Q123280505,,,
1276,Jandaha block,224,10,10-224-1276,,http://www.wikidata.org/entity/Q123280619,,,
1277,Raja Pakar block,224,10,10-224-1277,,http://www.wikidata.org/entity/Q123280282,,,
1278,Hajipur block,224,10,10-224-1278,,http://www.wikidata.org/entity/Q123280348,,,
1279,Raghopur block,224,10,10-224-1279,,http://www.wikidata.org/entity/Q7282979,,,
1280,Bidupur block,224,10,10-224-1280,,http://www.wikidata.org/entity/Q123280600,,,
1281,Desri Block,224,10,10-224-1281,,http://www.wikidata.org/entity/Q5265028,,,
1282,Sahdai Buzurg block,224,10,10-224-1282,,http://www.wikidata.org/entity/Q123280606,,,
1283,Mahnar block,224,10,10-224-1283,,http://www.wikidata.org/entity/Q123280647,,,
1542,Arwal block,611,10,10-611-1542,,http://www.wikidata.org/entity/Q123280260,,,
1543,Kaler block,611,10,10-611-1543,,http://www.wikidata.org/entity/Q123280611,,,
1544,Karpi block,611,10,10-611-1544,,http://www.wikidata.org/entity/Q123280244,,,
1545,Sonbhadra Banshi Suryapur block,611,10,10-611-1545,,http://www.wikidata.org/entity/Q123280631,,,
1546,Kurtha block,611,10,10-611-1546,,http://www.wikidata.org/entity/Q123280347,,,
1553,Gangtok,225,11,11-225-1553,,http://www.wikidata.org/entity/Q59915861,,,
7177,Rabdang,225,11,11-225-7177,,http://www.wikidata.org/entity/Q122958436,,,
1547,Chungthang,226,11,11-226-1547,,http://www.wikidata.org/entity/Q5116397,,,
1548,Mangan,226,11,11-226-1548,,http://www.wikidata.org/entity/Q6748759,,,
6401,Kabi,226,11,11-226-6401,,http://www.wikidata.org/entity/Q122958541,,,
6402,Dzongu,226,11,11-226-6402,,http://www.wikidata.org/entity/Q122958580,,,
1551,Namchi,227,11,11-227-1551,,http://www.wikidata.org/entity/Q59916569,,,
1552,Ravong,227,11,11-227-1552,,http://www.wikidata.org/entity/Q59916570,,,
6399,Jorethang,227,11,11-227-6399,,http://www.wikidata.org/entity/Q122958561,,,
6400,Yangang,227,11,11-227-6400,,http://www.wikidata.org/entity/Q122958378,,,
1549,Gyalshing,228,11,11-228-1549,,http://www.wikidata.org/entity/Q59974542,,,
6397,Yuksom,228,11,11-228-6397,,http://www.wikidata.org/entity/Q122958361,,,
6398,Dentam,228,11,11-228-6398,,http://www.wikidata.org/entity/Q122958614,,,
1554,Pakyong,741,11,11-741-1554,,http://www.wikidata.org/entity/Q59915862,,,
1555,Rongli,741,11,11-741-1555,,http://www.wikidata.org/entity/Q59915863,,,
6396,Rangpo,741,11,11-741-6396,,http://www.wikidata.org/entity/Q122958402,,,
1550,Soreng,742,11,11-742-1550,,http://www.wikidata.org/entity/Q59974547,,,
7178,Mangalbarey,742,11,11-742-7178,,http://www.wikidata.org/entity/Q122958500,,,
1669,Khimiyang circle,229,12,12-229-1669,,http://www.wikidata.org/entity/Q123269764,,,
1671,Changlang circle,229,12,12-229-1671,,http://www.wikidata.org/entity/Q123269825,,,
1673,Manmao circle,229,12,12-229-1673,,http://www.wikidata.org/entity/Q123269845,,,
1676,Nampong circle,229,12,12-229-1676,,http://www.wikidata.org/entity/Q123269811,,,
1679,Vijoynagar circle,229,12,12-229-1679,,http://www.wikidata.org/entity/Q123269936,,,
1680,Miao circle,229,12,12-229-1680,,http://www.wikidata.org/entity/Q123269852,,,
1681,Kharsang circle,229,12,12-229-1681,,http://www.wikidata.org/entity/Q123269826,,,
1682,Diyun circle,229,12,12-229-1682,,http://www.wikidata.org/entity/Q123269940,,,
1683,Bordumsa circle,229,12,12-229-1683,,http://www.wikidata.org/entity/Q123269978,,,
6577,Renuk circle,229,12,12-229-6577,,http://www.wikidata.org/entity/Q123270003,,,
6578,Lyngok Longtoi circle,229,12,12-229-6578,,http://www.wikidata.org/entity/Q123270004,,,
6579,Yatdam circle,229,12,12-229-6579,,http://www.wikidata.org/entity/Q123269901,,,
6580,Namtok circle,229,12,12-229-6580,,http://www.wikidata.org/entity/Q123269875,,,
6581,Tikhak Rima Putok circle,229,12,12-229-6581,,http://www.wikidata.org/entity/Q123269885,,,
6582,Jairampur circle,229,12,12-229-6582,,http://www.wikidata.org/entity/Q123269904,,,
6608,Kantang circle,229,12,12-229-6608,,http://www.wikidata.org/entity/Q123269911,,,
1717,Mipi circle,230,12,12-230-1717,,http://www.wikidata.org/entity/Q123269831,,,
1718,Anini circle,230,12,12-230-1718,,http://www.wikidata.org/entity/Q123269945,,,
1719,Etalin circle,230,12,12-230-1719,,http://www.wikidata.org/entity/Q123269980,,,
1720,Anelih circle,230,12,12-230-1720,,http://www.wikidata.org/entity/Q123269840,,,
1721,Kronli circle,230,12,12-230-1721,,http://www.wikidata.org/entity/Q123269859,,,
6591,Dambuen circle,230,12,12-230-6591,,http://www.wikidata.org/entity/Q123269965,,,
1584,Seppa circle,231,12,12-231-1584,,http://www.wikidata.org/entity/Q123269849,,,
1586,Bameng circle,231,12,12-231-1586,,http://www.wikidata.org/entity/Q123269977,,,
1587,Pipu Dipu circle,231,12,12-231-1587,,http://www.wikidata.org/entity/Q123269867,,,
1588,Gyawe Purang circle,231,12,12-231-1588,,http://www.wikidata.org/entity/Q123269858,,,
1590,Chayangtajo circle,231,12,12-231-1590,,http://www.wikidata.org/entity/Q123269926,,,
1591,Sawa circle,231,12,12-231-1591,,http://www.wikidata.org/entity/Q123269913,,,
6101,Richukrong circle,231,12,12-231-6101,,http://www.wikidata.org/entity/Q123269962,,,
6605,Khenawa circle,231,12,12-231-6605,,http://www.wikidata.org/entity/Q123269985,,,
6848,Pakoti circle,231,12,12-231-6848,,http://www.wikidata.org/entity/Q123269799,,,
7021,Debeyar Co circle,231,12,12-231-7021,,http://www.wikidata.org/entity/Q123269786,,,
1652,Bilat circle,232,12,12-232-1652,,http://www.wikidata.org/entity/Q123270002,,,
1653,Ruksin circle,232,12,12-232-1653,,http://www.wikidata.org/entity/Q123269989,,,
1654,Oyan circle,232,12,12-232-1654,,http://www.wikidata.org/entity/Q123269819,,,
1656,Mebo circle,232,12,12-232-1656,,http://www.wikidata.org/entity/Q123269754,,,
6115,Namsing circle,232,12,12-232-6115,,http://www.wikidata.org/entity/Q123269966,,,
6118,Pasighat circle,232,12,12-232-6118,,http://www.wikidata.org/entity/Q123269971,,,
1705,Sangram circle,233,12,12-233-1705,,http://www.wikidata.org/entity/Q123269995,,,
1706,Nyapin circle,233,12,12-233-1706,,http://www.wikidata.org/entity/Q123269804,,,
1707,Phassang circle,233,12,12-233-1707,,http://www.wikidata.org/entity/Q123269864,,,
1712,Sarli circle,233,12,12-233-1712,,http://www.wikidata.org/entity/Q123270005,,,
1714,Damin circle,233,12,12-233-1714,,http://www.wikidata.org/entity/Q123269783,,,
6130,Koloriang circle,233,12,12-233-6130,,http://www.wikidata.org/entity/Q123269798,,,
6140,Patuk circle,233,12,12-233-6140,,http://www.wikidata.org/entity/Q123269780,,,
6844,Nyobia circle,233,12,12-233-6844,,http://www.wikidata.org/entity/Q123269861,,,
6845,Polosang circle,233,12,12-233-6845,,http://www.wikidata.org/entity/Q123269999,,,
1728,Sunpura circle,234,12,12-234-1728,,http://www.wikidata.org/entity/Q123269835,,,
1729,Tezu circle,234,12,12-234-1729,,http://www.wikidata.org/entity/Q123269813,,,
1730,Wakro circle,234,12,12-234-1730,,http://www.wikidata.org/entity/Q123269776,,,
1724,Roing circle,235,12,12-235-1724,,http://www.wikidata.org/entity/Q123269922,,,
1725,Dambuk circle,235,12,12-235-1725,,http://www.wikidata.org/entity/Q123269850,,,
1726,Tinali Paglam circle,235,12,12-235-1726,,http://www.wikidata.org/entity/Q123269958,,,
1727,Koronu circle,235,12,12-235-1727,,http://www.wikidata.org/entity/Q123269928,,,
6075,Hunli circle,235,12,12-235-6075,,http://www.wikidata.org/entity/Q123269769,,,
6569,Desali circle,235,12,12-235-6569,,http://www.wikidata.org/entity/Q123269841,,,
6841,Parbuk circle,235,12,12-235-6841,,http://www.wikidata.org/entity/Q123269854,,,
1695,Ziro circle,236,12,12-236-1695,,http://www.wikidata.org/entity/Q123269972,,,
6107,Old Ziro circle,236,12,12-236-6107,,http://www.wikidata.org/entity/Q123269963,,,
1592,Balijan circle,237,12,12-237-1592,,http://www.wikidata.org/entity/Q123269853,,,
1595,Taraso circle,237,12,12-237-1595,,http://www.wikidata.org/entity/Q123269894,,,
1596,Naharlagun circle,237,12,12-237-1596,,http://www.wikidata.org/entity/Q123269930,,,
1598,Doimukh circle,237,12,12-237-1598,,http://www.wikidata.org/entity/Q123269890,,,
1600,Toru circle,237,12,12-237-1600,,http://www.wikidata.org/entity/Q123269844,,,
1601,Sagalee circle,237,12,12-237-1601,,http://www.wikidata.org/entity/Q123269992,,,
1602,Parang circle,237,12,12-237-1602,,http://www.wikidata.org/entity/Q123269968,,,
1603,Leporiang circle,237,12,12-237-1603,,http://www.wikidata.org/entity/Q123269839,,,
1604,Mengio circle,237,12,12-237-1604,,http://www.wikidata.org/entity/Q123269994,,,
1605,Kimin circle,237,12,12-237-1605,,http://www.wikidata.org/entity/Q123269866,,,
6013,Borum circle,237,12,12-237-6013,,http://www.wikidata.org/entity/Q123269879,,,
6600,Sangdupota Basar Nello circle,237,12,12-237-6600,,http://www.wikidata.org/entity/Q123269870,,,
6601,Kakoi circle,237,12,12-237-6601,,http://www.wikidata.org/entity/Q123269886,,,
6602,Gumto circle,237,12,12-237-6602,,http://www.wikidata.org/entity/Q123269847,,,
6603,Banderdewa circle,237,12,12-237-6603,,http://www.wikidata.org/entity/Q123269823,,,
6604,Itanagar circle,237,12,12-237-6604,,http://www.wikidata.org/entity/Q123269805,,,
6843,Silsango circle,237,12,12-237-6843,,http://www.wikidata.org/entity/Q123269938,,,
1556,Zemithang circle,238,12,12-238-1556,,http://www.wikidata.org/entity/Q123269768,,,
1557,Lumla circle,238,12,12-238-1557,,http://www.wikidata.org/entity/Q123269757,,,
1559,Tawang circle,238,12,12-238-1559,,http://www.wikidata.org/entity/Q123269820,,,
1560,Kitpi circle,238,12,12-238-1560,,http://www.wikidata.org/entity/Q123269774,,,
1561,Jang circle,238,12,12-238-1561,,http://www.wikidata.org/entity/Q123269906,,,
1563,Mukto circle,238,12,12-238-1563,,http://www.wikidata.org/entity/Q123269997,,,
6550,Dudunghar circle,238,12,12-238-6550,,http://www.wikidata.org/entity/Q123269834,,,
6555,Lhou circle,238,12,12-238-6555,,http://www.wikidata.org/entity/Q123270007,,,
6556,Thingbu circle,238,12,12-238-6556,,http://www.wikidata.org/entity/Q123269843,,,
6557,Bongkhar circle,238,12,12-238-6557,,http://www.wikidata.org/entity/Q123269944,,,
1684,Deomali circle,239,12,12-239-1684,,http://www.wikidata.org/entity/Q123269777,,,
1685,Soha circle,239,12,12-239-1685,,http://www.wikidata.org/entity/Q123270000,,,
1686,Khonsa circle,239,12,12-239-1686,,http://www.wikidata.org/entity/Q123269960,,,
1687,Dadam circle,239,12,12-239-1687,,http://www.wikidata.org/entity/Q123269790,,,
1694,Laju circle,239,12,12-239-1694,,http://www.wikidata.org/entity/Q123269863,,,
6594,Borduria circle,239,12,12-239-6594,,http://www.wikidata.org/entity/Q123269956,,,
6596,Bari Basip Circle,239,12,12-239-6596,,http://www.wikidata.org/entity/Q123270001,,,
6597,Longo circle,239,12,12-239-6597,,http://www.wikidata.org/entity/Q123269815,,,
1658,Tuting circle,240,12,12-240-1658,,http://www.wikidata.org/entity/Q123269791,,,
1659,Migging circle,240,12,12-240-1659,,http://www.wikidata.org/entity/Q123269955,,,
1660,Palling circle,240,12,12-240-1660,,http://www.wikidata.org/entity/Q123269946,,,
1661,Gelling circle,240,12,12-240-1661,,http://www.wikidata.org/entity/Q123269758,,,
1662,Singa circle,240,12,12-240-1662,,http://www.wikidata.org/entity/Q123269785,,,
1663,Yingkiong circle,240,12,12-240-1663,,http://www.wikidata.org/entity/Q123269833,,,
1664,Jengging circle,240,12,12-240-1664,,http://www.wikidata.org/entity/Q123269789,,,
1665,Geku circle,240,12,12-240-1665,,http://www.wikidata.org/entity/Q123269809,,,
1666,Mariyang circle,240,12,12-240-1666,,http://www.wikidata.org/entity/Q123269759,,,
1667,Mopom Adipasi circle,240,12,12-240-1667,,http://www.wikidata.org/entity/Q123269762,,,
1668,Katan circle,240,12,12-240-1668,,http://www.wikidata.org/entity/Q123269891,,,
1608,Limeking Circle,241,12,12-241-1608,,http://www.wikidata.org/entity/Q105097691,,,
1609,Nacho circle,241,12,12-241-1609,,http://www.wikidata.org/entity/Q123269871,,,
1610,Siyum circle,241,12,12-241-1610,,http://www.wikidata.org/entity/Q123269801,,,
1611,Taliha circle,241,12,12-241-1611,,http://www.wikidata.org/entity/Q123269772,,,
1612,Payeng circle,241,12,12-241-1612,,http://www.wikidata.org/entity/Q123269986,,,
1613,Giba circle,241,12,12-241-1613,,http://www.wikidata.org/entity/Q123269933,,,
1614,Chetam Peer Yapu circle,241,12,12-241-1614,,http://www.wikidata.org/entity/Q123269837,,,
1615,Daporijo circle,241,12,12-241-1615,,http://www.wikidata.org/entity/Q123269970,,,
1617,Dumporijo circle,241,12,12-241-1617,,http://www.wikidata.org/entity/Q123269795,,,
1620,Baririjo circle,241,12,12-241-1620,,http://www.wikidata.org/entity/Q123269897,,,
6549,Taksing Circle,241,12,12-241-6549,,http://www.wikidata.org/entity/Q105097318,,,
6551,Gite Ripa circle,241,12,12-241-6551,,http://www.wikidata.org/entity/Q123269827,,,
6552,Nilling circle,241,12,12-241-6552,,http://www.wikidata.org/entity/Q123269788,,,
6553,Segi Gusar circle,241,12,12-241-6553,,http://www.wikidata.org/entity/Q123269756,,,
6554,Maro circle,241,12,12-241-6554,,http://www.wikidata.org/entity/Q123269893,,,
1566,Dirang circle,242,12,12-242-1566,,http://www.wikidata.org/entity/Q123269895,,,
1570,Kalaktang circle,242,12,12-242-1570,,http://www.wikidata.org/entity/Q123269807,,,
1573,Singchung circle,242,12,12-242-1573,,http://www.wikidata.org/entity/Q123269787,,,
1575,Thrizino circle,242,12,12-242-1575,,http://www.wikidata.org/entity/Q123269792,,,
6560,Rupa circle,242,12,12-242-6560,,http://www.wikidata.org/entity/Q123269919,,,
6561,Bhalukpong circle,242,12,12-242-6561,,http://www.wikidata.org/entity/Q123269752,,,
6563,Jamiri circle,242,12,12-242-6563,,http://www.wikidata.org/entity/Q123269951,,,
6564,Balemu circle,242,12,12-242-6564,,http://www.wikidata.org/entity/Q123269865,,,
6565,Thembang circle,242,12,12-242-6565,,http://www.wikidata.org/entity/Q123269874,,,
6566,Shergaon circle,242,12,12-242-6566,,http://www.wikidata.org/entity/Q123269773,,,
6567,Kamengbari Doimara circle,242,12,12-242-6567,,http://www.wikidata.org/entity/Q123269880,,,
6568,Bomdila circle,242,12,12-242-6568,,http://www.wikidata.org/entity/Q123269941,,,
6847,Buragaon circle,242,12,12-242-6847,,http://www.wikidata.org/entity/Q123269767,,,
1628,Darak circle,243,12,12-243-1628,,http://www.wikidata.org/entity/Q123269949,,,
1632,Liromoba circle,243,12,12-243-1632,,http://www.wikidata.org/entity/Q123269887,,,
1633,Yomcha circle,243,12,12-243-1633,,http://www.wikidata.org/entity/Q123269914,,,
6087,Aalo circle,243,12,12-243-6087,,http://www.wikidata.org/entity/Q123269964,,,
6585,Kamba circle,243,12,12-243-6585,,http://www.wikidata.org/entity/Q123269987,,,
6586,Kombo circle,243,12,12-243-6586,,http://www.wikidata.org/entity/Q123269817,,,
6587,Nikte Kodum circle,243,12,12-243-6587,,http://www.wikidata.org/entity/Q123269920,,,
6588,Bagra circle,243,12,12-243-6588,,http://www.wikidata.org/entity/Q123270010,,,
1736,Hayuliang circle,628,12,12-628-1736,,http://www.wikidata.org/entity/Q123269903,,,
1737,Manchal circle,628,12,12-628-1737,,http://www.wikidata.org/entity/Q123269796,,,
1738,Goiliang circle,628,12,12-628-1738,,http://www.wikidata.org/entity/Q123269982,,,
1739,Chaglagam circle,628,12,12-628-1739,,http://www.wikidata.org/entity/Q123269782,,,
1740,Metengliang circle,628,12,12-628-1740,,http://www.wikidata.org/entity/Q123269991,,,
1741,Kibithoo circle,628,12,12-628-1741,,http://www.wikidata.org/entity/Q123269755,,,
1742,Walong circle,628,12,12-628-1742,,http://www.wikidata.org/entity/Q123269996,,,
1743,Hawai circle,628,12,12-628-1743,,http://www.wikidata.org/entity/Q123269842,,,
1688,Kanubari circle,666,12,12-666-1688,,http://www.wikidata.org/entity/Q123269909,,,
1689,Lawnu circle,666,12,12-666-1689,,http://www.wikidata.org/entity/Q123269862,,,
1692,Pangchao circle,666,12,12-666-1692,,http://www.wikidata.org/entity/Q123269784,,,
6012,Wakka circle,666,12,12-666-6012,,http://www.wikidata.org/entity/Q123269873,,,
6074,Longding circle,666,12,12-666-6074,,http://www.wikidata.org/entity/Q123269771,,,
6584,Pumao circle,666,12,12-666-6584,,http://www.wikidata.org/entity/Q123270009,,,
1703,Palin circle,677,12,12-677-1703,,http://www.wikidata.org/entity/Q123269918,,,
1704,Yangte circle,677,12,12-677-1704,,http://www.wikidata.org/entity/Q123269856,,,
1709,Chambang circle,677,12,12-677-1709,,http://www.wikidata.org/entity/Q123269916,,,
1710,Gangte circle,677,12,12-677-1710,,http://www.wikidata.org/entity/Q123269950,,,
1711,Tarak Lengdi circle,677,12,12-677-1711,,http://www.wikidata.org/entity/Q123269921,,,
1715,Pipsorang circle,677,12,12-677-1715,,http://www.wikidata.org/entity/Q123269990,,,
1716,Tali circle,677,12,12-677-1716,,http://www.wikidata.org/entity/Q123269969,,,
1731,Chongkham circle,678,12,12-678-1731,,http://www.wikidata.org/entity/Q123269888,,,
1732,Namsai circle,678,12,12-678-1732,,http://www.wikidata.org/entity/Q123269934,,,
1733,Lathao circle,678,12,12-678-1733,,http://www.wikidata.org/entity/Q123269824,,,
1735,Lekang Mahadevpur circle,678,12,12-678-1735,,http://www.wikidata.org/entity/Q123269881,,,
6121,Piyong circle,678,12,12-678-6121,,http://www.wikidata.org/entity/Q123269953,,,
1627,Kaying circle,679,12,12-679-1627,,http://www.wikidata.org/entity/Q123269929,,,
1630,Rumgong circle,679,12,12-679-1630,,http://www.wikidata.org/entity/Q123269884,,,
1643,Boleng circle,679,12,12-679-1643,,http://www.wikidata.org/entity/Q123269763,,,
1644,Riga circle,679,12,12-679-1644,,http://www.wikidata.org/entity/Q123269766,,,
1645,Pangin circle,679,12,12-679-1645,,http://www.wikidata.org/entity/Q123269806,,,
1646,Kebang circle,679,12,12-679-1646,,http://www.wikidata.org/entity/Q123269878,,,
1647,Rebo Perging circle,679,12,12-679-1647,,http://www.wikidata.org/entity/Q123269857,,,
6606,Jomlo Mobuk circle,679,12,12-679-6606,,http://www.wikidata.org/entity/Q123269860,,,
6607,Payum circle,679,12,12-679-6607,,http://www.wikidata.org/entity/Q123269882,,,
1616,Puchi Geko circle,718,12,12-718-1616,,http://www.wikidata.org/entity/Q123269975,,,
1700,Kamporijo circle,718,12,12-718-1700,,http://www.wikidata.org/entity/Q123269770,,,
1701,Dollungmukh circle,718,12,12-718-1701,,http://www.wikidata.org/entity/Q123269803,,,
6129,Raga circle,718,12,12-718-6129,,http://www.wikidata.org/entity/Q123269993,,,
6559,Gepen circle,718,12,12-718-6559,,http://www.wikidata.org/entity/Q123269830,,,
1638,Gensi circle,719,12,12-719-1638,,http://www.wikidata.org/entity/Q123269797,,,
1640,Likabali circle,719,12,12-719-1640,,http://www.wikidata.org/entity/Q123269983,,,
1648,Koyu circle,719,12,12-719-1648,,http://www.wikidata.org/entity/Q123269899,,,
1651,Nari circle,719,12,12-719-1651,,http://www.wikidata.org/entity/Q123269781,,,
6572,Kangku circle,719,12,12-719-6572,,http://www.wikidata.org/entity/Q123269907,,,
6573,Sibe circle,719,12,12-719-6573,,http://www.wikidata.org/entity/Q123269828,,,
6574,Kora circle,719,12,12-719-6574,,http://www.wikidata.org/entity/Q123270006,,,
6575,New Seren circle,719,12,12-719-6575,,http://www.wikidata.org/entity/Q123269924,,,
1581,Pakke Kessang circle,723,12,12-723-1581,,http://www.wikidata.org/entity/Q123269988,,,
6099,Dissing Passo circle,723,12,12-723-6099,,http://www.wikidata.org/entity/Q123269794,,,
6100,Pizirang Veo circle,723,12,12-723-6100,,http://www.wikidata.org/entity/Q123269800,,,
6104,Seijosa circle,723,12,12-723-6104,,http://www.wikidata.org/entity/Q123269872,,,
6846,Passa Valley circle,723,12,12-723-6846,,http://www.wikidata.org/entity/Q123269981,,,
1635,Tirbin circle,724,12,12-724-1635,,http://www.wikidata.org/entity/Q123269750,,,
1636,Basar circle,724,12,12-724-1636,,http://www.wikidata.org/entity/Q123269855,,,
1637,Daring circle,724,12,12-724-1637,,http://www.wikidata.org/entity/Q123269778,,,
6840,Sago circle,724,12,12-724-6840,,http://www.wikidata.org/entity/Q123269846,,,
1622,Mechuka circle,725,12,12-725-1622,,http://www.wikidata.org/entity/Q123269912,,,
1623,Monigong circle,725,12,12-725-1623,,http://www.wikidata.org/entity/Q123269761,,,
6589,Tato circle,725,12,12-725-6589,,http://www.wikidata.org/entity/Q123269976,,,
6590,Pidi circle,725,12,12-725-6590,,http://www.wikidata.org/entity/Q123269948,,,
1697,Yachuli circle,786,12,12-786-1697,,http://www.wikidata.org/entity/Q123269753,,,
1698,Yazali circle,786,12,12-786-1698,,http://www.wikidata.org/entity/Q123269822,,,
6119,Pistana circle,786,12,12-786-6119,,http://www.wikidata.org/entity/Q123269851,,,
6842,Deed circle,786,12,12-786-6842,,http://www.wikidata.org/entity/Q123269876,,,
1568,Nafra circle,787,12,12-787-1568,,http://www.wikidata.org/entity/Q123269917,,,
6098,Lada circle,787,12,12-787-6098,,http://www.wikidata.org/entity/Q123269838,,,
6102,Bana circle,787,12,12-787-6102,,http://www.wikidata.org/entity/Q123269973,,,
1793,Aquqhnaqua circle,244,13,13-244-1793,,http://www.wikidata.org/entity/Q123268659,,,
1794,Kuhoboto circle,244,13,13-244-1794,,http://www.wikidata.org/entity/Q123268647,,,
1795,Nihokhu circle,244,13,13-244-1795,,http://www.wikidata.org/entity/Q123268674,,,
1796,Dimapur Sadar circle,244,13,13-244-1796,,http://www.wikidata.org/entity/Q123268743,,,
1845,Chiephobozou circle,245,13,13-245-1845,,http://www.wikidata.org/entity/Q123268627,,,
1846,Botsa circle,245,13,13-245-1846,,http://www.wikidata.org/entity/Q123268700,,,
1847,Kezocha circle,245,13,13-245-1847,,http://www.wikidata.org/entity/Q123268713,,,
1848,Jakhama circle,245,13,13-245-1848,,http://www.wikidata.org/entity/Q123268653,,,
1849,Kohima Sadar circle,245,13,13-245-1849,,http://www.wikidata.org/entity/Q123268759,,,
1850,Sechu-Zubza circle,245,13,13-245-1850,,http://www.wikidata.org/entity/Q123268771,,,
1758,Longchem circle,246,13,13-246-1758,,http://www.wikidata.org/entity/Q123268633,,,
1759,Alongkima circle,246,13,13-246-1759,,http://www.wikidata.org/entity/Q123268650,,,
1760,Tuli circle,246,13,13-246-1760,,http://www.wikidata.org/entity/Q123268738,,,
1761,Changtongya circle,246,13,13-246-1761,,http://www.wikidata.org/entity/Q123268636,,,
1762,Chuchuyimlang circle,246,13,13-246-1762,,http://www.wikidata.org/entity/Q123268732,,,
1763,Kubolong circle,246,13,13-246-1763,,http://www.wikidata.org/entity/Q123268664,,,
1764,Mangkolemba circle,246,13,13-246-1764,,http://www.wikidata.org/entity/Q123268756,,,
1765,Merangmen circle,246,13,13-246-1765,,http://www.wikidata.org/entity/Q123268769,,,
1766,Ongpangkong circle,246,13,13-246-1766,,http://www.wikidata.org/entity/Q123268679,,,
5989,Ongpangkong (N) circle,246,13,13-246-5989,,http://www.wikidata.org/entity/Q123268728,,,
5990,Tsurangkong circle,246,13,13-246-5990,,http://www.wikidata.org/entity/Q123268644,,,
1744,Naginimora circle,247,13,13-247-1744,,http://www.wikidata.org/entity/Q123268641,,,
1745,Tizit circle,247,13,13-247-1745,,http://www.wikidata.org/entity/Q123268703,,,
1746,Hunta circle,247,13,13-247-1746,,http://www.wikidata.org/entity/Q123268658,,,
1747,Shangnyu circle,247,13,13-247-1747,,http://www.wikidata.org/entity/Q123268733,,,
1748,Mon Sadar circle,247,13,13-247-1748,,http://www.wikidata.org/entity/Q123268764,,,
1749,Wakching circle,247,13,13-247-1749,,http://www.wikidata.org/entity/Q123268722,,,
1750,Aboi circle,247,13,13-247-1750,,http://www.wikidata.org/entity/Q123268629,,,
1751,Longshen circle,247,13,13-247-1751,,http://www.wikidata.org/entity/Q123268720,,,
1752,Phomching circle,247,13,13-247-1752,,http://www.wikidata.org/entity/Q123268706,,,
1753,Chen circle,247,13,13-247-1753,,http://www.wikidata.org/entity/Q123268712,,,
1754,Angjangyang circle,247,13,13-247-1754,,http://www.wikidata.org/entity/Q123268705,,,
1755,Mopong circle,247,13,13-247-1755,,http://www.wikidata.org/entity/Q123268719,,,
1756,Tobu circle,247,13,13-247-1756,,http://www.wikidata.org/entity/Q123268745,,,
1757,Monyakshu circle,247,13,13-247-1757,,http://www.wikidata.org/entity/Q123268685,,,
1800,Sekruzu circle,248,13,13-248-1800,,http://www.wikidata.org/entity/Q123268758,,,
1801,Phek Sadar circle,248,13,13-248-1801,,http://www.wikidata.org/entity/Q123268668,,,
1802,Khuza circle,248,13,13-248-1802,,http://www.wikidata.org/entity/Q123268651,,,
1803,Meluri circle,248,13,13-248-1803,,http://www.wikidata.org/entity/Q123268717,,,
1804,Phor circle,248,13,13-248-1804,,http://www.wikidata.org/entity/Q123268631,,,
1805,Phokhungri circle,248,13,13-248-1805,,http://www.wikidata.org/entity/Q123268683,,,
1806,Chozuba circle,248,13,13-248-1806,,http://www.wikidata.org/entity/Q123268677,,,
1807,Chetheba circle,248,13,13-248-1807,,http://www.wikidata.org/entity/Q123268657,,,
1808,Sakraba circle,248,13,13-248-1808,,http://www.wikidata.org/entity/Q123268767,,,
1809,Pfutsero circle,248,13,13-248-1809,,http://www.wikidata.org/entity/Q123268762,,,
1810,Zuketsa circle,248,13,13-248-1810,,http://www.wikidata.org/entity/Q123268686,,,
1811,Khezhakeno circle,248,13,13-248-1811,,http://www.wikidata.org/entity/Q123268736,,,
1812,Chizami circle,248,13,13-248-1812,,http://www.wikidata.org/entity/Q123268662,,,
1813,Razieba circle,248,13,13-248-1813,,http://www.wikidata.org/entity/Q123268681,,,
5991,Kikruma circle,248,13,13-248-5991,,http://www.wikidata.org/entity/Q123268749,,,
5992,Weziho circle,248,13,13-248-5992,,http://www.wikidata.org/entity/Q123268755,,,
1814,Noksen circle,249,13,13-249-1814,,http://www.wikidata.org/entity/Q123268724,,,
1815,Chare circle,249,13,13-249-1815,,http://www.wikidata.org/entity/Q123268624,,,
1816,Longkhim circle,249,13,13-249-1816,,http://www.wikidata.org/entity/Q123268725,,,
1817,Tuensang Sadar circle,249,13,13-249-1817,,http://www.wikidata.org/entity/Q123268711,,,
1818,Ngoungchung circle,249,13,13-249-1818,,http://www.wikidata.org/entity/Q123268698,,,
1819,Sangsangnyu circle,249,13,13-249-1819,,http://www.wikidata.org/entity/Q123268661,,,
1822,Chingmei circle,249,13,13-249-1822,,http://www.wikidata.org/entity/Q123268761,,,
1780,Changpang circle,250,13,13-250-1780,,http://www.wikidata.org/entity/Q123268734,,,
1781,Aitepyong circle,250,13,13-250-1781,,http://www.wikidata.org/entity/Q123268670,,,
1782,Bhandari circle,250,13,13-250-1782,,http://www.wikidata.org/entity/Q123268618,,,
1783,Baghty circle,250,13,13-250-1783,,http://www.wikidata.org/entity/Q123268672,,,
1784,Sungro circle,250,13,13-250-1784,,http://www.wikidata.org/entity/Q123268699,,,
1785,Sanis circle,250,13,13-250-1785,,http://www.wikidata.org/entity/Q123268708,,,
1786,Lotsu circle,250,13,13-250-1786,,http://www.wikidata.org/entity/Q123268735,,,
1787,Ralan circle,250,13,13-250-1787,,http://www.wikidata.org/entity/Q123268667,,,
1788,Wozhuro circle,250,13,13-250-1788,,http://www.wikidata.org/entity/Q123268684,,,
1789,Wokha Sadar circle,250,13,13-250-1789,,http://www.wikidata.org/entity/Q123268660,,,
1790,Englan circle,250,13,13-250-1790,,http://www.wikidata.org/entity/Q123268702,,,
1791,Chukitong circle,250,13,13-250-1791,,http://www.wikidata.org/entity/Q123268654,,,
1767,V.K. circle,251,13,13-251-1767,,http://www.wikidata.org/entity/Q123268695,,,
1768,Akuluto circle,251,13,13-251-1768,,http://www.wikidata.org/entity/Q123268701,,,
1769,Suruhuto circle,251,13,13-251-1769,,http://www.wikidata.org/entity/Q123268716,,,
1770,Asuto circle,251,13,13-251-1770,,http://www.wikidata.org/entity/Q123268726,,,
1771,Aghunato circle,251,13,13-251-1771,,http://www.wikidata.org/entity/Q123268765,,,
1772,Zunheboto Sadar circle,251,13,13-251-1772,,http://www.wikidata.org/entity/Q123268682,,,
1773,Atoizu circle,251,13,13-251-1773,,http://www.wikidata.org/entity/Q123268688,,,
1774,Akuhaito circle,251,13,13-251-1774,,http://www.wikidata.org/entity/Q123268687,,,
1775,Pughoboto circle,251,13,13-251-1775,,http://www.wikidata.org/entity/Q123268652,,,
1776,Ghathashi circle,251,13,13-251-1776,,http://www.wikidata.org/entity/Q123268675,,,
1777,Satakha circle,251,13,13-251-1777,,http://www.wikidata.org/entity/Q123268763,,,
1778,Saptiqa circle,251,13,13-251-1778,,http://www.wikidata.org/entity/Q123268752,,,
1779,Satoi circle,251,13,13-251-1779,,http://www.wikidata.org/entity/Q123268748,,,
5988,Tokiye circle,251,13,13-251-5988,,http://www.wikidata.org/entity/Q123268744,,,
1851,Pedi (Ngwalwa) circle,613,13,13-613-1851,,http://www.wikidata.org/entity/Q123268645,,,
1852,Jalukie circle,613,13,13-613-1852,,http://www.wikidata.org/entity/Q123268751,,,
1853,Athibung circle,613,13,13-613-1853,,http://www.wikidata.org/entity/Q123268729,,,
1854,Kebai Khelma circle,613,13,13-613-1854,,http://www.wikidata.org/entity/Q123268663,,,
1855,Nsong circle,613,13,13-613-1855,,http://www.wikidata.org/entity/Q123268747,,,
1856,Tening circle,613,13,13-613-1856,,http://www.wikidata.org/entity/Q123268772,,,
1857,Peren circle,613,13,13-613-1857,,http://www.wikidata.org/entity/Q123268693,,,
1835,Seyochung circle,614,13,13-614-1835,,http://www.wikidata.org/entity/Q123268692,,,
1836,Amahator circle,614,13,13-614-1836,,http://www.wikidata.org/entity/Q123268750,,,
1837,Kiphire Sadar circle,614,13,13-614-1837,,http://www.wikidata.org/entity/Q123268746,,,
1838,Kiusam circle,614,13,13-614-1838,,http://www.wikidata.org/entity/Q123268714,,,
1839,Sitimi circle,614,13,13-614-1839,,http://www.wikidata.org/entity/Q123268707,,,
1840,Longmatra circle,614,13,13-614-1840,,http://www.wikidata.org/entity/Q123268623,,,
1841,Pungro circle,614,13,13-614-1841,,http://www.wikidata.org/entity/Q123268696,,,
1842,Khongsa circle,614,13,13-614-1842,,http://www.wikidata.org/entity/Q123268669,,,
1830,Tamlu circle,615,13,13-615-1830,,http://www.wikidata.org/entity/Q123268721,,,
1831,Namsang circle,615,13,13-615-1831,,http://www.wikidata.org/entity/Q123268718,,,
1832,Yongnyah circle,615,13,13-615-1832,,http://www.wikidata.org/entity/Q123268691,,,
1833,Longleng circle,615,13,13-615-1833,,http://www.wikidata.org/entity/Q123268646,,,
1834,Sakshi circle,615,13,13-615-1834,,http://www.wikidata.org/entity/Q123268770,,,
1821,Noklak circle,736,13,13-736-1821,,http://www.wikidata.org/entity/Q123268673,,,
1823,Nokhu circle,736,13,13-736-1823,,http://www.wikidata.org/entity/Q123268742,,,
1824,Panso circle,736,13,13-736-1824,,http://www.wikidata.org/entity/Q123268740,,,
1829,Thonoknyu circle,736,13,13-736-1829,,http://www.wikidata.org/entity/Q123268649,,,
1843,Tseminyu circle,757,13,13-757-1843,,http://www.wikidata.org/entity/Q123268671,,,
1844,Tsogin circle,757,13,13-757-1844,,http://www.wikidata.org/entity/Q123268621,,,
5987,Chunlikha circle,757,13,13-757-5987,,http://www.wikidata.org/entity/Q123268697,,,
1797,Chumukedima circle,758,13,13-758-1797,,http://www.wikidata.org/entity/Q123268709,,,
1798,Dhansiripar circle,758,13,13-758-1798,,http://www.wikidata.org/entity/Q123268666,,,
1799,Medziphema circle,758,13,13-758-1799,,http://www.wikidata.org/entity/Q123268731,,,
1792,Niuland circle,764,13,13-764-1792,,http://www.wikidata.org/entity/Q123268678,,,
1820,Sotokur circle,765,13,13-765-1820,,http://www.wikidata.org/entity/Q123268710,,,
1825,Shamator circle,765,13,13-765-1825,,http://www.wikidata.org/entity/Q123268656,,,
1826,Tsurungto circle,765,13,13-765-1826,,http://www.wikidata.org/entity/Q123268757,,,
1827,Chessore circle,765,13,13-765-1827,,http://www.wikidata.org/entity/Q123268727,,,
1828,Mangko circle,765,13,13-765-1828,,http://www.wikidata.org/entity/Q123268638,,,
1873,Nambol,252,14,14-252-1873,,http://www.wikidata.org/entity/Q123278972,,,
1874,Bishnupur,252,14,14-252-1874,,http://www.wikidata.org/entity/Q123279030,,,
1875,Moirang,252,14,14-252-1875,,http://www.wikidata.org/entity/Q123278992,,,
1894,Chandel,253,14,14-253-1894,,http://www.wikidata.org/entity/Q123279014,,,
1895,Chakpikarong,253,14,14-253-1895,,http://www.wikidata.org/entity/Q123279023,,,
6496,Khengjoy,253,14,14-253-6496,,http://www.wikidata.org/entity/Q123279001,,,
1870,Tuibong,254,14,14-254-1870,,http://www.wikidata.org/entity/Q123279028,,,
1871,Churachandpur,254,14,14-254-1871,,http://www.wikidata.org/entity/Q123279021,,,
1872,Singngat,254,14,14-254-1872,,http://www.wikidata.org/entity/Q123278981,,,
6500,Kangvai,254,14,14-254-6500,,http://www.wikidata.org/entity/Q123279037,,,
6501,Saikot,254,14,14-254-6501,,http://www.wikidata.org/entity/Q123278985,,,
6502,Henglep,254,14,14-254-6502,,http://www.wikidata.org/entity/Q123278990,,,
6503,Sangaikot,254,14,14-254-6503,,http://www.wikidata.org/entity/Q123278986,,,
6504,Mualnuam,254,14,14-254-6504,,http://www.wikidata.org/entity/Q123279039,,,
6505,Samulamlan,254,14,14-254-6505,,http://www.wikidata.org/entity/Q123278980,,,
6506,Suangdoh,254,14,14-254-6506,,http://www.wikidata.org/entity/Q123279012,,,
1884,Sawombung,255,14,14-255-1884,,http://www.wikidata.org/entity/Q123279010,,,
1885,Porompat,255,14,14-255-1885,,http://www.wikidata.org/entity/Q2483892,,,
1886,Keirao Bitra,255,14,14-255-1886,,http://www.wikidata.org/entity/Q123279020,,,
1879,Lamsang,256,14,14-256-1879,,http://www.wikidata.org/entity/Q123279003,,,
1880,Patsoi,256,14,14-256-1880,,http://www.wikidata.org/entity/Q123278997,,,
1881,Lamphelpat,256,14,14-256-1881,,http://www.wikidata.org/entity/Q123278979,,,
1882,Wangoi,256,14,14-256-1882,,http://www.wikidata.org/entity/Q123278975,,,
1859,Paomata,257,14,14-257-1859,,http://www.wikidata.org/entity/Q123278999,,,
1860,Purul,257,14,14-257-1860,,http://www.wikidata.org/entity/Q123278991,,,
6483,Chilivai Phaibung,257,14,14-257-6483,,http://www.wikidata.org/entity/Q123279027,,,
6484,Song Song,257,14,14-257-6484,,http://www.wikidata.org/entity/Q123279011,,,
6485,Willong,257,14,14-257-6485,,http://www.wikidata.org/entity/Q123279022,,,
6508,Tadubi,257,14,14-257-6508,,http://www.wikidata.org/entity/Q123279007,,,
1864,Tamenglong West,258,14,14-258-1864,,http://www.wikidata.org/entity/Q123279005,,,
1865,Tamenglong North,258,14,14-258-1865,,http://www.wikidata.org/entity/Q123279019,,,
1866,Tamenglong,258,14,14-258-1866,,http://www.wikidata.org/entity/Q123279026,,,
1876,Lilong,259,14,14-259-1876,,http://www.wikidata.org/entity/Q123278998,,,
1877,Thoubal,259,14,14-259-1877,,http://www.wikidata.org/entity/Q123278983,,,
1887,Chingai,260,14,14-260-1887,,http://www.wikidata.org/entity/Q123278973,,,
1888,Ukhrul,260,14,14-260-1888,,http://www.wikidata.org/entity/Q123278993,,,
6481,Jessami,260,14,14-260-6481,,http://www.wikidata.org/entity/Q123279013,,,
6482,LM,260,14,14-260-6482,,http://www.wikidata.org/entity/Q123279016,,,
1878,Kakching,711,14,14-711-1878,,http://www.wikidata.org/entity/Q123278996,,,
6486,Waikhong,711,14,14-711-6486,,http://www.wikidata.org/entity/Q123279038,,,
1861,Kangpokpi,712,14,14-712-1861,,http://www.wikidata.org/entity/Q123279031,,,
1862,Saitu-Gamphazol,712,14,14-712-1862,,http://www.wikidata.org/entity/Q123278976,,,
6487,Island,712,14,14-712-6487,,http://www.wikidata.org/entity/Q123279018,,,
6488,Bungte Chiru,712,14,14-712-6488,,http://www.wikidata.org/entity/Q123279029,,,
6489,Champhai,712,14,14-712-6489,,http://www.wikidata.org/entity/Q123279006,,,
6492,T Vaichong,712,14,14-712-6492,,http://www.wikidata.org/entity/Q123278989,,,
6493,Saikul,712,14,14-712-6493,,http://www.wikidata.org/entity/Q123279004,,,
6495,Kangchup Geljang,712,14,14-712-6495,,http://www.wikidata.org/entity/Q123279008,,,
6497,Lhungtin,712,14,14-712-6497,,http://www.wikidata.org/entity/Q123278984,,,
1883,Jiribam,713,14,14-713-1883,,http://www.wikidata.org/entity/Q123278994,,,
6490,Borobekra,713,14,14-713-6490,,http://www.wikidata.org/entity/Q123279009,,,
1867,Nungba,714,14,14-714-1867,,http://www.wikidata.org/entity/Q123279032,,,
6038,Khoupum,714,14,14-714-6038,,http://www.wikidata.org/entity/Q123278988,,,
6039,Haochong,714,14,14-714-6039,,http://www.wikidata.org/entity/Q123279036,,,
6491,Longmai,714,14,14-714-6491,,http://www.wikidata.org/entity/Q123278995,,,
1868,Tipaimukh,715,14,14-715-1868,,http://www.wikidata.org/entity/Q123279041,,,
1869,Thanlon,715,14,14-715-1869,,http://www.wikidata.org/entity/Q123279015,,,
6507,Vangai Range,715,14,14-715-6507,,http://www.wikidata.org/entity/Q123279002,,,
1892,Machi,716,14,14-716-1892,,http://www.wikidata.org/entity/Q123279033,,,
1893,Tengnoupal,716,14,14-716-1893,,http://www.wikidata.org/entity/Q123278987,,,
6498,Moreh,716,14,14-716-6498,,http://www.wikidata.org/entity/Q123278977,,,
1889,Kamjong,717,14,14-717-1889,,http://www.wikidata.org/entity/Q123279000,,,
1890,Phungyar,717,14,14-717-1890,,http://www.wikidata.org/entity/Q123279024,,,
1891,Kasom Khullen,717,14,14-717-1891,,http://www.wikidata.org/entity/Q123279017,,,
6499,Sahamphung,717,14,14-717-6499,,http://www.wikidata.org/entity/Q123279040,,,
1901,Tlangnuam block,261,15,15-261-1901,,http://www.wikidata.org/entity/Q123278863,,,
1902,Darlawn block,261,15,15-261-1902,,http://www.wikidata.org/entity/Q123278853,,,
1904,Aibawk block,261,15,15-261-1904,,http://www.wikidata.org/entity/Q123278855,,,
1905,Thingsulthliah block,261,15,15-261-1905,,http://www.wikidata.org/entity/Q123278851,,,
1908,Champhai block,262,15,15-262-1908,,http://www.wikidata.org/entity/Q123278872,,,
1909,Khawbung block,262,15,15-262-1909,,http://www.wikidata.org/entity/Q123278859,,,
1899,'N' Thingdawl block,263,15,15-263-1899,,http://www.wikidata.org/entity/Q123278866,,,
1900,Bilkhawthlir block,263,15,15-263-1900,,http://www.wikidata.org/entity/Q123278846,,,
1916,Chawngte block,264,15,15-264-1916,,http://www.wikidata.org/entity/Q123278857,,,
1917,Lawngtlai block,264,15,15-264-1917,,http://www.wikidata.org/entity/Q123278871,,,
1918,S' Bungtlang block,264,15,15-264-1918,,http://www.wikidata.org/entity/Q123278862,,,
1919,Sangau block,264,15,15-264-1919,,http://www.wikidata.org/entity/Q123278868,,,
1912,Bunghmun block,265,15,15-265-1912,,http://www.wikidata.org/entity/Q123278849,,,
1913,Lungsen block,265,15,15-265-1913,,http://www.wikidata.org/entity/Q123278850,,,
1914,Lunglei block,265,15,15-265-1914,,http://www.wikidata.org/entity/Q123278860,,,
7358,Tlabung block,265,15,15-265-7358,,http://www.wikidata.org/entity/Q123278854,,,
1896,Zawlnuam block,266,15,15-266-1896,,http://www.wikidata.org/entity/Q123278852,,,
1897,West Phaileng block,266,15,15-266-1897,,http://www.wikidata.org/entity/Q123278864,,,
1898,Reiek block,266,15,15-266-1898,,http://www.wikidata.org/entity/Q123278867,,,
7342,Kawrtethawveng block,266,15,15-266-7342,,http://www.wikidata.org/entity/Q123278858,,,
1920,Tipa block,267,15,15-267-1920,,http://www.wikidata.org/entity/Q123278865,,,
1921,Siaha block,267,15,15-267-1921,,http://www.wikidata.org/entity/Q123278856,,,
1910,Serchhip block,268,15,15-268-1910,,http://www.wikidata.org/entity/Q123278869,,,
1911,East Lungdar block,268,15,15-268-1911,,http://www.wikidata.org/entity/Q123278847,,,
1915,Hnahthial block,726,15,15-726-1915,,http://www.wikidata.org/entity/Q123278861,,,
1903,Phullen block,727,15,15-727-1903,,http://www.wikidata.org/entity/Q123278848,,,
1906,Ngopa block,727,15,15-727-1906,,http://www.wikidata.org/entity/Q123278870,,,
1907,Khawzawl block,728,15,15-728-1907,,http://www.wikidata.org/entity/Q123278845,,,
6681,Kamalpur,269,16,16-269-6681,,http://www.wikidata.org/entity/Q123278816,,,
6686,Gonda Twisa,269,16,16-269-6686,,http://www.wikidata.org/entity/Q123278822,,,
6692,Longtharai Valley,269,16,16-269-6692,,http://www.wikidata.org/entity/Q123278830,,,
6697,Ambassa,269,16,16-269-6697,,http://www.wikidata.org/entity/Q123278835,,,
6678,Panisagar,270,16,16-270-6678,,http://www.wikidata.org/entity/Q123278815,,,
6685,Kanchanpur,270,16,16-270-6685,,http://www.wikidata.org/entity/Q123278826,,,
6691,Dharmanagar,270,16,16-270-6691,,http://www.wikidata.org/entity/Q123278814,,,
6683,Santirbazar,271,16,16-271-6683,,http://www.wikidata.org/entity/Q123278823,,,
6687,Belonia,271,16,16-271-6687,,http://www.wikidata.org/entity/Q123278831,,,
6688,Sabroom,271,16,16-271-6688,,http://www.wikidata.org/entity/Q123278834,,,
6679,Jirania,272,16,16-272-6679,,http://www.wikidata.org/entity/Q123278820,,,
6689,Mohanpur,272,16,16-272-6689,,http://www.wikidata.org/entity/Q123278825,,,
6696,Sadar,272,16,16-272-6696,,http://www.wikidata.org/entity/Q123278827,,,
6684,Khowai,652,16,16-652-6684,,http://www.wikidata.org/entity/Q123278829,,,
6698,Teliamura,652,16,16-652-6698,,http://www.wikidata.org/entity/Q123278824,,,
6677,Jampuijala,653,16,16-653-6677,,http://www.wikidata.org/entity/Q123278833,,,
6680,Sonamura,653,16,16-653-6680,,http://www.wikidata.org/entity/Q24935673,,,
6699,Bishalgarh,653,16,16-653-6699,,http://www.wikidata.org/entity/Q123278821,,,
6690,Karbook,654,16,16-654-6690,,http://www.wikidata.org/entity/Q123278819,,,
6693,Udaipur,654,16,16-654-6693,,http://www.wikidata.org/entity/Q123278813,,,
6695,Amarpur,654,16,16-654-6695,,http://www.wikidata.org/entity/Q123278818,,,
6682,Kailashahar,655,16,16-655-6682,,http://www.wikidata.org/entity/Q123278828,,,
6694,Kumarghat,655,16,16-655-6694,,http://www.wikidata.org/entity/Q123278832,,,
1971,Dambo Rongjeng block,273,17,17-273-1971,,http://www.wikidata.org/entity/Q123278928,,,
1973,Songsak block,273,17,17-273-1973,,http://www.wikidata.org/entity/Q123278907,,,
1974,Samanda block,273,17,17-273-1974,,http://www.wikidata.org/entity/Q123278915,,,
1988,Mawphlang block,274,17,17-274-1988,,http://www.wikidata.org/entity/Q123278937,,,
1989,Mylliem block,274,17,17-274-1989,,http://www.wikidata.org/entity/Q123278931,,,
1990,Mawryngkneng block,274,17,17-274-1990,,http://www.wikidata.org/entity/Q123278932,,,
1991,Mawkynrew block,274,17,17-274-1991,,http://www.wikidata.org/entity/Q123278899,,,
1992,Khatarshnong Laitkroh block,274,17,17-274-1992,,http://www.wikidata.org/entity/Q123278910,,,
1993,Mawsynram block,274,17,17-274-1993,,http://www.wikidata.org/entity/Q2708616,,,
1994,Shella Bholaganj block,274,17,17-274-1994,,http://www.wikidata.org/entity/Q123278935,,,
1995,Pynursla block,274,17,17-274-1995,,http://www.wikidata.org/entity/Q123278886,,,
6540,Mawlai block,274,17,17-274-6540,,http://www.wikidata.org/entity/Q123278905,,,
6541,Mawpat block,274,17,17-274-6541,,http://www.wikidata.org/entity/Q123278927,,,
6542,Sohiong block,274,17,17-274-6542,,http://www.wikidata.org/entity/Q123278884,,,
1996,Thadlaskein block,275,17,17-275-1996,,http://www.wikidata.org/entity/Q123278938,,,
1997,Laskein block,275,17,17-275-1997,,http://www.wikidata.org/entity/Q123278923,,,
1998,Amlarem block,275,17,17-275-1998,,http://www.wikidata.org/entity/Q123278891,,,
7335,Namdong block,275,17,17-275-7335,,http://www.wikidata.org/entity/Q123278909,,,
1985,Umling block,276,17,17-276-1985,,http://www.wikidata.org/entity/Q123278889,,,
1986,Jirang block,276,17,17-276-1986,,http://www.wikidata.org/entity/Q123278930,,,
1987,Umsning block,276,17,17-276-1987,,http://www.wikidata.org/entity/Q123278890,,,
6543,Bhoirymbong block,276,17,17-276-6543,,http://www.wikidata.org/entity/Q123278924,,,
7456,Mawhati Block,276,17,17-276-7456,,http://www.wikidata.org/entity/Q135553543,,,
1975,Chokpot block,277,17,17-277-1975,,http://www.wikidata.org/entity/Q123278901,,,
1976,Gasuapara block,277,17,17-277-1976,,http://www.wikidata.org/entity/Q123278940,,,
1977,Baghmara block,277,17,17-277-1977,,http://www.wikidata.org/entity/Q123285311,,,
1978,Rongara block,277,17,17-277-1978,,http://www.wikidata.org/entity/Q123278908,,,
7332,Siju block,277,17,17-277-7332,,http://www.wikidata.org/entity/Q123278936,,,
1962,Selsella block,278,17,17-278-1962,,http://www.wikidata.org/entity/Q123278914,,,
1963,Dadenggiri block,278,17,17-278-1963,,http://www.wikidata.org/entity/Q123278892,,,
1964,Tikrikilla block,278,17,17-278-1964,,http://www.wikidata.org/entity/Q123278900,,,
1965,Rongram block,278,17,17-278-1965,,http://www.wikidata.org/entity/Q123278896,,,
1968,Gambegre block,278,17,17-278-1968,,http://www.wikidata.org/entity/Q123278911,,,
1969,Dalu block,278,17,17-278-1969,,http://www.wikidata.org/entity/Q123278906,,,
6546,Demdema block,278,17,17-278-6546,,http://www.wikidata.org/entity/Q123278918,,,
7339,Batabari block,278,17,17-278-7339,,http://www.wikidata.org/entity/Q123278925,,,
1979,Mawshynrut block,279,17,17-279-1979,,http://www.wikidata.org/entity/Q123278916,,,
1980,Nongstoin block,279,17,17-279-1980,,http://www.wikidata.org/entity/Q123278903,,,
7333,Rambrai block,279,17,17-279-7333,,http://www.wikidata.org/entity/Q123278893,,,
7336,Ri Muliang block,279,17,17-279-7336,,http://www.wikidata.org/entity/Q123278904,,,
7338,Shallang block,279,17,17-279-7338,,http://www.wikidata.org/entity/Q123278922,,,
1970,Resubelpara block,656,17,17-656-1970,,http://www.wikidata.org/entity/Q123278894,,,
1972,Kharkutta block,656,17,17-656-1972,,http://www.wikidata.org/entity/Q123278888,,,
6544,Bajengdoba block,656,17,17-656-6544,,http://www.wikidata.org/entity/Q123278897,,,
7334,Adokgre block,656,17,17-656-7334,,http://www.wikidata.org/entity/Q123278895,,,
1999,Wapung block,657,17,17-657-1999,,http://www.wikidata.org/entity/Q123278917,,,
2000,Saipung block,657,17,17-657-2000,,http://www.wikidata.org/entity/Q123278933,,,
7337,Lumshnong block,657,17,17-657-7337,,http://www.wikidata.org/entity/Q123278934,,,
1983,Ranikor block,658,17,17-658-1983,,http://www.wikidata.org/entity/Q123278898,,,
1984,Mawkyrwat block,658,17,17-658-1984,,http://www.wikidata.org/entity/Q123278919,,,
1966,Betasing block,663,17,17-663-1966,,http://www.wikidata.org/entity/Q123278913,,,
1967,Zikzak block,663,17,17-663-1967,,http://www.wikidata.org/entity/Q123278920,,,
6545,Rerapara block,663,17,17-663-6545,,http://www.wikidata.org/entity/Q123278887,,,
7418,Purakhasia Block,663,17,17-663-7418,,http://www.wikidata.org/entity/Q130312769,,,
1981,Mawthadraishan block,740,17,17-740-1981,,http://www.wikidata.org/entity/Q123278921,,,
1982,Mairang block,740,17,17-740-1982,,http://www.wikidata.org/entity/Q123278926,,,
2018,Barnagar (Pt) circle,280,18,18-280-2018,,http://www.wikidata.org/entity/Q123268835,,,
2019,Kalgachia circle,280,18,18-280-2019,,http://www.wikidata.org/entity/Q123268809,,,
2020,Baghbor circle,280,18,18-280-2020,,http://www.wikidata.org/entity/Q123268820,,,
2021,Chenga circle,280,18,18-280-2021,,http://www.wikidata.org/entity/Q123268958,,,
2022,Barpeta circle,280,18,18-280-2022,,http://www.wikidata.org/entity/Q123268855,,,
2023,Sarthebari circle,280,18,18-280-2023,,http://www.wikidata.org/entity/Q123268816,,,
2110,Bongaigaon (Pt) circle,281,18,18-281-2110,,http://www.wikidata.org/entity/Q123268899,,,
2111,Boitamari circle,281,18,18-281-2111,,http://www.wikidata.org/entity/Q123268803,,,
2112,Srijangram circle,281,18,18-281-2112,,http://www.wikidata.org/entity/Q123268787,,,
7110,Dangtal circle,281,18,18-281-7110,,http://www.wikidata.org/entity/Q123268867,,,
7199,Manikpur circle,281,18,18-281-7199,,http://www.wikidata.org/entity/Q123268962,,,
2096,Katigora circle,282,18,18-282-2096,,http://www.wikidata.org/entity/Q123268938,,,
2097,Silchar circle,282,18,18-282-2097,,http://www.wikidata.org/entity/Q123268911,,,
2098,Udarbond circle,282,18,18-282-2098,,http://www.wikidata.org/entity/Q123268868,,,
2099,Sonai circle,282,18,18-282-2099,,http://www.wikidata.org/entity/Q123268881,,,
2100,Lakhipur circle,282,18,18-282-2100,,http://www.wikidata.org/entity/Q123268799,,,
2146,Pathorighat (Pt) circle,283,18,18-283-2146,,http://www.wikidata.org/entity/Q123268792,,,
2147,Sipajhar circle,283,18,18-283-2147,,http://www.wikidata.org/entity/Q123268871,,,
2148,Mangaldoi (Pt) circle,283,18,18-283-2148,,http://www.wikidata.org/entity/Q123268891,,,
2149,Dalgaon (Pt) circle,283,18,18-283-2149,,http://www.wikidata.org/entity/Q123268936,,,
7415,Pub Mangaldai Circle,283,18,18-283-7415,,http://www.wikidata.org/entity/Q128947114,,,
2055,Dhemaji circle,284,18,18-284-2055,,http://www.wikidata.org/entity/Q123268797,,,
2056,Sissibargaon circle,284,18,18-284-2056,,http://www.wikidata.org/entity/Q123268932,,,
2057,Jonai circle,284,18,18-284-2057,,http://www.wikidata.org/entity/Q123268907,,,
2058,Gogamukh circle,284,18,18-284-2058,,http://www.wikidata.org/entity/Q123268877,,,
2006,Agamoni circle,285,18,18-285-2006,,http://www.wikidata.org/entity/Q123268837,,,
6014,Dhubri circle,285,18,18-285-6014,,http://www.wikidata.org/entity/Q123268804,,,
6015,Golakganj Pt circle,285,18,18-285-6015,,http://www.wikidata.org/entity/Q123268848,,,
6018,Bilasipara Pt circle,285,18,18-285-6018,,http://www.wikidata.org/entity/Q123268892,,,
6019,Chapar Pt circle,285,18,18-285-6019,,http://www.wikidata.org/entity/Q123268935,,,
7115,Gauripur circle,285,18,18-285-7115,,http://www.wikidata.org/entity/Q123268793,,,
7116,Athani circle,285,18,18-285-7116,,http://www.wikidata.org/entity/Q123268833,,,
7417,South Salmara Pt Circle,285,18,18-285-7417,,http://www.wikidata.org/entity/Q129831859,,,
2063,Dibrugarh West circle,286,18,18-286-2063,,http://www.wikidata.org/entity/Q123268883,,,
2064,Dibrugarh East circle,286,18,18-286-2064,,http://www.wikidata.org/entity/Q123268884,,,
2065,Chabua circle,286,18,18-286-2065,,http://www.wikidata.org/entity/Q123268863,,,
2066,Tengakhat circle,286,18,18-286-2066,,http://www.wikidata.org/entity/Q123268914,,,
2067,Moran circle,286,18,18-286-2067,,http://www.wikidata.org/entity/Q123268915,,,
2068,Tingkhong circle,286,18,18-286-2068,,http://www.wikidata.org/entity/Q123268957,,,
2069,Naharkatiya circle,286,18,18-286-2069,,http://www.wikidata.org/entity/Q123268856,,,
2013,Lakhipur circle,287,18,18-287-2013,,http://www.wikidata.org/entity/Q123268943,,,
2014,Balijana circle,287,18,18-287-2014,,http://www.wikidata.org/entity/Q123268894,,,
2015,Matia circle,287,18,18-287-2015,,http://www.wikidata.org/entity/Q123268805,,,
2016,Dudhnai circle,287,18,18-287-2016,,http://www.wikidata.org/entity/Q123268951,,,
2017,Rangjuli circle,287,18,18-287-2017,,http://www.wikidata.org/entity/Q123268829,,,
2082,Bokakhat circle,288,18,18-288-2082,,http://www.wikidata.org/entity/Q123268858,,,
2083,Khumtai circle,288,18,18-288-2083,,http://www.wikidata.org/entity/Q123268827,,,
2084,Dergaon circle,288,18,18-288-2084,,http://www.wikidata.org/entity/Q123268898,,,
2085,Golaghat circle,288,18,18-288-2085,,http://www.wikidata.org/entity/Q123268865,,,
2086,Morangi circle,288,18,18-288-2086,,http://www.wikidata.org/entity/Q123268933,,,
2087,Sarupathar circle,288,18,18-288-2087,,http://www.wikidata.org/entity/Q123268808,,,
2106,Algapur circle,289,18,18-289-2106,,http://www.wikidata.org/entity/Q123268815,,,
2107,Hailakandi circle,289,18,18-289-2107,,http://www.wikidata.org/entity/Q123268961,,,
2108,Lala circle,289,18,18-289-2108,,http://www.wikidata.org/entity/Q123268828,,,
2109,Katlichara circle,289,18,18-289-2109,,http://www.wikidata.org/entity/Q123268840,,,
2077,Jorhat West circle,290,18,18-290-2077,,http://www.wikidata.org/entity/Q123268849,,,
2078,Jorhat East circle,290,18,18-290-2078,,http://www.wikidata.org/entity/Q123268788,,,
2079,Teok circle,290,18,18-290-2079,,http://www.wikidata.org/entity/Q123268796,,,
2080,Titabor circle,290,18,18-290-2080,,http://www.wikidata.org/entity/Q123268818,,,
2081,Mariani circle,290,18,18-290-2081,,http://www.wikidata.org/entity/Q123268960,,,
2117,Koya circle,291,18,18-291-2117,,http://www.wikidata.org/entity/Q123268798,,,
2118,Kamalpur circle,291,18,18-291-2118,,http://www.wikidata.org/entity/Q123268947,,,
2119,Hajo circle,291,18,18-291-2119,,http://www.wikidata.org/entity/Q123268900,,,
2120,Chhaygaon circle,291,18,18-291-2120,,http://www.wikidata.org/entity/Q123268814,,,
2121,Goroimari circle,291,18,18-291-2121,,http://www.wikidata.org/entity/Q123268944,,,
2122,Chamaria circle,291,18,18-291-2122,,http://www.wikidata.org/entity/Q123268905,,,
2123,Nagarbera circle,291,18,18-291-2123,,http://www.wikidata.org/entity/Q123268882,,,
2124,Boko circle,291,18,18-291-2124,,http://www.wikidata.org/entity/Q123268844,,,
2125,Palasbari circle,291,18,18-291-2125,,http://www.wikidata.org/entity/Q123268920,,,
2126,North Guwahati circle,291,18,18-291-2126,,http://www.wikidata.org/entity/Q123268878,,,
5934,Rangia circle,291,18,18-291-5934,,http://www.wikidata.org/entity/Q123268813,,,
2089,Diphu circle,292,18,18-292-2089,,http://www.wikidata.org/entity/Q123268826,,,
2090,Phuloni circle,292,18,18-292-2090,,http://www.wikidata.org/entity/Q123268946,,,
2091,Silonijan circle,292,18,18-292-2091,,http://www.wikidata.org/entity/Q123268811,,,
2101,Karimganj circle,293,18,18-293-2101,,http://www.wikidata.org/entity/Q123268950,,,
2102,Badarpur circle,293,18,18-293-2102,,http://www.wikidata.org/entity/Q123268866,,,
2103,Nilambazar circle,293,18,18-293-2103,,http://www.wikidata.org/entity/Q123268913,,,
2104,Patharkandi circle,293,18,18-293-2104,,http://www.wikidata.org/entity/Q123268956,,,
2105,Ramkrishna Nagar circle,293,18,18-293-2105,,http://www.wikidata.org/entity/Q123268909,,,
2001,Gossaigaon (Pt) circle,294,18,18-294-2001,,http://www.wikidata.org/entity/Q123268832,,,
2002,Bhowraguri circle,294,18,18-294-2002,,http://www.wikidata.org/entity/Q123268801,,,
2003,Dotoma circle,294,18,18-294-2003,,http://www.wikidata.org/entity/Q123268930,,,
2005,Bagribari (Pt) circle,294,18,18-294-2005,,http://www.wikidata.org/entity/Q123268893,,,
6403,Kokrajhar circle,294,18,18-294-6403,,http://www.wikidata.org/entity/Q123268790,,,
2048,Narayanpur circle,295,18,18-295-2048,,http://www.wikidata.org/entity/Q123268929,,,
2049,Bihpuria circle,295,18,18-295-2049,,http://www.wikidata.org/entity/Q123268843,,,
2050,Naobaicha circle,295,18,18-295-2050,,http://www.wikidata.org/entity/Q123268819,,,
2051,Kadam circle,295,18,18-295-2051,,http://www.wikidata.org/entity/Q123268879,,,
2052,North Lakhimpur circle,295,18,18-295-2052,,http://www.wikidata.org/entity/Q123268918,,,
2053,Dhakuakhana (Pt-I) circle,295,18,18-295-2053,,http://www.wikidata.org/entity/Q123268939,,,
2054,Subansiri (Pt-I) circle,295,18,18-295-2054,,http://www.wikidata.org/entity/Q123268948,,,
2026,Mayong circle,296,18,18-296-2026,,http://www.wikidata.org/entity/Q123268870,,,
2027,Bhuragaon circle,296,18,18-296-2027,,http://www.wikidata.org/entity/Q123268834,,,
2028,Laharighat circle,296,18,18-296-2028,,http://www.wikidata.org/entity/Q123268937,,,
2029,Marigaon circle,296,18,18-296-2029,,http://www.wikidata.org/entity/Q123268885,,,
2030,Mikirbheta circle,296,18,18-296-2030,,http://www.wikidata.org/entity/Q123268852,,,
2031,Kaliabor circle,297,18,18-297-2031,,http://www.wikidata.org/entity/Q123268873,,,
2032,Samaguri circle,297,18,18-297-2032,,http://www.wikidata.org/entity/Q123268859,,,
2033,Rupahi circle,297,18,18-297-2033,,http://www.wikidata.org/entity/Q123268794,,,
2034,Dhing circle,297,18,18-297-2034,,http://www.wikidata.org/entity/Q123268940,,,
2035,Nagaon circle,297,18,18-297-2035,,http://www.wikidata.org/entity/Q123268916,,,
2036,Raha circle,297,18,18-297-2036,,http://www.wikidata.org/entity/Q123268807,,,
2037,Kampur circle,297,18,18-297-2037,,http://www.wikidata.org/entity/Q123268901,,,
2132,Tihu (Pt) circle,298,18,18-298-2132,,http://www.wikidata.org/entity/Q123268890,,,
2133,Pachim Nalbari circle,298,18,18-298-2133,,http://www.wikidata.org/entity/Q123268850,,,
2134,Barkhetri circle,298,18,18-298-2134,,http://www.wikidata.org/entity/Q123268945,,,
2135,Barbhag circle,298,18,18-298-2135,,http://www.wikidata.org/entity/Q123268869,,,
2136,Nalbari circle,298,18,18-298-2136,,http://www.wikidata.org/entity/Q123268853,,,
2137,Banekuchi circle,298,18,18-298-2137,,http://www.wikidata.org/entity/Q123268925,,,
2138,Ghograpar (Pt) circle,298,18,18-298-2138,,http://www.wikidata.org/entity/Q123268949,,,
2093,Haflong circle,299,18,18-299-2093,,http://www.wikidata.org/entity/Q123268908,,,
2070,Dimow circle,300,18,18-300-2070,,http://www.wikidata.org/entity/Q123268903,,,
2071,Sibsagar circle,300,18,18-300-2071,,http://www.wikidata.org/entity/Q123268810,,,
2072,Amguri circle,300,18,18-300-2072,,http://www.wikidata.org/entity/Q123268888,,,
2073,Nazira circle,300,18,18-300-2073,,http://www.wikidata.org/entity/Q123268921,,,
2041,Dhekiajuli (Pt) circle,301,18,18-301-2041,,http://www.wikidata.org/entity/Q123268846,,,
2042,Chariduar circle,301,18,18-301-2042,,http://www.wikidata.org/entity/Q123268845,,,
2043,Tezpur circle,301,18,18-301-2043,,http://www.wikidata.org/entity/Q123268831,,,
7049,Thelamara circle,301,18,18-301-7049,,http://www.wikidata.org/entity/Q123268857,,,
7416,Naduar Circle,301,18,18-301-7416,,http://www.wikidata.org/entity/Q129263718,,,
2059,Sadiya circle,302,18,18-302-2059,,http://www.wikidata.org/entity/Q123268802,,,
2060,Doom Dooma circle,302,18,18-302-2060,,http://www.wikidata.org/entity/Q123268824,,,
2061,Tinsukia circle,302,18,18-302-2061,,http://www.wikidata.org/entity/Q123268897,,,
2062,Margherita circle,302,18,18-302-2062,,http://www.wikidata.org/entity/Q123268800,,,
2113,Bengtol circle,612,18,18-612-2113,,http://www.wikidata.org/entity/Q123268812,,,
2114,Sidli (Pt) circle,612,18,18-612-2114,,http://www.wikidata.org/entity/Q123268886,,,
2115,Bijni (Pt) circle,612,18,18-612-2115,,http://www.wikidata.org/entity/Q123268931,,,
2139,Baganpara (Pt) circle,616,18,18-616-2139,,http://www.wikidata.org/entity/Q123268830,,,
2140,Jalah (Pt) circle,616,18,18-616-2140,,http://www.wikidata.org/entity/Q123268953,,,
2141,Goreswar (Pt) circle,616,18,18-616-2141,,http://www.wikidata.org/entity/Q123268822,,,
2143,Baska circle,616,18,18-616-2143,,http://www.wikidata.org/entity/Q123268955,,,
5935,Barama Pt circle,616,18,18-616-5935,,http://www.wikidata.org/entity/Q123268842,,,
2151,Harisinga circle,617,18,18-617-2151,,http://www.wikidata.org/entity/Q123268854,,,
2152,Udalguri circle,617,18,18-617-2152,,http://www.wikidata.org/entity/Q123268789,,,
2153,Mazbat circle,617,18,18-617-2153,,http://www.wikidata.org/entity/Q123268838,,,
6427,Kalaigaon circle,617,18,18-617-6427,,http://www.wikidata.org/entity/Q123268872,,,
6428,Khoirabari circle,617,18,18-617-6428,,http://www.wikidata.org/entity/Q123268860,,,
2127,Azara circle,618,18,18-618-2127,,http://www.wikidata.org/entity/Q123268954,,,
2128,Guwahati circle,618,18,18-618-2128,,http://www.wikidata.org/entity/Q123268910,,,
2129,Dispur circle,618,18,18-618-2129,,http://www.wikidata.org/entity/Q123268922,,,
2130,Sonapur circle,618,18,18-618-2130,,http://www.wikidata.org/entity/Q123268926,,,
2131,Chandrapur circle,618,18,18-618-2131,,http://www.wikidata.org/entity/Q123268874,,,
2044,Na-Duar circle,705,18,18-705-2044,,http://www.wikidata.org/entity/Q123268889,,,
2045,Biswanath circle,705,18,18-705-2045,,http://www.wikidata.org/entity/Q123268825,,,
2046,Helem circle,705,18,18-705-2046,,http://www.wikidata.org/entity/Q123268839,,,
2047,Gohpur circle,705,18,18-705-2047,,http://www.wikidata.org/entity/Q123268895,,,
2076,Majuli circle,706,18,18-706-2076,,http://www.wikidata.org/entity/Q123268876,,,
7114,Ujani Majuli circle,706,18,18-706-7114,,http://www.wikidata.org/entity/Q123268806,,,
2011,South Salmara circle,707,18,18-707-2011,,http://www.wikidata.org/entity/Q123268862,,,
2012,Mankachar circle,707,18,18-707-2012,,http://www.wikidata.org/entity/Q123268941,,,
2074,Sonari circle,708,18,18-708-2074,,http://www.wikidata.org/entity/Q123268795,,,
2075,Mahmora circle,708,18,18-708-2075,,http://www.wikidata.org/entity/Q123268904,,,
7054,Sapekhati circle,708,18,18-708-7054,,http://www.wikidata.org/entity/Q123268880,,,
2038,Hojai circle,709,18,18-709-2038,,http://www.wikidata.org/entity/Q123268836,,,
2039,Doboka circle,709,18,18-709-2039,,http://www.wikidata.org/entity/Q123268875,,,
2040,Lanka circle,709,18,18-709-2040,,http://www.wikidata.org/entity/Q123268959,,,
2088,Donka circle,710,18,18-710-2088,,http://www.wikidata.org/entity/Q123268927,,,
2024,Bajali (Pt) circle,739,18,18-739-2024,,http://www.wikidata.org/entity/Q123268924,,,
2025,Sarupeta (Pt) circle,739,18,18-739-2025,,http://www.wikidata.org/entity/Q123268934,,,
2144,Tamulpur circle,756,18,18-756-2144,,http://www.wikidata.org/entity/Q123268823,,,
2316,Bagdah community development block,303,19,19-303-2316,,http://www.wikidata.org/entity/Q4841516,,,
2317,Bangaon community development block,303,19,19-303-2317,,http://www.wikidata.org/entity/Q4855095,,,
2318,Gaighata block,303,19,19-303-2318,,http://www.wikidata.org/entity/Q5517019,,,
2319,Swarupnagar community development block,303,19,19-303-2319,,http://www.wikidata.org/entity/Q7653966,,,
2320,Habra I community development block,303,19,19-303-2320,,http://www.wikidata.org/entity/Q5636930,,,
2321,Habra II community development block,303,19,19-303-2321,,http://www.wikidata.org/entity/Q5636926,,,
2322,Amdanga community development block,303,19,19-303-2322,,http://www.wikidata.org/entity/Q4742058,,,
2323,Barrackpore I community development block,303,19,19-303-2323,,http://www.wikidata.org/entity/Q4863174,,,
2324,Barrackpore II community development block,303,19,19-303-2324,,http://www.wikidata.org/entity/Q4863170,,,
2325,Barasat I community development block,303,19,19-303-2325,,http://www.wikidata.org/entity/Q4858452,,,
2326,Barasat II community development block,303,19,19-303-2326,,http://www.wikidata.org/entity/Q4858450,,,
2327,Deganga community development block,303,19,19-303-2327,,http://www.wikidata.org/entity/Q5251753,,,
2328,Baduria community development block,303,19,19-303-2328,,http://www.wikidata.org/entity/Q4841177,,,
2329,Basirhat I community development block,303,19,19-303-2329,,http://www.wikidata.org/entity/Q4867562,,,
2330,Basirhat II community development block,303,19,19-303-2330,,http://www.wikidata.org/entity/Q4867560,,,
2331,Haroa community development block,303,19,19-303-2331,,http://www.wikidata.org/entity/Q5659809,,,
2332,Rajarhat community development block,303,19,19-303-2332,,http://www.wikidata.org/entity/Q7285792,,,
2333,Minakhan community development block,303,19,19-303-2333,,http://www.wikidata.org/entity/Q6862788,,,
2334,Sandeshkhali I community development block,303,19,19-303-2334,,http://www.wikidata.org/entity/Q7416179,,,
2335,Sandeshkhali II community development block,303,19,19-303-2335,,http://www.wikidata.org/entity/Q7416180,,,
2336,Hasnabad community development block,303,19,19-303-2336,,http://www.wikidata.org/entity/Q5679368,,,
2337,Hingalganj  community development block,303,19,19-303-2337,,http://www.wikidata.org/entity/Q15224162,,,
2412,Thakurpukur Maheshtala community development block,304,19,19-304-2412,,http://www.wikidata.org/entity/Q7709441,,,
2413,Budge Budge I community development block,304,19,19-304-2413,,http://www.wikidata.org/entity/Q4985012,,,
2414,Budge Budge II community development block,304,19,19-304-2414,,http://www.wikidata.org/entity/Q4985010,,,
2415,Bishnupur I  community development block,304,19,19-304-2415,,http://www.wikidata.org/entity/Q4917383,,,
2416,Bishnupur II community development block,304,19,19-304-2416,,http://www.wikidata.org/entity/Q4917382,,,
2417,Sonarpur community development block,304,19,19-304-2417,,http://www.wikidata.org/entity/Q7560812,,,
2418,Bhangar I community development block,304,19,19-304-2418,,http://www.wikidata.org/entity/Q4901012,,,
2419,Bhangar II community development block,304,19,19-304-2419,,http://www.wikidata.org/entity/Q4901010,,,
2420,Canning I community development block,304,19,19-304-2420,,http://www.wikidata.org/entity/Q5032688,,,
2421,Canning II community development block,304,19,19-304-2421,,http://www.wikidata.org/entity/Q5032687,,,
2422,Baruipur community development block,304,19,19-304-2422,,http://www.wikidata.org/entity/Q4865889,,,
2423,Magrahat II community development block,304,19,19-304-2423,,http://www.wikidata.org/entity/Q6732432,,,
2424,Magrahat I community development block,304,19,19-304-2424,,http://www.wikidata.org/entity/Q6732434,,,
2425,Falta community development block,304,19,19-304-2425,,http://www.wikidata.org/entity/Q5432813,,,
2426,Diamond Harbour I community development block,304,19,19-304-2426,,http://www.wikidata.org/entity/Q5270810,,,
2427,Diamond Harbour II community development block,304,19,19-304-2427,,http://www.wikidata.org/entity/Q5270809,,,
2428,Kulpi community development block,304,19,19-304-2428,,http://www.wikidata.org/entity/Q6443208,,,
2429,Mandirbazar community development block,304,19,19-304-2429,,http://www.wikidata.org/entity/Q6748098,,,
2430,Mathurapur I community development block,304,19,19-304-2430,,http://www.wikidata.org/entity/Q6787370,,,
2431,Jaynagar I community development block,304,19,19-304-2431,,http://www.wikidata.org/entity/Q6167865,,,
2432,Jaynagar II community development block,304,19,19-304-2432,,http://www.wikidata.org/entity/Q6167864,,,
2433,Kultali community development block,304,19,19-304-2433,,http://www.wikidata.org/entity/Q6443226,,,
2434,Basanti community development block,304,19,19-304-2434,,http://www.wikidata.org/entity/Q4866247,,,
2435,Gosaba community development block,304,19,19-304-2435,,http://www.wikidata.org/entity/Q5587121,,,
2436,Mathurapur II community development block,304,19,19-304-2436,,http://www.wikidata.org/entity/Q6787366,,,
2437,Kakdwip community development block,304,19,19-304-2437,,http://www.wikidata.org/entity/Q6349335,,,
2438,Sagar community development block,304,19,19-304-2438,,http://www.wikidata.org/entity/Q7399006,,,
2439,Namkhana community development block,304,19,19-304-2439,,http://www.wikidata.org/entity/Q3335474,,,
2440,Patharpratima community development block,304,19,19-304-2440,,http://www.wikidata.org/entity/Q7144727,,,
2356,Saltora community development block,305,19,19-305-2356,,http://www.wikidata.org/entity/Q7406185,,,
2357,Mejia community development block,305,19,19-305-2357,,http://www.wikidata.org/entity/Q6810483,,,
2358,Gangajalghati community development block,305,19,19-305-2358,,http://www.wikidata.org/entity/Q5521037,,,
2359,Chhatna community development block,305,19,19-305-2359,,http://www.wikidata.org/entity/Q5094813,,,
2360,Indpur community development block,305,19,19-305-2360,,http://www.wikidata.org/entity/Q6026767,,,
2361,Bankura I community development block,305,19,19-305-2361,,http://www.wikidata.org/entity/Q4856804,,,
2362,Bankura II community development block,305,19,19-305-2362,,http://www.wikidata.org/entity/Q4856802,,,
2363,Barjora community development block,305,19,19-305-2363,,http://www.wikidata.org/entity/Q15196766,,,
2364,Sonamukhi community development block,305,19,19-305-2364,,http://www.wikidata.org/entity/Q7560785,,,
2365,Patrasayer community development block,305,19,19-305-2365,,http://www.wikidata.org/entity/Q7145224,,,
2366,Indas community development block,305,19,19-305-2366,,http://www.wikidata.org/entity/Q6015695,,,
2367,Kotulpur community development block,305,19,19-305-2367,,http://www.wikidata.org/entity/Q6434377,,,
2368,Joypur community development block,305,19,19-305-2368,,http://www.wikidata.org/entity/Q6297786,,,
2369,Bishnupur community development block,305,19,19-305-2369,,http://www.wikidata.org/entity/Q4917376,,,
2370,Onda community development block,305,19,19-305-2370,,http://www.wikidata.org/entity/Q7092141,,,
2371,Taldangra community development block,305,19,19-305-2371,,http://www.wikidata.org/entity/Q7679094,,,
2372,Simlapal community development block,305,19,19-305-2372,,http://www.wikidata.org/entity/Q7517922,,,
2373,Khatra community development block,305,19,19-305-2373,,http://www.wikidata.org/entity/Q16893317,,,
2374,Hirbandh community development block,305,19,19-305-2374,,http://www.wikidata.org/entity/Q5769561,,,
2375,Ranibandh community development block,305,19,19-305-2375,,http://www.wikidata.org/entity/Q7293019,,,
2376,Raipur community development block,305,19,19-305-2376,,http://www.wikidata.org/entity/Q15271380,,,
2377,Sarenga community development block,305,19,19-305-2377,,http://www.wikidata.org/entity/Q7423856,,,
2276,Ausgram II community development block,306,19,19-306-2276,,http://www.wikidata.org/entity/Q4822746,,,
2277,Ausgram I community development block,306,19,19-306-2277,,http://www.wikidata.org/entity/Q4822747,,,
2278,Mongalkote community development block,306,19,19-306-2278,,http://www.wikidata.org/entity/Q17068895,,,
2279,Ketugram I community development block,306,19,19-306-2279,,http://www.wikidata.org/entity/Q6395589,,,
2280,Ketugram II community development block,306,19,19-306-2280,,http://www.wikidata.org/entity/Q6395590,,,
2281,Katwa I community development block,306,19,19-306-2281,,http://www.wikidata.org/entity/Q6378467,,,
2282,Katwa II community development block,306,19,19-306-2282,,http://www.wikidata.org/entity/Q6378465,,,
2283,Purbasthali I community development block,306,19,19-306-2283,,http://www.wikidata.org/entity/Q7260870,,,
2284,Purbasthali II community development block,306,19,19-306-2284,,http://www.wikidata.org/entity/Q7260869,,,
2285,Manteswar community development block,306,19,19-306-2285,,http://www.wikidata.org/entity/Q17068611,,,
2286,Bhatar community development block,306,19,19-306-2286,,http://www.wikidata.org/entity/Q4901390,,,
2287,Galsi I community development block,306,19,19-306-2287,,http://www.wikidata.org/entity/Q5519330,,,
2288,Galsi II community development block,306,19,19-306-2288,,http://www.wikidata.org/entity/Q5519327,,,
2289,Burdwan I community development block,306,19,19-306-2289,,http://www.wikidata.org/entity/Q4998319,,,
2290,Burdwan II community development block,306,19,19-306-2290,,http://www.wikidata.org/entity/Q4998318,,,
2291,Memari I community development block,306,19,19-306-2291,,http://www.wikidata.org/entity/Q6814191,,,
2292,Memari II community development block,306,19,19-306-2292,,http://www.wikidata.org/entity/Q17068679,,,
2293,Kalna I community development block,306,19,19-306-2293,,http://www.wikidata.org/entity/Q6354123,,,
2294,Kalna II community development block,306,19,19-306-2294,,http://www.wikidata.org/entity/Q6354120,,,
2295,Jamalpur community development block,306,19,19-306-2295,,http://www.wikidata.org/entity/Q6127694,,,
2296,Raina I community development block,306,19,19-306-2296,,http://www.wikidata.org/entity/Q7284535,,,
2297,Khandaghosh community development block,306,19,19-306-2297,,http://www.wikidata.org/entity/Q6400203,,,
2298,Raina II community development block,306,19,19-306-2298,,http://www.wikidata.org/entity/Q7284534,,,
2249,Murarai I community development block,307,19,19-307-2249,,http://www.wikidata.org/entity/Q6937344,,,
2250,Murarai II community development block,307,19,19-307-2250,,http://www.wikidata.org/entity/Q17069058,,,
2251,Nalhati I community development block,307,19,19-307-2251,,http://www.wikidata.org/entity/Q6960881,,,
2252,Nalhati II community development block,307,19,19-307-2252,,http://www.wikidata.org/entity/Q6960878,,,
2253,Rampurhat I community development block,307,19,19-307-2253,,http://www.wikidata.org/entity/Q7290074,,,
2254,Rampurhat II community development block,307,19,19-307-2254,,http://www.wikidata.org/entity/Q7290073,,,
2255,Mayureswar I community development block,307,19,19-307-2255,,http://www.wikidata.org/entity/Q6798122,,,
2256,Mayureswar II community development block,307,19,19-307-2256,,http://www.wikidata.org/entity/Q6798124,,,
2257,Mohammad Bazar community development block,307,19,19-307-2257,,http://www.wikidata.org/entity/Q6891901,,,
2258,Rajnagar community development block,307,19,19-307-2258,,http://www.wikidata.org/entity/Q7286329,,,
2259,Suri I community development block,307,19,19-307-2259,,http://www.wikidata.org/entity/Q7646248,,,
2260,Suri II community development block,307,19,19-307-2260,,http://www.wikidata.org/entity/Q7646247,,,
2261,Sainthia community development block,307,19,19-307-2261,,http://www.wikidata.org/entity/Q7402384,,,
2262,Labpur community development block,307,19,19-307-2262,,http://www.wikidata.org/entity/Q6467578,,,
2263,Nanoor community development block,307,19,19-307-2263,,http://www.wikidata.org/entity/Q6964095,,,
2264,Bolpur Sriniketan community development block,307,19,19-307-2264,,http://www.wikidata.org/entity/Q4940022,,,
2265,Ilambazar community development block,307,19,19-307-2265,,http://www.wikidata.org/entity/Q5996991,,,
2266,Dubrajpur community development block,307,19,19-307-2266,,http://www.wikidata.org/entity/Q5311107,,,
2267,Khoyrasole community development block,307,19,19-307-2267,,http://www.wikidata.org/entity/Q6402704,,,
2179,Haldibari community development block,308,19,19-308-2179,,http://www.wikidata.org/entity/Q5641279,,,
2180,Mekhliganj community development block,308,19,19-308-2180,,http://www.wikidata.org/entity/Q6810569,,,
2181,Mathabhanga I community development block,308,19,19-308-2181,,http://www.wikidata.org/entity/Q6786787,,,
2182,Mathabhanga II community development block,308,19,19-308-2182,,http://www.wikidata.org/entity/Q6786785,,,
2183,Cooch Behar I community development block,308,19,19-308-2183,,http://www.wikidata.org/entity/Q5166811,,,
2184,Cooch Behar II community development block,308,19,19-308-2184,,http://www.wikidata.org/entity/Q5166810,,,
2185,Tufanganj I community development block,308,19,19-308-2185,,http://www.wikidata.org/entity/Q7851453,,,
2186,Tufanganj II community development block,308,19,19-308-2186,,http://www.wikidata.org/entity/Q16902021,,,
2187,Dinhata I community development block,308,19,19-308-2187,,http://www.wikidata.org/entity/Q5278313,,,
2188,Dinhata II community development block,308,19,19-308-2188,,http://www.wikidata.org/entity/Q5278312,,,
2189,Sitai community development block,308,19,19-308-2189,,http://www.wikidata.org/entity/Q7531602,,,
2190,Sitalkuchi community development block,308,19,19-308-2190,,http://www.wikidata.org/entity/Q7531623,,,
2154,Darjeeling Pulbazar community development block,309,19,19-309-2154,,http://www.wikidata.org/entity/Q5223080,,,
2155,Rangli Rangliot community development block,309,19,19-309-2155,,http://www.wikidata.org/entity/Q7292877,,,
2159,Jorebunglow Sukhiapokhri community development block,309,19,19-309-2159,,http://www.wikidata.org/entity/Q6277579,,,
2160,Mirik community development block,309,19,19-309-2160,,http://www.wikidata.org/entity/Q6873526,,,
2161,Kurseong community development block,309,19,19-309-2161,,http://www.wikidata.org/entity/Q6446529,,,
2162,Matigara community development block,309,19,19-309-2162,,http://www.wikidata.org/entity/Q6787438,,,
2163,Naxalbari community development block,309,19,19-309-2163,,http://www.wikidata.org/entity/Q15261223,,,
2164,Phansidewa community development block,309,19,19-309-2164,,http://www.wikidata.org/entity/Q7180500,,,
2165,Kharibari community development block,309,19,19-309-2165,,http://www.wikidata.org/entity/Q6400667,,,
2200,Kushmandi community development block,310,19,19-310-2200,,http://www.wikidata.org/entity/Q6448073,,,
2201,Gangarampur community development block,310,19,19-310-2201,,http://www.wikidata.org/entity/Q5521067,,,
2202,Kumarganj community development block,310,19,19-310-2202,,http://www.wikidata.org/entity/Q6443585,,,
2203,Hili community development block,310,19,19-310-2203,,http://www.wikidata.org/entity/Q5761845,,,
2204,Balurghat community development block,310,19,19-310-2204,,http://www.wikidata.org/entity/Q4853084,,,
2205,Tapan community development block,310,19,19-310-2205,,http://www.wikidata.org/entity/Q7684420,,,
2206,Bansihari community development block,310,19,19-310-2206,,http://www.wikidata.org/entity/Q4857141,,,
2207,Harirampur community development block,310,19,19-310-2207,,http://www.wikidata.org/entity/Q5657733,,,
2191,Chopra community development block,311,19,19-311-2191,,http://www.wikidata.org/entity/Q5104874,,,
2192,Islampur community development block,311,19,19-311-2192,,http://www.wikidata.org/entity/Q6082921,,,
2193,Goalpokhar I community development block,311,19,19-311-2193,,http://www.wikidata.org/entity/Q5575219,,,
2194,Goalpokhar II community development block,311,19,19-311-2194,,http://www.wikidata.org/entity/Q5575217,,,
2195,Karandighi community development block,311,19,19-311-2195,,http://www.wikidata.org/entity/Q6368449,,,
2196,Raiganj community development block,311,19,19-311-2196,,http://www.wikidata.org/entity/Q7283819,,,
2197,Hemtabad community development block,311,19,19-311-2197,,http://www.wikidata.org/entity/Q5712815,,,
2198,Kaliaganj community development block,311,19,19-311-2198,,http://www.wikidata.org/entity/Q6352476,,,
2199,Itahar community development block,311,19,19-311-2199,,http://www.wikidata.org/entity/Q6092394,,,
2338,Goghat I community development block,312,19,19-312-2338,,http://www.wikidata.org/entity/Q5577367,,,
2339,Goghat II community development block,312,19,19-312-2339,,http://www.wikidata.org/entity/Q5577365,,,
2340,Arambagh community development block,312,19,19-312-2340,,http://www.wikidata.org/entity/Q4783988,,,
2341,Pursurah community development block,312,19,19-312-2341,,http://www.wikidata.org/entity/Q7261596,,,
2342,Tarakeswar community development block,312,19,19-312-2342,,http://www.wikidata.org/entity/Q7685337,,,
2343,Dhaniakhali community development block,312,19,19-312-2343,,http://www.wikidata.org/entity/Q5268978,,,
2344,Pandua community development block,312,19,19-312-2344,,http://www.wikidata.org/entity/Q7130761,,,
2345,Balagarh community development block,312,19,19-312-2345,,http://www.wikidata.org/entity/Q4849803,,,
2346,Chinsurah-Mogra community development block,312,19,19-312-2346,,http://www.wikidata.org/entity/Q5101279,,,
2347,Polba-Dadpur community development block,312,19,19-312-2347,,http://www.wikidata.org/entity/Q7209208,,,
2348,Haripal community development block,312,19,19-312-2348,,http://www.wikidata.org/entity/Q5657669,,,
2349,Singur community development block,312,19,19-312-2349,,http://www.wikidata.org/entity/Q7524284,,,
2350,Sreerampur-Uttarpara community development block,312,19,19-312-2350,,http://www.wikidata.org/entity/Q7585736,,,
2351,Chanditala I community development block,312,19,19-312-2351,,http://www.wikidata.org/entity/Q5071110,,,
2352,Chanditala II community development block,312,19,19-312-2352,,http://www.wikidata.org/entity/Q5071109,,,
2353,Jangipara community development block,312,19,19-312-2353,,http://www.wikidata.org/entity/Q15229326,,,
2354,Khanakul I community development block,312,19,19-312-2354,,http://www.wikidata.org/entity/Q6400153,,,
2355,Khanakul II community development block,312,19,19-312-2355,,http://www.wikidata.org/entity/Q6400150,,,
2398,Udaynarayanpur community development block,313,19,19-313-2398,,http://www.wikidata.org/entity/Q7877033,,,
2399,Amta II community development block,313,19,19-313-2399,,http://www.wikidata.org/entity/Q4748874,,,
2400,Amta I community development block,313,19,19-313-2400,,http://www.wikidata.org/entity/Q4748875,,,
2401,Jagatballavpur community development block,313,19,19-313-2401,,http://www.wikidata.org/entity/Q6122232,,,
2402,Domjur community development block,313,19,19-313-2402,,http://www.wikidata.org/entity/Q5291260,,,
2403,Bally Jagachha community development block,313,19,19-313-2403,,http://www.wikidata.org/entity/Q4851973,,,
2404,Sankrail community development block,313,19,19-313-2404,,http://www.wikidata.org/entity/Q7418747,,,
2405,Panchla community development block,313,19,19-313-2405,,http://www.wikidata.org/entity/Q7130339,,,
2406,Uluberia II community development block,313,19,19-313-2406,,http://www.wikidata.org/entity/Q7880767,,,
2407,Uluberia I community development block,313,19,19-313-2407,,http://www.wikidata.org/entity/Q7880769,,,
2408,Bagnan I community development block,313,19,19-313-2408,,http://www.wikidata.org/entity/Q4842015,,,
2409,Bagnan II community development block,313,19,19-313-2409,,http://www.wikidata.org/entity/Q4842014,,,
2410,Shyampur I community development block,313,19,19-313-2410,,http://www.wikidata.org/entity/Q7505997,,,
2411,Shyampur II community development block,313,19,19-313-2411,,http://www.wikidata.org/entity/Q7505995,,,
2166,Rajganj community development block,314,19,19-314-2166,,http://www.wikidata.org/entity/Q7286114,,,
2167,Mal community development block,314,19,19-314-2167,,http://www.wikidata.org/entity/Q6740573,,,
2168,Matiali community development block,314,19,19-314-2168,,http://www.wikidata.org/entity/Q6787401,,,
2169,Nagrakata community development block,314,19,19-314-2169,,http://www.wikidata.org/entity/Q15260783,,,
2176,Dhupguri community development block,314,19,19-314-2176,,http://www.wikidata.org/entity/Q5269904,,,
2177,Maynaguri community development block,314,19,19-314-2177,,http://www.wikidata.org/entity/Q6797372,,,
2178,Jalpaiguri community development block,314,19,19-314-2178,,http://www.wikidata.org/entity/Q6126964,,,
7118,Banarhat community development block,314,19,19-314-7118,,http://www.wikidata.org/entity/Q121027413,,,
7119,Kranti community development block,314,19,19-314-7119,,http://www.wikidata.org/entity/Q121027375,,,
2208,Harishchandrapur I community development block,316,19,19-316-2208,,http://www.wikidata.org/entity/Q5657939,,,
2209,Harishchandrapur II  community development block,316,19,19-316-2209,,http://www.wikidata.org/entity/Q15223045,,,
2210,Chanchal I community development block,316,19,19-316-2210,,http://www.wikidata.org/entity/Q5070852,,,
2211,Chanchal II community development block,316,19,19-316-2211,,http://www.wikidata.org/entity/Q5070850,,,
2212,Ratua I community development block,316,19,19-316-2212,,http://www.wikidata.org/entity/Q7296064,,,
2213,Ratua II community development block,316,19,19-316-2213,,http://www.wikidata.org/entity/Q7296063,,,
2214,Gazole community development block,316,19,19-316-2214,,http://www.wikidata.org/entity/Q5529175,,,
2215,Bamangola community development block,316,19,19-316-2215,,http://www.wikidata.org/entity/Q4853295,,,
2216,Habibpur community development block,316,19,19-316-2216,,http://www.wikidata.org/entity/Q5636835,,,
2217,Old Malda community development block,316,19,19-316-2217,,http://www.wikidata.org/entity/Q7084442,,,
2218,English Bazar community development block,316,19,19-316-2218,,http://www.wikidata.org/entity/Q5378189,,,
2219,Manikchak community development block,316,19,19-316-2219,,http://www.wikidata.org/entity/Q15244859,,,
2220,Kaliachak I community development block,316,19,19-316-2220,,http://www.wikidata.org/entity/Q6352473,,,
2221,Kaliachak II community development block,316,19,19-316-2221,,http://www.wikidata.org/entity/Q6352481,,,
2222,Kaliachak III community development block,316,19,19-316-2222,,http://www.wikidata.org/entity/Q6352472,,,
2470,Panskura community development block,317,19,19-317-2470,,http://www.wikidata.org/entity/Q7131592,,,
2471,Kolaghat community development block,317,19,19-317-2471,,http://www.wikidata.org/entity/Q7131591,,,
2472,Tamluk community development block,317,19,19-317-2472,,http://www.wikidata.org/entity/Q7681519,,,
2473,Sahid Matangini community development block,317,19,19-317-2473,,http://www.wikidata.org/entity/Q7399631,,,
2474,Nandakumar community development block,317,19,19-317-2474,,http://www.wikidata.org/entity/Q6963154,,,
2475,Mahishadal community development block,317,19,19-317-2475,,http://www.wikidata.org/entity/Q6734114,,,
2476,Moyna community development block,317,19,19-317-2476,,http://www.wikidata.org/entity/Q6927719,,,
2477,Patashpur I community development block,317,19,19-317-2477,,http://www.wikidata.org/entity/Q7144274,,,
2478,Patashpur II community development block,317,19,19-317-2478,,http://www.wikidata.org/entity/Q7144272,,,
2479,Bhagabanpur II community development block,317,19,19-317-2479,,http://www.wikidata.org/entity/Q4900579,,,
2480,Bhagabanpur I community development block,317,19,19-317-2480,,http://www.wikidata.org/entity/Q4900580,,,
2481,Chandipur community development block,317,19,19-317-2481,,http://www.wikidata.org/entity/Q5071099,,,
2482,Sutahata community development block,317,19,19-317-2482,,http://www.wikidata.org/entity/Q7649883,,,
2483,Haldia community development block,317,19,19-317-2483,,http://www.wikidata.org/entity/Q15222594,,,
2484,Nandigram I community development block,317,19,19-317-2484,,http://www.wikidata.org/entity/Q6963309,,,
2485,Nandigram II community development block,317,19,19-317-2485,,http://www.wikidata.org/entity/Q6963307,,,
2486,Khejuri I community development block,317,19,19-317-2486,,http://www.wikidata.org/entity/Q6401221,,,
2487,Khejuri II community development block,317,19,19-317-2487,,http://www.wikidata.org/entity/Q6401220,,,
2488,Contai I community development block,317,19,19-317-2488,,http://www.wikidata.org/entity/Q5164879,,,
2489,Deshapran community development block,317,19,19-317-2489,,http://www.wikidata.org/entity/Q5164878,,,
2490,Contai III community development block,317,19,19-317-2490,,http://www.wikidata.org/entity/Q5164877,,,
2491,Egra I community development block,317,19,19-317-2491,,http://www.wikidata.org/entity/Q5348250,,,
2492,Egra II community development block,317,19,19-317-2492,,http://www.wikidata.org/entity/Q5348248,,,
2493,Ramnagar I community development block,317,19,19-317-2493,,http://www.wikidata.org/entity/Q7289767,,,
2494,Ramnagar II community development block,317,19,19-317-2494,,http://www.wikidata.org/entity/Q7289766,,,
2443,Garhbeta II community development block,318,19,19-318-2443,,http://www.wikidata.org/entity/Q5523227,,,
2444,Garhbeta I community development block,318,19,19-318-2444,,http://www.wikidata.org/entity/Q5523228,,,
2445,Garhbeta III community development block,318,19,19-318-2445,,http://www.wikidata.org/entity/Q5523225,,,
2446,Chandrakona I community development block,318,19,19-318-2446,,http://www.wikidata.org/entity/Q5071389,,,
2447,Chandrakona II community development block,318,19,19-318-2447,,http://www.wikidata.org/entity/Q5071388,,,
2448,Ghatal community development block,318,19,19-318-2448,,http://www.wikidata.org/entity/Q5555887,,,
2449,Daspur I community development block,318,19,19-318-2449,,http://www.wikidata.org/entity/Q5226823,,,
2450,Daspur II community development block,318,19,19-318-2450,,http://www.wikidata.org/entity/Q5226821,,,
2451,Keshpur community development block,318,19,19-318-2451,,http://www.wikidata.org/entity/Q6395054,,,
2452,Salboni community development block,318,19,19-318-2452,,http://www.wikidata.org/entity/Q7403749,,,
2453,Midnapore Sadar community development block,318,19,19-318-2453,,http://www.wikidata.org/entity/Q6842613,,,
2460,Kharagpur I community development block,318,19,19-318-2460,,http://www.wikidata.org/entity/Q6400532,,,
2461,Kharagpur II community development block,318,19,19-318-2461,,http://www.wikidata.org/entity/Q15236280,,,
2462,Debra community development block,318,19,19-318-2462,,http://www.wikidata.org/entity/Q5248429,,,
2463,Pingla community development block,318,19,19-318-2463,,http://www.wikidata.org/entity/Q7195787,,,
2464,Sabang community development block,318,19,19-318-2464,,http://www.wikidata.org/entity/Q7395888,,,
2465,Narayangarh community development block,318,19,19-318-2465,,http://www.wikidata.org/entity/Q6965555,,,
2466,Keshiari community development block,318,19,19-318-2466,,http://www.wikidata.org/entity/Q6395040,,,
2467,Dantan I community development block,318,19,19-318-2467,,http://www.wikidata.org/entity/Q5221120,,,
2468,Dantan II community development block,318,19,19-318-2468,,http://www.wikidata.org/entity/Q5221116,,,
2469,Mohanpur community development block,318,19,19-318-2469,,http://www.wikidata.org/entity/Q15254513,,,
2223,Farakka community development block,319,19,19-319-2223,,http://www.wikidata.org/entity/Q5434787,,,
2224,Samserganj community development block,319,19,19-319-2224,,http://www.wikidata.org/entity/Q7410333,,,
2225,Suti I community development block,319,19,19-319-2225,,http://www.wikidata.org/entity/Q7650027,,,
2226,Suti II community development block,319,19,19-319-2226,,http://www.wikidata.org/entity/Q7650025,,,
2227,Raghunathganj I community development block,319,19,19-319-2227,,http://www.wikidata.org/entity/Q7283034,,,
2228,Raghunathganj II community development block,319,19,19-319-2228,,http://www.wikidata.org/entity/Q7283040,,,
2229,Lalgola community development block,319,19,19-319-2229,,http://www.wikidata.org/entity/Q6480294,,,
2230,Sagardighi community development block,319,19,19-319-2230,,http://www.wikidata.org/entity/Q7399052,,,
2231,Bhagawangola I community development block,319,19,19-319-2231,,http://www.wikidata.org/entity/Q4900628,,,
2232,Bhagawangola II community development block,319,19,19-319-2232,,http://www.wikidata.org/entity/Q4900627,,,
2233,Raninagar II community development block,319,19,19-319-2233,,http://www.wikidata.org/entity/Q7293060,,,
2234,Jalangi community development block,319,19,19-319-2234,,http://www.wikidata.org/entity/Q6126639,,,
2235,Domkal community development block,319,19,19-319-2235,,http://www.wikidata.org/entity/Q5291264,,,
2236,Raninagar I community development block,319,19,19-319-2236,,http://www.wikidata.org/entity/Q7293061,,,
2237,Murshidabad-Jiaganj community development block,319,19,19-319-2237,,http://www.wikidata.org/entity/Q6939679,,,
2238,Nabagram community development block,319,19,19-319-2238,,http://www.wikidata.org/entity/Q6956724,,,
2239,Khargram community development block,319,19,19-319-2239,,http://www.wikidata.org/entity/Q6400644,,,
2240,Kandi community development block,319,19,19-319-2240,,http://www.wikidata.org/entity/Q6361453,,,
2241,Berhampore community development block,319,19,19-319-2241,,http://www.wikidata.org/entity/Q4891765,,,
2242,Hariharpara community development block,319,19,19-319-2242,,http://www.wikidata.org/entity/Q5657422,,,
2243,Naoda community development block,319,19,19-319-2243,,http://www.wikidata.org/entity/Q6964516,,,
2244,Beldanga I community development block,319,19,19-319-2244,,http://www.wikidata.org/entity/Q4882108,,,
2245,Beldanga II community development block,319,19,19-319-2245,,http://www.wikidata.org/entity/Q4882107,,,
2246,Bharatpur II community development block,319,19,19-319-2246,,http://www.wikidata.org/entity/Q4901253,,,
2247,Bharatpur I community development block,319,19,19-319-2247,,http://www.wikidata.org/entity/Q4901254,,,
2248,Burwan community development block,319,19,19-319-2248,,http://www.wikidata.org/entity/Q5001033,,,
2299,Karimpur I community development block,320,19,19-320-2299,,http://www.wikidata.org/entity/Q6370787,,,
2300,Karimpur II community development block,320,19,19-320-2300,,http://www.wikidata.org/entity/Q6370784,,,
2301,Tehatta I community development block,320,19,19-320-2301,,http://www.wikidata.org/entity/Q7694840,,,
2302,Tehatta II community development block,320,19,19-320-2302,,http://www.wikidata.org/entity/Q7694839,,,
2303,Kaliganj community development block,320,19,19-320-2303,,http://www.wikidata.org/entity/Q6352582,,,
2304,Nakashipara community development block,320,19,19-320-2304,,http://www.wikidata.org/entity/Q6960324,,,
2305,Chapra community development block,320,19,19-320-2305,,http://www.wikidata.org/entity/Q5073417,,,
2306,Krishnanagar II community development block,320,19,19-320-2306,,http://www.wikidata.org/entity/Q6437568,,,
2307,Nabadwip community development block,320,19,19-320-2307,,http://www.wikidata.org/entity/Q6956707,,,
2308,Krishnanagar I community development block,320,19,19-320-2308,,http://www.wikidata.org/entity/Q15240482,,,
2309,Krishnaganj community development block,320,19,19-320-2309,,http://www.wikidata.org/entity/Q6437510,,,
2310,Hanskhali community development block,320,19,19-320-2310,,http://www.wikidata.org/entity/Q5651153,,,
2311,Santipur community development block,320,19,19-320-2311,,http://www.wikidata.org/entity/Q15275286,,,
2312,Ranaghat I community development block,320,19,19-320-2312,,http://www.wikidata.org/entity/Q15271726,,,
2313,Ranaghat II community development block,320,19,19-320-2313,,http://www.wikidata.org/entity/Q7290696,,,
2314,Chakdaha community development block,320,19,19-320-2314,,http://www.wikidata.org/entity/Q5068305,,,
2315,Haringhata community development block,320,19,19-320-2315,,http://www.wikidata.org/entity/Q5657632,,,
6966,Kalyani community development block,320,19,19-320-6966,,http://www.wikidata.org/entity/Q123280451,,,
2378,Joypur community development block,321,19,19-321-2378,,http://www.wikidata.org/entity/Q6297790,,,
2379,Purulia II community development block,321,19,19-321-2379,,http://www.wikidata.org/entity/Q7261627,,,
2380,Para community development block,321,19,19-321-2380,,http://www.wikidata.org/entity/Q7133640,,,
2381,Raghunathpur II community development block,321,19,19-321-2381,,http://www.wikidata.org/entity/Q7283044,,,
2382,Raghunathpur I community development block,321,19,19-321-2382,,http://www.wikidata.org/entity/Q7283045,,,
2383,Neturia community development block,321,19,19-321-2383,,http://www.wikidata.org/entity/Q7000645,,,
2384,Santuri community development block,321,19,19-321-2384,,http://www.wikidata.org/entity/Q7420728,,,
2385,Kashipur community development block,321,19,19-321-2385,,http://www.wikidata.org/entity/Q6374343,,,
2386,Hura community development block,321,19,19-321-2386,,http://www.wikidata.org/entity/Q5946305,,,
2387,Purulia I community development block,321,19,19-321-2387,,http://www.wikidata.org/entity/Q7261628,,,
2388,Puncha community development block,321,19,19-321-2388,,http://www.wikidata.org/entity/Q7259963,,,
2389,Arsha community development block,321,19,19-321-2389,,http://www.wikidata.org/entity/Q4796502,,,
2390,Jhalda I community development block,321,19,19-321-2390,,http://www.wikidata.org/entity/Q6190803,,,
2391,Jhalda II community development block,321,19,19-321-2391,,http://www.wikidata.org/entity/Q6190804,,,
2392,Baghmundi community development block,321,19,19-321-2392,,http://www.wikidata.org/entity/Q4841900,,,
2393,Balarampur community development block,321,19,19-321-2393,,http://www.wikidata.org/entity/Q4850089,,,
2394,Barabazar community development block,321,19,19-321-2394,,http://www.wikidata.org/entity/Q4858085,,,
2395,Manbazar I community development block,321,19,19-321-2395,,http://www.wikidata.org/entity/Q6747176,,,
2396,Manbazar II community development block,321,19,19-321-2396,,http://www.wikidata.org/entity/Q6747175,,,
2397,Bandwan community development block,321,19,19-321-2397,,http://www.wikidata.org/entity/Q4854754,,,
2170,Madarihat-Birpara community development block,664,19,19-664-2170,,http://www.wikidata.org/entity/Q6726512,,,
2171,Kalchini community development block,664,19,19-664-2171,,http://www.wikidata.org/entity/Q6351791,,,
2172,Kumargram community development block,664,19,19-664-2172,,http://www.wikidata.org/entity/Q6443590,,,
2173,Alipurduar I community development block,664,19,19-664-2173,,http://www.wikidata.org/entity/Q4726841,,,
2174,Alipurduar II community development block,664,19,19-664-2174,,http://www.wikidata.org/entity/Q4726839,,,
2175,Falakata community development block,664,19,19-664-2175,,http://www.wikidata.org/entity/Q5431636,,,
2156,Kalimpong I community development block,702,19,19-702-2156,,http://www.wikidata.org/entity/Q6352777,,,
2157,Lava community development block,702,19,19-702-2157,,http://www.wikidata.org/entity/Q126284719,,,
2158,Gorubathan community development block,702,19,19-702-2158,,http://www.wikidata.org/entity/Q5586958,,,
7050,Kalimpong II community development block,702,19,19-702-7050,,http://www.wikidata.org/entity/Q6352773,,,
7051,Pedong community development block,702,19,19-702-7051,,http://www.wikidata.org/entity/Q123280452,,,
2441,Binpur II community development block,703,19,19-703-2441,,http://www.wikidata.org/entity/Q4914504,,,
2442,Binpur I community development block,703,19,19-703-2442,,http://www.wikidata.org/entity/Q15199345,,,
2454,Jhargram community development block,703,19,19-703-2454,,http://www.wikidata.org/entity/Q6190925,,,
2455,Jamboni community development block,703,19,19-703-2455,,http://www.wikidata.org/entity/Q6127825,,,
2456,Gopiballavpur II community development block,703,19,19-703-2456,,http://www.wikidata.org/entity/Q5584289,,,
2457,Gopiballavpur I community development block,703,19,19-703-2457,,http://www.wikidata.org/entity/Q15221872,,,
2458,Nayagram community development block,703,19,19-703-2458,,http://www.wikidata.org/entity/Q6983067,,,
2459,Sankrail community development block,703,19,19-703-2459,,http://www.wikidata.org/entity/Q7418744,,,
2268,Salanpur community development block,704,19,19-704-2268,,http://www.wikidata.org/entity/Q7403632,,,
2269,Barabani community development block,704,19,19-704-2269,,http://www.wikidata.org/entity/Q4858075,,,
2270,Jamuria community development block,704,19,19-704-2270,,http://www.wikidata.org/entity/Q6148343,,,
2271,Raniganj community development block,704,19,19-704-2271,,http://www.wikidata.org/entity/Q7293044,,,
2272,Andal community development block,704,19,19-704-2272,,http://www.wikidata.org/entity/Q4753485,,,
2273,Pandabeswar community development block,704,19,19-704-2273,,http://www.wikidata.org/entity/Q7130451,,,
2274,Faridpur-Durgapur community development block,704,19,19-704-2274,,http://www.wikidata.org/entity/Q17052735,,,
2275,Kanksa community development block,704,19,19-704-2275,,http://www.wikidata.org/entity/Q6363765,,,
152,Ghumarwin,15,2,2-15-152,,http://www.wikidata.org/entity/Q123265137,,,
153,Bharari,15,2,2-15-153,,http://www.wikidata.org/entity/Q123265090,,,
154,Jhanduta,15,2,2-15-154,,http://www.wikidata.org/entity/Q123265220,,,
155,Naina Devi,15,2,2-15-155,,http://www.wikidata.org/entity/Q123265188,,,
156,Bilaspur Sadar,15,2,2-15-156,,http://www.wikidata.org/entity/Q123265262,,,
157,Namhol subtehsil,15,2,2-15-157,,http://www.wikidata.org/entity/Q123265252,,,
6938,Kalol subtehsil,15,2,2-15-6938,,http://www.wikidata.org/entity/Q123265153,,,
7282,Harlog subtehsil,15,2,2-15-7282,,http://www.wikidata.org/entity/Q123265074,,,
7303,Talai subtehsil,15,2,2-15-7303,,http://www.wikidata.org/entity/Q123265089,,,
83,Pangi,16,2,2-16-83,,http://www.wikidata.org/entity/Q7130945,,,
84,Churah,16,2,2-16-84,,http://www.wikidata.org/entity/Q123265175,,,
85,Saluni,16,2,2-16-85,,http://www.wikidata.org/entity/Q123265182,,,
86,Bhalai,16,2,2-16-86,,http://www.wikidata.org/entity/Q123265227,,,
87,Dalhousie,16,2,2-16-87,,http://www.wikidata.org/entity/Q123265185,,,
88,Bhattiyat,16,2,2-16-88,,http://www.wikidata.org/entity/Q123265242,,,
89,Sihunta,16,2,2-16-89,,http://www.wikidata.org/entity/Q123265080,,,
90,Chamba,16,2,2-16-90,,http://www.wikidata.org/entity/Q123265115,,,
91,Holi,16,2,2-16-91,,http://www.wikidata.org/entity/Q123265147,,,
92,Bharmour,16,2,2-16-92,,http://www.wikidata.org/entity/Q123265087,,,
6942,Pukhri subtehsil,16,2,2-16-6942,,http://www.wikidata.org/entity/Q123265076,,,
6943,Kakira subtehsil,16,2,2-16-6943,,http://www.wikidata.org/entity/Q123265201,,,
6944,Dharwala subtehsil,16,2,2-16-6944,,http://www.wikidata.org/entity/Q123265200,,,
7286,Telka subtehsil,16,2,2-16-7286,,http://www.wikidata.org/entity/Q123265210,,,
7451,Saho,16,2,2-16-7451,,http://www.wikidata.org/entity/Q134320849,,,
140,Tira Sujanpur,17,2,2-17-140,,http://www.wikidata.org/entity/Q123265114,,,
141,Nadaun,17,2,2-17-141,,http://www.wikidata.org/entity/Q123265183,,,
142,Galore subtehsil,17,2,2-17-142,,http://www.wikidata.org/entity/Q123265190,,,
143,Hamirpur,17,2,2-17-143,,http://www.wikidata.org/entity/Q123265250,,,
144,Barsar,17,2,2-17-144,,http://www.wikidata.org/entity/Q123265257,,,
145,Dhatwal,17,2,2-17-145,,http://www.wikidata.org/entity/Q123265192,,,
146,Bhoranj,17,2,2-17-146,,http://www.wikidata.org/entity/Q123265169,,,
6883,Tauni Devi Bamson,17,2,2-17-6883,,http://www.wikidata.org/entity/Q123265081,,,
6884,Kangoo subtehsil,17,2,2-17-6884,,http://www.wikidata.org/entity/Q123265164,,,
6885,Bhota subtehsil,17,2,2-17-6885,,http://www.wikidata.org/entity/Q123265126,,,
7285,Lambloo subtehsil,17,2,2-17-7285,,http://www.wikidata.org/entity/Q123265177,,,
7413,Jahu Subtehsil,17,2,2-17-7413,,http://www.wikidata.org/entity/Q126478591,,,
93,Nurpur,18,2,2-18-93,,http://www.wikidata.org/entity/Q123265070,,,
94,Indora,18,2,2-18-94,,http://www.wikidata.org/entity/Q123265180,,,
95,Fatehpur,18,2,2-18-95,,http://www.wikidata.org/entity/Q123265158,,,
96,Jawali,18,2,2-18-96,,http://www.wikidata.org/entity/Q123265136,,,
97,Harchakian,18,2,2-18-97,,http://www.wikidata.org/entity/Q123265178,,,
98,Shahpur,18,2,2-18-98,,http://www.wikidata.org/entity/Q123265111,,,
99,Dharmsala,18,2,2-18-99,,http://www.wikidata.org/entity/Q123265106,,,
100,Kangra,18,2,2-18-100,,http://www.wikidata.org/entity/Q123265235,,,
101,Nagrota Bagwan,18,2,2-18-101,,http://www.wikidata.org/entity/Q123265141,,,
102,Baroh,18,2,2-18-102,,http://www.wikidata.org/entity/Q123265209,,,
103,Dera Gopipur,18,2,2-18-103,,http://www.wikidata.org/entity/Q123265118,,,
104,Jawalamukhi,18,2,2-18-104,,http://www.wikidata.org/entity/Q123265159,,,
105,Jaswan,18,2,2-18-105,,http://www.wikidata.org/entity/Q123265085,,,
106,Rakkar,18,2,2-18-106,,http://www.wikidata.org/entity/Q123265157,,,
107,Khundian,18,2,2-18-107,,http://www.wikidata.org/entity/Q123265170,,,
108,Thural,18,2,2-18-108,,http://www.wikidata.org/entity/Q123265093,,,
109,Dhira,18,2,2-18-109,,http://www.wikidata.org/entity/Q123265155,,,
110,Jaisinghpur,18,2,2-18-110,,http://www.wikidata.org/entity/Q123265212,,,
111,Palampur,18,2,2-18-111,,http://www.wikidata.org/entity/Q123265202,,,
112,Baijnath,18,2,2-18-112,,http://www.wikidata.org/entity/Q123265255,,,
113,Multhan,18,2,2-18-113,,http://www.wikidata.org/entity/Q123265127,,,
6895,Nagrota Surian,18,2,2-18-6895,,http://www.wikidata.org/entity/Q123265233,,,
6896,Kotla subtehsil,18,2,2-18-6896,,http://www.wikidata.org/entity/Q123265082,,,
6897,Chadiyar subtehsil,18,2,2-18-6897,,http://www.wikidata.org/entity/Q123265224,,,
6899,Panchrukhi subtehsil,18,2,2-18-6899,,http://www.wikidata.org/entity/Q123265109,,,
6900,Alampur,18,2,2-18-6900,,http://www.wikidata.org/entity/Q123265211,,,
6901,Dareeni subtehsil,18,2,2-18-6901,,http://www.wikidata.org/entity/Q123265068,,,
6902,Lagru subtehsil,18,2,2-18-6902,,http://www.wikidata.org/entity/Q123265249,,,
6905,Pragpur subtehsil,18,2,2-18-6905,,http://www.wikidata.org/entity/Q123265166,,,
6918,Dadasiba,18,2,2-18-6918,,http://www.wikidata.org/entity/Q123265077,,,
6919,Majheen subtehsil,18,2,2-18-6919,,http://www.wikidata.org/entity/Q123265172,,,
6920,Haripur subtehsil,18,2,2-18-6920,,http://www.wikidata.org/entity/Q123265107,,,
6921,Gangath subtehsil,18,2,2-18-6921,,http://www.wikidata.org/entity/Q123265230,,,
6939,Bhawarna subtehsil,18,2,2-18-6939,,http://www.wikidata.org/entity/Q123265139,,,
7048,Sulah subtehsil,18,2,2-18-7048,,http://www.wikidata.org/entity/Q123265152,,,
7287,Rey subtehsil,18,2,2-18-7287,,http://www.wikidata.org/entity/Q123265094,,,
7288,Raja Ka Talab subtehsil,18,2,2-18-7288,,http://www.wikidata.org/entity/Q123265104,,,
7289,Thakurdwara subtehsil,18,2,2-18-7289,,http://www.wikidata.org/entity/Q123265132,,,
7290,Chachian subtehsil,18,2,2-18-7290,,http://www.wikidata.org/entity/Q123265086,,,
7291,Sadwan subtehsil,18,2,2-18-7291,,http://www.wikidata.org/entity/Q123265226,,,
7414,Bharoli Subtehsil,18,2,2-18-7414,,http://www.wikidata.org/entity/Q126540918,,,
194,Hangrang,19,2,2-19-194,,http://www.wikidata.org/entity/Q123265116,,,
195,Poo,19,2,2-19-195,,http://www.wikidata.org/entity/Q123265245,,,
196,Morang,19,2,2-19-196,,http://www.wikidata.org/entity/Q123265148,,,
197,Kalpa,19,2,2-19-197,,http://www.wikidata.org/entity/Q123265261,,,
198,Nichar,19,2,2-19-198,,http://www.wikidata.org/entity/Q123265101,,,
199,Sangla,19,2,2-19-199,,http://www.wikidata.org/entity/Q123265181,,,
6941,Tapri subtehsil,19,2,2-19-6941,,http://www.wikidata.org/entity/Q123265248,,,
117,Manali,20,2,2-20-117,,http://www.wikidata.org/entity/Q123265194,,,
118,Kullu,20,2,2-20-118,,http://www.wikidata.org/entity/Q123265084,,,
119,Sainj,20,2,2-20-119,,http://www.wikidata.org/entity/Q123265165,,,
120,Banjar,20,2,2-20-120,,http://www.wikidata.org/entity/Q123265218,,,
121,Ani,20,2,2-20-121,,http://www.wikidata.org/entity/Q123265073,,,
122,Nirmand,20,2,2-20-122,,http://www.wikidata.org/entity/Q123265171,,,
6886,Nither,20,2,2-20-6886,,http://www.wikidata.org/entity/Q123265156,,,
6887,Bhuntar,20,2,2-20-6887,,http://www.wikidata.org/entity/Q123265241,,,
7283,Jari subtehsil,20,2,2-20-7283,,http://www.wikidata.org/entity/Q123265222,,,
114,Udaipur subtehsil,21,2,2-21-114,,http://www.wikidata.org/entity/Q123265162,,,
115,Lahul,21,2,2-21-115,,http://www.wikidata.org/entity/Q123265069,,,
116,Spiti,21,2,2-21-116,,http://www.wikidata.org/entity/Q123265143,,,
123,Padhar,22,2,2-22-123,,http://www.wikidata.org/entity/Q123265256,,,
124,Jogindarnagar,22,2,2-22-124,,http://www.wikidata.org/entity/Q123265144,,,
125,Lad Bharol,22,2,2-22-125,,http://www.wikidata.org/entity/Q123265174,,,
126,Sandhol,22,2,2-22-126,,http://www.wikidata.org/entity/Q123265214,,,
127,Dharmpur,22,2,2-22-127,,http://www.wikidata.org/entity/Q123265199,,,
128,Kotli,22,2,2-22-128,,http://www.wikidata.org/entity/Q123265243,,,
129,Sarkaghat,22,2,2-22-129,,http://www.wikidata.org/entity/Q123265131,,,
130,Bhadrota subtehsil,22,2,2-22-130,,http://www.wikidata.org/entity/Q123265198,,,
131,Baldwara,22,2,2-22-131,,http://www.wikidata.org/entity/Q123265195,,,
132,Sundarnagar,22,2,2-22-132,,http://www.wikidata.org/entity/Q123265140,,,
133,Mandi Sadar,22,2,2-22-133,,http://www.wikidata.org/entity/Q123265223,,,
134,Aut,22,2,2-22-134,,http://www.wikidata.org/entity/Q123265130,,,
135,Bali Chowki,22,2,2-22-135,,http://www.wikidata.org/entity/Q123265067,,,
136,Thunag,22,2,2-22-136,,http://www.wikidata.org/entity/Q123265215,,,
137,Chachyot,22,2,2-22-137,,http://www.wikidata.org/entity/Q123265113,,,
138,Nihri,22,2,2-22-138,,http://www.wikidata.org/entity/Q123265133,,,
139,Karsog,22,2,2-22-139,,http://www.wikidata.org/entity/Q123265251,,,
186,Bagachnogi subtehsil,22,2,2-22-186,,http://www.wikidata.org/entity/Q123265246,,,
6945,Katoula subtehsil,22,2,2-22-6945,,http://www.wikidata.org/entity/Q123265234,,,
6946,Tihra subtehsil,22,2,2-22-6946,,http://www.wikidata.org/entity/Q123265142,,,
6947,Balh,22,2,2-22-6947,,http://www.wikidata.org/entity/Q123265134,,,
6948,Tikken subtehsil,22,2,2-22-6948,,http://www.wikidata.org/entity/Q123265098,,,
6949,Dehar subtehsil,22,2,2-22-6949,,http://www.wikidata.org/entity/Q123265240,,,
6950,Chhatri subtehsil,22,2,2-22-6950,,http://www.wikidata.org/entity/Q123265193,,,
6951,Pangna subtehsil,22,2,2-22-6951,,http://www.wikidata.org/entity/Q123265150,,,
6952,Rewalsar subtehsil,22,2,2-22-6952,,http://www.wikidata.org/entity/Q123265167,,,
6969,Makridi subtehsil,22,2,2-22-6969,,http://www.wikidata.org/entity/Q123265254,,,
6970,Mandap subtehsil,22,2,2-22-6970,,http://www.wikidata.org/entity/Q123265092,,,
7174,Bagshad subtehsil,22,2,2-22-7174,,http://www.wikidata.org/entity/Q123265238,,,
7175,Dhalwan subtehsil,22,2,2-22-7175,,http://www.wikidata.org/entity/Q123265079,,,
7184,Thachi subtehsil,22,2,2-22-7184,,http://www.wikidata.org/entity/Q123265206,,,
177,Rampur,23,2,2-23-177,,http://www.wikidata.org/entity/Q123265154,,,
178,Nankhari,23,2,2-23-178,,http://www.wikidata.org/entity/Q123265097,,,
179,Kumarsain,23,2,2-23-179,,http://www.wikidata.org/entity/Q123265253,,,
180,Sunni,23,2,2-23-180,,http://www.wikidata.org/entity/Q123265100,,,
181,Shimla ( Rural ),23,2,2-23-181,,http://www.wikidata.org/entity/Q123265151,,,
182,Shimla (Urban),23,2,2-23-182,,http://www.wikidata.org/entity/Q123265216,,,
183,Junga,23,2,2-23-183,,http://www.wikidata.org/entity/Q3824539,,,
184,Theog,23,2,2-23-184,,http://www.wikidata.org/entity/Q123265096,,,
185,Chaupal,23,2,2-23-185,,http://www.wikidata.org/entity/Q123265191,,,
187,Nerwa,23,2,2-23-187,,http://www.wikidata.org/entity/Q123265135,,,
188,Jubbal,23,2,2-23-188,,http://www.wikidata.org/entity/Q123265160,,,
189,Kotkhai,23,2,2-23-189,,http://www.wikidata.org/entity/Q123265125,,,
190,Tikar,23,2,2-23-190,,http://www.wikidata.org/entity/Q123265083,,,
191,Rohru,23,2,2-23-191,,http://www.wikidata.org/entity/Q123265229,,,
192,Chirgaon,23,2,2-23-192,,http://www.wikidata.org/entity/Q123265196,,,
193,Dodra Kwar,23,2,2-23-193,,http://www.wikidata.org/entity/Q123265145,,,
6956,Kotgarh subtehsil,23,2,2-23-6956,,http://www.wikidata.org/entity/Q123265161,,,
6957,Jangla subtehsil,23,2,2-23-6957,,http://www.wikidata.org/entity/Q123265102,,,
6958,Deha subtehsil,23,2,2-23-6958,,http://www.wikidata.org/entity/Q123265117,,,
6959,Sarahan subtehsil,23,2,2-23-6959,,http://www.wikidata.org/entity/Q123265173,,,
6960,Sarawati Nagar subtehsil,23,2,2-23-6960,,http://www.wikidata.org/entity/Q123265103,,,
6961,Jalog subtehsil,23,2,2-23-6961,,http://www.wikidata.org/entity/Q123265071,,,
6962,Kupvi,23,2,2-23-6962,,http://www.wikidata.org/entity/Q123265204,,,
6963,Taklech subtehsil,23,2,2-23-6963,,http://www.wikidata.org/entity/Q123265128,,,
6964,Dhami subtehsil,23,2,2-23-6964,,http://www.wikidata.org/entity/Q123265149,,,
7284,Kalbog subtehsil,23,2,2-23-7284,,http://www.wikidata.org/entity/Q123265124,,,
167,Rajgarh,24,2,2-24-167,,http://www.wikidata.org/entity/Q123265232,,,
168,Nohra,24,2,2-24-168,,http://www.wikidata.org/entity/Q123265197,,,
169,Pachhad,24,2,2-24-169,,http://www.wikidata.org/entity/Q123265208,,,
170,Renuka,24,2,2-24-170,,http://www.wikidata.org/entity/Q123265168,,,
171,Dadahu,24,2,2-24-171,,http://www.wikidata.org/entity/Q123265120,,,
172,Nahan,24,2,2-24-172,,http://www.wikidata.org/entity/Q123265088,,,
173,Paonta Sahib,24,2,2-24-173,,http://www.wikidata.org/entity/Q123265138,,,
174,Kamrau,24,2,2-24-174,,http://www.wikidata.org/entity/Q123265244,,,
175,Shalai,24,2,2-24-175,,http://www.wikidata.org/entity/Q123265129,,,
176,Ronhat subtehsil,24,2,2-24-176,,http://www.wikidata.org/entity/Q123265259,,,
6953,Haripurdhar subtehsil,24,2,2-24-6953,,http://www.wikidata.org/entity/Q123265108,,,
6954,Narag,24,2,2-24-6954,,http://www.wikidata.org/entity/Q123265184,,,
6955,Pajhota subtehsil,24,2,2-24-6955,,http://www.wikidata.org/entity/Q123265221,,,
7121,Majra subtehsil,24,2,2-24-7121,,http://www.wikidata.org/entity/Q123265260,,,
158,Arki,25,2,2-25-158,,http://www.wikidata.org/entity/Q123265237,,,
159,Darlaghat,25,2,2-25-159,,http://www.wikidata.org/entity/Q123265099,,,
160,Ramshahr,25,2,2-25-160,,http://www.wikidata.org/entity/Q123265112,,,
161,Nalagarh,25,2,2-25-161,,http://www.wikidata.org/entity/Q123265119,,,
162,Baddi,25,2,2-25-162,,http://www.wikidata.org/entity/Q123265225,,,
163,Krishangarh,25,2,2-25-163,,http://www.wikidata.org/entity/Q123265123,,,
164,Kasauli,25,2,2-25-164,,http://www.wikidata.org/entity/Q123265205,,,
165,Solan,25,2,2-25-165,,http://www.wikidata.org/entity/Q123265187,,,
166,Kandaghat,25,2,2-25-166,,http://www.wikidata.org/entity/Q123265176,,,
6940,Panjehra subtehsil,25,2,2-25-6940,,http://www.wikidata.org/entity/Q123265219,,,
6967,Mamlig subtehsil,25,2,2-25-6967,,http://www.wikidata.org/entity/Q123265179,,,
7056,Kunihar subtehsil,25,2,2-25-7056,,http://www.wikidata.org/entity/Q123265075,,,
7126,Parwanoo subtehsil,25,2,2-25-7126,,http://www.wikidata.org/entity/Q123265203,,,
7450,Loharghat,25,2,2-25-7450,,http://www.wikidata.org/entity/Q134320847,,,
147,Bharwain subtehsil,26,2,2-26-147,,http://www.wikidata.org/entity/Q123265110,,,
148,Amb,26,2,2-26-148,,http://www.wikidata.org/entity/Q123265247,,,
149,Bangana,26,2,2-26-149,,http://www.wikidata.org/entity/Q123265091,,,
150,Una,26,2,2-26-150,,http://www.wikidata.org/entity/Q123265163,,,
151,Haroli,26,2,2-26-151,,http://www.wikidata.org/entity/Q123265213,,,
6888,Ghanari,26,2,2-26-6888,,http://www.wikidata.org/entity/Q123265228,,,
6889,Ispur subtehsil,26,2,2-26-6889,,http://www.wikidata.org/entity/Q123265078,,,
6890,Jol subtehsil,26,2,2-26-6890,,http://www.wikidata.org/entity/Q123265239,,,
6891,Dulahar subtehsil,26,2,2-26-6891,,http://www.wikidata.org/entity/Q123265121,,,
6892,Birhu Kalan subtehsil,26,2,2-26-6892,,http://www.wikidata.org/entity/Q123265236,,,
6893,Gagret subtehsil,26,2,2-26-6893,,http://www.wikidata.org/entity/Q123265072,,,
6894,Mehatpur subtehsil,26,2,2-26-6894,,http://www.wikidata.org/entity/Q123265231,,,
7302,Daulatpur Chowk subtehsil,26,2,2-26-7302,,http://www.wikidata.org/entity/Q123265189,,,
2588,Nawadih block,322,20,20-322-2588,,http://www.wikidata.org/entity/Q6982815,,,
2589,Chandrapura block,322,20,20-322-2589,,http://www.wikidata.org/entity/Q25203634,,,
2590,Bermo block,322,20,20-322-2590,,http://www.wikidata.org/entity/Q123279984,,,
2591,Gomia block,322,20,20-322-2591,,http://www.wikidata.org/entity/Q5581188,,,
2592,Petarwar block,322,20,20-322-2592,,http://www.wikidata.org/entity/Q7171776,,,
2593,Kasmar block,322,20,20-322-2593,,http://www.wikidata.org/entity/Q6374602,,,
2594,Jaridih block,322,20,20-322-2594,,http://www.wikidata.org/entity/Q6160229,,,
2595,Chas block,322,20,20-322-2595,,http://www.wikidata.org/entity/Q5087052,,,
2596,Chandankiyari Block,322,20,20-322-2596,,http://www.wikidata.org/entity/Q5070962,,,
2514,Shaligram Ramnarayanpur block,323,20,20-323-2514,,http://www.wikidata.org/entity/Q25203592,,,
2515,Pratappur block,323,20,20-323-2515,,http://www.wikidata.org/entity/Q24934673,,,
2516,Kunda Block,323,20,20-323-2516,,http://www.wikidata.org/entity/Q24934665,,,
2517,Lawalong block,323,20,20-323-2517,,http://www.wikidata.org/entity/Q24935264,,,
2518,Chatra block,323,20,20-323-2518,,http://www.wikidata.org/entity/Q25203589,,,
2519,Kanha Chatti block,323,20,20-323-2519,,http://www.wikidata.org/entity/Q123279994,,,
2520,Itkhori Block,323,20,20-323-2520,,http://www.wikidata.org/entity/Q24935238,,,
2521,Mayurhand Block,323,20,20-323-2521,,http://www.wikidata.org/entity/Q24935121,,,
2522,Gidhaur block,323,20,20-323-2522,,http://www.wikidata.org/entity/Q123280071,,,
2523,Pathalgada Block,323,20,20-323-2523,,http://www.wikidata.org/entity/Q24935241,,,
2524,Simaria Block,323,20,20-323-2524,,http://www.wikidata.org/entity/Q24934685,,,
2525,Tandwa Block,323,20,20-323-2525,,http://www.wikidata.org/entity/Q24935125,,,
2545,Deoghar block,324,20,20-324-2545,,http://www.wikidata.org/entity/Q25203934,,,
2546,Mohanpur block,324,20,20-324-2546,,http://www.wikidata.org/entity/Q24943729,,,
2547,Sarwan block,324,20,20-324-2547,,http://www.wikidata.org/entity/Q24943766,,,
2548,Sonaraithari Block,324,20,20-324-2548,,http://www.wikidata.org/entity/Q24943802,,,
2549,Devipur block,324,20,20-324-2549,,http://www.wikidata.org/entity/Q24943808,,,
2550,Madhupur Block,324,20,20-324-2550,,http://www.wikidata.org/entity/Q25203945,,,
2551,Margomunda Block,324,20,20-324-2551,,http://www.wikidata.org/entity/Q24943853,,,
2552,Karon block,324,20,20-324-2552,,http://www.wikidata.org/entity/Q24943859,,,
2553,Sarath block,324,20,20-324-2553,,http://www.wikidata.org/entity/Q24943860,,,
2554,Palojori Block,324,20,20-324-2554,,http://www.wikidata.org/entity/Q24943947,,,
2579,Tundi Block,325,20,20-325-2579,,http://www.wikidata.org/entity/Q25203774,,,
2580,Purbi Tundi Block,325,20,20-325-2580,,http://www.wikidata.org/entity/Q25203782,,,
2581,Topchanchi Block,325,20,20-325-2581,,http://www.wikidata.org/entity/Q25203789,,,
2582,Baghmara block,325,20,20-325-2582,,http://www.wikidata.org/entity/Q25203796,,,
2583,Govindpur block,325,20,20-325-2583,,http://www.wikidata.org/entity/Q25203869,,,
2584,Dhanbad block,325,20,20-325-2584,,http://www.wikidata.org/entity/Q25203880,,,
2585,Jharia block,325,20,20-325-2585,,http://www.wikidata.org/entity/Q25203891,,,
2586,Baliapur Block,325,20,20-325-2586,,http://www.wikidata.org/entity/Q25203884,,,
2587,Nirsa block,325,20,20-325-2587,,http://www.wikidata.org/entity/Q21832699,,,
6201,Egarkund block,325,20,20-325-6201,,http://www.wikidata.org/entity/Q123280014,,,
6202,Kaliasole block,325,20,20-325-6202,,http://www.wikidata.org/entity/Q107360638,,,
2666,Saraiyahat Block,326,20,20-326-2666,,http://www.wikidata.org/entity/Q21886144,,,
2667,Jarmundi Block,326,20,20-326-2667,,http://www.wikidata.org/entity/Q25247826,,,
2668,Ramgarh block,326,20,20-326-2668,,http://www.wikidata.org/entity/Q24943522,,,
2669,Gopikandar Block,326,20,20-326-2669,,http://www.wikidata.org/entity/Q24943546,,,
2670,Kathikund Block,326,20,20-326-2670,,http://www.wikidata.org/entity/Q24943562,,,
2671,Shikaripara Block,326,20,20-326-2671,,http://www.wikidata.org/entity/Q24943583,,,
2672,Ranishwar block,326,20,20-326-2672,,http://www.wikidata.org/entity/Q123280024,,,
2673,Dumka Block,326,20,20-326-2673,,http://www.wikidata.org/entity/Q25203925,,,
2674,Jama Block,326,20,20-326-2674,,http://www.wikidata.org/entity/Q24943608,,,
2675,Masalia block,326,20,20-326-2675,,http://www.wikidata.org/entity/Q24943640,,,
2604,Patamda block,327,20,20-327-2604,,http://www.wikidata.org/entity/Q123280038,,,
2605,Boram block,327,20,20-327-2605,,http://www.wikidata.org/entity/Q123279998,,,
2606,Golmuri-Cum-Jugsalai block,327,20,20-327-2606,,http://www.wikidata.org/entity/Q123280129,,,
2607,Ghatshila block,327,20,20-327-2607,,http://www.wikidata.org/entity/Q110267507,,,
2608,Potka block,327,20,20-327-2608,,http://www.wikidata.org/entity/Q123280005,,,
2609,Musabani block,327,20,20-327-2609,,http://www.wikidata.org/entity/Q123279940,,,
2610,Dumaria block,327,20,20-327-2610,,http://www.wikidata.org/entity/Q123279971,,,
2611,Dhalbhumgarh block,327,20,20-327-2611,,http://www.wikidata.org/entity/Q123279977,,,
2612,Gurbandha block,327,20,20-327-2612,,http://www.wikidata.org/entity/Q123280048,,,
2613,Chakulia block,327,20,20-327-2613,,http://www.wikidata.org/entity/Q123279951,,,
2614,Baharagora block,327,20,20-327-2614,,http://www.wikidata.org/entity/Q123279927,,,
2495,Kharaundhi block,328,20,20-328-2495,,http://www.wikidata.org/entity/Q24934537,,,
2496,Bhawnathpur block,328,20,20-328-2496,,http://www.wikidata.org/entity/Q24934176,,,
2497,Ketar* block,328,20,20-328-2497,,http://www.wikidata.org/entity/Q123279944,,,
2498,Kandi block,328,20,20-328-2498,,http://www.wikidata.org/entity/Q24934467,,,
2499,Manjhiaon block,328,20,20-328-2499,,http://www.wikidata.org/entity/Q24932249,,,
2500,Bardiha block,328,20,20-328-2500,,http://www.wikidata.org/entity/Q24934538,,,
2501,Ramna block,328,20,20-328-2501,,http://www.wikidata.org/entity/Q24934609,,,
2502,Bishunpura block,328,20,20-328-2502,,http://www.wikidata.org/entity/Q123279929,,,
2503,Nagar Untari Block,328,20,20-328-2503,,http://www.wikidata.org/entity/Q24929673,,,
2504,Dhurki block,328,20,20-328-2504,,http://www.wikidata.org/entity/Q24934416,,,
2505,Sagma block,328,20,20-328-2505,,http://www.wikidata.org/entity/Q24934181,,,
2506,Dandai block,328,20,20-328-2506,,http://www.wikidata.org/entity/Q24934550,,,
2507,Chinia block,328,20,20-328-2507,,http://www.wikidata.org/entity/Q24934603,,,
2508,Meral (Pipra Kalan) block,328,20,20-328-2508,,http://www.wikidata.org/entity/Q123280034,,,
2509,Garhwa block,328,20,20-328-2509,,http://www.wikidata.org/entity/Q123279933,,,
2510,Danda block,328,20,20-328-2510,,http://www.wikidata.org/entity/Q24932211,,,
2511,Ranka block,328,20,20-328-2511,,http://www.wikidata.org/entity/Q24934442,,,
2512,Ramkanda block,328,20,20-328-2512,,http://www.wikidata.org/entity/Q24933177,,,
2513,Bhandaria Block,328,20,20-328-2513,,http://www.wikidata.org/entity/Q24932210,,,
6329,Bargarh block,328,20,20-328-6329,,http://www.wikidata.org/entity/Q123279979,,,
2532,Gawan block,329,20,20-329-2532,,http://www.wikidata.org/entity/Q5528425,,,
2533,Tisri block,329,20,20-329-2533,,http://www.wikidata.org/entity/Q7809512,,,
2534,Deori block,329,20,20-329-2534,,http://www.wikidata.org/entity/Q5260051,,,
2535,Dhanwar block,329,20,20-329-2535,,http://www.wikidata.org/entity/Q25203544,,,
2536,Jamua Block,329,20,20-329-2536,,http://www.wikidata.org/entity/Q25203549,,,
2537,Bengabad block,329,20,20-329-2537,,http://www.wikidata.org/entity/Q4887598,,,
2538,Gandey block,329,20,20-329-2538,,http://www.wikidata.org/entity/Q5520643,,,
2539,Giridih block,329,20,20-329-2539,,http://www.wikidata.org/entity/Q5564262,,,
2540,Birni block,329,20,20-329-2540,,http://www.wikidata.org/entity/Q4916890,,,
2541,Bagodar block,329,20,20-329-2541,,http://www.wikidata.org/entity/Q4842062,,,
2542,Suriya block,329,20,20-329-2542,,http://www.wikidata.org/entity/Q18386558,,,
2543,Dumri block,329,20,20-329-2543,,http://www.wikidata.org/entity/Q255567,,,
2544,Pirtand block,329,20,20-329-2544,,http://www.wikidata.org/entity/Q7198111,,,
2555,Meharama Block,330,20,20-330-2555,,http://www.wikidata.org/entity/Q24944845,,,
2556,Thakurgangti Block,330,20,20-330-2556,,http://www.wikidata.org/entity/Q24944896,,,
2557,Boarijore Block,330,20,20-330-2557,,http://www.wikidata.org/entity/Q24944987,,,
2558,Mahagama Block,330,20,20-330-2558,,http://www.wikidata.org/entity/Q25204029,,,
2559,Pathargama Block,330,20,20-330-2559,,http://www.wikidata.org/entity/Q24945085,,,
2560,Basantrai block,330,20,20-330-2560,,http://www.wikidata.org/entity/Q24945261,,,
2561,Godda Block,330,20,20-330-2561,,http://www.wikidata.org/entity/Q25204196,,,
2562,Poraiyahat Block,330,20,20-330-2562,,http://www.wikidata.org/entity/Q24945312,,,
2563,Sunderpahari Block,330,20,20-330-2563,,http://www.wikidata.org/entity/Q24945407,,,
2706,Bishunpur block,331,20,20-331-2706,,http://www.wikidata.org/entity/Q4918152,,,
2707,Ghaghra block,331,20,20-331-2707,,http://www.wikidata.org/entity/Q5555222,,,
2708,Sisai block,331,20,20-331-2708,,http://www.wikidata.org/entity/Q7530752,,,
2709,Bharno block,331,20,20-331-2709,,http://www.wikidata.org/entity/Q4901298,,,
2710,Kamdara block,331,20,20-331-2710,,http://www.wikidata.org/entity/Q6356483,,,
2711,Basia block,331,20,20-331-2711,,http://www.wikidata.org/entity/Q4866922,,,
2712,Gumla block,331,20,20-331-2712,,http://www.wikidata.org/entity/Q5618145,,,
2713,Chainpur block,331,20,20-331-2713,,http://www.wikidata.org/entity/Q123280099,,,
2714,Dumri block,331,20,20-331-2714,,http://www.wikidata.org/entity/Q2881416,,,
2715,Albert Ekka(Jari) block,331,20,20-331-2715,,http://www.wikidata.org/entity/Q123279962,,,
2716,Raidih block,331,20,20-331-2716,,http://www.wikidata.org/entity/Q123280103,,,
2717,Palkot block,331,20,20-331-2717,,http://www.wikidata.org/entity/Q7127674,,,
2644,Chauparan block,332,20,20-332-2644,,http://www.wikidata.org/entity/Q25203498,,,
2645,Barhi block,332,20,20-332-2645,,http://www.wikidata.org/entity/Q25203502,,,
2646,Padma block,332,20,20-332-2646,,http://www.wikidata.org/entity/Q7123824,,,
2647,Ichak block,332,20,20-332-2647,,http://www.wikidata.org/entity/Q123280120,,,
2648,Tati Jhariya block,332,20,20-332-2648,,http://www.wikidata.org/entity/Q25203512,,,
2649,Daru block,332,20,20-332-2649,,http://www.wikidata.org/entity/Q25203509,,,
2650,Barkatha block,332,20,20-332-2650,,http://www.wikidata.org/entity/Q4860907,,,
2651,Chalkusa block,332,20,20-332-2651,,http://www.wikidata.org/entity/Q123280098,,,
2652,Bishnugarh block,332,20,20-332-2652,,http://www.wikidata.org/entity/Q25203513,,,
2653,Hazaribagh Sadar block,332,20,20-332-2653,,http://www.wikidata.org/entity/Q25203515,,,
2654,Katkamsandi block,332,20,20-332-2654,,http://www.wikidata.org/entity/Q25203517,,,
2655,Katkamdag block,332,20,20-332-2655,,http://www.wikidata.org/entity/Q25203519,,,
2656,Keredari block,332,20,20-332-2656,,http://www.wikidata.org/entity/Q25203521,,,
2657,Barkagaon block,332,20,20-332-2657,,http://www.wikidata.org/entity/Q25203523,,,
2658,Churchu block,332,20,20-332-2658,,http://www.wikidata.org/entity/Q25203527,,,
2659,Dadi block,332,20,20-332-2659,,http://www.wikidata.org/entity/Q23767813,,,
2676,Narayanpur block,333,20,20-333-2676,,http://www.wikidata.org/entity/Q123280029,,,
2677,Karmatanr block,333,20,20-333-2677,,http://www.wikidata.org/entity/Q25203896,,,
2678,Jamtara block,333,20,20-333-2678,,http://www.wikidata.org/entity/Q6148280,,,
2679,Nala block,333,20,20-333-2679,,http://www.wikidata.org/entity/Q6960776,,,
2680,Fatehpur block,333,20,20-333-2680,,http://www.wikidata.org/entity/Q25203907,,,
2681,Kundhit block,333,20,20-333-2681,,http://www.wikidata.org/entity/Q6444329,,,
2526,Satgawan Block,334,20,20-334-2526,,http://www.wikidata.org/entity/Q25203616,,,
2527,Koderma block,334,20,20-334-2527,,http://www.wikidata.org/entity/Q123279923,,,
2528,Domchanch Block,334,20,20-334-2528,,http://www.wikidata.org/entity/Q25203622,,,
2529,Jainagar block,334,20,20-334-2529,,http://www.wikidata.org/entity/Q25203624,,,
2530,Chandwara block,334,20,20-334-2530,,http://www.wikidata.org/entity/Q25203623,,,
2531,Markacho block,334,20,20-334-2531,,http://www.wikidata.org/entity/Q25203630,,,
2635,Manika Block,335,20,20-335-2635,,http://www.wikidata.org/entity/Q24931270,,,
2636,Barwadih block,335,20,20-335-2636,,http://www.wikidata.org/entity/Q123280111,,,
2637,Mahuadanr block,335,20,20-335-2637,,http://www.wikidata.org/entity/Q123280086,,,
2638,Garu block,335,20,20-335-2638,,http://www.wikidata.org/entity/Q123279912,,,
2639,Latehar block,335,20,20-335-2639,,http://www.wikidata.org/entity/Q123280066,,,
2640,Balumath block,335,20,20-335-2640,,http://www.wikidata.org/entity/Q123280027,,,
2641,Bariyatu block,335,20,20-335-2641,,http://www.wikidata.org/entity/Q123280116,,,
2642,Herhanj block,335,20,20-335-2642,,http://www.wikidata.org/entity/Q123279969,,,
2643,Chandwa Block,335,20,20-335-2643,,http://www.wikidata.org/entity/Q5071515,,,
2597,Kisko block,336,20,20-336-2597,,http://www.wikidata.org/entity/Q24942692,,,
2598,Peshrar block,336,20,20-336-2598,,http://www.wikidata.org/entity/Q123280041,,,
2599,Kuru block,336,20,20-336-2599,,http://www.wikidata.org/entity/Q24935545,,,
2600,Kairo block,336,20,20-336-2600,,http://www.wikidata.org/entity/Q24203119,,,
2601,Lohardaga block,336,20,20-336-2601,,http://www.wikidata.org/entity/Q123280039,,,
2602,Senha block,336,20,20-336-2602,,http://www.wikidata.org/entity/Q24942757,,,
2603,Bhandra block,336,20,20-336-2603,,http://www.wikidata.org/entity/Q123279904,,,
2573,Littipara block,337,20,20-337-2573,,http://www.wikidata.org/entity/Q6648804,,,
2574,Amrapara block,337,20,20-337-2574,,http://www.wikidata.org/entity/Q4748621,,,
2575,Hiranpur block,337,20,20-337-2575,,http://www.wikidata.org/entity/Q16884977,,,
2576,Pakur block,337,20,20-337-2576,,http://www.wikidata.org/entity/Q7126079,,,
2577,Maheshpur block,337,20,20-337-2577,,http://www.wikidata.org/entity/Q6733889,,,
2578,Pakuria block,337,20,20-337-2578,,http://www.wikidata.org/entity/Q7126088,,,
2615,Hussainabad block,338,20,20-338-2615,,http://www.wikidata.org/entity/Q123280105,,,
2616,Haidernagar block,338,20,20-338-2616,,http://www.wikidata.org/entity/Q24928147,,,
2617,Mohammadganj block,338,20,20-338-2617,,http://www.wikidata.org/entity/Q24928148,,,
2618,Hariharganj block,338,20,20-338-2618,,http://www.wikidata.org/entity/Q123280061,,,
2619,Pipra block,338,20,20-338-2619,,http://www.wikidata.org/entity/Q24928155,,,
2620,Chhatarpur block,338,20,20-338-2620,,http://www.wikidata.org/entity/Q123280006,,,
2621,Naudiha Bazar block,338,20,20-338-2621,,http://www.wikidata.org/entity/Q24928150,,,
2622,Pandu block,338,20,20-338-2622,,http://www.wikidata.org/entity/Q7130756,,,
2623,Untari Road block,338,20,20-338-2623,,http://www.wikidata.org/entity/Q24928154,,,
2624,Bishrampur block,338,20,20-338-2624,,http://www.wikidata.org/entity/Q123279963,,,
2625,Nawa Bazar block,338,20,20-338-2625,,http://www.wikidata.org/entity/Q24928151,,,
2626,Patan block,338,20,20-338-2626,,http://www.wikidata.org/entity/Q123280091,,,
2627,Padwa block,338,20,20-338-2627,,http://www.wikidata.org/entity/Q24928135,,,
2628,Manatu block,338,20,20-338-2628,,http://www.wikidata.org/entity/Q16889186,,,
2629,Tarhasi block,338,20,20-338-2629,,http://www.wikidata.org/entity/Q24928157,,,
2630,Panki block,338,20,20-338-2630,,http://www.wikidata.org/entity/Q7131322,,,
2631,Satbarwa block,338,20,20-338-2631,,http://www.wikidata.org/entity/Q7425968,,,
2632,Lesliganj block,338,20,20-338-2632,,http://www.wikidata.org/entity/Q6531271,,,
2633,Medininagar(Daltonganj) block,338,20,20-338-2633,,http://www.wikidata.org/entity/Q123279921,,,
2634,Chainpur block,338,20,20-338-2634,,http://www.wikidata.org/entity/Q123280050,,,
6325,Ramgarh Block,338,20,20-338-6325,,http://www.wikidata.org/entity/Q24948788,,,
2682,Burmu block,339,20,20-339-2682,,http://www.wikidata.org/entity/Q123280112,,,
2683,Khelari block,339,20,20-339-2683,,http://www.wikidata.org/entity/Q123280054,,,
2684,Kanke block,339,20,20-339-2684,,http://www.wikidata.org/entity/Q123280074,,,
2685,Ormanjhi block,339,20,20-339-2685,,http://www.wikidata.org/entity/Q123279907,,,
2686,Angara block,339,20,20-339-2686,,http://www.wikidata.org/entity/Q4761952,,,
2687,Rahe block,339,20,20-339-2687,,http://www.wikidata.org/entity/Q123280022,,,
2688,Silli block,339,20,20-339-2688,,http://www.wikidata.org/entity/Q123280107,,,
2689,Sonahatu block,339,20,20-339-2689,,http://www.wikidata.org/entity/Q123279911,,,
2690,Namkum block,339,20,20-339-2690,,http://www.wikidata.org/entity/Q15260893,,,
2691,Ratu block,339,20,20-339-2691,,http://www.wikidata.org/entity/Q123280032,,,
2692,Nagri block,339,20,20-339-2692,,http://www.wikidata.org/entity/Q123280127,,,
2693,Mandar block,339,20,20-339-2693,,http://www.wikidata.org/entity/Q123280001,,,
2694,Chanho block,339,20,20-339-2694,,http://www.wikidata.org/entity/Q123280130,,,
2695,Bero block,339,20,20-339-2695,,http://www.wikidata.org/entity/Q123279934,,,
2696,Itki block,339,20,20-339-2696,,http://www.wikidata.org/entity/Q123279995,,,
2697,Lapung block,339,20,20-339-2697,,http://www.wikidata.org/entity/Q123279954,,,
2698,Bundu block,339,20,20-339-2698,,http://www.wikidata.org/entity/Q123280011,,,
2699,Tamar I block,339,20,20-339-2699,,http://www.wikidata.org/entity/Q123280124,,,
2564,Sahibganj Block,340,20,20-340-2564,,http://www.wikidata.org/entity/Q25203969,,,
2565,Mandro Block,340,20,20-340-2565,,http://www.wikidata.org/entity/Q25247838,,,
2566,Borio Block,340,20,20-340-2566,,http://www.wikidata.org/entity/Q25203971,,,
2567,Barhait Block,340,20,20-340-2567,,http://www.wikidata.org/entity/Q25203975,,,
2568,Taljhari Block,340,20,20-340-2568,,http://www.wikidata.org/entity/Q24944072,,,
2569,Rajmahal Block,340,20,20-340-2569,,http://www.wikidata.org/entity/Q25203976,,,
2570,Udhwa Block,340,20,20-340-2570,,http://www.wikidata.org/entity/Q25203980,,,
2571,Pathna Block,340,20,20-340-2571,,http://www.wikidata.org/entity/Q24944135,,,
2572,Barharwa Block,340,20,20-340-2572,,http://www.wikidata.org/entity/Q25203985,,,
2746,Kuchai block,341,20,20-341-2746,,http://www.wikidata.org/entity/Q123280079,,,
2747,Kharsawan block,341,20,20-341-2747,,http://www.wikidata.org/entity/Q123279925,,,
2748,Chandil block,341,20,20-341-2748,,http://www.wikidata.org/entity/Q123280009,,,
2749,Ichagarh block,341,20,20-341-2749,,http://www.wikidata.org/entity/Q123279965,,,
2750,Kukru block,341,20,20-341-2750,,http://www.wikidata.org/entity/Q123280077,,,
2751,Nimdih block,341,20,20-341-2751,,http://www.wikidata.org/entity/Q123279942,,,
2752,Adityapur(Gamharia) block,341,20,20-341-2752,,http://www.wikidata.org/entity/Q123280068,,,
2753,Saraikela block,341,20,20-341-2753,,http://www.wikidata.org/entity/Q123280046,,,
2754,Gobindpur(Rajnagar) block,341,20,20-341-2754,,http://www.wikidata.org/entity/Q123279982,,,
2718,Simdega block,342,20,20-342-2718,,http://www.wikidata.org/entity/Q123279973,,,
2719,Pakar Tanr block,342,20,20-342-2719,,http://www.wikidata.org/entity/Q123279916,,,
2720,Kurdeg block,342,20,20-342-2720,,http://www.wikidata.org/entity/Q123279931,,,
2721,Kersai block,342,20,20-342-2721,,http://www.wikidata.org/entity/Q123279948,,,
2722,Bolba block,342,20,20-342-2722,,http://www.wikidata.org/entity/Q123280059,,,
2723,Thethaitangar block,342,20,20-342-2723,,http://www.wikidata.org/entity/Q24946691,,,
2724,Kolebira block,342,20,20-342-2724,,http://www.wikidata.org/entity/Q24929964,,,
2725,Jaldega block,342,20,20-342-2725,,http://www.wikidata.org/entity/Q123280017,,,
2726,Bansjore block,342,20,20-342-2726,,http://www.wikidata.org/entity/Q24945437,,,
2727,Bano block,342,20,20-342-2727,,http://www.wikidata.org/entity/Q123280109,,,
2728,Sonua block,343,20,20-343-2728,,http://www.wikidata.org/entity/Q123279905,,,
2729,Gudri block,343,20,20-343-2729,,http://www.wikidata.org/entity/Q123279901,,,
2730,Bandgaon block,343,20,20-343-2730,,http://www.wikidata.org/entity/Q123279938,,,
2731,Chakradharpur block,343,20,20-343-2731,,http://www.wikidata.org/entity/Q123280090,,,
2732,Khuntpani block,343,20,20-343-2732,,http://www.wikidata.org/entity/Q123280021,,,
2733,Goilkera block,343,20,20-343-2733,,http://www.wikidata.org/entity/Q123280013,,,
2734,Anandpur block,343,20,20-343-2734,,http://www.wikidata.org/entity/Q123279987,,,
2735,Manoharpur block,343,20,20-343-2735,,http://www.wikidata.org/entity/Q123280186,,,
2736,Noamundi block,343,20,20-343-2736,,http://www.wikidata.org/entity/Q123279957,,,
2737,Tonto block,343,20,20-343-2737,,http://www.wikidata.org/entity/Q123279989,,,
2738,Hat Gamharia block,343,20,20-343-2738,,http://www.wikidata.org/entity/Q123279914,,,
2739,Chaibasa block,343,20,20-343-2739,,http://www.wikidata.org/entity/Q123280114,,,
2740,Tantnagar block,343,20,20-343-2740,,http://www.wikidata.org/entity/Q123280043,,,
2741,Manjhari block,343,20,20-343-2741,,http://www.wikidata.org/entity/Q123280065,,,
2742,Jhinkpani block,343,20,20-343-2742,,http://www.wikidata.org/entity/Q123280052,,,
2743,Jagannathpur block,343,20,20-343-2743,,http://www.wikidata.org/entity/Q123280096,,,
2744,Kumardungi block,343,20,20-343-2744,,http://www.wikidata.org/entity/Q123280057,,,
2745,Majhgaon block,343,20,20-343-2745,,http://www.wikidata.org/entity/Q123280018,,,
2700,Karra block,606,20,20-606-2700,,http://www.wikidata.org/entity/Q21531207,,,
2701,Torpa block,606,20,20-606-2701,,http://www.wikidata.org/entity/Q123279975,,,
2702,Rania block,606,20,20-606-2702,,http://www.wikidata.org/entity/Q123280089,,,
2703,Murhu block,606,20,20-606-2703,,http://www.wikidata.org/entity/Q123279936,,,
2704,Khunti block,606,20,20-606-2704,,http://www.wikidata.org/entity/Q123280083,,,
2705,Erki(Tamar II) block,606,20,20-606-2705,,http://www.wikidata.org/entity/Q123279899,,,
2660,Patratu block,607,20,20-607-2660,,http://www.wikidata.org/entity/Q25203558,,,
2661,Mandu block,607,20,20-607-2661,,http://www.wikidata.org/entity/Q25203562,,,
2662,Ramgarh block,607,20,20-607-2662,,http://www.wikidata.org/entity/Q20026769,,,
2663,Dulmi block,607,20,20-607-2663,,http://www.wikidata.org/entity/Q25203573,,,
2664,Chitarpur block,607,20,20-607-2664,,http://www.wikidata.org/entity/Q25203574,,,
2665,Gola block,607,20,20-607-2665,,http://www.wikidata.org/entity/Q123280101,,,
3000,Palalahada P.S.,344,21,21-344-3000,,http://www.wikidata.org/entity/Q123279766,,,
3001,Khamar P.S.,344,21,21-344-3001,,http://www.wikidata.org/entity/Q123279693,,,
3002,Rengali Damsite P.S.,344,21,21-344-3002,,http://www.wikidata.org/entity/Q123280163,,,
3003,Kaniha P.S.,344,21,21-344-3003,,http://www.wikidata.org/entity/Q123279504,,,
3004,N.T.P.C. P.S.,344,21,21-344-3004,,http://www.wikidata.org/entity/Q123279541,,,
3005,Samal Barrage P.S.,344,21,21-344-3005,,http://www.wikidata.org/entity/Q123279801,,,
3006,Talcher Sadar P.S.,344,21,21-344-3006,,http://www.wikidata.org/entity/Q123279700,,,
3007,Colliery P.S.,344,21,21-344-3007,,http://www.wikidata.org/entity/Q123279868,,,
3008,Bikrampur P.S.,344,21,21-344-3008,,http://www.wikidata.org/entity/Q123280156,,,
3009,Nalco P.S.,344,21,21-344-3009,,http://www.wikidata.org/entity/Q123279677,,,
3010,Banarpal P.S.,344,21,21-344-3010,,http://www.wikidata.org/entity/Q123280151,,,
3011,Anugul P.S.,344,21,21-344-3011,,http://www.wikidata.org/entity/Q123279712,,,
3012,Jarapada P.S.,344,21,21-344-3012,,http://www.wikidata.org/entity/Q123280132,,,
3013,Industrial P.S.,344,21,21-344-3013,,http://www.wikidata.org/entity/Q123279724,,,
3014,Chhendipada P.S.,344,21,21-344-3014,,http://www.wikidata.org/entity/Q123279546,,,
3015,Handapa P.S.,344,21,21-344-3015,,http://www.wikidata.org/entity/Q123279834,,,
3016,Kishorenagar P.S.,344,21,21-344-3016,,http://www.wikidata.org/entity/Q123279545,,,
3017,Athmallik P.S.,344,21,21-344-3017,,http://www.wikidata.org/entity/Q123280087,,,
3018,Kiakata P.S.,344,21,21-344-3018,,http://www.wikidata.org/entity/Q123279556,,,
3019,Thakurgarh P.S.,344,21,21-344-3019,,http://www.wikidata.org/entity/Q123279690,,,
3020,Purunakot P.S.,344,21,21-344-3020,,http://www.wikidata.org/entity/Q123279588,,,
3021,Bantala P.S.,344,21,21-344-3021,,http://www.wikidata.org/entity/Q123279792,,,
3141,Loisinga P.S.,345,21,21-345-3141,,http://www.wikidata.org/entity/Q123279831,,,
3142,Balangir P.S.,345,21,21-345-3142,,http://www.wikidata.org/entity/Q123279827,,,
3143,Tushura P.S.,345,21,21-345-3143,,http://www.wikidata.org/entity/Q123279658,,,
3144,Patnagarh P.S.,345,21,21-345-3144,,http://www.wikidata.org/entity/Q123279935,,,
3145,Khaprakhol P.S.,345,21,21-345-3145,,http://www.wikidata.org/entity/Q123279727,,,
3146,Turekela P.S.,345,21,21-345-3146,,http://www.wikidata.org/entity/Q123279632,,,
3147,Belpara P.S.,345,21,21-345-3147,,http://www.wikidata.org/entity/Q123279711,,,
3148,Saintala P.S.,345,21,21-345-3148,,http://www.wikidata.org/entity/Q123279858,,,
3149,Kantabanji P.S.,345,21,21-345-3149,,http://www.wikidata.org/entity/Q123280135,,,
3150,Bangomunda P.S.,345,21,21-345-3150,,http://www.wikidata.org/entity/Q123280033,,,
3151,Sindhekela P.S.,345,21,21-345-3151,,http://www.wikidata.org/entity/Q123279889,,,
3152,Titlagarh P.S.,345,21,21-345-3152,,http://www.wikidata.org/entity/Q123279518,,,
7452,Agalpur P.S.,345,21,21-345-7452,,http://www.wikidata.org/entity/Q134486930,,,
7453,Deogaon P.S.,345,21,21-345-7453,,http://www.wikidata.org/entity/Q134486928,,,
7454,Muribahal P.S.,345,21,21-345-7454,,http://www.wikidata.org/entity/Q134486929,,,
7455,Puintala P.S.,345,21,21-345-7455,,http://www.wikidata.org/entity/Q134486927,,,
2889,Raibania P.S.,346,21,21-346-2889,,http://www.wikidata.org/entity/Q123279587,,,
2890,Jaleswar P.S.,346,21,21-346-2890,,http://www.wikidata.org/entity/Q123279983,,,
2891,Bhograi P.S.,346,21,21-346-2891,,http://www.wikidata.org/entity/Q123279526,,,
2892,Kamarda P.S.,346,21,21-346-2892,,http://www.wikidata.org/entity/Q123279838,,,
2893,Baliapal P.S.,346,21,21-346-2893,,http://www.wikidata.org/entity/Q123279757,,,
2894,Singla P.S.,346,21,21-346-2894,,http://www.wikidata.org/entity/Q123280138,,,
2895,Basta P.S.,346,21,21-346-2895,,http://www.wikidata.org/entity/Q123279554,,,
2896,Rupsa P.S.,346,21,21-346-2896,,http://www.wikidata.org/entity/Q123279575,,,
2897,Baleshwar Sadar P.S.,346,21,21-346-2897,,http://www.wikidata.org/entity/Q123279893,,,
2898,Sahadevkhunta P.S.,346,21,21-346-2898,,http://www.wikidata.org/entity/Q123279516,,,
2899,Chandipur P.S.,346,21,21-346-2899,,http://www.wikidata.org/entity/Q123280123,,,
2900,Balaramgadi Marine P.S.,346,21,21-346-2900,,http://www.wikidata.org/entity/Q123279698,,,
2901,Bampada P.S.,346,21,21-346-2901,,http://www.wikidata.org/entity/Q123280025,,,
2902,Remuna P.S.,346,21,21-346-2902,,http://www.wikidata.org/entity/Q123280012,,,
2903,Nilagiri P.S.,346,21,21-346-2903,,http://www.wikidata.org/entity/Q123279974,,,
2904,Berhampur P.S.,346,21,21-346-2904,,http://www.wikidata.org/entity/Q123279598,,,
2905,Oupada P.S.,346,21,21-346-2905,,http://www.wikidata.org/entity/Q123280049,,,
2906,Khaira P.S.,346,21,21-346-2906,,http://www.wikidata.org/entity/Q123280153,,,
2907,Soro P.S.,346,21,21-346-2907,,http://www.wikidata.org/entity/Q123279648,,,
2908,Similia P.S.,346,21,21-346-2908,,http://www.wikidata.org/entity/Q123279788,,,
2909,Baleshwar (M) P.S.,346,21,21-346-2909,,http://www.wikidata.org/entity/Q123279682,,,
2755,Paikamal P.S.,347,21,21-347-2755,,http://www.wikidata.org/entity/Q123279582,,,
2756,Jharbandha P.S.,347,21,21-347-2756,,http://www.wikidata.org/entity/Q123279591,,,
2757,Padmapur P.S.,347,21,21-347-2757,,http://www.wikidata.org/entity/Q123279510,,,
2758,Burden P.S.,347,21,21-347-2758,,http://www.wikidata.org/entity/Q123279903,,,
2759,Gaisilet P.S.,347,21,21-347-2759,,http://www.wikidata.org/entity/Q123280175,,,
2760,Melchhamunda P.S.,347,21,21-347-2760,,http://www.wikidata.org/entity/Q123279612,,,
2761,Sohela P.S.,347,21,21-347-2761,,http://www.wikidata.org/entity/Q123279777,,,
2762,Bijepur P.S.,347,21,21-347-2762,,http://www.wikidata.org/entity/Q123279896,,,
2763,Barapali P.S.,347,21,21-347-2763,,http://www.wikidata.org/entity/Q123280076,,,
2764,Bheden P.S.,347,21,21-347-2764,,http://www.wikidata.org/entity/Q123280031,,,
2765,Bargarh P.S.,347,21,21-347-2765,,http://www.wikidata.org/entity/Q123279737,,,
2766,Bargarh Sadar P.S.,347,21,21-347-2766,,http://www.wikidata.org/entity/Q123279679,,,
2767,Bhatli P.S.,347,21,21-347-2767,,http://www.wikidata.org/entity/Q123279843,,,
2768,Ambabhona P.S.,347,21,21-347-2768,,http://www.wikidata.org/entity/Q123280166,,,
2769,Attabira P.S.,347,21,21-347-2769,,http://www.wikidata.org/entity/Q123279555,,,
2910,Agarpada P.S.,348,21,21-348-2910,,http://www.wikidata.org/entity/Q123279978,,,
2911,Bant P.S.,348,21,21-348-2911,,http://www.wikidata.org/entity/Q123279770,,,
2912,Bhandari Pokhari P.S.,348,21,21-348-2912,,http://www.wikidata.org/entity/Q123279857,,,
2913,Dhamanagar P.S.,348,21,21-348-2913,,http://www.wikidata.org/entity/Q123279769,,,
2914,Bhadrak P.S.,348,21,21-348-2914,,http://www.wikidata.org/entity/Q122528001,,,
2915,Basudebpur P.S.,348,21,21-348-2915,,http://www.wikidata.org/entity/Q123279762,,,
2916,Naikanidihi P.S.,348,21,21-348-2916,,http://www.wikidata.org/entity/Q123280144,,,
2917,Tihidi P.S.,348,21,21-348-2917,,http://www.wikidata.org/entity/Q123279860,,,
2918,Dhusuri P.S.,348,21,21-348-2918,,http://www.wikidata.org/entity/Q123279583,,,
2919,Chandabali P.S.,348,21,21-348-2919,,http://www.wikidata.org/entity/Q123279544,,,
2920,Bansada P.S.,348,21,21-348-2920,,http://www.wikidata.org/entity/Q123279616,,,
2921,Dhamara Marine P.S.,348,21,21-348-2921,,http://www.wikidata.org/entity/Q123279576,,,
3127,Kantamal P.S.,349,21,21-349-3127,,http://www.wikidata.org/entity/Q123279636,,,
3128,Manamunda P.S.,349,21,21-349-3128,,http://www.wikidata.org/entity/Q123279505,,,
3129,Baunsuni P.S.,349,21,21-349-3129,,http://www.wikidata.org/entity/Q123279939,,,
3130,Baudh Sadar P.S.,349,21,21-349-3130,,http://www.wikidata.org/entity/Q123279945,,,
3131,Puruna Katak P.S.,349,21,21-349-3131,,http://www.wikidata.org/entity/Q123280110,,,
3132,Harbhanga P.S.,349,21,21-349-3132,,http://www.wikidata.org/entity/Q123279781,,,
2944,Narasinghpur P.S.,350,21,21-350-2944,,http://www.wikidata.org/entity/Q123279854,,,
2945,Kanpur P.S.,350,21,21-350-2945,,http://www.wikidata.org/entity/Q123280121,,,
2946,Badamba P.S.,350,21,21-350-2946,,http://www.wikidata.org/entity/Q123280023,,,
2947,Baidyeswar P.S.,350,21,21-350-2947,,http://www.wikidata.org/entity/Q123279873,,,
2948,Banki P.S.,350,21,21-350-2948,,http://www.wikidata.org/entity/Q123280150,,,
2949,Tigiria P.S.,350,21,21-350-2949,,http://www.wikidata.org/entity/Q21667592,,,
2950,Athagad P.S.,350,21,21-350-2950,,http://www.wikidata.org/entity/Q123279825,,,
2951,Barang P.S.,350,21,21-350-2951,,http://www.wikidata.org/entity/Q123279540,,,
2952,Gurudijhatia P.S.,350,21,21-350-2952,,http://www.wikidata.org/entity/Q123280075,,,
2953,Khuntuni P.S.,350,21,21-350-2953,,http://www.wikidata.org/entity/Q123280035,,,
2954,Choudwar P.S.,350,21,21-350-2954,,http://www.wikidata.org/entity/Q123279603,,,
2955,Tangi P.S.,350,21,21-350-2955,,http://www.wikidata.org/entity/Q123279722,,,
2956,Mahanga P.S.,350,21,21-350-2956,,http://www.wikidata.org/entity/Q123280026,,,
2957,Salepur P.S.,350,21,21-350-2957,,http://www.wikidata.org/entity/Q123279511,,,
2958,Nischintakoili P.S.,350,21,21-350-2958,,http://www.wikidata.org/entity/Q123279787,,,
2959,Nemalo P.S.,350,21,21-350-2959,,http://www.wikidata.org/entity/Q123279639,,,
2960,Kishannagar P.S.,350,21,21-350-2960,,http://www.wikidata.org/entity/Q123279871,,,
2961,Jagatpur P.S.,350,21,21-350-2961,,http://www.wikidata.org/entity/Q123279547,,,
2962,Cuttack Sadar P.S.,350,21,21-350-2962,,http://www.wikidata.org/entity/Q123279880,,,
2963,Kandarpur P.S.,350,21,21-350-2963,,http://www.wikidata.org/entity/Q123280104,,,
2964,C.R.R.I. P.S.,350,21,21-350-2964,,http://www.wikidata.org/entity/Q123279856,,,
2965,Gobindpur P.S.,350,21,21-350-2965,,http://www.wikidata.org/entity/Q123279815,,,
2966,Olatapur P.S.,350,21,21-350-2966,,http://www.wikidata.org/entity/Q123279618,,,
2967,Niali P.S.,350,21,21-350-2967,,http://www.wikidata.org/entity/Q123279806,,,
2968,Cuttack (M.Corp.)  P.S.,350,21,21-350-2968,,http://www.wikidata.org/entity/Q123279767,,,
2800,Debagarh P.S.,351,21,21-351-2800,,http://www.wikidata.org/entity/Q123279958,,,
2801,Barkot P.S.,351,21,21-351-2801,,http://www.wikidata.org/entity/Q123279521,,,
2802,Kundheigola P.S.,351,21,21-351-2802,,http://www.wikidata.org/entity/Q123279922,,,
2803,Reamal P.S.,351,21,21-351-2803,,http://www.wikidata.org/entity/Q123279595,,,
2987,Parajang P.S.,352,21,21-352-2987,,http://www.wikidata.org/entity/Q123279659,,,
2988,Kamakshyanagar P.S.,352,21,21-352-2988,,http://www.wikidata.org/entity/Q123280016,,,
2989,Kankadahad P.S.,352,21,21-352-2989,,http://www.wikidata.org/entity/Q123279849,,,
2990,Bhuban P.S.,352,21,21-352-2990,,http://www.wikidata.org/entity/Q123280149,,,
2991,Gandia P.S.,352,21,21-352-2991,,http://www.wikidata.org/entity/Q123279721,,,
2992,Nihalprasad P.S.,352,21,21-352-2992,,http://www.wikidata.org/entity/Q123279719,,,
2993,Tumusingha P.S.,352,21,21-352-2993,,http://www.wikidata.org/entity/Q123279664,,,
2994,Motunga P.S.,352,21,21-352-2994,,http://www.wikidata.org/entity/Q123279715,,,
2995,Bhusan Steel Limited P.S.,352,21,21-352-2995,,http://www.wikidata.org/entity/Q123281567,,,
2996,Balimi P.S.,352,21,21-352-2996,,http://www.wikidata.org/entity/Q123279729,,,
2997,Hindol P.S.,352,21,21-352-2997,,http://www.wikidata.org/entity/Q123279689,,,
2998,Rasol P.S.,352,21,21-352-2998,,http://www.wikidata.org/entity/Q123279538,,,
2999,Dhenkanal Sadar P.S.,352,21,21-352-2999,,http://www.wikidata.org/entity/Q123279749,,,
3100,Adava P.S.,353,21,21-353-3100,,http://www.wikidata.org/entity/Q123279638,,,
3101,Mohana P.S.,353,21,21-353-3101,,http://www.wikidata.org/entity/Q123279647,,,
3102,R.Udayagiri P.S.,353,21,21-353-3102,,http://www.wikidata.org/entity/Q123279902,,,
3103,Serango P.S.,353,21,21-353-3103,,http://www.wikidata.org/entity/Q123279847,,,
3104,Kasinagar P.S.,353,21,21-353-3104,,http://www.wikidata.org/entity/Q123279782,,,
3105,Paralakhemundi P.S.,353,21,21-353-3105,,http://www.wikidata.org/entity/Q123279862,,,
3106,Gurandi P.S.,353,21,21-353-3106,,http://www.wikidata.org/entity/Q123279747,,,
3107,Rayagada P.S.,353,21,21-353-3107,,http://www.wikidata.org/entity/Q123279543,,,
3108,Garabandha P.S.,353,21,21-353-3108,,http://www.wikidata.org/entity/Q123279570,,,
3109,Ramagiri P.S.,353,21,21-353-3109,,http://www.wikidata.org/entity/Q123279675,,,
3071,Tarasingi P.S.,354,21,21-354-3071,,http://www.wikidata.org/entity/Q123279536,,,
3072,Buguda P.S.,354,21,21-354-3072,,http://www.wikidata.org/entity/Q123280164,,,
3073,Jagannath Prasad P.S.,354,21,21-354-3073,,http://www.wikidata.org/entity/Q123280010,,,
3074,Bhanjanagar P.S.,354,21,21-354-3074,,http://www.wikidata.org/entity/Q123279640,,,
3075,Gangapur P.S.,354,21,21-354-3075,,http://www.wikidata.org/entity/Q123279529,,,
3076,Surada P.S.,354,21,21-354-3076,,http://www.wikidata.org/entity/Q123279642,,,
3077,Badagada P.S.,354,21,21-354-3077,,http://www.wikidata.org/entity/Q123279704,,,
3078,Asika P.S.,354,21,21-354-3078,,http://www.wikidata.org/entity/Q123279930,,,
3079,Dharakote P.S.,354,21,21-354-3079,,http://www.wikidata.org/entity/Q123279601,,,
3080,Kabisuryanagar P.S.,354,21,21-354-3080,,http://www.wikidata.org/entity/Q123280169,,,
3081,Polasara P.S.,354,21,21-354-3081,,http://www.wikidata.org/entity/Q123279621,,,
3082,Kodala P.S.,354,21,21-354-3082,,http://www.wikidata.org/entity/Q123279692,,,
3083,Khalikote P.S.,354,21,21-354-3083,,http://www.wikidata.org/entity/Q123280177,,,
3084,Rambha P.S.,354,21,21-354-3084,,http://www.wikidata.org/entity/Q123280095,,,
3085,Chhatrapur P.S.,354,21,21-354-3085,,http://www.wikidata.org/entity/Q123279666,,,
3086,Ganjam P.S.,354,21,21-354-3086,,http://www.wikidata.org/entity/Q123279877,,,
3087,Chamakhandi P.S.,354,21,21-354-3087,,http://www.wikidata.org/entity/Q123280133,,,
3088,Arjyapalli Marine P.S.,354,21,21-354-3088,,http://www.wikidata.org/entity/Q123279732,,,
3089,Purusottampur P.S.,354,21,21-354-3089,,http://www.wikidata.org/entity/Q123279897,,,
3090,Hinjili P.S.,354,21,21-354-3090,,http://www.wikidata.org/entity/Q123279533,,,
3091,Patapur P.S.,354,21,21-354-3091,,http://www.wikidata.org/entity/Q123279832,,,
3092,Seragad P.S.,354,21,21-354-3092,,http://www.wikidata.org/entity/Q123279716,,,
3093,Brahmapur Sadar P.S.,354,21,21-354-3093,,http://www.wikidata.org/entity/Q123279941,,,
3094,Gopalpur P.S.,354,21,21-354-3094,,http://www.wikidata.org/entity/Q123279908,,,
3095,Golanthara P.S.,354,21,21-354-3095,,http://www.wikidata.org/entity/Q123280115,,,
3096,Digapahandi P.S.,354,21,21-354-3096,,http://www.wikidata.org/entity/Q123279839,,,
3097,Nuagaon P.S.,354,21,21-354-3097,,http://www.wikidata.org/entity/Q123279986,,,
3098,Jarada P.S.,354,21,21-354-3098,,http://www.wikidata.org/entity/Q123279928,,,
3099,Brahmapur (M.Corp.) P.S.,354,21,21-354-3099,,http://www.wikidata.org/entity/Q123279891,,,
2934,Paradip P.S.,355,21,21-355-2934,,http://www.wikidata.org/entity/Q123279557,,,
2935,Paradeep Lock P.S.,355,21,21-355-2935,,http://www.wikidata.org/entity/Q123279895,,,
2936,Kujang P.S.,355,21,21-355-2936,,http://www.wikidata.org/entity/Q123280070,,,
2937,Abhyachandpur P.S.,355,21,21-355-2937,,http://www.wikidata.org/entity/Q123279970,,,
2938,Ersama P.S.,355,21,21-355-2938,,http://www.wikidata.org/entity/Q123279985,,,
2939,Tirtol P.S.,355,21,21-355-2939,,http://www.wikidata.org/entity/Q123280106,,,
2940,Jagatsinghapur P.S.,355,21,21-355-2940,,http://www.wikidata.org/entity/Q123279731,,,
2941,Biridi P.S.,355,21,21-355-2941,,http://www.wikidata.org/entity/Q123279869,,,
2942,Naugaon P.S.,355,21,21-355-2942,,http://www.wikidata.org/entity/Q123280143,,,
2943,Balikuda P.S.,355,21,21-355-2943,,http://www.wikidata.org/entity/Q123279713,,,
2969,Sukinda P.S.,356,21,21-356-2969,,http://www.wikidata.org/entity/Q123279574,,,
2970,Tomka P.S.,356,21,21-356-2970,,http://www.wikidata.org/entity/Q123279708,,,
2971,Kaliapani P.S.,356,21,21-356-2971,,http://www.wikidata.org/entity/Q123279756,,,
2972,Kalinganagar P.S.,356,21,21-356-2972,,http://www.wikidata.org/entity/Q123279964,,,
2973,Jakhapura P.S.,356,21,21-356-2973,,http://www.wikidata.org/entity/Q123279802,,,
2974,Jajapur Road P.S.,356,21,21-356-2974,,http://www.wikidata.org/entity/Q123279920,,,
2975,Korai P.S.,356,21,21-356-2975,,http://www.wikidata.org/entity/Q123279950,,,
2976,Panikoili P.S.,356,21,21-356-2976,,http://www.wikidata.org/entity/Q123279579,,,
2977,Jajapur P.S.,356,21,21-356-2977,,http://www.wikidata.org/entity/Q123280172,,,
2978,Jajpur Sadar P.S.,356,21,21-356-2978,,http://www.wikidata.org/entity/Q123279620,,,
2979,Dharmasala P.S.,356,21,21-356-2979,,http://www.wikidata.org/entity/Q123279646,,,
2980,Jenapur P.S.,356,21,21-356-2980,,http://www.wikidata.org/entity/Q123279864,,,
2981,Kuakhia P.S.,356,21,21-356-2981,,http://www.wikidata.org/entity/Q123279799,,,
2982,Badachana P.S.,356,21,21-356-2982,,http://www.wikidata.org/entity/Q123279568,,,
2983,Balichandrapur P.S.,356,21,21-356-2983,,http://www.wikidata.org/entity/Q123280060,,,
2984,Binjharpur P.S.,356,21,21-356-2984,,http://www.wikidata.org/entity/Q123280047,,,
2985,Bari - Ramachandrapur P.S.,356,21,21-356-2985,,http://www.wikidata.org/entity/Q123279581,,,
2986,Mangalpur P.S.,356,21,21-356-2986,,http://www.wikidata.org/entity/Q123279707,,,
2770,Rengali P.S.,357,21,21-357-2770,,http://www.wikidata.org/entity/Q123279678,,,
2771,Lakhanpur P.S.,357,21,21-357-2771,,http://www.wikidata.org/entity/Q123279789,,,
2772,Belpahar P.S.,357,21,21-357-2772,,http://www.wikidata.org/entity/Q123279764,,,
2773,Banaharapali P.S.,357,21,21-357-2773,,http://www.wikidata.org/entity/Q123279900,,,
2774,Orient P.S.,357,21,21-357-2774,,http://www.wikidata.org/entity/Q123279637,,,
2775,Brajarajnagar P.S.,357,21,21-357-2775,,http://www.wikidata.org/entity/Q123279596,,,
2776,Jharsuguda P.S.,357,21,21-357-2776,,http://www.wikidata.org/entity/Q123279917,,,
2777,Badmal P.S.,357,21,21-357-2777,,http://www.wikidata.org/entity/Q123279517,,,
2778,Laikera P.S.,357,21,21-357-2778,,http://www.wikidata.org/entity/Q123279734,,,
2779,Kolabira P.S.,357,21,21-357-2779,,http://www.wikidata.org/entity/Q123279594,,,
3159,Kesinga P.S.,358,21,21-358-3159,,http://www.wikidata.org/entity/Q123280139,,,
3160,Madanpur Rampur P.S.,358,21,21-358-3160,,http://www.wikidata.org/entity/Q123280108,,,
3161,Narala P.S.,358,21,21-358-3161,,http://www.wikidata.org/entity/Q123280019,,,
3162,Lanjigarh P.S.,358,21,21-358-3162,,http://www.wikidata.org/entity/Q123279924,,,
3163,Biswanathpur P.S.,358,21,21-358-3163,,http://www.wikidata.org/entity/Q123279960,,,
3164,Sadar P.S.,358,21,21-358-3164,,http://www.wikidata.org/entity/Q123279845,,,
3165,Kegaon P.S.,358,21,21-358-3165,,http://www.wikidata.org/entity/Q123279966,,,
3166,Junagarh P.S.,358,21,21-358-3166,,http://www.wikidata.org/entity/Q123280064,,,
3167,Golamunda P.S.,358,21,21-358-3167,,http://www.wikidata.org/entity/Q123279768,,,
3168,Dharamgarh P.S.,358,21,21-358-3168,,http://www.wikidata.org/entity/Q123279740,,,
3169,Kokasara P.S.,358,21,21-358-3169,,http://www.wikidata.org/entity/Q123279717,,,
3170,Jayapatna P.S.,358,21,21-358-3170,,http://www.wikidata.org/entity/Q123279608,,,
3171,Thuamul Rampur P.S.,358,21,21-358-3171,,http://www.wikidata.org/entity/Q123279592,,,
3110,Gochhapada P.S.,359,21,21-359-3110,,http://www.wikidata.org/entity/Q123279894,,,
3111,Phulabani P.S.,359,21,21-359-3111,,http://www.wikidata.org/entity/Q123279932,,,
3112,Phulabani Town P.S.,359,21,21-359-3112,,http://www.wikidata.org/entity/Q123279937,,,
3113,Khajuripada P.S.,359,21,21-359-3113,,http://www.wikidata.org/entity/Q123279530,,,
3114,G.Udayagiri P.S.,359,21,21-359-3114,,http://www.wikidata.org/entity/Q123279808,,,
3115,Tikabali P.S.,359,21,21-359-3115,,http://www.wikidata.org/entity/Q123279913,,,
3116,Chakapada P.S.,359,21,21-359-3116,,http://www.wikidata.org/entity/Q123279676,,,
3117,Sarangagarh P.S.,359,21,21-359-3117,,http://www.wikidata.org/entity/Q123279617,,,
3118,Phiringia P.S.,359,21,21-359-3118,,http://www.wikidata.org/entity/Q123279683,,,
3119,Baliguda P.S.,359,21,21-359-3119,,http://www.wikidata.org/entity/Q123279671,,,
3120,Nuagaon P.S.,359,21,21-359-3120,,http://www.wikidata.org/entity/Q123279634,,,
3121,Tumudibandha P.S.,359,21,21-359-3121,,http://www.wikidata.org/entity/Q123279515,,,
3122,Belaghar P.S.,359,21,21-359-3122,,http://www.wikidata.org/entity/Q123279513,,,
3123,Kotagarh P.S.,359,21,21-359-3123,,http://www.wikidata.org/entity/Q123279807,,,
3124,Brahmanigaon P.S.,359,21,21-359-3124,,http://www.wikidata.org/entity/Q123279613,,,
3125,Daringbadi P.S.,359,21,21-359-3125,,http://www.wikidata.org/entity/Q123279826,,,
3126,Raikia P.S.,359,21,21-359-3126,,http://www.wikidata.org/entity/Q123279836,,,
2922,Rajkanika P.S.,360,21,21-360-2922,,http://www.wikidata.org/entity/Q123279523,,,
2923,Rajnagar P.S.,360,21,21-360-2923,,http://www.wikidata.org/entity/Q123279668,,,
2924,Jamboo Marine P.S.,360,21,21-360-2924,,http://www.wikidata.org/entity/Q123279680,,,
2925,Aali P.S.,360,21,21-360-2925,,http://www.wikidata.org/entity/Q123280148,,,
2926,Pattamundai P.S.,360,21,21-360-2926,,http://www.wikidata.org/entity/Q123280100,,,
2927,Kendrapara P.S.,360,21,21-360-2927,,http://www.wikidata.org/entity/Q123280092,,,
2928,Kendrapara Sadar P.S.,360,21,21-360-2928,,http://www.wikidata.org/entity/Q123280085,,,
2929,Nikirai P.S.,360,21,21-360-2929,,http://www.wikidata.org/entity/Q123279829,,,
2930,Derabish P.S.,360,21,21-360-2930,,http://www.wikidata.org/entity/Q123279886,,,
2931,Patkura P.S.,360,21,21-360-2931,,http://www.wikidata.org/entity/Q123279662,,,
2932,Marsaghai P.S.,360,21,21-360-2932,,http://www.wikidata.org/entity/Q123280030,,,
2933,Mahakalapada P.S.,360,21,21-360-2933,,http://www.wikidata.org/entity/Q123279654,,,
2834,Barbil P.S.,361,21,21-361-2834,,http://www.wikidata.org/entity/Q123279828,,,
2835,Bolani P.S.,361,21,21-361-2835,,http://www.wikidata.org/entity/Q123280042,,,
2836,Rugudi P.S.,361,21,21-361-2836,,http://www.wikidata.org/entity/Q123280171,,,
2837,Joda P.S.,361,21,21-361-2837,,http://www.wikidata.org/entity/Q123280174,,,
2838,Bamebari P.S.,361,21,21-361-2838,,http://www.wikidata.org/entity/Q123280145,,,
2839,Champua P.S.,361,21,21-361-2839,,http://www.wikidata.org/entity/Q123279783,,,
2840,Jhumpura P.S.,361,21,21-361-2840,,http://www.wikidata.org/entity/Q123280134,,,
2841,Baria P.S.,361,21,21-361-2841,,http://www.wikidata.org/entity/Q123279685,,,
2842,Turumunga P.S.,361,21,21-361-2842,,http://www.wikidata.org/entity/Q123279710,,,
2843,Patana P.S.,361,21,21-361-2843,,http://www.wikidata.org/entity/Q123279701,,,
2844,Kendujhar Sadar P.S.,361,21,21-361-2844,,http://www.wikidata.org/entity/Q123279771,,,
2845,Kendujhar Town P.S.,361,21,21-361-2845,,http://www.wikidata.org/entity/Q123279758,,,
2846,Nayakote P.S.,361,21,21-361-2846,,http://www.wikidata.org/entity/Q123279602,,,
2847,Kanjipani P.S.,361,21,21-361-2847,,http://www.wikidata.org/entity/Q123279641,,,
2848,Telkoi P.S.,361,21,21-361-2848,,http://www.wikidata.org/entity/Q123280126,,,
2849,Pandapara P.S.,361,21,21-361-2849,,http://www.wikidata.org/entity/Q123280136,,,
2850,Ghatgaon P.S.,361,21,21-361-2850,,http://www.wikidata.org/entity/Q123279531,,,
2851,Harichandanpur P.S.,361,21,21-361-2851,,http://www.wikidata.org/entity/Q123280155,,,
2852,Daitari P.S.,361,21,21-361-2852,,http://www.wikidata.org/entity/Q123279628,,,
2853,Ghasipura P.S.,361,21,21-361-2853,,http://www.wikidata.org/entity/Q123279952,,,
2854,Anandapur P.S.,361,21,21-361-2854,,http://www.wikidata.org/entity/Q123279910,,,
2855,Soso P.S.,361,21,21-361-2855,,http://www.wikidata.org/entity/Q123279739,,,
2856,Nandipada P.S.,361,21,21-361-2856,,http://www.wikidata.org/entity/Q123279686,,,
2857,Sainkul P.S.,361,21,21-361-2857,,http://www.wikidata.org/entity/Q123280020,,,
3034,Bolagad P.S.,362,21,21-362-3034,,http://www.wikidata.org/entity/Q123279968,,,
3035,Begunia P.S.,362,21,21-362-3035,,http://www.wikidata.org/entity/Q123279560,,,
3036,Khordha P.S.,362,21,21-362-3036,,http://www.wikidata.org/entity/Q123279763,,,
3037,Khordha Sadar P.S.,362,21,21-362-3037,,http://www.wikidata.org/entity/Q123279949,,,
3038,Chandaka P.S.,362,21,21-362-3038,,http://www.wikidata.org/entity/Q123279741,,,
3039,Nandankanan P.S.,362,21,21-362-3039,,http://www.wikidata.org/entity/Q123279793,,,
3040,Saheednagar P.S.,362,21,21-362-3040,,http://www.wikidata.org/entity/Q123279790,,,
3041,Mancheswar P.S.,362,21,21-362-3041,,http://www.wikidata.org/entity/Q123279850,,,
3042,Balianta P.S.,362,21,21-362-3042,,http://www.wikidata.org/entity/Q123279681,,,
3043,Balipatna P.S.,362,21,21-362-3043,,http://www.wikidata.org/entity/Q123279926,,,
3044,Lingaraj P.S.,362,21,21-362-3044,,http://www.wikidata.org/entity/Q123280007,,,
3045,Airfield (Kapila Prasad) P.S.,362,21,21-362-3045,,http://www.wikidata.org/entity/Q123279972,,,
3046,Uttara  P.S.,362,21,21-362-3046,,http://www.wikidata.org/entity/Q123279597,,,
3047,Khandagiri P.S.,362,21,21-362-3047,,http://www.wikidata.org/entity/Q123279743,,,
3048,Tamando P.S.,362,21,21-362-3048,,http://www.wikidata.org/entity/Q123279774,,,
3049,Jatani P.S.,362,21,21-362-3049,,http://www.wikidata.org/entity/Q123279830,,,
3050,Jankia P.S.,362,21,21-362-3050,,http://www.wikidata.org/entity/Q123280069,,,
3051,Nirakarpur P.S.,362,21,21-362-3051,,http://www.wikidata.org/entity/Q123280165,,,
3052,Tangi P.S.,362,21,21-362-3052,,http://www.wikidata.org/entity/Q123279661,,,
3053,Balugaon P.S.,362,21,21-362-3053,,http://www.wikidata.org/entity/Q123280147,,,
3054,Banapur P.S.,362,21,21-362-3054,,http://www.wikidata.org/entity/Q123279687,,,
3055,Bhubaneswar (M.Corp.) P.S.,362,21,21-362-3055,,http://www.wikidata.org/entity/Q123280040,,,
3199,Kotpad P.S.,363,21,21-363-3199,,http://www.wikidata.org/entity/Q123279840,,,
3200,Boriguma P.S.,363,21,21-363-3200,,http://www.wikidata.org/entity/Q123279512,,,
3201,Bhairabsingipur P.S.,363,21,21-363-3201,,http://www.wikidata.org/entity/Q123279528,,,
3202,Dasamantapur P.S.,363,21,21-363-3202,,http://www.wikidata.org/entity/Q123280158,,,
3203,Lakshmipur P.S.,363,21,21-363-3203,,http://www.wikidata.org/entity/Q123279752,,,
3204,Narayanpatana P.S.,363,21,21-363-3204,,http://www.wikidata.org/entity/Q123280154,,,
3205,Bandhugaon P.S.,363,21,21-363-3205,,http://www.wikidata.org/entity/Q123279848,,,
3206,Kakiriguma P.S.,363,21,21-363-3206,,http://www.wikidata.org/entity/Q123279667,,,
3207,Koraput P.S.,363,21,21-363-3207,,http://www.wikidata.org/entity/Q123279705,,,
3208,Koraput Town P.S.,363,21,21-363-3208,,http://www.wikidata.org/entity/Q123279549,,,
3209,Jeypore P.S.,363,21,21-363-3209,,http://www.wikidata.org/entity/Q123280152,,,
3210,Kundura P.S.,363,21,21-363-3210,,http://www.wikidata.org/entity/Q123279728,,,
3211,Boipariguda P.S.,363,21,21-363-3211,,http://www.wikidata.org/entity/Q123279906,,,
3212,Machh Kund P.S.,363,21,21-363-3212,,http://www.wikidata.org/entity/Q123279534,,,
3213,Padua P.S.,363,21,21-363-3213,,http://www.wikidata.org/entity/Q123279524,,,
3214,Nandapur P.S.,363,21,21-363-3214,,http://www.wikidata.org/entity/Q123279804,,,
3215,Similiguda P.S.,363,21,21-363-3215,,http://www.wikidata.org/entity/Q123279551,,,
3216,Sunabeda P.S.,363,21,21-363-3216,,http://www.wikidata.org/entity/Q123279748,,,
3217,Damonjodi P.S.,363,21,21-363-3217,,http://www.wikidata.org/entity/Q123279773,,,
3218,Pottangi P.S.,363,21,21-363-3218,,http://www.wikidata.org/entity/Q123279875,,,
3219,Kotiya P.S.,363,21,21-363-3219,,http://www.wikidata.org/entity/Q123279872,,,
3220,Malkangiri P.S.,364,21,21-364-3220,,http://www.wikidata.org/entity/Q123279947,,,
3221,Mathili P.S.,364,21,21-364-3221,,http://www.wikidata.org/entity/Q123279786,,,
3222,Mudulipada P.S.,364,21,21-364-3222,,http://www.wikidata.org/entity/Q123279573,,,
3223,Chitrakonda P.S.,364,21,21-364-3223,,http://www.wikidata.org/entity/Q123279890,,,
3224,Paparmetla P.S.,364,21,21-364-3224,,http://www.wikidata.org/entity/Q123280037,,,
3225,Jodamba P.S.,364,21,21-364-3225,,http://www.wikidata.org/entity/Q123279600,,,
3226,Orkel P.S.,364,21,21-364-3226,,http://www.wikidata.org/entity/Q123279590,,,
3227,Kalimela P.S.,364,21,21-364-3227,,http://www.wikidata.org/entity/Q123279645,,,
3228,Podia P.S.,364,21,21-364-3228,,http://www.wikidata.org/entity/Q123279867,,,
3229,M.V. 79 P.S.,364,21,21-364-3229,,http://www.wikidata.org/entity/Q123279742,,,
3230,Motu P.S.,364,21,21-364-3230,,http://www.wikidata.org/entity/Q123279635,,,
2858,Tiring P.S.,365,21,21-365-2858,,http://www.wikidata.org/entity/Q123279585,,,
2859,Bahalda P.S.,365,21,21-365-2859,,http://www.wikidata.org/entity/Q123280062,,,
2860,Jamda P.S.,365,21,21-365-2860,,http://www.wikidata.org/entity/Q123279580,,,
2861,Rairangpur Town P.S.,365,21,21-365-2861,,http://www.wikidata.org/entity/Q123279532,,,
2862,Gorumahisani P.S.,365,21,21-365-2862,,http://www.wikidata.org/entity/Q123279961,,,
2863,Jharpokharia P.S.,365,21,21-365-2863,,http://www.wikidata.org/entity/Q123279657,,,
2864,Bisoi P.S.,365,21,21-365-2864,,http://www.wikidata.org/entity/Q123279519,,,
2865,Rairangpur P.S.,365,21,21-365-2865,,http://www.wikidata.org/entity/Q123279709,,,
2866,Badampahar P.S.,365,21,21-365-2866,,http://www.wikidata.org/entity/Q123279720,,,
2867,Jashipur P.S.,365,21,21-365-2867,,http://www.wikidata.org/entity/Q123279861,,,
2868,Raruan P.S.,365,21,21-365-2868,,http://www.wikidata.org/entity/Q123279614,,,
2869,Ghagarbeda P.S.,365,21,21-365-2869,,http://www.wikidata.org/entity/Q123279611,,,
2870,Karanjia P.S.,365,21,21-365-2870,,http://www.wikidata.org/entity/Q123280082,,,
2871,Thakurmunda P.S.,365,21,21-365-2871,,http://www.wikidata.org/entity/Q123280097,,,
2872,Baripada Sadar P.S.,365,21,21-365-2872,,http://www.wikidata.org/entity/Q123279703,,,
2873,Baripada Town P.S.,365,21,21-365-2873,,http://www.wikidata.org/entity/Q123279733,,,
2874,Koliana P.S.,365,21,21-365-2874,,http://www.wikidata.org/entity/Q123279841,,,
2875,Bangiriposi P.S.,365,21,21-365-2875,,http://www.wikidata.org/entity/Q123279496,,,
2876,Chandua P.S.,365,21,21-365-2876,,http://www.wikidata.org/entity/Q123279996,,,
2877,Suliapada P.S.,365,21,21-365-2877,,http://www.wikidata.org/entity/Q123279649,,,
2878,Muruda P.S.,365,21,21-365-2878,,http://www.wikidata.org/entity/Q123279878,,,
2879,Rasagobindapur P.S.,365,21,21-365-2879,,http://www.wikidata.org/entity/Q123279730,,,
2880,Baisinga P.S.,365,21,21-365-2880,,http://www.wikidata.org/entity/Q123279507,,,
2881,Betanati P.S.,365,21,21-365-2881,,http://www.wikidata.org/entity/Q123279695,,,
2882,Barsahi P.S.,365,21,21-365-2882,,http://www.wikidata.org/entity/Q123280170,,,
2883,Khunta P.S.,365,21,21-365-2883,,http://www.wikidata.org/entity/Q123279562,,,
2884,Udala P.S.,365,21,21-365-2884,,http://www.wikidata.org/entity/Q123280067,,,
2885,Kaptipada P.S.,365,21,21-365-2885,,http://www.wikidata.org/entity/Q123280000,,,
2886,Sharata P.S.,365,21,21-365-2886,,http://www.wikidata.org/entity/Q123279993,,,
2887,Mahuldiha P.S.,365,21,21-365-2887,,http://www.wikidata.org/entity/Q123279997,,,
2888,Baripada (M) P.S.,365,21,21-365-2888,,http://www.wikidata.org/entity/Q123279785,,,
3187,Raighar P.S.,366,21,21-366-3187,,http://www.wikidata.org/entity/Q123279851,,,
3188,Kundei P.S.,366,21,21-366-3188,,http://www.wikidata.org/entity/Q123279610,,,
3189,Umarkote P.S.,366,21,21-366-3189,,http://www.wikidata.org/entity/Q123279527,,,
3190,Chandahandi P.S.,366,21,21-366-3190,,http://www.wikidata.org/entity/Q123280157,,,
3191,Jharigan P.S.,366,21,21-366-3191,,http://www.wikidata.org/entity/Q123279980,,,
3192,Dabugan P.S.,366,21,21-366-3192,,http://www.wikidata.org/entity/Q123279699,,,
3193,Paparahandi P.S.,366,21,21-366-3193,,http://www.wikidata.org/entity/Q123280088,,,
3194,Kodinga P.S.,366,21,21-366-3194,,http://www.wikidata.org/entity/Q123279846,,,
3195,Kosagumuda P.S.,366,21,21-366-3195,,http://www.wikidata.org/entity/Q123279844,,,
3196,Nabarangapur  P.S.,366,21,21-366-3196,,http://www.wikidata.org/entity/Q123279738,,,
3197,Tentulikhunti P.S.,366,21,21-366-3197,,http://www.wikidata.org/entity/Q123279745,,,
3198,Khatiguda P.S.,366,21,21-366-3198,,http://www.wikidata.org/entity/Q123279520,,,
3022,Gania P.S.,367,21,21-367-3022,,http://www.wikidata.org/entity/Q123279805,,,
3023,Dasapalla P.S.,367,21,21-367-3023,,http://www.wikidata.org/entity/Q123279776,,,
3024,Banigochha P.S.,367,21,21-367-3024,,http://www.wikidata.org/entity/Q123279833,,,
3025,Nuagaon P.S.,367,21,21-367-3025,,http://www.wikidata.org/entity/Q123279599,,,
3026,Khandapada P.S.,367,21,21-367-3026,,http://www.wikidata.org/entity/Q123279609,,,
3027,Fategarh P.S.,367,21,21-367-3027,,http://www.wikidata.org/entity/Q123279674,,,
3028,Nayagarh P.S.,367,21,21-367-3028,,http://www.wikidata.org/entity/Q123279522,,,
3029,Itamati P.S.,367,21,21-367-3029,,http://www.wikidata.org/entity/Q123279660,,,
3030,Nayagarh Sadar P.S.,367,21,21-367-3030,,http://www.wikidata.org/entity/Q123280128,,,
3031,Odagaon P.S.,367,21,21-367-3031,,http://www.wikidata.org/entity/Q123280117,,,
3032,Sarankul P.S.,367,21,21-367-3032,,http://www.wikidata.org/entity/Q123279943,,,
3033,Ranapur P.S.,367,21,21-367-3033,,http://www.wikidata.org/entity/Q123279791,,,
3153,Jonk P.S.,368,21,21-368-3153,,http://www.wikidata.org/entity/Q123279525,,,
3154,Nuapada P.S.,368,21,21-368-3154,,http://www.wikidata.org/entity/Q123279673,,,
3155,Komna P.S.,368,21,21-368-3155,,http://www.wikidata.org/entity/Q123280004,,,
3156,Khariar P.S.,368,21,21-368-3156,,http://www.wikidata.org/entity/Q123279800,,,
3157,Boden P.S.,368,21,21-368-3157,,http://www.wikidata.org/entity/Q123280093,,,
3158,Sinapali P.S.,368,21,21-368-3158,,http://www.wikidata.org/entity/Q123279650,,,
3056,Delanga P.S.,369,21,21-369-3056,,http://www.wikidata.org/entity/Q123279898,,,
3057,Pipili P.S.,369,21,21-369-3057,,http://www.wikidata.org/entity/Q123279652,,,
3058,Nimapada P.S.,369,21,21-369-3058,,http://www.wikidata.org/entity/Q123279723,,,
3059,Kakatpur P.S.,369,21,21-369-3059,,http://www.wikidata.org/entity/Q123280137,,,
3060,Astaranga P.S.,369,21,21-369-3060,,http://www.wikidata.org/entity/Q123280146,,,
3061,Konark P.S.,369,21,21-369-3061,,http://www.wikidata.org/entity/Q123279866,,,
3062,Gop P.S.,369,21,21-369-3062,,http://www.wikidata.org/entity/Q123280102,,,
3063,Ramachandi P.S.,369,21,21-369-3063,,http://www.wikidata.org/entity/Q123280159,,,
3064,Satyabadi P.S.,369,21,21-369-3064,,http://www.wikidata.org/entity/Q123279542,,,
3065,Chandanpur P.S.,369,21,21-369-3065,,http://www.wikidata.org/entity/Q123279837,,,
3066,Sadar P.S.,369,21,21-369-3066,,http://www.wikidata.org/entity/Q123279539,,,
3067,Brahmagiri P.S.,369,21,21-369-3067,,http://www.wikidata.org/entity/Q123279584,,,
3068,Gadisagada P.S.,369,21,21-369-3068,,http://www.wikidata.org/entity/Q123279718,,,
3069,Krushna Prasad P.S.,369,21,21-369-3069,,http://www.wikidata.org/entity/Q123279813,,,
3070,Puri (M) P.S.,369,21,21-369-3070,,http://www.wikidata.org/entity/Q123279653,,,
3172,Ambadala P.S.,370,21,21-370-3172,,http://www.wikidata.org/entity/Q123279537,,,
3173,Muniguda P.S.,370,21,21-370-3173,,http://www.wikidata.org/entity/Q123279706,,,
3174,Chandrapur P.S.,370,21,21-370-3174,,http://www.wikidata.org/entity/Q123279755,,,
3175,Bishamakatak P.S.,370,21,21-370-3175,,http://www.wikidata.org/entity/Q123279514,,,
3176,Kalyanasingpur P.S.,370,21,21-370-3176,,http://www.wikidata.org/entity/Q123280056,,,
3177,Kashipur P.S.,370,21,21-370-3177,,http://www.wikidata.org/entity/Q123279552,,,
3178,Andirakanch P.S.,370,21,21-370-3178,,http://www.wikidata.org/entity/Q123280131,,,
3179,Tikiri P.S.,370,21,21-370-3179,,http://www.wikidata.org/entity/Q123279624,,,
3180,Doraguda P.S.,370,21,21-370-3180,,http://www.wikidata.org/entity/Q123279888,,,
3181,Rayagada P.S.,370,21,21-370-3181,,http://www.wikidata.org/entity/Q123279714,,,
3182,Seskhal P.S.,370,21,21-370-3182,,http://www.wikidata.org/entity/Q123279702,,,
3183,Gunupur P.S.,370,21,21-370-3183,,http://www.wikidata.org/entity/Q123279619,,,
3184,Gudari P.S.,370,21,21-370-3184,,http://www.wikidata.org/entity/Q123279761,,,
3185,Padmapur P.S.,370,21,21-370-3185,,http://www.wikidata.org/entity/Q123279759,,,
3186,Puttasing P.S.,370,21,21-370-3186,,http://www.wikidata.org/entity/Q123279627,,,
2780,Govindpur P.S.,371,21,21-371-2780,,http://www.wikidata.org/entity/Q123285312,,,
2781,Mahulpalli P.S.,371,21,21-371-2781,,http://www.wikidata.org/entity/Q123280015,,,
2782,Kochinda P.S.,371,21,21-371-2782,,http://www.wikidata.org/entity/Q123280073,,,
2783,Katarbaga P.S.,371,21,21-371-2783,,http://www.wikidata.org/entity/Q123280053,,,
2784,Thelkoloi P.S.,371,21,21-371-2784,,http://www.wikidata.org/entity/Q123279879,,,
2785,Rengali P.S.,371,21,21-371-2785,,http://www.wikidata.org/entity/Q123280113,,,
2786,Sasan P.S.,371,21,21-371-2786,,http://www.wikidata.org/entity/Q123280179,,,
2787,Hirakud P.S.,371,21,21-371-2787,,http://www.wikidata.org/entity/Q123279577,,,
2788,Burla P.S.,371,21,21-371-2788,,http://www.wikidata.org/entity/Q123279651,,,
2789,Dhanupali P.S.,371,21,21-371-2789,,http://www.wikidata.org/entity/Q123280008,,,
2790,Ainthapali P.S.,371,21,21-371-2790,,http://www.wikidata.org/entity/Q123279670,,,
2791,Sadar P.S.,371,21,21-371-2791,,http://www.wikidata.org/entity/Q123280160,,,
2792,Jamankira P.S.,371,21,21-371-2792,,http://www.wikidata.org/entity/Q123279607,,,
2793,Kisinda P.S.,371,21,21-371-2793,,http://www.wikidata.org/entity/Q123279798,,,
2794,Jujomura P.S.,371,21,21-371-2794,,http://www.wikidata.org/entity/Q123279870,,,
2795,Dhama P.S.,371,21,21-371-2795,,http://www.wikidata.org/entity/Q123279796,,,
2796,Charamal P.S.,371,21,21-371-2796,,http://www.wikidata.org/entity/Q123279855,,,
2797,Rairakhol P.S.,371,21,21-371-2797,,http://www.wikidata.org/entity/Q123280045,,,
2798,Naktideul P.S.,371,21,21-371-2798,,http://www.wikidata.org/entity/Q123279765,,,
2799,Sambalpur (M) P.S.,371,21,21-371-2799,,http://www.wikidata.org/entity/Q123279955,,,
3133,Dunguripali P.S.,372,21,21-372-3133,,http://www.wikidata.org/entity/Q123279876,,,
3134,Rampur P.S.,372,21,21-372-3134,,http://www.wikidata.org/entity/Q123279778,,,
3135,Binika P.S.,372,21,21-372-3135,,http://www.wikidata.org/entity/Q123280078,,,
3136,Ulunda P.S.,372,21,21-372-3136,,http://www.wikidata.org/entity/Q123279684,,,
3137,Biramaharajpur P.S.,372,21,21-372-3137,,http://www.wikidata.org/entity/Q123279760,,,
3138,Subalaya P.S.,372,21,21-372-3138,,http://www.wikidata.org/entity/Q123279663,,,
3139,Sonapur P.S.,372,21,21-372-3139,,http://www.wikidata.org/entity/Q123279564,,,
3140,Tarbha P.S.,372,21,21-372-3140,,http://www.wikidata.org/entity/Q123279795,,,
2804,Hemgir P.S.,373,21,21-373-2804,,http://www.wikidata.org/entity/Q123280173,,,
2805,Lephripara P.S.,373,21,21-373-2805,,http://www.wikidata.org/entity/Q123279697,,,
2806,Bhasma P.S.,373,21,21-373-2806,,http://www.wikidata.org/entity/Q123279797,,,
2807,Dharuadihi P.S.,373,21,21-373-2807,,http://www.wikidata.org/entity/Q123280058,,,
2808,Sundargarh Town P.S.,373,21,21-373-2808,,http://www.wikidata.org/entity/Q123279644,,,
2809,Sundargarh P.S.,373,21,21-373-2809,,http://www.wikidata.org/entity/Q123279881,,,
2810,Kinjirkela P.S.,373,21,21-373-2810,,http://www.wikidata.org/entity/Q123279656,,,
2811,Talasara P.S.,373,21,21-373-2811,,http://www.wikidata.org/entity/Q123280003,,,
2812,Baragaon P.S.,373,21,21-373-2812,,http://www.wikidata.org/entity/Q123279655,,,
2813,Kutra P.S.,373,21,21-373-2813,,http://www.wikidata.org/entity/Q123279853,,,
2814,Rajagangapur P.S.,373,21,21-373-2814,,http://www.wikidata.org/entity/Q123279615,,,
2815,Raiboga P.S.,373,21,21-373-2815,,http://www.wikidata.org/entity/Q123279794,,,
2816,Biramitrapur P.S.,373,21,21-373-2816,,http://www.wikidata.org/entity/Q123279500,,,
2817,Hatibari P.S.,373,21,21-373-2817,,http://www.wikidata.org/entity/Q123279550,,,
2818,Bisra P.S.,373,21,21-373-2818,,http://www.wikidata.org/entity/Q123279622,,,
2819,Bondamunda P.S.,373,21,21-373-2819,,http://www.wikidata.org/entity/Q123279553,,,
2820,Brahmani Tarang P.S.,373,21,21-373-2820,,http://www.wikidata.org/entity/Q123279842,,,
2821,Raghunathapali P.S.,373,21,21-373-2821,,http://www.wikidata.org/entity/Q123279976,,,
2822,Tangarapali P.S.,373,21,21-373-2822,,http://www.wikidata.org/entity/Q123279593,,,
2823,Lathikata P.S.,373,21,21-373-2823,,http://www.wikidata.org/entity/Q123280051,,,
2824,Chandiposh P.S.,373,21,21-373-2824,,http://www.wikidata.org/entity/Q123279852,,,
2825,Kamarposh Balang P.S.,373,21,21-373-2825,,http://www.wikidata.org/entity/Q123280178,,,
2826,Koida P.S.,373,21,21-373-2826,,http://www.wikidata.org/entity/Q123279578,,,
2827,Lahunipara P.S.,373,21,21-373-2827,,http://www.wikidata.org/entity/Q123279736,,,
2828,Gurundia P.S.,373,21,21-373-2828,,http://www.wikidata.org/entity/Q123279567,,,
2829,Tikaetpali P.S.,373,21,21-373-2829,,http://www.wikidata.org/entity/Q123279863,,,
2830,Banei P.S.,373,21,21-373-2830,,http://www.wikidata.org/entity/Q123279780,,,
2831,Mahulapada P.S.,373,21,21-373-2831,,http://www.wikidata.org/entity/Q123279586,,,
2832,Raurkela (M) P.S.,373,21,21-373-2832,,http://www.wikidata.org/entity/Q123279915,,,
2833,Raurkela (Its) P.S.,373,21,21-373-2833,,http://www.wikidata.org/entity/Q123279885,,,
3360,Jagdalpur,374,22,22-374-3360,,http://www.wikidata.org/entity/Q123268460,,,
3361,Lohandiguda,374,22,22-374-3361,,http://www.wikidata.org/entity/Q123268559,,,
3362,Bastanar,374,22,22-374-3362,,http://www.wikidata.org/entity/Q123268521,,,
3363,Bastar,374,22,22-374-3363,,http://www.wikidata.org/entity/Q123268574,,,
3364,Bakavand,374,22,22-374-3364,,http://www.wikidata.org/entity/Q123268453,,,
3365,Tokapal,374,22,22-374-3365,,http://www.wikidata.org/entity/Q123268600,,,
3366,Darbha,374,22,22-374-3366,,http://www.wikidata.org/entity/Q123268490,,,
7312,Bhanpuri,374,22,22-374-7312,,http://www.wikidata.org/entity/Q123268513,,,
7313,Nangur,374,22,22-374-7313,,http://www.wikidata.org/entity/Q123268596,,,
7344,Karpawand,374,22,22-374-7344,,http://www.wikidata.org/entity/Q123268347,,,
3291,Kota,375,22,22-375-3291,,http://www.wikidata.org/entity/Q123268523,,,
3294,Takhatpur,375,22,22-375-3294,,http://www.wikidata.org/entity/Q123268497,,,
3295,Bilaspur,375,22,22-375-3295,,http://www.wikidata.org/entity/Q123268526,,,
3296,Masturi,375,22,22-375-3296,,http://www.wikidata.org/entity/Q123268391,,,
3297,Bilha,375,22,22-375-3297,,http://www.wikidata.org/entity/Q123268411,,,
7235,Sankari,375,22,22-375-7235,,http://www.wikidata.org/entity/Q123268511,,,
7239,Ratanpur,375,22,22-375-7239,,http://www.wikidata.org/entity/Q123268635,,,
7243,Belgahna,375,22,22-375-7243,,http://www.wikidata.org/entity/Q123268507,,,
7247,Seepat,375,22,22-375-7247,,http://www.wikidata.org/entity/Q123268422,,,
7250,Bodri,375,22,22-375-7250,,http://www.wikidata.org/entity/Q123268401,,,
7281,Beltara,375,22,22-375-7281,,http://www.wikidata.org/entity/Q123268387,,,
7349,Pachpedi,375,22,22-375-7349,,http://www.wikidata.org/entity/Q123268381,,,
3369,Dantewada,376,22,22-376-3369,,http://www.wikidata.org/entity/Q123268350,,,
3370,Gidam,376,22,22-376-3370,,http://www.wikidata.org/entity/Q123268475,,,
3371,Katekalyan,376,22,22-376-3371,,http://www.wikidata.org/entity/Q123268380,,,
3372,Kuakonda,376,22,22-376-3372,,http://www.wikidata.org/entity/Q123268413,,,
6509,Bade Bacheli,376,22,22-376-6509,,http://www.wikidata.org/entity/Q123268472,,,
7232,Barsur,376,22,22-376-7232,,http://www.wikidata.org/entity/Q123268412,,,
3344,Kurud,377,22,22-377-3344,,http://www.wikidata.org/entity/Q123268548,,,
3345,Magarlod,377,22,22-377-3345,,http://www.wikidata.org/entity/Q123268378,,,
3346,Dhamtari,377,22,22-377-3346,,http://www.wikidata.org/entity/Q123268552,,,
3347,Nagri,377,22,22-377-3347,,http://www.wikidata.org/entity/Q123268470,,,
7314,Kukrel,377,22,22-377-7314,,http://www.wikidata.org/entity/Q123268634,,,
7315,Bhakhara,377,22,22-377-7315,,http://www.wikidata.org/entity/Q123268583,,,
7316,Belargaon,377,22,22-377-7316,,http://www.wikidata.org/entity/Q123268353,,,
3316,Dhamdha,378,22,22-378-3316,,http://www.wikidata.org/entity/Q123268556,,,
3317,Durg,378,22,22-378-3317,,http://www.wikidata.org/entity/Q123268382,,,
3318,Patan,378,22,22-378-3318,,http://www.wikidata.org/entity/Q123268361,,,
7329,Bhilai 3,378,22,22-378-7329,,http://www.wikidata.org/entity/Q123268586,,,
7330,Bori,378,22,22-378-7330,,http://www.wikidata.org/entity/Q123268366,,,
7331,Ahiwara,378,22,22-378-7331,,http://www.wikidata.org/entity/Q123268491,,,
3277,Janjgir,379,22,22-379-3277,,http://www.wikidata.org/entity/Q123268553,,,
3278,Akaltara,379,22,22-379-3278,,http://www.wikidata.org/entity/Q123268389,,,
3279,Baloda,379,22,22-379-3279,,http://www.wikidata.org/entity/Q123268595,,,
3280,Nawagarh,379,22,22-379-3280,,http://www.wikidata.org/entity/Q123268630,,,
3281,Champa,379,22,22-379-3281,,http://www.wikidata.org/entity/Q123268578,,,
3283,Pamgarh,379,22,22-379-3283,,http://www.wikidata.org/entity/Q123268481,,,
7256,Shivrinarayan,379,22,22-379-7256,,http://www.wikidata.org/entity/Q123268438,,,
7265,Bamhnidih,379,22,22-379-7265,,http://www.wikidata.org/entity/Q123268364,,,
7274,Saragaon,379,22,22-379-7274,,http://www.wikidata.org/entity/Q123268584,,,
3255,Bagicha,380,22,22-380-3255,,http://www.wikidata.org/entity/Q123268488,,,
3256,Kansabel,380,22,22-380-3256,,http://www.wikidata.org/entity/Q123268362,,,
3257,Jashpur,380,22,22-380-3257,,http://www.wikidata.org/entity/Q123268579,,,
3258,Manora,380,22,22-380-3258,,http://www.wikidata.org/entity/Q123268549,,,
3259,Kunkuri,380,22,22-380-3259,,http://www.wikidata.org/entity/Q123268359,,,
3260,Duldula,380,22,22-380-3260,,http://www.wikidata.org/entity/Q123268390,,,
3261,Farsabahar,380,22,22-380-3261,,http://www.wikidata.org/entity/Q123268355,,,
3262,Pathalgaon,380,22,22-380-3262,,http://www.wikidata.org/entity/Q123268528,,,
7234,Sanna,380,22,22-380-7234,,http://www.wikidata.org/entity/Q123268398,,,
7347,Bagbahar,380,22,22-380-7347,,http://www.wikidata.org/entity/Q123268476,,,
3348,Charama,381,22,22-381-3348,,http://www.wikidata.org/entity/Q123268435,,,
3349,Bhanupratappur,381,22,22-381-3349,,http://www.wikidata.org/entity/Q123268428,,,
3350,Durgkondal,381,22,22-381-3350,,http://www.wikidata.org/entity/Q123268500,,,
3351,Kanker,381,22,22-381-3351,,http://www.wikidata.org/entity/Q123268582,,,
3352,Narharpur,381,22,22-381-3352,,http://www.wikidata.org/entity/Q123268588,,,
3353,Antagarh,381,22,22-381-3353,,http://www.wikidata.org/entity/Q123268343,,,
3354,Pakhanjur,381,22,22-381-3354,,http://www.wikidata.org/entity/Q123268603,,,
7325,Sarona,381,22,22-381-7325,,http://www.wikidata.org/entity/Q123268471,,,
7345,Koylibeda,381,22,22-381-7345,,http://www.wikidata.org/entity/Q123268493,,,
7346,Aamabeda,381,22,22-381-7346,,http://www.wikidata.org/entity/Q123268501,,,
7353,Bande,381,22,22-381-7353,,http://www.wikidata.org/entity/Q123268563,,,
3298,Kawardha,382,22,22-382-3298,,http://www.wikidata.org/entity/Q123268626,,,
3299,Bodla,382,22,22-382-3299,,http://www.wikidata.org/entity/Q123268612,,,
3300,Sahaspur Lohara,382,22,22-382-3300,,http://www.wikidata.org/entity/Q123268351,,,
3301,Pandariya,382,22,22-382-3301,,http://www.wikidata.org/entity/Q123268547,,,
7272,Rengakharkala,382,22,22-382-7272,,http://www.wikidata.org/entity/Q123268592,,,
7323,Kunda,382,22,22-382-7323,,http://www.wikidata.org/entity/Q123268409,,,
7324,Pipariya,382,22,22-382-7324,,http://www.wikidata.org/entity/Q123268590,,,
7351,Kukdur,382,22,22-382-7351,,http://www.wikidata.org/entity/Q123268396,,,
3272,Katghora,383,22,22-383-3272,,http://www.wikidata.org/entity/Q123268341,,,
3273,Poundi-Uproda,383,22,22-383-3273,,http://www.wikidata.org/entity/Q123268575,,,
3274,Pali,383,22,22-383-3274,,http://www.wikidata.org/entity/Q123268478,,,
3275,Korba,383,22,22-383-3275,,http://www.wikidata.org/entity/Q123268518,,,
3276,Kartala,383,22,22-383-3276,,http://www.wikidata.org/entity/Q123268432,,,
7233,Barpali,383,22,22-383-7233,,http://www.wikidata.org/entity/Q123268474,,,
7237,Pasan,383,22,22-383-7237,,http://www.wikidata.org/entity/Q123268466,,,
7241,Ajgarbahar,383,22,22-383-7241,,http://www.wikidata.org/entity/Q123268426,,,
7266,Darri,383,22,22-383-7266,,http://www.wikidata.org/entity/Q123268416,,,
7271,Hardibazar,383,22,22-383-7271,,http://www.wikidata.org/entity/Q123268577,,,
7293,Dipka,383,22,22-383-7293,,http://www.wikidata.org/entity/Q123268352,,,
7328,Bhaisma,383,22,22-383-7328,,http://www.wikidata.org/entity/Q123268462,,,
3232,Baikunthpur,384,22,22-384-3232,,http://www.wikidata.org/entity/Q123268374,,,
3233,Sonhat,384,22,22-384-3233,,http://www.wikidata.org/entity/Q123268568,,,
7270,Pondi Bachra,384,22,22-384-7270,,http://www.wikidata.org/entity/Q123268467,,,
7309,Patna,384,22,22-384-7309,,http://www.wikidata.org/entity/Q123268365,,,
3339,Basna,385,22,22-385-3339,,http://www.wikidata.org/entity/Q123268348,,,
3340,Saraipali,385,22,22-385-3340,,http://www.wikidata.org/entity/Q123268533,,,
3341,Mahasamund,385,22,22-385-3341,,http://www.wikidata.org/entity/Q123268601,,,
3342,Pithora,385,22,22-385-3342,,http://www.wikidata.org/entity/Q123268431,,,
3343,Bagbahra,385,22,22-385-3343,,http://www.wikidata.org/entity/Q123268538,,,
7322,Komakhan,385,22,22-385-7322,,http://www.wikidata.org/entity/Q123268371,,,
3263,Dharamjaigarh,386,22,22-386-3263,,http://www.wikidata.org/entity/Q123268580,,,
3264,Lailunga,386,22,22-386-3264,,http://www.wikidata.org/entity/Q123268407,,,
3265,Gharghoda,386,22,22-386-3265,,http://www.wikidata.org/entity/Q123268427,,,
3266,Tamnar,386,22,22-386-3266,,http://www.wikidata.org/entity/Q123268449,,,
3267,Raigarh,386,22,22-386-3267,,http://www.wikidata.org/entity/Q123268468,,,
3268,Pusour,386,22,22-386-3268,,http://www.wikidata.org/entity/Q123268421,,,
3269,Kharsia,386,22,22-386-3269,,http://www.wikidata.org/entity/Q123268419,,,
7240,Chhal,386,22,22-386-7240,,http://www.wikidata.org/entity/Q123268414,,,
7300,Mukdega,386,22,22-386-7300,,http://www.wikidata.org/entity/Q123268637,,,
7348,Kapu,386,22,22-386-7348,,http://www.wikidata.org/entity/Q123268415,,,
3330,Arang,387,22,22-387-3330,,http://www.wikidata.org/entity/Q123268451,,,
3331,Abhanpur,387,22,22-387-3331,,http://www.wikidata.org/entity/Q123268561,,,
3332,Raipur,387,22,22-387-3332,,http://www.wikidata.org/entity/Q123268529,,,
3334,Tilda,387,22,22-387-3334,,http://www.wikidata.org/entity/Q123268567,,,
7259,Gobra Nawapara,387,22,22-387-7259,,http://www.wikidata.org/entity/Q123268354,,,
7262,Kharora,387,22,22-387-7262,,http://www.wikidata.org/entity/Q123268369,,,
7292,Dharsiwa,387,22,22-387-7292,,http://www.wikidata.org/entity/Q123268340,,,
7308,Mandir Hasoud,387,22,22-387-7308,,http://www.wikidata.org/entity/Q123268503,,,
3304,Dongargarh,388,22,22-388-3304,,http://www.wikidata.org/entity/Q123268531,,,
3305,Rajnandgaon,388,22,22-388-3305,,http://www.wikidata.org/entity/Q123268546,,,
3306,Chhuriya,388,22,22-388-3306,,http://www.wikidata.org/entity/Q123268494,,,
3307,Dongargaon,388,22,22-388-3307,,http://www.wikidata.org/entity/Q123268640,,,
7301,Lalbahadur Nagar,388,22,22-388-7301,,http://www.wikidata.org/entity/Q123268545,,,
7350,Kumarda,388,22,22-388-7350,,http://www.wikidata.org/entity/Q123268457,,,
7352,Ghumka,388,22,22-388-7352,,http://www.wikidata.org/entity/Q123268349,,,
3247,Ambikapur,389,22,22-389-3247,,http://www.wikidata.org/entity/Q20178364,,,
3248,Lakhanpur,389,22,22-389-3248,,http://www.wikidata.org/entity/Q123268622,,,
3249,Udaypur,389,22,22-389-3249,,http://www.wikidata.org/entity/Q123268385,,,
3251,Lundra,389,22,22-389-3251,,http://www.wikidata.org/entity/Q123268479,,,
3252,Sitapur,389,22,22-389-3252,,http://www.wikidata.org/entity/Q123268519,,,
3253,Batouli,389,22,22-389-3253,,http://www.wikidata.org/entity/Q123268643,,,
3254,Mainpat,389,22,22-389-3254,,http://www.wikidata.org/entity/Q123268587,,,
7261,Darima,389,22,22-389-7261,,http://www.wikidata.org/entity/Q123268459,,,
3376,Bhopalpattnam,636,22,22-636-3376,,http://www.wikidata.org/entity/Q123268502,,,
3377,Usur,636,22,22-636-3377,,http://www.wikidata.org/entity/Q123268537,,,
3378,Bijapur,636,22,22-636-3378,,http://www.wikidata.org/entity/Q123268540,,,
3379,Bhairamgarh,636,22,22-636-3379,,http://www.wikidata.org/entity/Q123268410,,,
7260,Kutru,636,22,22-636-7260,,http://www.wikidata.org/entity/Q123268486,,,
7263,Gangaloor,636,22,22-636-7263,,http://www.wikidata.org/entity/Q123268485,,,
3367,Narayanpur,637,22,22-637-3367,,http://www.wikidata.org/entity/Q123268399,,,
3368,Orchha,637,22,22-637-3368,,http://www.wikidata.org/entity/Q123268597,,,
7318,Chhotedongar,637,22,22-637-7318,,http://www.wikidata.org/entity/Q123268530,,,
7321,Kohkameta,637,22,22-637-7321,,http://www.wikidata.org/entity/Q123268608,,,
3373,Konta,642,22,22-642-3373,,http://www.wikidata.org/entity/Q123268487,,,
3374,Chhindgarh,642,22,22-642-3374,,http://www.wikidata.org/entity/Q123268368,,,
3375,Sukma,642,22,22-642-3375,,http://www.wikidata.org/entity/Q123268408,,,
7273,Gadiras,642,22,22-642-7273,,http://www.wikidata.org/entity/Q123268532,,,
7317,Tongpal,642,22,22-642-7317,,http://www.wikidata.org/entity/Q123268628,,,
7355,Dornapal,642,22,22-642-7355,,http://www.wikidata.org/entity/Q123268572,,,
7356,Jagargunda,642,22,22-642-7356,,http://www.wikidata.org/entity/Q123268565,,,
3355,Keshkal,643,22,22-643-3355,,http://www.wikidata.org/entity/Q123268492,,,
3356,Bade Rajpur,643,22,22-643-3356,,http://www.wikidata.org/entity/Q123268379,,,
3357,Kondagaon,643,22,22-643-3357,,http://www.wikidata.org/entity/Q123268527,,,
3358,Makdi,643,22,22-643-3358,,http://www.wikidata.org/entity/Q123268614,,,
3359,Pharasgaon,643,22,22-643-3359,,http://www.wikidata.org/entity/Q123268585,,,
7319,Mardapal,643,22,22-643-7319,,http://www.wikidata.org/entity/Q123268604,,,
7320,Dhanora,643,22,22-643-7320,,http://www.wikidata.org/entity/Q123268346,,,
3324,Simga,644,22,22-644-3324,,http://www.wikidata.org/entity/Q123268620,,,
3325,Bhatapara,644,22,22-644-3325,,http://www.wikidata.org/entity/Q123268395,,,
3326,Baloda Bazar,644,22,22-644-3326,,http://www.wikidata.org/entity/Q123268356,,,
3327,Palari,644,22,22-644-3327,,http://www.wikidata.org/entity/Q123268455,,,
3328,Kasdol,644,22,22-644-3328,,http://www.wikidata.org/entity/Q123268564,,,
7246,Lavan,644,22,22-644-7246,,http://www.wikidata.org/entity/Q123268397,,,
7249,Suhela,644,22,22-644-7249,,http://www.wikidata.org/entity/Q123268456,,,
7295,Tundara,644,22,22-644-7295,,http://www.wikidata.org/entity/Q123268429,,,
7296,Sonakhan,644,22,22-644-7296,,http://www.wikidata.org/entity/Q123268360,,,
3333,Rajim,645,22,22-645-3333,,http://www.wikidata.org/entity/Q123268495,,,
3335,Gariyaband,645,22,22-645-3335,,http://www.wikidata.org/entity/Q123268581,,,
3336,Chhura,645,22,22-645-3336,,http://www.wikidata.org/entity/Q123268373,,,
3337,Mainpur,645,22,22-645-3337,,http://www.wikidata.org/entity/Q123268388,,,
3338,Devbhog,645,22,22-645-3338,,http://www.wikidata.org/entity/Q123268394,,,
7307,Amlipadar,645,22,22-645-7307,,http://www.wikidata.org/entity/Q123268445,,,
7343,Fingeshwar,645,22,22-645-7343,,http://www.wikidata.org/entity/Q123268550,,,
3319,Gunderdehi,646,22,22-646-3319,,http://www.wikidata.org/entity/Q123268376,,,
3320,Daundilohara,646,22,22-646-3320,,http://www.wikidata.org/entity/Q123268599,,,
3321,Balod,646,22,22-646-3321,,http://www.wikidata.org/entity/Q123268506,,,
3322,Daundi,646,22,22-646-3322,,http://www.wikidata.org/entity/Q123268443,,,
3323,Gurur,646,22,22-646-3323,,http://www.wikidata.org/entity/Q123268610,,,
7253,Arjunda,646,22,22-646-7253,,http://www.wikidata.org/entity/Q123268440,,,
7297,Marri Bangla Deori,646,22,22-646-7297,,http://www.wikidata.org/entity/Q123268534,,,
3290,Lormi,647,22,22-647-3290,,http://www.wikidata.org/entity/Q123268372,,,
3292,Mungeli,647,22,22-647-3292,,http://www.wikidata.org/entity/Q123268632,,,
3293,Pathariya,647,22,22-647-3293,,http://www.wikidata.org/entity/Q123268454,,,
7258,Lalpur Thana,647,22,22-647-7258,,http://www.wikidata.org/entity/Q123268384,,,
7311,Jarhagaon,647,22,22-647-7311,,http://www.wikidata.org/entity/Q123268560,,,
7326,Sargaon,647,22,22-647-7326,,http://www.wikidata.org/entity/Q123268469,,,
3239,Pratappur,648,22,22-648-3239,,http://www.wikidata.org/entity/Q123268358,,,
3242,Surajpur,648,22,22-648-3242,,http://www.wikidata.org/entity/Q123268496,,,
3243,Odgi,648,22,22-648-3243,,http://www.wikidata.org/entity/Q123268591,,,
3244,Bhaiyathan,648,22,22-648-3244,,http://www.wikidata.org/entity/Q123268606,,,
3245,Ramanujnagar,648,22,22-648-3245,,http://www.wikidata.org/entity/Q123268404,,,
3246,Premnagar,648,22,22-648-3246,,http://www.wikidata.org/entity/Q123268439,,,
7236,Latori,648,22,22-648-7236,,http://www.wikidata.org/entity/Q123268403,,,
7245,Biharpur,648,22,22-648-7245,,http://www.wikidata.org/entity/Q123268484,,,
7310,Bhatgaon,648,22,22-648-7310,,http://www.wikidata.org/entity/Q123268499,,,
3236,Ramanujganj,649,22,22-649-3236,,http://www.wikidata.org/entity/Q123268541,,,
3237,Balrampur,649,22,22-649-3237,,http://www.wikidata.org/entity/Q123268448,,,
3238,Wadrafnagar,649,22,22-649-3238,,http://www.wikidata.org/entity/Q123268344,,,
3240,Kusmi Samri,649,22,22-649-3240,,http://www.wikidata.org/entity/Q123268517,,,
3241,Shankargarh,649,22,22-649-3241,,http://www.wikidata.org/entity/Q123268598,,,
3250,Rajpur,649,22,22-649-3250,,http://www.wikidata.org/entity/Q123268524,,,
7238,Ramchandrapur,649,22,22-649-7238,,http://www.wikidata.org/entity/Q123268576,,,
7242,Samri,649,22,22-649-7242,,http://www.wikidata.org/entity/Q123268461,,,
7251,Daurakochali,649,22,22-649-7251,,http://www.wikidata.org/entity/Q123268514,,,
7254,Chando,649,22,22-649-7254,,http://www.wikidata.org/entity/Q123268570,,,
7257,Raghunathnagar,649,22,22-649-7257,,http://www.wikidata.org/entity/Q123268522,,,
7340,Chalgali,649,22,22-649-7340,,http://www.wikidata.org/entity/Q123268616,,,
3311,Nawagarh,650,22,22-650-3311,,http://www.wikidata.org/entity/Q123268436,,,
3312,Bemetara,650,22,22-650-3312,,http://www.wikidata.org/entity/Q123268520,,,
3313,Saja,650,22,22-650-3313,,http://www.wikidata.org/entity/Q123268505,,,
3314,Thankhamariya,650,22,22-650-3314,,http://www.wikidata.org/entity/Q123268444,,,
3315,Berla,650,22,22-650-3315,,http://www.wikidata.org/entity/Q123268465,,,
7248,Nandghat,650,22,22-650-7248,,http://www.wikidata.org/entity/Q123268418,,,
7298,Devkar,650,22,22-650-7298,,http://www.wikidata.org/entity/Q123268554,,,
7299,Bhimbhauri,650,22,22-650-7299,,http://www.wikidata.org/entity/Q123268607,,,
7357,Darhi,650,22,22-650-7357,,http://www.wikidata.org/entity/Q123268342,,,
3287,Pendra Road,734,22,22-734-3287,,http://www.wikidata.org/entity/Q123268569,,,
3288,Marwahi,734,22,22-734-3288,,http://www.wikidata.org/entity/Q123268363,,,
3289,Pendra,734,22,22-734-3289,,http://www.wikidata.org/entity/Q123268535,,,
7252,Sakola,734,22,22-734-7252,,http://www.wikidata.org/entity/Q123268566,,,
3302,Chhuikhadan,759,22,22-759-3302,,http://www.wikidata.org/entity/Q123268573,,,
3303,Khairagarh,759,22,22-759-3303,,http://www.wikidata.org/entity/Q123268543,,,
7264,Gandai,759,22,22-759-7264,,http://www.wikidata.org/entity/Q123268463,,,
7294,Salhewara,759,22,22-759-7294,,http://www.wikidata.org/entity/Q123268420,,,
3231,Bharatpur,760,22,22-760-3231,,http://www.wikidata.org/entity/Q123268482,,,
3234,Manendragarh,760,22,22-760-3234,,http://www.wikidata.org/entity/Q123268425,,,
3235,Khadganva,760,22,22-760-3235,,http://www.wikidata.org/entity/Q123268613,,,
7268,Chirmiri,760,22,22-760-7268,,http://www.wikidata.org/entity/Q123268357,,,
7269,Kelhari,760,22,22-760-7269,,http://www.wikidata.org/entity/Q123268619,,,
7275,Kotadol,760,22,22-760-7275,,http://www.wikidata.org/entity/Q123268594,,,
3308,Mohla,761,22,22-761-3308,,http://www.wikidata.org/entity/Q123268473,,,
3309,Manpur,761,22,22-761-3309,,http://www.wikidata.org/entity/Q123268367,,,
3310,Ambagarh Chouki,761,22,22-761-3310,,http://www.wikidata.org/entity/Q123268402,,,
7277,Khadgaon,761,22,22-761-7277,,http://www.wikidata.org/entity/Q123268406,,,
7278,Aundhi,761,22,22-761-7278,,http://www.wikidata.org/entity/Q123268434,,,
3282,Sakti,762,22,22-762-3282,,http://www.wikidata.org/entity/Q123268498,,,
3284,Dabhra,762,22,22-762-3284,,http://www.wikidata.org/entity/Q123268424,,,
3285,Malkharoda,762,22,22-762-3285,,http://www.wikidata.org/entity/Q123268555,,,
3286,Jaijaipur,762,22,22-762-3286,,http://www.wikidata.org/entity/Q123268400,,,
7255,Adbhar,762,22,22-762-7255,,http://www.wikidata.org/entity/Q123268430,,,
7267,Naya Baradwar,762,22,22-762-7267,,http://www.wikidata.org/entity/Q123268405,,,
7327,Hasoud,762,22,22-762-7327,,http://www.wikidata.org/entity/Q123268446,,,
7354,Chandrapur,762,22,22-762-7354,,http://www.wikidata.org/entity/Q123268508,,,
7400,Bhothiya,762,22,22-762-7400,,http://www.wikidata.org/entity/Q125636107,,,
3270,Sarangarh,763,22,22-763-3270,,http://www.wikidata.org/entity/Q123268477,,,
3271,Baramkela,763,22,22-763-3271,,http://www.wikidata.org/entity/Q123268480,,,
3329,Bilaigarh,763,22,22-763-3329,,http://www.wikidata.org/entity/Q123268625,,,
7244,Sariya,763,22,22-763-7244,,http://www.wikidata.org/entity/Q123268489,,,
7276,Bhatgaon,763,22,22-763-7276,,http://www.wikidata.org/entity/Q123268392,,,
7401,Sarsiwa,763,22,22-763-7401,,http://www.wikidata.org/entity/Q125636133,,,
3693,Kotma,390,23,23-390-3693,,http://www.wikidata.org/entity/Q20582958,,,
3694,Anuppur,390,23,23-390-3694,,http://www.wikidata.org/entity/Q20097463,,,
3695,Jaithari,390,23,23-390-3695,,http://www.wikidata.org/entity/Q20590077,,,
3696,Pushparajgarh,390,23,23-390-3696,,http://www.wikidata.org/entity/Q20588620,,,
3684,Isagarh,391,23,23-391-3684,,http://www.wikidata.org/entity/Q20571487,,,
3685,Chanderi,391,23,23-391-3685,,http://www.wikidata.org/entity/Q20590741,,,
3686,Ashoknagar,391,23,23-391-3686,,http://www.wikidata.org/entity/Q20179933,,,
3687,Shadhora,391,23,23-391-3687,,http://www.wikidata.org/entity/Q20594739,,,
3688,Mungaoli,391,23,23-391-3688,,http://www.wikidata.org/entity/Q20598858,,,
6973,Nai Sarai,391,23,23-391-6973,,http://www.wikidata.org/entity/Q20590964,,,
6978,Bahadurpur,391,23,23-391-6978,,http://www.wikidata.org/entity/Q123254106,,,
7036,Piprai,391,23,23-391-7036,,http://www.wikidata.org/entity/Q20595502,,,
3667,Katangi,392,23,23-392-3667,,http://www.wikidata.org/entity/Q20575417,,,
3668,Tirodi,392,23,23-392-3668,,http://www.wikidata.org/entity/Q20593275,,,
3669,Waraseoni,392,23,23-392-3669,,http://www.wikidata.org/entity/Q20593476,,,
3670,Khairlanji,392,23,23-392-3670,,http://www.wikidata.org/entity/Q20585241,,,
3671,Lalbarra,392,23,23-392-3671,,http://www.wikidata.org/entity/Q20592238,,,
3672,Balaghat,392,23,23-392-3672,,http://www.wikidata.org/entity/Q20593032,,,
3673,Kirnapur,392,23,23-392-3673,,http://www.wikidata.org/entity/Q20579872,,,
3674,Baihar,392,23,23-392-3674,,http://www.wikidata.org/entity/Q20594597,,,
3675,Paraswada,392,23,23-392-3675,,http://www.wikidata.org/entity/Q20594495,,,
3676,Lanji,392,23,23-392-3676,,http://www.wikidata.org/entity/Q20591999,,,
7033,Birsa,392,23,23-392-7033,,http://www.wikidata.org/entity/Q20593474,,,
7399,Lamta,392,23,23-392-7399,,http://www.wikidata.org/entity/Q125656909,,,
3554,Barwani,393,23,23-393-3554,,http://www.wikidata.org/entity/Q20590449,,,
3555,Pati,393,23,23-393-3555,,http://www.wikidata.org/entity/Q20595001,,,
3556,Thikri,393,23,23-393-3556,,http://www.wikidata.org/entity/Q20591273,,,
3557,Anjad,393,23,23-393-3557,,http://www.wikidata.org/entity/Q20089447,,,
3558,Rajpur,393,23,23-393-3558,,http://www.wikidata.org/entity/Q20589804,,,
3559,Pansemal,393,23,23-393-3559,,http://www.wikidata.org/entity/Q20595086,,,
3560,Niwali,393,23,23-393-3560,,http://www.wikidata.org/entity/Q20592793,,,
3561,Sendhwa,393,23,23-393-3561,,http://www.wikidata.org/entity/Q20598496,,,
3562,Warla,393,23,23-393-3562,,http://www.wikidata.org/entity/Q20593148,,,
3598,Bhainsdehi,394,23,23-394-3598,,http://www.wikidata.org/entity/Q20596160,,,
3599,Athner,394,23,23-394-3599,,http://www.wikidata.org/entity/Q20183485,,,
3600,Betul,394,23,23-394-3600,,http://www.wikidata.org/entity/Q20594481,,,
3601,Chicholi,394,23,23-394-3601,,http://www.wikidata.org/entity/Q20591566,,,
3602,Ghoda Dongri,394,23,23-394-3602,,http://www.wikidata.org/entity/Q20590254,,,
3603,Shahpur,394,23,23-394-3603,,http://www.wikidata.org/entity/Q20594925,,,
3604,Multai,394,23,23-394-3604,,http://www.wikidata.org/entity/Q20599145,,,
3605,Amla,394,23,23-394-3605,,http://www.wikidata.org/entity/Q20196225,,,
6989,Betul Nagar,394,23,23-394-6989,,http://www.wikidata.org/entity/Q123253714,,,
7022,Prabhatpattan,394,23,23-394-7022,,http://www.wikidata.org/entity/Q61359288,,,
7027,Bhimpur,394,23,23-394-7027,,http://www.wikidata.org/entity/Q123254013,,,
3391,Ater,395,23,23-395-3391,,http://www.wikidata.org/entity/Q123254151,,,
3392,Bhind,395,23,23-395-3392,,http://www.wikidata.org/entity/Q20595657,,,
3393,Mehgaon,395,23,23-395-3393,,http://www.wikidata.org/entity/Q20599425,,,
3394,Gormi,395,23,23-395-3394,,http://www.wikidata.org/entity/Q20587786,,,
3395,Gohad,395,23,23-395-3395,,http://www.wikidata.org/entity/Q20587922,,,
3396,Ron,395,23,23-395-3396,,http://www.wikidata.org/entity/Q20591272,,,
3397,Mihona,395,23,23-395-3397,,http://www.wikidata.org/entity/Q20598803,,,
3398,Lahar,395,23,23-395-3398,,http://www.wikidata.org/entity/Q20591981,,,
6994,Bhind Nagar,395,23,23-395-6994,,http://www.wikidata.org/entity/Q123253862,,,
7000,Mau,395,23,23-395-7000,,http://www.wikidata.org/entity/Q123254048,,,
3580,Berasia,396,23,23-396-3580,,http://www.wikidata.org/entity/Q20594534,,,
3581,Huzur,396,23,23-396-3581,,http://www.wikidata.org/entity/Q20600165,,,
7034,Kolar,396,23,23-396-7034,,http://www.wikidata.org/entity/Q123253925,,,
3719,Burhanpur,397,23,23-397-3719,,http://www.wikidata.org/entity/Q20594084,,,
3720,Khaknar,397,23,23-397-3720,,http://www.wikidata.org/entity/Q20583681,,,
3721,Nepanagar,397,23,23-397-3721,,http://www.wikidata.org/entity/Q20593210,,,
6972,Burhanpur Nagar,397,23,23-397-6972,,http://www.wikidata.org/entity/Q123253994,,,
7402,Dhulcot,397,23,23-397-7402,,http://www.wikidata.org/entity/Q125656911,,,
3424,Gaurihar,398,23,23-398-3424,,http://www.wikidata.org/entity/Q20588044,,,
3425,Laundi,398,23,23-398-3425,,http://www.wikidata.org/entity/Q20592862,,,
3426,Chandla,398,23,23-398-3426,,http://www.wikidata.org/entity/Q20590329,,,
3427,Nowgong,398,23,23-398-3427,,http://www.wikidata.org/entity/Q20593555,,,
3428,Maharajpur,398,23,23-398-3428,,http://www.wikidata.org/entity/Q20598166,,,
3429,Chhatarpur,398,23,23-398-3429,,http://www.wikidata.org/entity/Q20588650,,,
3430,Rajnagar,398,23,23-398-3430,,http://www.wikidata.org/entity/Q20589745,,,
3431,Bada Mahlera,398,23,23-398-3431,,http://www.wikidata.org/entity/Q20590477,,,
3432,Ghuwara,398,23,23-398-3432,,http://www.wikidata.org/entity/Q20588422,,,
3433,Bijawar,398,23,23-398-3433,,http://www.wikidata.org/entity/Q20593744,,,
3434,Buxwaha,398,23,23-398-3434,,http://www.wikidata.org/entity/Q20589886,,,
7006,Chhatarpur Nagar,398,23,23-398-7006,,http://www.wikidata.org/entity/Q123253848,,,
7397,Satai,398,23,23-398-7397,,http://www.wikidata.org/entity/Q125656917,,,
3647,Tamia,399,23,23-399-3647,,http://www.wikidata.org/entity/Q20593009,,,
3648,Amarwara,399,23,23-399-3648,,http://www.wikidata.org/entity/Q20178118,,,
3649,Harrai,399,23,23-399-3649,,http://www.wikidata.org/entity/Q20599907,,,
3650,Chaurai,399,23,23-399-3650,,http://www.wikidata.org/entity/Q20588616,,,
3651,Jamai (Junnardeo),399,23,23-399-3651,,http://www.wikidata.org/entity/Q123254130,,,
3652,Parasia,399,23,23-399-3652,,http://www.wikidata.org/entity/Q20594550,,,
3653,Umreth,399,23,23-399-3653,,http://www.wikidata.org/entity/Q20572645,,,
3654,Chhindwara,399,23,23-399-3654,,http://www.wikidata.org/entity/Q123254140,,,
3655,Mohkhed,399,23,23-399-3655,,http://www.wikidata.org/entity/Q20588703,,,
3657,Bichhua,399,23,23-399-3657,,http://www.wikidata.org/entity/Q20593280,,,
6996,Chand,399,23,23-399-6996,,http://www.wikidata.org/entity/Q123253884,,,
7020,Chhindwara Nagar,399,23,23-399-7020,,http://www.wikidata.org/entity/Q123253768,,,
3454,Hatta,400,23,23-400-3454,,http://www.wikidata.org/entity/Q20599600,,,
3455,Patera,400,23,23-400-3455,,http://www.wikidata.org/entity/Q20594108,,,
3456,Batiyagarh,400,23,23-400-3456,,http://www.wikidata.org/entity/Q20590247,,,
3457,Patharia,400,23,23-400-3457,,http://www.wikidata.org/entity/Q20594247,,,
3458,Damoh,400,23,23-400-3458,,http://www.wikidata.org/entity/Q20588858,,,
3459,Jabera,400,23,23-400-3459,,http://www.wikidata.org/entity/Q20588964,,,
3460,Tendukheda,400,23,23-400-3460,,http://www.wikidata.org/entity/Q123254000,,,
6999,Danyantinagar,400,23,23-400-6999,,http://www.wikidata.org/entity/Q123254054,,,
3403,Seondha,401,23,23-401-3403,,http://www.wikidata.org/entity/Q123254128,,,
3404,Indergarh,401,23,23-401-3404,,http://www.wikidata.org/entity/Q20197396,,,
3405,Datia,401,23,23-401-3405,,http://www.wikidata.org/entity/Q20588775,,,
3406,Bhander,401,23,23-401-3406,,http://www.wikidata.org/entity/Q20595481,,,
6991,Datia Nagar,401,23,23-401-6991,,http://www.wikidata.org/entity/Q123254079,,,
7001,Badoni,401,23,23-401-7001,,http://www.wikidata.org/entity/Q123253842,,,
3524,Tonk Khurd,402,23,23-402-3524,,http://www.wikidata.org/entity/Q20591147,,,
3525,Sonkatch,402,23,23-402-3525,,http://www.wikidata.org/entity/Q20598876,,,
3526,Dewas,402,23,23-402-3526,,http://www.wikidata.org/entity/Q20589858,,,
3527,Kannod,402,23,23-402-3527,,http://www.wikidata.org/entity/Q20576625,,,
3528,Satwas,402,23,23-402-3528,,http://www.wikidata.org/entity/Q113946349,,,
3529,Bagli,402,23,23-402-3529,,http://www.wikidata.org/entity/Q20592683,,,
3530,Hatpiplya,402,23,23-402-3530,,http://www.wikidata.org/entity/Q20600056,,,
3531,Khategaon,402,23,23-402-3531,,http://www.wikidata.org/entity/Q20584447,,,
6535,Udainagar,402,23,23-402-6535,,http://www.wikidata.org/entity/Q123254055,,,
7031,Dewas Nagar,402,23,23-402-7031,,http://www.wikidata.org/entity/Q123254099,,,
3532,Badnawar,403,23,23-403-3532,,http://www.wikidata.org/entity/Q20590716,,,
3533,Sardarpur,403,23,23-403-3533,,http://www.wikidata.org/entity/Q20596339,,,
3534,Dhar,403,23,23-403-3534,,http://www.wikidata.org/entity/Q20590535,,,
3535,Gandhwani,403,23,23-403-3535,,http://www.wikidata.org/entity/Q20585771,,,
3536,Kukshi,403,23,23-403-3536,,http://www.wikidata.org/entity/Q20580240,,,
3537,Dahi,403,23,23-403-3537,,http://www.wikidata.org/entity/Q20591426,,,
3538,Manawar,403,23,23-403-3538,,http://www.wikidata.org/entity/Q20597371,,,
3539,Dharampuri,403,23,23-403-3539,,http://www.wikidata.org/entity/Q20590414,,,
7042,Pithampur,403,23,23-403-7042,,http://www.wikidata.org/entity/Q123253974,,,
3639,Shahpura,404,23,23-404-3639,,http://www.wikidata.org/entity/Q20594687,,,
3640,Dindori,404,23,23-404-3640,,http://www.wikidata.org/entity/Q123253852,,,
6071,Bajag,404,23,23-404-6071,,http://www.wikidata.org/entity/Q123253798,,,
3714,Harsud,405,23,23-405-3714,,http://www.wikidata.org/entity/Q20599778,,,
3715,Khalwa,405,23,23-405-3715,,http://www.wikidata.org/entity/Q20584530,,,
3716,Khandwa,405,23,23-405-3716,,http://www.wikidata.org/entity/Q20583960,,,
3717,Punasa,405,23,23-405-3717,,http://www.wikidata.org/entity/Q20595783,,,
3718,Pandhana,405,23,23-405-3718,,http://www.wikidata.org/entity/Q20593855,,,
7019,Khandwa Nagar,405,23,23-405-7019,,http://www.wikidata.org/entity/Q123254136,,,
7396,Killod,405,23,23-405-7396,,http://www.wikidata.org/entity/Q125656919,,,
7411,Mundi,405,23,23-405-7411,,http://www.wikidata.org/entity/Q125933840,,,
7424,Chhaigaon Makhan,405,23,23-405-7424,,http://www.wikidata.org/entity/Q131302565,,,
3677,Guna,406,23,23-406-3677,,http://www.wikidata.org/entity/Q20587138,,,
3678,Bamori,406,23,23-406-3678,,http://www.wikidata.org/entity/Q123254076,,,
3679,Raghogarh,406,23,23-406-3679,,http://www.wikidata.org/entity/Q123254149,,,
3680,Maksoodangarh,406,23,23-406-3680,,http://www.wikidata.org/entity/Q123253918,,,
3681,Kumbhraj,406,23,23-406-3681,,http://www.wikidata.org/entity/Q20580642,,,
3682,Aron,406,23,23-406-3682,,http://www.wikidata.org/entity/Q20196423,,,
3683,Chachaura,406,23,23-406-3683,,http://www.wikidata.org/entity/Q20591362,,,
6609,Guna Nagar,406,23,23-406-6609,,http://www.wikidata.org/entity/Q123253904,,,
3399,Gird,407,23,23-407-3399,,http://www.wikidata.org/entity/Q123253774,,,
3400,Dabra,407,23,23-407-3400,,http://www.wikidata.org/entity/Q20591356,,,
3401,Bhitarwar,407,23,23-407-3401,,http://www.wikidata.org/entity/Q123253765,,,
3402,Chinour,407,23,23-407-3402,,http://www.wikidata.org/entity/Q123253893,,,
7026,Ghatigaon,407,23,23-407-7026,,http://www.wikidata.org/entity/Q123253858,,,
7037,Tansen,407,23,23-407-7037,,http://www.wikidata.org/entity/Q123253773,,,
7038,Murar,407,23,23-407-7038,,http://www.wikidata.org/entity/Q123253604,,,
7039,City Center,407,23,23-407-7039,,http://www.wikidata.org/entity/Q123253955,,,
7395,Gwalior Gramin,407,23,23-407-7395,,http://www.wikidata.org/entity/Q125656914,,,
7412,Pichhor,407,23,23-407-7412,,http://www.wikidata.org/entity/Q126266382,,,
3606,Khirkiya,408,23,23-408-3606,,http://www.wikidata.org/entity/Q20584618,,,
3607,Sirali,408,23,23-408-3607,,http://www.wikidata.org/entity/Q20597556,,,
3608,Harda,408,23,23-408-3608,,http://www.wikidata.org/entity/Q20599745,,,
3609,Handiya,408,23,23-408-3609,,http://www.wikidata.org/entity/Q20599509,,,
3610,Timarni,408,23,23-408-3610,,http://www.wikidata.org/entity/Q20590981,,,
3611,Rehatgaon,408,23,23-408-3611,,http://www.wikidata.org/entity/Q123253745,,,
3612,Seoni Malwa,409,23,23-409-3612,,http://www.wikidata.org/entity/Q20597764,,,
3613,Itarsi,409,23,23-409-3613,,http://www.wikidata.org/entity/Q20197161,,,
3614,Narmadapuram,409,23,23-409-3614,,http://www.wikidata.org/entity/Q20600293,,,
3615,Dolariya,409,23,23-409-3615,,http://www.wikidata.org/entity/Q20592134,,,
3616,Makhan Nagar,409,23,23-409-3616,,http://www.wikidata.org/entity/Q20592893,,,
3617,Sohagpur,409,23,23-409-3617,,http://www.wikidata.org/entity/Q20599017,,,
3618,Pipariya,409,23,23-409-3618,,http://www.wikidata.org/entity/Q20595542,,,
3619,Bankhedi,409,23,23-409-3619,,http://www.wikidata.org/entity/Q20590977,,,
7045,Narmadapuram Nagar,409,23,23-409-7045,,http://www.wikidata.org/entity/Q123253783,,,
3540,Depalpur,410,23,23-410-3540,,http://www.wikidata.org/entity/Q20589559,,,
3541,Hatod,410,23,23-410-3541,,http://www.wikidata.org/entity/Q20600071,,,
3542,Sawer,410,23,23-410-3542,,http://www.wikidata.org/entity/Q123253853,,,
3543,Indore,410,23,23-410-3543,,http://www.wikidata.org/entity/Q20197437,,,
3544,Dr. Ambedkar Nagar (Mhow),410,23,23-410-3544,,http://www.wikidata.org/entity/Q123253800,,,
7012,Kanadiya,410,23,23-410-7012,,http://www.wikidata.org/entity/Q123253951,,,
7013,Bhicholihapsi,410,23,23-410-7013,,http://www.wikidata.org/entity/Q123254147,,,
7014,Malharganj,410,23,23-410-7014,,http://www.wikidata.org/entity/Q123253772,,,
7015,Khudel,410,23,23-410-7015,,http://www.wikidata.org/entity/Q123254044,,,
7016,Rau,410,23,23-410-7016,,http://www.wikidata.org/entity/Q123253987,,,
3627,Sihora,411,23,23-411-3627,,http://www.wikidata.org/entity/Q20597856,,,
3628,Majholi,411,23,23-411-3628,,http://www.wikidata.org/entity/Q123253865,,,
3629,Patan,411,23,23-411-3629,,http://www.wikidata.org/entity/Q20594940,,,
3630,Shahpura,411,23,23-411-3630,,http://www.wikidata.org/entity/Q123253759,,,
3631,Jabalpur,411,23,23-411-3631,,http://www.wikidata.org/entity/Q20588944,,,
3632,Panagar,411,23,23-411-3632,,http://www.wikidata.org/entity/Q20594303,,,
3633,Kundam,411,23,23-411-3633,,http://www.wikidata.org/entity/Q20580132,,,
7011,Gorakhpur,411,23,23-411-7011,,http://www.wikidata.org/entity/Q123254036,,,
7024,Adhartal,411,23,23-411-7024,,http://www.wikidata.org/entity/Q123253878,,,
7025,Ranjhi,411,23,23-411-7025,,http://www.wikidata.org/entity/Q123253995,,,
3706,Thandla,412,23,23-412-3706,,http://www.wikidata.org/entity/Q20588681,,,
3707,Petlawad,412,23,23-412-3707,,http://www.wikidata.org/entity/Q20588724,,,
3708,Meghnagar,412,23,23-412-3708,,http://www.wikidata.org/entity/Q20599352,,,
3709,Jhabua,412,23,23-412-3709,,http://www.wikidata.org/entity/Q20590634,,,
3710,Ranapur,412,23,23-412-3710,,http://www.wikidata.org/entity/Q20590064,,,
7004,Rama,412,23,23-412-7004,,http://www.wikidata.org/entity/Q123253809,,,
3620,Murwara,413,23,23-413-3620,,http://www.wikidata.org/entity/Q20575531,,,
3621,Rithi,413,23,23-413-3621,,http://www.wikidata.org/entity/Q20590938,,,
3622,Barhi,413,23,23-413-3622,,http://www.wikidata.org/entity/Q20591372,,,
3623,Badwara,413,23,23-413-3623,,http://www.wikidata.org/entity/Q24929374,,,
3624,Vijayraghavgarh,413,23,23-413-3624,,http://www.wikidata.org/entity/Q20593730,,,
3625,Bahoriband,413,23,23-413-3625,,http://www.wikidata.org/entity/Q20592395,,,
3626,Dhimarkheda,413,23,23-413-3626,,http://www.wikidata.org/entity/Q20592328,,,
6977,Sleemnbad,413,23,23-413-6977,,http://www.wikidata.org/entity/Q123254127,,,
7028,Katni Nagar,413,23,23-413-7028,,http://www.wikidata.org/entity/Q123253830,,,
3545,Barwaha,414,23,23-414-3545,,http://www.wikidata.org/entity/Q20590461,,,
3546,Maheshwar,414,23,23-414-3546,,http://www.wikidata.org/entity/Q20598312,,,
3547,Kasrawad,414,23,23-414-3547,,http://www.wikidata.org/entity/Q20578309,,,
3548,Segaon,414,23,23-414-3548,,http://www.wikidata.org/entity/Q123253856,,,
3549,Bhikangaon,414,23,23-414-3549,,http://www.wikidata.org/entity/Q20595752,,,
3550,Khargone,414,23,23-414-3550,,http://www.wikidata.org/entity/Q123253956,,,
3551,Gogaon,414,23,23-414-3551,,http://www.wikidata.org/entity/Q123253708,,,
3552,Bhagwanpura,414,23,23-414-3552,,http://www.wikidata.org/entity/Q20595013,,,
3553,Jhiranya,414,23,23-414-3553,,http://www.wikidata.org/entity/Q20590769,,,
6997,Sanawad,414,23,23-414-6997,,http://www.wikidata.org/entity/Q123254069,,,
7029,Khargone Nagar,414,23,23-414-7029,,http://www.wikidata.org/entity/Q123253793,,,
3641,Niwas,415,23,23-415-3641,,http://www.wikidata.org/entity/Q20592834,,,
3642,Narayanganj,415,23,23-415-3642,,http://www.wikidata.org/entity/Q20592260,,,
3643,Mandla,415,23,23-415-3643,,http://www.wikidata.org/entity/Q123253854,,,
3644,Ghughari,415,23,23-415-3644,,http://www.wikidata.org/entity/Q20588401,,,
3645,Bichhiya,415,23,23-415-3645,,http://www.wikidata.org/entity/Q20593248,,,
3646,Nainpur,415,23,23-415-3646,,http://www.wikidata.org/entity/Q20593294,,,
3492,Bhanpura,416,23,23-416-3492,,http://www.wikidata.org/entity/Q20595558,,,
3493,Malhargarh,416,23,23-416-3493,,http://www.wikidata.org/entity/Q20597840,,,
3494,Garoth,416,23,23-416-3494,,http://www.wikidata.org/entity/Q20586569,,,
3495,Shamgarh,416,23,23-416-3495,,http://www.wikidata.org/entity/Q20594788,,,
3496,Mandsaur,416,23,23-416-3496,,http://www.wikidata.org/entity/Q20597499,,,
3497,Daloda,416,23,23-416-3497,,http://www.wikidata.org/entity/Q20588958,,,
3498,Sitamau,416,23,23-416-3498,,http://www.wikidata.org/entity/Q20597928,,,
3499,Suwasara,416,23,23-416-3499,,http://www.wikidata.org/entity/Q20598379,,,
7005,Mandsaur Nagar,416,23,23-416-7005,,http://www.wikidata.org/entity/Q123253941,,,
3385,Ambah,417,23,23-417-3385,,http://www.wikidata.org/entity/Q20178369,,,
3386,Porsa,417,23,23-417-3386,,http://www.wikidata.org/entity/Q20588876,,,
3387,Morena,417,23,23-417-3387,,http://www.wikidata.org/entity/Q20599123,,,
3388,Joura,417,23,23-417-3388,,http://www.wikidata.org/entity/Q20590374,,,
3389,Kailaras,417,23,23-417-3389,,http://www.wikidata.org/entity/Q20582022,,,
3390,Sabalgarh,417,23,23-417-3390,,http://www.wikidata.org/entity/Q123253826,,,
7047,Morena Nagar,417,23,23-417-7047,,http://www.wikidata.org/entity/Q123253840,,,
7112,Bamor,417,23,23-417-7112,,http://www.wikidata.org/entity/Q123254137,,,
3634,Gotegaon,418,23,23-418-3634,,http://www.wikidata.org/entity/Q123254004,,,
3635,Gadarwara,418,23,23-418-3635,,http://www.wikidata.org/entity/Q20586833,,,
3636,Narsimhapur,418,23,23-418-3636,,http://www.wikidata.org/entity/Q20591522,,,
3637,Kareli,418,23,23-418-3637,,http://www.wikidata.org/entity/Q20577535,,,
3638,Tendukheda,418,23,23-418-3638,,http://www.wikidata.org/entity/Q123253963,,,
7003,Saikheda,418,23,23-418-7003,,http://www.wikidata.org/entity/Q123254080,,,
3487,Jawad,419,23,23-419-3487,,http://www.wikidata.org/entity/Q20589636,,,
3488,Singoli,419,23,23-419-3488,,http://www.wikidata.org/entity/Q20597056,,,
3489,Neemuch,419,23,23-419-3489,,http://www.wikidata.org/entity/Q20593001,,,
3490,Jiran,419,23,23-419-3490,,http://www.wikidata.org/entity/Q20589763,,,
3491,Manasa,419,23,23-419-3491,,http://www.wikidata.org/entity/Q20597395,,,
7032,Rampura,419,23,23-419-7032,,http://www.wikidata.org/entity/Q123254112,,,
7035,Neemuch Nagar,419,23,23-419-7035,,http://www.wikidata.org/entity/Q123254017,,,
3435,Ajaigarh,420,23,23-420-3435,,http://www.wikidata.org/entity/Q20089886,,,
3436,Panna,420,23,23-420-3436,,http://www.wikidata.org/entity/Q20594382,,,
3437,Devendranagar,420,23,23-420-3437,,http://www.wikidata.org/entity/Q20589889,,,
3438,Gunnor,420,23,23-420-3438,,http://www.wikidata.org/entity/Q20587166,,,
3439,Amanganj,420,23,23-420-3439,,http://www.wikidata.org/entity/Q20178211,,,
3440,Pawai,420,23,23-420-3440,,http://www.wikidata.org/entity/Q20594711,,,
3441,Shahnagar,420,23,23-420-3441,,http://www.wikidata.org/entity/Q20594887,,,
3442,Raipura,420,23,23-420-3442,,http://www.wikidata.org/entity/Q20591233,,,
6975,Simariya,420,23,23-420-6975,,http://www.wikidata.org/entity/Q20597314,,,
3590,Raisen,421,23,23-421-3590,,http://www.wikidata.org/entity/Q20590729,,,
3591,Gairatganj,421,23,23-421-3591,,http://www.wikidata.org/entity/Q20587472,,,
3592,Begamganj,421,23,23-421-3592,,http://www.wikidata.org/entity/Q20594173,,,
3593,Goharganj,421,23,23-421-3593,,http://www.wikidata.org/entity/Q20588119,,,
3594,Baraily,421,23,23-421-3594,,http://www.wikidata.org/entity/Q20591511,,,
3595,Badi,421,23,23-421-3595,,http://www.wikidata.org/entity/Q20593377,,,
3596,Silwani,421,23,23-421-3596,,http://www.wikidata.org/entity/Q20597647,,,
3597,Udaipura,421,23,23-421-3597,,http://www.wikidata.org/entity/Q20572202,,,
6532,Sultanpur,421,23,23-421-6532,,http://www.wikidata.org/entity/Q113468545,,,
7010,Deori,421,23,23-421-7010,,http://www.wikidata.org/entity/Q105956540,,,
3563,Jirapur,422,23,23-422-3563,,http://www.wikidata.org/entity/Q20589792,,,
3564,Khilchipur,422,23,23-422-3564,,http://www.wikidata.org/entity/Q20584674,,,
3565,Rajgarh,422,23,23-422-3565,,http://www.wikidata.org/entity/Q20589673,,,
3566,Biaora,422,23,23-422-3566,,http://www.wikidata.org/entity/Q20594774,,,
3567,Sarangpur,422,23,23-422-3567,,http://www.wikidata.org/entity/Q20596899,,,
3568,Narsinghgarh,422,23,23-422-3568,,http://www.wikidata.org/entity/Q20591480,,,
3569,Pachore,422,23,23-422-3569,,http://www.wikidata.org/entity/Q20593958,,,
6992,Suthaliya,422,23,23-422-6992,,http://www.wikidata.org/entity/Q113588250,,,
6993,Khujner,422,23,23-422-6993,,http://www.wikidata.org/entity/Q113560983,,,
3500,Piploda,423,23,23-423-3500,,http://www.wikidata.org/entity/Q20595589,,,
3501,Jaora,423,23,23-423-3501,,http://www.wikidata.org/entity/Q20589672,,,
3502,Alot,423,23,23-423-3502,,http://www.wikidata.org/entity/Q20196526,,,
3503,Tal,423,23,23-423-3503,,http://www.wikidata.org/entity/Q20593042,,,
3504,Sailana,423,23,23-423-3504,,http://www.wikidata.org/entity/Q20598800,,,
3505,Bajna,423,23,23-423-3505,,http://www.wikidata.org/entity/Q20592768,,,
3506,Rawti,423,23,23-423-3506,,http://www.wikidata.org/entity/Q20590758,,,
3507,Ratlam,423,23,23-423-3507,,http://www.wikidata.org/entity/Q20589270,,,
7009,Ratlam Nagar,423,23,23-423-7009,,http://www.wikidata.org/entity/Q123254098,,,
3471,Teonthar,424,23,23-424-3471,,http://www.wikidata.org/entity/Q123253867,,,
3472,Jawa,424,23,23-424-3472,,http://www.wikidata.org/entity/Q20589331,,,
3473,Sirmour,424,23,23-424-3473,,http://www.wikidata.org/entity/Q20597525,,,
3474,Mangawan,424,23,23-424-3474,,http://www.wikidata.org/entity/Q20597246,,,
3475,Semaria,424,23,23-424-3475,,http://www.wikidata.org/entity/Q20598573,,,
3479,Huzur,424,23,23-424-3479,,http://www.wikidata.org/entity/Q20600173,,,
3480,Raipur - Karchuliyan,424,23,23-424-3480,,http://www.wikidata.org/entity/Q123253825,,,
3481,Gurh,424,23,23-424-3481,,http://www.wikidata.org/entity/Q20587059,,,
7041,Huzur Nagar,424,23,23-424-7041,,http://www.wikidata.org/entity/Q123253710,,,
3443,Bina,425,23,23-425-3443,,http://www.wikidata.org/entity/Q20593801,,,
3444,Khurai,425,23,23-425-3444,,http://www.wikidata.org/entity/Q20584811,,,
3445,Malthon,425,23,23-425-3445,,http://www.wikidata.org/entity/Q20598567,,,
3446,Banda,425,23,23-425-3446,,http://www.wikidata.org/entity/Q123253962,,,
3447,Shahgarh,425,23,23-425-3447,,http://www.wikidata.org/entity/Q123254145,,,
3448,Rahatgarh,425,23,23-425-3448,,http://www.wikidata.org/entity/Q123254139,,,
3449,Sagar,425,23,23-425-3449,,http://www.wikidata.org/entity/Q20596785,,,
3450,Garhakota,425,23,23-425-3450,,http://www.wikidata.org/entity/Q20586209,,,
3451,Rehli,425,23,23-425-3451,,http://www.wikidata.org/entity/Q123253801,,,
3452,Kesli,425,23,23-425-3452,,http://www.wikidata.org/entity/Q20581822,,,
3453,Deori,425,23,23-425-3453,,http://www.wikidata.org/entity/Q20589711,,,
6984,Jaisinagar,425,23,23-425-6984,,http://www.wikidata.org/entity/Q123254026,,,
7030,Sagar Nagar,425,23,23-425-7030,,http://www.wikidata.org/entity/Q123254045,,,
7420,Bandari,425,23,23-425-7420,,http://www.wikidata.org/entity/Q130416404,,,
3461,Kothi,426,23,23-426-3461,,http://www.wikidata.org/entity/Q123253815,,,
3462,Majhgawan,426,23,23-426-3462,,http://www.wikidata.org/entity/Q20596686,,,
3463,Birsinghpur,426,23,23-426-3463,,http://www.wikidata.org/entity/Q20593487,,,
3464,Nagod,426,23,23-426-3464,,http://www.wikidata.org/entity/Q20592055,,,
3465,Unchahara,426,23,23-426-3465,,http://www.wikidata.org/entity/Q20571568,,,
3466,Rampur Baghelan,426,23,23-426-3466,,http://www.wikidata.org/entity/Q20590355,,,
3467,Kotar,426,23,23-426-3467,,http://www.wikidata.org/entity/Q20582487,,,
7111,Raghurajnagar Nagareey,426,23,23-426-7111,,http://www.wikidata.org/entity/Q20589114,,,
3582,Sehore,427,23,23-427-3582,,http://www.wikidata.org/entity/Q20598017,,,
3583,Shyampur,427,23,23-427-3583,,http://www.wikidata.org/entity/Q20595280,,,
3584,Ashta,427,23,23-427-3584,,http://www.wikidata.org/entity/Q20196726,,,
3585,Jawar,427,23,23-427-3585,,http://www.wikidata.org/entity/Q20589647,,,
3586,Ichhawar,427,23,23-427-3586,,http://www.wikidata.org/entity/Q20197158,,,
3587,Bhairunda,427,23,23-427-3587,,http://www.wikidata.org/entity/Q20591838,,,
3588,Budni,427,23,23-427-3588,,http://www.wikidata.org/entity/Q20594013,,,
3589,Rehti,427,23,23-427-3589,,http://www.wikidata.org/entity/Q20591168,,,
7008,Sehore Nagar,427,23,23-427-7008,,http://www.wikidata.org/entity/Q123253939,,,
7422,Doraha,427,23,23-427-7422,,http://www.wikidata.org/entity/Q131302564,,,
3659,Lakhnadon,428,23,23-428-3659,,http://www.wikidata.org/entity/Q20591561,,,
3660,Chhapara,428,23,23-428-3660,,http://www.wikidata.org/entity/Q20588661,,,
3661,Ghansaur,428,23,23-428-3661,,http://www.wikidata.org/entity/Q123253896,,,
3662,Dhanora,428,23,23-428-3662,,http://www.wikidata.org/entity/Q20590284,,,
3663,Keolari,428,23,23-428-3663,,http://www.wikidata.org/entity/Q20581728,,,
3664,Seoni,428,23,23-428-3664,,http://www.wikidata.org/entity/Q20597753,,,
3665,Barghat,428,23,23-428-3665,,http://www.wikidata.org/entity/Q20591286,,,
3666,Kurai,428,23,23-428-3666,,http://www.wikidata.org/entity/Q20580704,,,
7018,Seoni Nagar,428,23,23-428-7018,,http://www.wikidata.org/entity/Q123254007,,,
3689,Beohari,429,23,23-429-3689,,http://www.wikidata.org/entity/Q123253749,,,
3690,Jaisinghnagar,429,23,23-429-3690,,http://www.wikidata.org/entity/Q20589207,,,
3691,Sohagpur,429,23,23-429-3691,,http://www.wikidata.org/entity/Q20599007,,,
3692,Jaitpur,429,23,23-429-3692,,http://www.wikidata.org/entity/Q20590053,,,
6979,Gohparu,429,23,23-429-6979,,http://www.wikidata.org/entity/Q20587932,,,
6988,Budar,429,23,23-429-6988,,http://www.wikidata.org/entity/Q20593986,,,
3519,Shajapur,430,23,23-430-3519,,http://www.wikidata.org/entity/Q20594729,,,
3520,Gulana,430,23,23-430-3520,,http://www.wikidata.org/entity/Q20587320,,,
3521,Moman Badodiya,430,23,23-430-3521,,http://www.wikidata.org/entity/Q20599602,,,
3522,Shujalpur,430,23,23-430-3522,,http://www.wikidata.org/entity/Q20595163,,,
3523,Kalapipal,430,23,23-430-3523,,http://www.wikidata.org/entity/Q20579533,,,
6510,Awantipur Badodiya,430,23,23-430-6510,,http://www.wikidata.org/entity/Q123253797,,,
6511,Polaykala,430,23,23-430-6511,,http://www.wikidata.org/entity/Q123253902,,,
3380,Vijaypur,431,23,23-431-3380,,http://www.wikidata.org/entity/Q123253968,,,
3381,Beerpur,431,23,23-431-3381,,http://www.wikidata.org/entity/Q123253897,,,
3382,Sheopur,431,23,23-431-3382,,http://www.wikidata.org/entity/Q123253762,,,
3383,Badoda,431,23,23-431-3383,,http://www.wikidata.org/entity/Q123254023,,,
3384,Karahal,431,23,23-431-3384,,http://www.wikidata.org/entity/Q123253877,,,
3407,Pohri,432,23,23-432-3407,,http://www.wikidata.org/entity/Q20588953,,,
3408,Shivpuri,432,23,23-432-3408,,http://www.wikidata.org/entity/Q20595078,,,
3409,Narwar,432,23,23-432-3409,,http://www.wikidata.org/entity/Q20591436,,,
3410,Karera,432,23,23-432-3410,,http://www.wikidata.org/entity/Q20577592,,,
3411,Kolaras,432,23,23-432-3411,,http://www.wikidata.org/entity/Q20583183,,,
3412,Badarwas,432,23,23-432-3412,,http://www.wikidata.org/entity/Q20590748,,,
3413,Pichhore,432,23,23-432-3413,,http://www.wikidata.org/entity/Q20595428,,,
3414,Khaniyadhana,432,23,23-432-3414,,http://www.wikidata.org/entity/Q20584049,,,
6534,Bairad,432,23,23-432-6534,,http://www.wikidata.org/entity/Q20594546,,,
6976,Rannod,432,23,23-432-6976,,http://www.wikidata.org/entity/Q123253706,,,
7044,Shivpuri Nagar,432,23,23-432-7044,,http://www.wikidata.org/entity/Q123253866,,,
3697,Rampur Naikin,433,23,23-433-3697,,http://www.wikidata.org/entity/Q20590310,,,
3698,Churhat,433,23,23-433-3698,,http://www.wikidata.org/entity/Q20592019,,,
3699,Gopadbanas,433,23,23-433-3699,,http://www.wikidata.org/entity/Q20587695,,,
3700,Sihawal,433,23,23-433-3700,,http://www.wikidata.org/entity/Q20597834,,,
3701,Majhauli,433,23,23-433-3701,,http://www.wikidata.org/entity/Q20596770,,,
3702,Kusmi,433,23,23-433-3702,,http://www.wikidata.org/entity/Q20581072,,,
6072,Bahari,433,23,23-433-6072,,http://www.wikidata.org/entity/Q20592307,,,
7410,Madwas,433,23,23-433-7410,,http://www.wikidata.org/entity/Q125933841,,,
3418,Jatara,434,23,23-434-3418,,http://www.wikidata.org/entity/Q123253906,,,
3419,Mohangarh,434,23,23-434-3419,,http://www.wikidata.org/entity/Q123253999,,,
3420,Palera,434,23,23-434-3420,,http://www.wikidata.org/entity/Q123253945,,,
3421,Baldeogarh,434,23,23-434-3421,,http://www.wikidata.org/entity/Q123253895,,,
3422,Khargapur,434,23,23-434-3422,,http://www.wikidata.org/entity/Q123253806,,,
3423,Tikamgarh,434,23,23-434-3423,,http://www.wikidata.org/entity/Q123253868,,,
6536,Lidhora,434,23,23-434-6536,,http://www.wikidata.org/entity/Q123253901,,,
6998,Badgaon Dhasan,434,23,23-434-6998,,http://www.wikidata.org/entity/Q123253820,,,
7394,Dighora,434,23,23-434-7394,,http://www.wikidata.org/entity/Q125656915,,,
3508,Khacharod,435,23,23-435-3508,,http://www.wikidata.org/entity/Q123254002,,,
3509,Nagda,435,23,23-435-3509,,http://www.wikidata.org/entity/Q20591925,,,
3510,Mahidpur,435,23,23-435-3510,,http://www.wikidata.org/entity/Q20598235,,,
3511,Ghatiya,435,23,23-435-3511,,http://www.wikidata.org/entity/Q123253816,,,
3512,Tarana,435,23,23-435-3512,,http://www.wikidata.org/entity/Q20592809,,,
3513,Ujjain,435,23,23-435-3513,,http://www.wikidata.org/entity/Q20571609,,,
3514,Badnagar,435,23,23-435-3514,,http://www.wikidata.org/entity/Q123253741,,,
6983,Jharda,435,23,23-435-6983,,http://www.wikidata.org/entity/Q123254037,,,
6995,Makdon,435,23,23-435-6995,,http://www.wikidata.org/entity/Q123253784,,,
7007,Kothi Mahal,435,23,23-435-7007,,http://www.wikidata.org/entity/Q123253997,,,
7046,Ujjain Nagar,435,23,23-435-7046,,http://www.wikidata.org/entity/Q123253828,,,
7434,Unhel,435,23,23-435-7434,,http://www.wikidata.org/entity/Q131740606,,,
3482,Bandhavgarh,436,23,23-436-3482,,http://www.wikidata.org/entity/Q20592510,,,
3483,Chandia,436,23,23-436-3483,,http://www.wikidata.org/entity/Q123253808,,,
3484,Manpur,436,23,23-436-3484,,http://www.wikidata.org/entity/Q20598441,,,
3485,Pali,436,23,23-436-3485,,http://www.wikidata.org/entity/Q20595209,,,
3486,Nowrozabad,436,23,23-436-3486,,http://www.wikidata.org/entity/Q20593662,,,
6533,Karkeli,436,23,23-436-6533,,http://www.wikidata.org/entity/Q123253930,,,
6974,Bilaspur,436,23,23-436-6974,,http://www.wikidata.org/entity/Q123254146,,,
3570,Lateri,437,23,23-437-3570,,http://www.wikidata.org/entity/Q20591681,,,
3571,Sironj,437,23,23-437-3571,,http://www.wikidata.org/entity/Q20597599,,,
3572,Kurwai,437,23,23-437-3572,,http://www.wikidata.org/entity/Q20580769,,,
3573,Basoda,437,23,23-437-3573,,http://www.wikidata.org/entity/Q20593155,,,
3574,Tyonda,437,23,23-437-3574,,http://www.wikidata.org/entity/Q113946341,,,
3575,Nateran,437,23,23-437-3575,,http://www.wikidata.org/entity/Q20591183,,,
3576,Shamshabad,437,23,23-437-3576,,http://www.wikidata.org/entity/Q20594586,,,
3577,Gyaraspur,437,23,23-437-3577,,http://www.wikidata.org/entity/Q20588152,,,
3578,Gulabganj,437,23,23-437-3578,,http://www.wikidata.org/entity/Q20587333,,,
3579,Vidisha,437,23,23-437-3579,,http://www.wikidata.org/entity/Q20593853,,,
6971,Pathari,437,23,23-437-6971,,http://www.wikidata.org/entity/Q20594149,,,
7017,Vidisha Nagar,437,23,23-437-7017,,http://www.wikidata.org/entity/Q123254041,,,
3703,Chitrangi,638,23,23-638-3703,,http://www.wikidata.org/entity/Q20591616,,,
3704,Deosar,638,23,23-638-3704,,http://www.wikidata.org/entity/Q20589788,,,
3705,Singrauli,638,23,23-638-3705,,http://www.wikidata.org/entity/Q20597031,,,
6986,Sarai,638,23,23-638-6986,,http://www.wikidata.org/entity/Q123253729,,,
6987,Mada,638,23,23-638-6987,,http://www.wikidata.org/entity/Q123254024,,,
7040,Singrauli Nagar,638,23,23-638-7040,,http://www.wikidata.org/entity/Q123253755,,,
7419,Dudhamania,638,23,23-638-7419,,http://www.wikidata.org/entity/Q130334746,,,
7423,Bargawan,638,23,23-638-7423,,http://www.wikidata.org/entity/Q131302566,,,
3711,Bhavra,639,23,23-639-3711,,http://www.wikidata.org/entity/Q20595581,,,
3712,Jobat,639,23,23-639-3712,,http://www.wikidata.org/entity/Q20590298,,,
3713,Alirajpur,639,23,23-639-3713,,http://www.wikidata.org/entity/Q20179160,,,
6980,Kathiwara,639,23,23-639-6980,,http://www.wikidata.org/entity/Q20575712,,,
6981,Sondawa,639,23,23-639-6981,,http://www.wikidata.org/entity/Q20598839,,,
3515,Susner,667,23,23-667-3515,,http://www.wikidata.org/entity/Q20598396,,,
3516,Nalkheda,667,23,23-667-3516,,http://www.wikidata.org/entity/Q123254082,,,
3517,Badod,667,23,23-667-3517,,http://www.wikidata.org/entity/Q20590516,,,
3518,Agar,667,23,23-667-3518,,http://www.wikidata.org/entity/Q20182914,,,
7421,Soyatkala,667,23,23-667-7421,,http://www.wikidata.org/entity/Q131302567,,,
3415,Niwari,722,23,23-722-3415,,http://www.wikidata.org/entity/Q123253869,,,
3416,Orchha,722,23,23-722-3416,,http://www.wikidata.org/entity/Q123254096,,,
3417,Prithvipur,722,23,23-722-3417,,http://www.wikidata.org/entity/Q123254078,,,
3476,Hanumana,766,23,23-766-3476,,http://www.wikidata.org/entity/Q20599661,,,
3477,Mauganj,766,23,23-766-3477,,http://www.wikidata.org/entity/Q20596486,,,
3478,Naigarhi,766,23,23-766-3478,,http://www.wikidata.org/entity/Q20590948,,,
3468,Amarpatan,784,23,23-784-3468,,http://www.wikidata.org/entity/Q20178120,,,
3469,Ramnagar,784,23,23-784-3469,,http://www.wikidata.org/entity/Q20590235,,,
3470,Maihar,784,23,23-784-3470,,http://www.wikidata.org/entity/Q20599576,,,
3656,Sausar,785,23,23-785-3656,,http://www.wikidata.org/entity/Q123254124,,,
3658,Pandhurna,785,23,23-785-3658,,http://www.wikidata.org/entity/Q123253711,,,
3777,Mandal Taluka,438,24,24-438-3777,,http://www.wikidata.org/entity/Q2768248,,,
3778,Detroj-Rampura Taluka,438,24,24-438-3778,,http://www.wikidata.org/entity/Q5266070,,,
3779,Viramgam Taluka,438,24,24-438-3779,,http://www.wikidata.org/entity/Q7933635,,,
3780,Sanand Taluka,438,24,24-438-3780,,http://www.wikidata.org/entity/Q12945220,,,
3781,Ahmedabad City Taluka,438,24,24-438-3781,,http://www.wikidata.org/entity/Q4696129,,,
3782,Daskroi Taluka,438,24,24-438-3782,,http://www.wikidata.org/entity/Q628030,,,
3783,Dholka Taluka,438,24,24-438-3783,,http://www.wikidata.org/entity/Q5269712,,,
3784,Bavla Taluka,438,24,24-438-3784,,http://www.wikidata.org/entity/Q4873727,,,
3787,Dhandhuka Taluka,438,24,24-438-3787,,http://www.wikidata.org/entity/Q16960489,,,
6167,Dholera Taluka,438,24,24-438-6167,,http://www.wikidata.org/entity/Q27210468,,,
6512,Asarva taluka,438,24,24-438-6512,,http://www.wikidata.org/entity/Q123257259,,,
6513,Ghatlodiya taluka,438,24,24-438-6513,,http://www.wikidata.org/entity/Q123257236,,,
6514,Vejalpur taluka,438,24,24-438-6514,,http://www.wikidata.org/entity/Q123257241,,,
6515,Maninagar taluka,438,24,24-438-6515,,http://www.wikidata.org/entity/Q123257240,,,
6516,Vatva taluka,438,24,24-438-6516,,http://www.wikidata.org/entity/Q123257260,,,
3839,Kunkavav Taluka,439,24,24-439-3839,,http://www.wikidata.org/entity/Q24232554,,,
3840,Babra Taluka,439,24,24-439-3840,,http://www.wikidata.org/entity/Q12934772,,,
3841,Lathi Taluka,439,24,24-439-3841,,http://www.wikidata.org/entity/Q25560614,,,
3842,Lilia Taluka,439,24,24-439-3842,,http://www.wikidata.org/entity/Q25564717,,,
3843,Amreli Taluka,439,24,24-439-3843,,http://www.wikidata.org/entity/Q12914002,,,
3844,Bagasara Taluka,439,24,24-439-3844,,http://www.wikidata.org/entity/Q12934030,,,
3845,Dhari Taluka,439,24,24-439-3845,,http://www.wikidata.org/entity/Q12922653,,,
3846,Savarkundla Taluka,439,24,24-439-3846,,http://www.wikidata.org/entity/Q12945346,,,
3847,Khambha Taluka,439,24,24-439-3847,,http://www.wikidata.org/entity/Q25564723,,,
3848,Jafarabad Taluka,439,24,24-439-3848,,http://www.wikidata.org/entity/Q24068087,,,
3849,Rajula Taluka,439,24,24-439-3849,,http://www.wikidata.org/entity/Q12940537,,,
7432,Amreli-City Taluka,439,24,24-439-7432,,http://www.wikidata.org/entity/Q131567248,,,
3861,Tarapur Taluka,440,24,24-440-3861,,http://www.wikidata.org/entity/Q12926958,,,
3862,Sojitra Taluka,440,24,24-440-3862,,http://www.wikidata.org/entity/Q12946475,,,
3863,Umreth Taluka,440,24,24-440-3863,,http://www.wikidata.org/entity/Q20664984,,,
3864,Anand Rural Taluka,440,24,24-440-3864,,http://www.wikidata.org/entity/Q12914779,,,
3865,Petlad Taluka,440,24,24-440-3865,,http://www.wikidata.org/entity/Q12932616,,,
3866,Khambhat Taluka,440,24,24-440-3866,,http://www.wikidata.org/entity/Q25564727,,,
3867,Borsad Taluka,440,24,24-440-3867,,http://www.wikidata.org/entity/Q12935656,,,
3868,Anklav Taluka,440,24,24-440-3868,,http://www.wikidata.org/entity/Q12914644,,,
6530,Anand City taluka,440,24,24-440-6530,,http://www.wikidata.org/entity/Q123257249,,,
3735,Dantiwada Taluka,441,24,24-441-3735,,http://www.wikidata.org/entity/Q25565142,,,
3736,Amirgadh Taluka,441,24,24-441-3736,,http://www.wikidata.org/entity/Q20178246,,,
3737,Danta Taluka,441,24,24-441-3737,,http://www.wikidata.org/entity/Q12927971,,,
3738,Vadgam Taluka,441,24,24-441-3738,,http://www.wikidata.org/entity/Q12942321,,,
3739,Palanpur Taluka,441,24,24-441-3739,,http://www.wikidata.org/entity/Q12931770,,,
3740,Deesa Taluka,441,24,24-441-3740,,http://www.wikidata.org/entity/Q12926135,,,
7436,Palanpur City Taluka,441,24,24-441-7436,,http://www.wikidata.org/entity/Q131740609,,,
7437,Deesa City Taluka,441,24,24-441-7437,,http://www.wikidata.org/entity/Q131740614,,,
3913,Jambusar Taluka,442,24,24-442-3913,,http://www.wikidata.org/entity/Q12924328,,,
3914,Amod Taluka,442,24,24-442-3914,,http://www.wikidata.org/entity/Q20196222,,,
3915,Vagra Taluka,442,24,24-442-3915,,http://www.wikidata.org/entity/Q12942610,,,
3916,Bharuch Taluka,442,24,24-442-3916,,http://www.wikidata.org/entity/Q12936239,,,
3917,Zaghadia Taluka,442,24,24-442-3917,,http://www.wikidata.org/entity/Q25565149,,,
3918,Ankleshwar Taluka,442,24,24-442-3918,,http://www.wikidata.org/entity/Q12913069,,,
3919,Hansot Taluka,442,24,24-442-3919,,http://www.wikidata.org/entity/Q12947409,,,
3920,Valiya Taluka,442,24,24-442-3920,,http://www.wikidata.org/entity/Q25565155,,,
6170,Netrang Taluka,442,24,24-442-6170,,http://www.wikidata.org/entity/Q26802764,,,
3851,Vallabhipur Taluka,443,24,24-443-3851,,http://www.wikidata.org/entity/Q12942535,,,
3853,Umrala Taluka,443,24,24-443-3853,,http://www.wikidata.org/entity/Q12916113,,,
3854,Bhavnagar Taluka,443,24,24-443-3854,,http://www.wikidata.org/entity/Q2767248,,,
3855,Ghogha Taluka,443,24,24-443-3855,,http://www.wikidata.org/entity/Q12922712,,,
3856,Sihor Taluka,443,24,24-443-3856,,http://www.wikidata.org/entity/Q25565185,,,
3857,Gariadhar Taluka,443,24,24-443-3857,,http://www.wikidata.org/entity/Q12921708,,,
3858,Palitana Taluka,443,24,24-443-3858,,http://www.wikidata.org/entity/Q12931803,,,
3859,Talaja Taluka,443,24,24-443-3859,,http://www.wikidata.org/entity/Q12926840,,,
3860,Mahuva Taluka,443,24,24-443-3860,,http://www.wikidata.org/entity/Q12937938,,,
6203,Jesar Taluka,443,24,24-443-6203,,http://www.wikidata.org/entity/Q27231663,,,
7444,Bhavnagar City Taluka,443,24,24-443-7444,,http://www.wikidata.org/entity/Q131993181,,,
3921,Ahwa Taluka,444,24,24-444-3921,,http://www.wikidata.org/entity/Q25621261,,,
6023,Wadhai Taluka,444,24,24-444-6023,,http://www.wikidata.org/entity/Q26252051,,,
6024,Subir Taluka,444,24,24-444-6024,,http://www.wikidata.org/entity/Q26250842,,,
3890,Fatepura Taluka,445,24,24-445-3890,,http://www.wikidata.org/entity/Q12933573,,,
3891,Jhalod Taluka,445,24,24-445-3891,,http://www.wikidata.org/entity/Q18126273,,,
3892,Limkheda Taluka,445,24,24-445-3892,,http://www.wikidata.org/entity/Q12941908,,,
3893,Dahod Taluka,445,24,24-445-3893,,http://www.wikidata.org/entity/Q25565095,,,
3894,Garbada Taluka,445,24,24-445-3894,,http://www.wikidata.org/entity/Q12921563,,,
3895,Devgadh Bariya Taluka,445,24,24-445-3895,,http://www.wikidata.org/entity/Q25565097,,,
3896,Dhanpur Taluka,445,24,24-445-3896,,http://www.wikidata.org/entity/Q25565098,,,
6204,Sanjeli Taluka,445,24,24-445-6204,,http://www.wikidata.org/entity/Q27259175,,,
6480,Singvad Taluka,445,24,24-445-6480,,http://www.wikidata.org/entity/Q56734499,,,
3773,Kalol Taluka,446,24,24-446-3773,,http://www.wikidata.org/entity/Q23772733,,,
3774,Mansa Taluka,446,24,24-446-3774,,http://www.wikidata.org/entity/Q12938099,,,
3775,Gandhinagar Taluka,446,24,24-446-3775,,http://www.wikidata.org/entity/Q12921644,,,
3776,Dahegam Taluka,446,24,24-446-3776,,http://www.wikidata.org/entity/Q12927969,,,
7438,Kalol City Taluka,446,24,24-446-7438,,http://www.wikidata.org/entity/Q131740607,,,
3814,Jamnagar Rural Taluka,447,24,24-447-3814,,http://www.wikidata.org/entity/Q25565064,,,
3815,Jodiya Taluka,447,24,24-447-3815,,http://www.wikidata.org/entity/Q25565071,,,
3816,Dhrol Taluka,447,24,24-447-3816,,http://www.wikidata.org/entity/Q25565079,,,
3817,Kalavad Taluka,447,24,24-447-3817,,http://www.wikidata.org/entity/Q25565058,,,
3818,Lalpur Taluka,447,24,24-447-3818,,http://www.wikidata.org/entity/Q25565081,,,
3821,Jam Jodhpur Taluka,447,24,24-447-3821,,http://www.wikidata.org/entity/Q25565065,,,
6525,Jamnagar City taluka,447,24,24-447-6525,,http://www.wikidata.org/entity/Q123257243,,,
3825,Manavadar Taluka,448,24,24-448-3825,,http://www.wikidata.org/entity/Q25565039,,,
3826,Vanthali Taluka,448,24,24-448-3826,,http://www.wikidata.org/entity/Q12942244,,,
3827,Junagadh Taluka,448,24,24-448-3827,,http://www.wikidata.org/entity/Q27300002,,,
3828,Bhensan Taluka,448,24,24-448-3828,,http://www.wikidata.org/entity/Q12936631,,,
3829,Visavadar Taluka,448,24,24-448-3829,,http://www.wikidata.org/entity/Q12943227,,,
3830,Mendarda Taluka,448,24,24-448-3830,,http://www.wikidata.org/entity/Q25565049,,,
3831,Keshod Taluka,448,24,24-448-3831,,http://www.wikidata.org/entity/Q25565060,,,
3832,Mangrol (Junagadh) Taluka,448,24,24-448-3832,,http://www.wikidata.org/entity/Q25565036,,,
3833,Malia Hatina Taluka,448,24,24-448-3833,,http://www.wikidata.org/entity/Q12938396,,,
6517,Junagadh City Taluka,448,24,24-448-6517,,http://www.wikidata.org/entity/Q27526679,,,
3722,Lakhpat Taluka,449,24,24-449-3722,,http://www.wikidata.org/entity/Q27987012,,,
3723,Rapar Taluka,449,24,24-449-3723,,http://www.wikidata.org/entity/Q27140289,,,
3724,Bhachau Taluka,449,24,24-449-3724,,http://www.wikidata.org/entity/Q25621301,,,
3725,Anjar Taluka,449,24,24-449-3725,,http://www.wikidata.org/entity/Q27116122,,,
3726,Bhuj Taluka,449,24,24-449-3726,,http://www.wikidata.org/entity/Q27125857,,,
3727,Nakhatrana Taluka,449,24,24-449-3727,,http://www.wikidata.org/entity/Q17076773,,,
3728,Abdasa Taluka,449,24,24-449-3728,,http://www.wikidata.org/entity/Q2722317,,,
3729,Mandvi Taluka,449,24,24-449-3729,,http://www.wikidata.org/entity/Q27131250,,,
3730,Mundra Taluka,449,24,24-449-3730,,http://www.wikidata.org/entity/Q24068042,,,
3731,Gandhidham Taluka,449,24,24-449-3731,,http://www.wikidata.org/entity/Q23769272,,,
3869,Kapadvanj Taluka,450,24,24-450-3869,,http://www.wikidata.org/entity/Q12917723,,,
3872,Kathalal Taluka,450,24,24-450-3872,,http://www.wikidata.org/entity/Q12917437,,,
3873,Mahemdavad Taluka,450,24,24-450-3873,,http://www.wikidata.org/entity/Q12937941,,,
3874,Kheda Taluka,450,24,24-450-3874,,http://www.wikidata.org/entity/Q12921214,,,
3875,Matar Taluka,450,24,24-450-3875,,http://www.wikidata.org/entity/Q27169764,,,
3876,Nadiad Taluka,450,24,24-450-3876,,http://www.wikidata.org/entity/Q12929097,,,
3877,Mahudha Taluka,450,24,24-450-3877,,http://www.wikidata.org/entity/Q12937933,,,
3878,Thasra Taluka,450,24,24-450-3878,,http://www.wikidata.org/entity/Q12925874,,,
6025,Galateshwar Taluka,450,24,24-450-6025,,http://www.wikidata.org/entity/Q27182564,,,
6034,Vaso Taluka,450,24,24-450-6034,,http://www.wikidata.org/entity/Q27182679,,,
6531,Nadiad City taluka,450,24,24-450-6531,,http://www.wikidata.org/entity/Q123257235,,,
3751,Satlasana Taluka,451,24,24-451-3751,,http://www.wikidata.org/entity/Q21143225,,,
3752,Kheralu Taluka,451,24,24-451-3752,,http://www.wikidata.org/entity/Q25565162,,,
3753,Unjha Taluka,451,24,24-451-3753,,http://www.wikidata.org/entity/Q12915780,,,
3754,Visnagar Taluka,451,24,24-451-3754,,http://www.wikidata.org/entity/Q12943225,,,
3755,Vadnagar Taluka,451,24,24-451-3755,,http://www.wikidata.org/entity/Q25565170,,,
3756,Vijapur Taluka,451,24,24-451-3756,,http://www.wikidata.org/entity/Q25565172,,,
3757,Mehsana Taluka,451,24,24-451-3757,,http://www.wikidata.org/entity/Q12937944,,,
3758,Becharaji Taluka,451,24,24-451-3758,,http://www.wikidata.org/entity/Q25565161,,,
3759,Kadi Taluka,451,24,24-451-3759,,http://www.wikidata.org/entity/Q12917471,,,
6021,Jotana Taluka,451,24,24-451-6021,,http://www.wikidata.org/entity/Q27036243,,,"LGD code 6021 claimed by 2 Wikidata items: Jotana Taluka, Jotana Taluka"
6021,Jotana Taluka,451,24,24-451-6021,,http://www.wikidata.org/entity/Q135553545,,,"LGD code 6021 claimed by 2 Wikidata items: Jotana Taluka, Jotana Taluka"
7441,Mahesana City Taluka,451,24,24-451-7441,,http://www.wikidata.org/entity/Q131740612,,,
3909,Tilakwada Taluka,452,24,24-452-3909,,http://www.wikidata.org/entity/Q27484500,,,
3910,Nandod Taluka,452,24,24-452-3910,,http://www.wikidata.org/entity/Q2762524,,,
3911,Dediapada Taluka,452,24,24-452-3911,,http://www.wikidata.org/entity/Q2759486,,,
3912,Sagbara Taluka,452,24,24-452-3912,,http://www.wikidata.org/entity/Q2775044,,,
6029,Garudeshwar Taluka,452,24,24-452-6029,,http://www.wikidata.org/entity/Q27495667,,,
3922,Navsari Taluka,453,24,24-453-3922,,http://www.wikidata.org/entity/Q25565106,,,
3923,Jalalpore Taluka,453,24,24-453-3923,,http://www.wikidata.org/entity/Q25565099,,,
3924,Gandevi Taluka,453,24,24-453-3924,,http://www.wikidata.org/entity/Q12921492,,,
3925,Chikhli Taluka,453,24,24-453-3925,,http://www.wikidata.org/entity/Q12923649,,,
3926,Vansda Taluka,453,24,24-453-3926,,http://www.wikidata.org/entity/Q12942600,,,
6195,Khergam Taluka,453,24,24-453-6195,,http://www.wikidata.org/entity/Q26904153,,,
3883,Shahera Taluka,454,24,24-454-3883,,http://www.wikidata.org/entity/Q25565134,,,
3884,Morva (Hadaf) Taluka,454,24,24-454-3884,,http://www.wikidata.org/entity/Q25576746,,,
3885,Godhra Taluka,454,24,24-454-3885,,http://www.wikidata.org/entity/Q25565128,,,
3886,Kalol Taluka,454,24,24-454-3886,,http://www.wikidata.org/entity/Q12918798,,,
3887,Ghoghamba Taluka,454,24,24-454-3887,,http://www.wikidata.org/entity/Q25565119,,,
3888,Halol Taluka,454,24,24-454-3888,,http://www.wikidata.org/entity/Q12947500,,,
3889,Jambughoda Taluka,454,24,24-454-3889,,http://www.wikidata.org/entity/Q12924720,,,
3744,Santalpur Taluka,455,24,24-455-3744,,http://www.wikidata.org/entity/Q12945156,,,
3745,Radhanpur Taluka,455,24,24-455-3745,,http://www.wikidata.org/entity/Q12940580,,,
3746,Siddhpur Taluka,455,24,24-455-3746,,http://www.wikidata.org/entity/Q12945817,,,
3747,Patan Taluka,455,24,24-455-3747,,http://www.wikidata.org/entity/Q25565113,,,
3748,Harij Taluka,455,24,24-455-3748,,http://www.wikidata.org/entity/Q25565109,,,
3749,Sami Taluka,455,24,24-455-3749,,http://www.wikidata.org/entity/Q12944804,,,
3750,Chanasma Taluka,455,24,24-455-3750,,http://www.wikidata.org/entity/Q12923216,,,
6196,Saraswati Taluka,455,24,24-455-6196,,http://www.wikidata.org/entity/Q25621239,,,
6197,Shankheshwar Taluka,455,24,24-455-6197,,http://www.wikidata.org/entity/Q25621241,,,
7433,Patan City Taluka,455,24,24-455-7433,,http://www.wikidata.org/entity/Q131740611,,,
3822,Porbandar Taluka,456,24,24-456-3822,,http://www.wikidata.org/entity/Q12932952,,,
3823,Ranavav Taluka,456,24,24-456-3823,,http://www.wikidata.org/entity/Q12940570,,,
3824,Kutiyana Taluka,456,24,24-456-3824,,http://www.wikidata.org/entity/Q12919270,,,
7445,Porabandar City Taluka,456,24,24-456-7445,,http://www.wikidata.org/entity/Q131993182,,,
3802,Paddhari Taluka,457,24,24-457-3802,,http://www.wikidata.org/entity/Q25565199,,,
3803,Rajkot Taluka,457,24,24-457-3803,,http://www.wikidata.org/entity/Q25565187,,,
3804,Lodhika Taluka,457,24,24-457-3804,,http://www.wikidata.org/entity/Q12942135,,,
3805,Kotda-Sangani Taluka,457,24,24-457-3805,,http://www.wikidata.org/entity/Q12920044,,,
3806,Jasdan Taluka,457,24,24-457-3806,,http://www.wikidata.org/entity/Q12924687,,,
3807,Gondal Taluka,457,24,24-457-3807,,http://www.wikidata.org/entity/Q12922152,,,
3808,Jamkandorana Taluka,457,24,24-457-3808,,http://www.wikidata.org/entity/Q25565197,,,
3809,Upleta Taluka,457,24,24-457-3809,,http://www.wikidata.org/entity/Q12916065,,,
3810,Dhoraji Taluka,457,24,24-457-3810,,http://www.wikidata.org/entity/Q25565186,,,
3811,Jetpur Taluka,457,24,24-457-3811,,http://www.wikidata.org/entity/Q12925047,,,
6198,Vinchhiya Taluka,457,24,24-457-6198,,http://www.wikidata.org/entity/Q27554668,,,
6520,Rajkot East taluka,457,24,24-457-6520,,http://www.wikidata.org/entity/Q123257252,,,
6523,Rajkot West taluka,457,24,24-457-6523,,http://www.wikidata.org/entity/Q123257251,,,
6524,Rajkot South taluka,457,24,24-457-6524,,http://www.wikidata.org/entity/Q123257244,,,
7439,Gondal City Taluka,457,24,24-457-7439,,http://www.wikidata.org/entity/Q131740608,,,
7440,Jetpur City Taluka,457,24,24-457-7440,,http://www.wikidata.org/entity/Q131740615,,,
3760,Khedbrahma Taluka,458,24,24-458-3760,,http://www.wikidata.org/entity/Q12921208,,,
3761,Vijaynagar (Sabarkantha) Taluka,458,24,24-458-3761,,http://www.wikidata.org/entity/Q25621284,,,
3762,Vadali Taluka,458,24,24-458-3762,,http://www.wikidata.org/entity/Q12942334,,,
3763,Idar Taluka,458,24,24-458-3763,,http://www.wikidata.org/entity/Q12915336,,,
3766,Himatnagar Taluka,458,24,24-458-3766,,http://www.wikidata.org/entity/Q23043545,,,
3767,Prantij Taluka,458,24,24-458-3767,,http://www.wikidata.org/entity/Q12933342,,,
3768,Talod Taluka,458,24,24-458-3768,,http://www.wikidata.org/entity/Q12926775,,,
6088,Poshina Taluka,458,24,24-458-6088,,http://www.wikidata.org/entity/Q27597173,,,
3932,Olpad Taluka,459,24,24-459-3932,,http://www.wikidata.org/entity/Q12917175,,,
3933,Mangrol (Surat) Taluka,459,24,24-459-3933,,http://www.wikidata.org/entity/Q25565253,,,
3934,Umarpada Taluka,459,24,24-459-3934,,http://www.wikidata.org/entity/Q12916112,,,
3935,Mandvi Taluka,459,24,24-459-3935,,http://www.wikidata.org/entity/Q12938008,,,
3936,Kamrej Taluka,459,24,24-459-3936,,http://www.wikidata.org/entity/Q12918638,,,
3937,Surat City Taluka,459,24,24-459-3937,,http://www.wikidata.org/entity/Q61881635,,,
3938,Choryasi Taluka,459,24,24-459-3938,,http://www.wikidata.org/entity/Q2757125,,,
3939,Palsana Taluka,459,24,24-459-3939,,http://www.wikidata.org/entity/Q12931319,,,
3940,Bardoli Taluka,459,24,24-459-3940,,http://www.wikidata.org/entity/Q25565254,,,
3941,Mahuva (Surat) Taluka,459,24,24-459-3941,,http://www.wikidata.org/entity/Q12937937,,,
6518,Adajan taluka,459,24,24-459-6518,,http://www.wikidata.org/entity/Q123257238,,,
6519,Katargam taluka,459,24,24-459-6519,,http://www.wikidata.org/entity/Q123257257,,,
6521,Puna taluka,459,24,24-459-6521,,http://www.wikidata.org/entity/Q123257250,,,
6522,Udhana Taluka,459,24,24-459-6522,,http://www.wikidata.org/entity/Q7877195,,,
3789,Dhrangadhra Taluka,460,24,24-460-3789,,http://www.wikidata.org/entity/Q23005532,,,
3790,Dasada Taluka,460,24,24-460-3790,,http://www.wikidata.org/entity/Q25565222,,,
3791,Lakhtar Taluka,460,24,24-460-3791,,http://www.wikidata.org/entity/Q12941476,,,
3792,Wadhwan Taluka,460,24,24-460-3792,,http://www.wikidata.org/entity/Q12942349,,,
3793,Muli Taluka,460,24,24-460-3793,,http://www.wikidata.org/entity/Q12938912,,,
3794,Chotila Taluka,460,24,24-460-3794,,http://www.wikidata.org/entity/Q12923947,,,
3795,Sayla Taluka,460,24,24-460-3795,,http://www.wikidata.org/entity/Q25565243,,,
3796,Chuda Taluka,460,24,24-460-3796,,http://www.wikidata.org/entity/Q12923700,,,
3797,Limbdi Taluka,460,24,24-460-3797,,http://www.wikidata.org/entity/Q25565237,,,
6037,Thangadh Taluka,460,24,24-460-6037,,http://www.wikidata.org/entity/Q27643168,,,
7442,Surendranagar City Taluka,460,24,24-460-7442,,http://www.wikidata.org/entity/Q131740613,,,
3897,Savli Taluka,461,24,24-461-3897,,http://www.wikidata.org/entity/Q12945349,,,
3898,Vadodara Rural Taluka,461,24,24-461-3898,,http://www.wikidata.org/entity/Q12942335,,,
3899,Waghodia Taluka,461,24,24-461-3899,,http://www.wikidata.org/entity/Q12942615,,,
3905,Dabhoi Taluka,461,24,24-461-3905,,http://www.wikidata.org/entity/Q12925969,,,
3906,Padra Taluka,461,24,24-461-3906,,http://www.wikidata.org/entity/Q12931627,,,
3907,Karjan Taluka,461,24,24-461-3907,,http://www.wikidata.org/entity/Q12917917,,,
3908,Shinor Taluka,461,24,24-461-3908,,http://www.wikidata.org/entity/Q25565208,,,
6035,Desar Taluka,461,24,24-461-6035,,http://www.wikidata.org/entity/Q27670140,,,
6526,Vadodara South taluka,461,24,24-461-6526,,http://www.wikidata.org/entity/Q123257254,,,
6527,Vadodara North taluka,461,24,24-461-6527,,http://www.wikidata.org/entity/Q123257237,,,
6528,Vadodara West taluka,461,24,24-461-6528,,http://www.wikidata.org/entity/Q123257242,,,
6529,Vadodara East taluka,461,24,24-461-6529,,http://www.wikidata.org/entity/Q123257258,,,
3927,Valsad Taluka,462,24,24-462-3927,,http://www.wikidata.org/entity/Q22284447,,,
3928,Dharampur Taluka,462,24,24-462-3928,,http://www.wikidata.org/entity/Q25565219,,,
3929,Pardi Taluka,462,24,24-462-3929,,http://www.wikidata.org/entity/Q12931688,,,
3930,Kaparada taluka,462,24,24-462-3930,,http://www.wikidata.org/entity/Q17063981,,,
3931,Umargam Taluka,462,24,24-462-3931,,http://www.wikidata.org/entity/Q12915790,,,
6031,Vapi Taluka,462,24,24-462-6031,,http://www.wikidata.org/entity/Q27300085,,,
3942,Nijhar Taluka,641,24,24-641-3942,,http://www.wikidata.org/entity/Q2763211,,,
3943,Uchchhal Taluka,641,24,24-641-3943,,http://www.wikidata.org/entity/Q12915826,,,
3944,Songadh Taluka,641,24,24-641-3944,,http://www.wikidata.org/entity/Q12946490,,,
3945,Vyara Taluka,641,24,24-641-3945,,http://www.wikidata.org/entity/Q25565264,,,
3946,Valod Taluka,641,24,24-641-3946,,http://www.wikidata.org/entity/Q25565257,,,
6169,Kukarmunda Taluka,641,24,24-641-6169,,http://www.wikidata.org/entity/Q26941368,,,
6200,Dolwan Taluka,641,24,24-641-6200,,http://www.wikidata.org/entity/Q27652491,,,
3900,Pavi Jetpur Taluka,668,24,24-668-3900,,http://www.wikidata.org/entity/Q12925048,,,
3901,Chhota Udepur Taluka,668,24,24-668-3901,,http://www.wikidata.org/entity/Q12924280,,,
3902,Kavant Taluka,668,24,24-668-3902,,http://www.wikidata.org/entity/Q2727414,,,
3903,Nasvadi Taluka,668,24,24-668-3903,,http://www.wikidata.org/entity/Q25565204,,,
3904,Sankheda Taluka,668,24,24-668-3904,,http://www.wikidata.org/entity/Q25565203,,,
6020,Bodeli Taluka,668,24,24-668-6020,,http://www.wikidata.org/entity/Q26830868,,,
3870,Virpur Taluka,669,24,24-669-3870,,http://www.wikidata.org/entity/Q12943059,,,
3871,Balasinor Taluka,669,24,24-669-3871,,http://www.wikidata.org/entity/Q25565031,,,
3879,Khanpur Taluka,669,24,24-669-3879,,http://www.wikidata.org/entity/Q12921103,,,
3880,Kadana Taluka,669,24,24-669-3880,,http://www.wikidata.org/entity/Q25565132,,,
3881,Santrampur Taluka,669,24,24-669-3881,,http://www.wikidata.org/entity/Q12944372,,,
3882,Lunavada Taluka,669,24,24-669-3882,,http://www.wikidata.org/entity/Q25565133,,,
3764,Bhiloda Taluka,672,24,24-672-3764,,http://www.wikidata.org/entity/Q25565239,,,
3765,Meghraj Taluka,672,24,24-672-3765,,http://www.wikidata.org/entity/Q12939106,,,
3769,Modasa Taluka,672,24,24-672-3769,,http://www.wikidata.org/entity/Q25565245,,,
3770,Dhansura Taluka,672,24,24-672-3770,,http://www.wikidata.org/entity/Q12928670,,,
3771,Malpur Taluka,672,24,24-672-3771,,http://www.wikidata.org/entity/Q25565235,,,
3772,Bayad Taluka,672,24,24-672-3772,,http://www.wikidata.org/entity/Q2765858,,,
3788,Halvad Taluka,673,24,24-673-3788,,http://www.wikidata.org/entity/Q12947373,,,
3798,Maliya Miyana Taluka,673,24,24-673-3798,,http://www.wikidata.org/entity/Q12938394,,,
3799,Morbi Taluka,673,24,24-673-3799,,http://www.wikidata.org/entity/Q12939356,,,
3800,Tankara Taluka,673,24,24-673-3800,,http://www.wikidata.org/entity/Q12925515,,,
3801,Wankaner Taluka,673,24,24-673-3801,,http://www.wikidata.org/entity/Q12942594,,,
7443,Morbi City Taluka,673,24,24-673-7443,,http://www.wikidata.org/entity/Q131740605,,,
3812,Dwarka Taluka,674,24,24-674-3812,,http://www.wikidata.org/entity/Q25565076,,,
3813,Khambhaliya Taluka,674,24,24-674-3813,,http://www.wikidata.org/entity/Q25565062,,,
3819,Kalyanpur Taluka,674,24,24-674-3819,,http://www.wikidata.org/entity/Q12918260,,,
3820,Bhanvad Taluka,674,24,24-674-3820,,http://www.wikidata.org/entity/Q12936371,,,
3834,Talala Taluka,675,24,24-675-3834,,http://www.wikidata.org/entity/Q12926986,,,
3835,Veraval Taluka,675,24,24-675-3835,,http://www.wikidata.org/entity/Q12943539,,,
3836,Sutrapada Taluka,675,24,24-675-3836,,http://www.wikidata.org/entity/Q25565041,,,
3837,Kodinar Taluka,675,24,24-675-3837,,http://www.wikidata.org/entity/Q25565048,,,
3838,Una Taluka,675,24,24-675-3838,,http://www.wikidata.org/entity/Q20664896,,,
6199,Gir Gadhada Taluka,675,24,24-675-6199,,http://www.wikidata.org/entity/Q19891590,,,
7446,Veraval City Taluka,675,24,24-675-7446,,http://www.wikidata.org/entity/Q131993180,,,
3785,Ranpur Taluka,676,24,24-676-3785,,http://www.wikidata.org/entity/Q7293429,,,
3786,Barwala Taluka,676,24,24-676-3786,,http://www.wikidata.org/entity/Q4865948,,,
3850,Botad Taluka,676,24,24-676-3850,,http://www.wikidata.org/entity/Q12935598,,,
3852,Gadhada Taluka,676,24,24-676-3852,,http://www.wikidata.org/entity/Q24090694,,,
7435,Botad City Taluka,676,24,24-676-7435,,http://www.wikidata.org/entity/Q131740610,,,
3732,Vav Taluka,789,24,24-789-3732,,http://www.wikidata.org/entity/Q25565147,,,
3733,Tharad Taluka,789,24,24-789-3733,,http://www.wikidata.org/entity/Q22911292,,,
3734,Dhanera Taluka,789,24,24-789-3734,,http://www.wikidata.org/entity/Q12928818,,,
3741,Diyodar Taluka,789,24,24-789-3741,,http://www.wikidata.org/entity/Q2760792,,,
3742,Bhabhar Taluka,789,24,24-789-3742,,http://www.wikidata.org/entity/Q23816802,,,
3743,Kankrej Taluka,789,24,24-789-3743,,http://www.wikidata.org/entity/Q2727490,,,
6166,Suigam Taluka,789,24,24-789-6166,,http://www.wikidata.org/entity/Q26806538,,,
6168,Lakhani Taluka,789,24,24-789-6168,,http://www.wikidata.org/entity/Q26806539,,,
4201,Akole taluka,466,27,27-466-4201,,http://www.wikidata.org/entity/Q4701523,,,
4202,Sangamner taluka,466,27,27-466-4202,,http://www.wikidata.org/entity/Q17088523,,,
4203,Kopargaon taluka,466,27,27-466-4203,,http://www.wikidata.org/entity/Q16727011,,,
4204,Rahata taluka,466,27,27-466-4204,,http://www.wikidata.org/entity/Q7283324,,,
4205,Shrirampur taluka,466,27,27-466-4205,,http://www.wikidata.org/entity/Q7504203,,,
4206,Nevasa taluka,466,27,27-466-4206,,http://www.wikidata.org/entity/Q13652773,,,
4207,Shevgaon taluka,466,27,27-466-4207,,http://www.wikidata.org/entity/Q7495712,,,
4208,Pathardi taluka,466,27,27-466-4208,,http://www.wikidata.org/entity/Q7144715,,,
4209,Nagar taluka,466,27,27-466-4209,,http://www.wikidata.org/entity/Q6958517,,,
4210,Rahuri taluka,466,27,27-466-4210,,http://www.wikidata.org/entity/Q7283634,,,
4211,Parner taluka,466,27,27-466-4211,,http://www.wikidata.org/entity/Q3632263,,,
4212,Shrigonda taluka,466,27,27-466-4212,,http://www.wikidata.org/entity/Q7503961,,,
4213,Karjat taluka,466,27,27-466-4213,,http://www.wikidata.org/entity/Q6371238,,,
4214,Jamkhed taluka,466,27,27-466-4214,,http://www.wikidata.org/entity/Q6147899,,,
3988,Telhara taluka,467,27,27-467-3988,,http://www.wikidata.org/entity/Q123267075,,,
3989,Akot taluka,467,27,27-467-3989,,http://www.wikidata.org/entity/Q123267097,,,
3990,Balapur taluka,467,27,27-467-3990,,http://www.wikidata.org/entity/Q123267243,,,
3991,Akola taluka,467,27,27-467-3991,,http://www.wikidata.org/entity/Q11950838,,,
3992,Murtijapur taluka,467,27,27-467-3992,,http://www.wikidata.org/entity/Q123267236,,,
3993,Patur taluka,467,27,27-467-3993,,http://www.wikidata.org/entity/Q123267199,,,
3994,Barshitakli taluka,467,27,27-467-3994,,http://www.wikidata.org/entity/Q123267172,,,
4001,Dharni taluka,468,27,27-468-4001,,http://www.wikidata.org/entity/Q13118140,,,
4002,Chikhaldara taluka,468,27,27-468-4002,,http://www.wikidata.org/entity/Q123267186,,,
4003,Anjangaon Surji taluka,468,27,27-468-4003,,http://www.wikidata.org/entity/Q123267089,,,
4004,Achalpur taluka,468,27,27-468-4004,,http://www.wikidata.org/entity/Q107005991,,,
4005,Chandurbazar taluka,468,27,27-468-4005,,http://www.wikidata.org/entity/Q123267203,,,
4006,Morshi taluka,468,27,27-468-4006,,http://www.wikidata.org/entity/Q123267231,,,
4007,Warud taluka,468,27,27-468-4007,,http://www.wikidata.org/entity/Q31736077,,,
4008,Tiosa taluka,468,27,27-468-4008,,http://www.wikidata.org/entity/Q123267250,,,
4009,Amravati taluka,468,27,27-468-4009,,http://www.wikidata.org/entity/Q13115471,,,
4010,Bhatkuli taluka,468,27,27-468-4010,,http://www.wikidata.org/entity/Q123267184,,,
4011,Daryapur taluka,468,27,27-468-4011,,http://www.wikidata.org/entity/Q19807844,,,
4012,Nandgaon-Khandeshwar taluka,468,27,27-468-4012,,http://www.wikidata.org/entity/Q13118216,,,
4013,Chandur Railway taluka,468,27,27-468-4013,,http://www.wikidata.org/entity/Q19806772,,,
4014,Dhamangaon Railway taluka,468,27,27-468-4014,,http://www.wikidata.org/entity/Q19808114,,,
4133,Kannad taluka,469,27,27-469-4133,,http://www.wikidata.org/entity/Q123267106,,,
4134,Soegaon taluka,469,27,27-469-4134,,http://www.wikidata.org/entity/Q20585327,,,
4135,Sillod taluka,469,27,27-469-4135,,http://www.wikidata.org/entity/Q20583756,,,
4136,Phulambri taluka,469,27,27-469-4136,,http://www.wikidata.org/entity/Q13119075,,,
4137,Aurangabad taluka,469,27,27-469-4137,,http://www.wikidata.org/entity/Q13116206,,,
4138,Khuldabad taluka,469,27,27-469-4138,,http://www.wikidata.org/entity/Q19806268,,,
4139,Vaijapur taluka,469,27,27-469-4139,,http://www.wikidata.org/entity/Q13121290,,,
4140,Gangapur taluka,469,27,27-469-4140,,http://www.wikidata.org/entity/Q19806312,,,
4141,Paithan taluka,469,27,27-469-4141,,http://www.wikidata.org/entity/Q13118862,,,
4215,Ashti taluka,470,27,27-470-4215,,http://www.wikidata.org/entity/Q13115819,,,
4216,Patoda taluka,470,27,27-470-4216,,http://www.wikidata.org/entity/Q13118646,,,
4217,Shirur Kasar taluka,470,27,27-470-4217,,http://www.wikidata.org/entity/Q7499002,,,
4218,Georai taluka,470,27,27-470-4218,,http://www.wikidata.org/entity/Q13116955,,,
4219,Majalgaon taluka,470,27,27-470-4219,,http://www.wikidata.org/entity/Q6737419,,,
4220,Wadwani taluka,470,27,27-470-4220,,http://www.wikidata.org/entity/Q123267109,,,
4221,Beed taluka,470,27,27-470-4221,,http://www.wikidata.org/entity/Q13119314,,,
4222,Kaij taluka,470,27,27-470-4222,,http://www.wikidata.org/entity/Q19806065,,,
4223,Dharur taluka,470,27,27-470-4223,,http://www.wikidata.org/entity/Q13116460,,,
4224,Parli taluka,470,27,27-470-4224,,http://www.wikidata.org/entity/Q13118560,,,
4225,Ambejogai taluka,470,27,27-470-4225,,http://www.wikidata.org/entity/Q13115311,,,
4037,Tumsar Taluka,471,27,27-471-4037,,http://www.wikidata.org/entity/Q107477379,,,
4038,Mohadi Taluka,471,27,27-471-4038,,http://www.wikidata.org/entity/Q107482435,,,
4039,Bhandara Taluka,471,27,27-471-4039,,http://www.wikidata.org/entity/Q13119407,,,
4040,Sakoli Taluka,471,27,27-471-4040,,http://www.wikidata.org/entity/Q13121877,,,
4041,Lakhani taluka,471,27,27-471-4041,,http://www.wikidata.org/entity/Q123267872,,,
4042,Pauni Taluka,471,27,27-471-4042,,http://www.wikidata.org/entity/Q107482495,,,
4043,Lakhandur Taluka,471,27,27-471-4043,,http://www.wikidata.org/entity/Q96418772,,,
3975,Jalgaon (Jamod) taluka,472,27,27-472-3975,,http://www.wikidata.org/entity/Q19807019,,,
3976,Sangrampur taluka,472,27,27-472-3976,,http://www.wikidata.org/entity/Q123267274,,,
3977,Shegaon taluka,472,27,27-472-3977,,http://www.wikidata.org/entity/Q123267145,,,
3978,Nandura taluka,472,27,27-472-3978,,http://www.wikidata.org/entity/Q123267226,,,
3979,Malkapur taluka,472,27,27-472-3979,,http://www.wikidata.org/entity/Q19810918,,,
3980,Motala taluka,472,27,27-472-3980,,http://www.wikidata.org/entity/Q13120181,,,
3981,Khamgaon taluka,472,27,27-472-3981,,http://www.wikidata.org/entity/Q123267180,,,
3982,Mehkar taluka,472,27,27-472-3982,,http://www.wikidata.org/entity/Q123267238,,,
3983,Chikhli Taluka,472,27,27-472-3983,,http://www.wikidata.org/entity/Q123267758,,,
3984,Buldana taluka,472,27,27-472-3984,,http://www.wikidata.org/entity/Q19809568,,,
3985,Deolgaon Raja taluka,472,27,27-472-3985,,http://www.wikidata.org/entity/Q13118047,,,
3986,Sindkhed Raja taluka,472,27,27-472-3986,,http://www.wikidata.org/entity/Q123267200,,,
3987,Lonar taluka,472,27,27-472-3987,,http://www.wikidata.org/entity/Q19813486,,,
4064,Warora taluka,473,27,27-473-4064,,http://www.wikidata.org/entity/Q2772194,,,
4065,Chimur taluka,473,27,27-473-4065,,http://www.wikidata.org/entity/Q123267073,,,
4066,Nagbhid taluka,473,27,27-473-4066,,http://www.wikidata.org/entity/Q123267162,,,
4067,Brahmapuri taluka,473,27,27-473-4067,,http://www.wikidata.org/entity/Q2766575,,,
4068,Sawali taluka,473,27,27-473-4068,,http://www.wikidata.org/entity/Q123267192,,,
4069,Sindewahi taluka,473,27,27-473-4069,,http://www.wikidata.org/entity/Q123267216,,,
4070,Bhadravati taluka,473,27,27-473-4070,,http://www.wikidata.org/entity/Q2766710,,,
4071,Chandrapur taluka,473,27,27-473-4071,,http://www.wikidata.org/entity/Q2733274,,,
4072,Mul taluka,473,27,27-473-4072,,http://www.wikidata.org/entity/Q123267092,,,
4073,Pombhurna taluka,473,27,27-473-4073,,http://www.wikidata.org/entity/Q123267232,,,
4074,Ballarpur taluka,473,27,27-473-4074,,http://www.wikidata.org/entity/Q2765584,,,
4075,Korpana taluka,473,27,27-473-4075,,http://www.wikidata.org/entity/Q123267082,,,
4076,Jiwati taluka,473,27,27-473-4076,,http://www.wikidata.org/entity/Q123267112,,,
4077,Rajura taluka,473,27,27-473-4077,,http://www.wikidata.org/entity/Q2770331,,,
4078,Gondpipri taluka,473,27,27-473-4078,,http://www.wikidata.org/entity/Q2732354,,,
3956,Shirpur taluka,474,27,27-474-3956,,http://www.wikidata.org/entity/Q2773938,,,
3957,Sindkhede taluka,474,27,27-474-3957,,http://www.wikidata.org/entity/Q2773904,,,
3958,Sakri Taluka,474,27,27-474-3958,,http://www.wikidata.org/entity/Q2775033,,,
3959,Dhule taluka,474,27,27-474-3959,,http://www.wikidata.org/entity/Q2761862,,,
4052,Desaiganj (Vadasa) taluka,475,27,27-475-4052,,http://www.wikidata.org/entity/Q123267282,,,
4053,Armori taluka,475,27,27-475-4053,,http://www.wikidata.org/entity/Q123267170,,,
4054,Kurkheda taluka,475,27,27-475-4054,,http://www.wikidata.org/entity/Q123267117,,,
4055,Korchi taluka,475,27,27-475-4055,,http://www.wikidata.org/entity/Q123267290,,,
4056,Dhanora taluka,475,27,27-475-4056,,http://www.wikidata.org/entity/Q123267094,,,
4057,Gadchiroli taluka,475,27,27-475-4057,,http://www.wikidata.org/entity/Q20573938,,,
4058,Chamorshi taluka,475,27,27-475-4058,,http://www.wikidata.org/entity/Q123267188,,,
4059,Mulchera taluka,475,27,27-475-4059,,http://www.wikidata.org/entity/Q123267146,,,
4060,Etapalli taluka,475,27,27-475-4060,,http://www.wikidata.org/entity/Q123267161,,,
4061,Bhamragad taluka,475,27,27-475-4061,,http://www.wikidata.org/entity/Q123267070,,,
4062,Aheri taluka,475,27,27-475-4062,,http://www.wikidata.org/entity/Q123267113,,,
4063,Sironcha taluka,475,27,27-475-4063,,http://www.wikidata.org/entity/Q123267181,,,
4044,Tirora taluka,476,27,27-476-4044,,http://www.wikidata.org/entity/Q123267263,,,
4045,Goregaon taluka,476,27,27-476-4045,,http://www.wikidata.org/entity/Q13116989,,,
4046,Gondiya taluka,476,27,27-476-4046,,http://www.wikidata.org/entity/Q13116959,,,
4047,Amgaon Taluka,476,27,27-476-4047,,http://www.wikidata.org/entity/Q19804381,,,
4048,Salekasa taluka,476,27,27-476-4048,,http://www.wikidata.org/entity/Q123267266,,,
4049,Sadak-Arjuni taluka,476,27,27-476-4049,,http://www.wikidata.org/entity/Q13121738,,,
4050,Arjuni-Morgaon taluka,476,27,27-476-4050,,http://www.wikidata.org/entity/Q24912643,,,
4051,Deori taluka,476,27,27-476-4051,,http://www.wikidata.org/entity/Q123267068,,,
4111,Sengaon taluka,477,27,27-477-4111,,http://www.wikidata.org/entity/Q13122136,,,
4112,Hingoli taluka,477,27,27-477-4112,,http://www.wikidata.org/entity/Q20586541,,,
4113,Aundha (Nagnath) taluka,477,27,27-477-4113,,http://www.wikidata.org/entity/Q123267081,,,
4114,Kalamnuri taluka,477,27,27-477-4114,,http://www.wikidata.org/entity/Q19805573,,,
4115,Vasmath taluka,477,27,27-477-4115,,http://www.wikidata.org/entity/Q123267154,,,
3960,Chopda taluka,478,27,27-478-3960,,http://www.wikidata.org/entity/Q2757072,,,
3961,Yawal taluka,478,27,27-478-3961,,http://www.wikidata.org/entity/Q2769769,,,
3962,Raver taluka,478,27,27-478-3962,,http://www.wikidata.org/entity/Q2770759,,,
3963,Muktainagar (Edlabad) taluka,478,27,27-478-3963,,http://www.wikidata.org/entity/Q2768817,,,
3964,Bodvad taluka,478,27,27-478-3964,,http://www.wikidata.org/entity/Q2766385,,,
3965,Bhusawal taluka,478,27,27-478-3965,,http://www.wikidata.org/entity/Q2767499,,,
3966,Jalgaon taluka,478,27,27-478-3966,,http://www.wikidata.org/entity/Q2757543,,,
3967,Erandol taluka,478,27,27-478-3967,,http://www.wikidata.org/entity/Q2725969,,,
3968,Dharangaon taluka,478,27,27-478-3968,,http://www.wikidata.org/entity/Q2761515,,,
3969,Amalner taluka,478,27,27-478-3969,,http://www.wikidata.org/entity/Q2722529,,,
3970,Parola taluka,478,27,27-478-3970,,http://www.wikidata.org/entity/Q123267270,,,
3971,Bhadgaon taluka,478,27,27-478-3971,,http://www.wikidata.org/entity/Q2766662,,,
3972,Chalisgaon taluka,478,27,27-478-3972,,http://www.wikidata.org/entity/Q2747562,,,
3973,Pachora taluka,478,27,27-478-3973,,http://www.wikidata.org/entity/Q2763929,,,
3974,Jamner taluka,478,27,27-478-3974,,http://www.wikidata.org/entity/Q2757945,,,
4125,Bhokardan taluka,479,27,27-479-4125,,http://www.wikidata.org/entity/Q123267090,,,
4126,Jafrabad taluka,479,27,27-479-4126,,http://www.wikidata.org/entity/Q123267221,,,
4127,Jalna taluka,479,27,27-479-4127,,http://www.wikidata.org/entity/Q19807076,,,
4128,Badnapur taluka,479,27,27-479-4128,,http://www.wikidata.org/entity/Q13119136,,,
4129,Ambad taluka,479,27,27-479-4129,,http://www.wikidata.org/entity/Q123267126,,,
4130,Ghansawangi taluka,479,27,27-479-4130,,http://www.wikidata.org/entity/Q123267191,,,
4131,Partur taluka,479,27,27-479-4131,,http://www.wikidata.org/entity/Q123267213,,,
4132,Mantha taluka,479,27,27-479-4132,,http://www.wikidata.org/entity/Q19810059,,,
4283,Shahuwadi taluka,480,27,27-480-4283,,http://www.wikidata.org/entity/Q20579413,,,
4284,Panhala taluka,480,27,27-480-4284,,http://www.wikidata.org/entity/Q13118549,,,
4285,Hatkanangle taluka,480,27,27-480-4285,,http://www.wikidata.org/entity/Q20572432,,,
4286,Shirol Taluka,480,27,27-480-4286,,http://www.wikidata.org/entity/Q13121480,,,
4287,Karvir taluka,480,27,27-480-4287,,http://www.wikidata.org/entity/Q123267218,,,
4288,Gaganbawada taluka,480,27,27-480-4288,,http://www.wikidata.org/entity/Q13116795,,,
4289,Radhanagari taluka,480,27,27-480-4289,,http://www.wikidata.org/entity/Q13120552,,,
4290,Kagal taluka,480,27,27-480-4290,,http://www.wikidata.org/entity/Q13116351,,,
4291,Bhudargad taluka,480,27,27-480-4291,,http://www.wikidata.org/entity/Q13119568,,,
4292,Ajra taluka,480,27,27-480-4292,,http://www.wikidata.org/entity/Q13115662,,,
4293,Gadhinglaj Taluka,480,27,27-480-4293,,http://www.wikidata.org/entity/Q5516369,,,
4294,Chandgad taluka,480,27,27-480-4294,,http://www.wikidata.org/entity/Q19806687,,,
4226,Latur Taluka,481,27,27-481-4226,,http://www.wikidata.org/entity/Q17068575,,,
4227,Renapur Taluka,481,27,27-481-4227,,http://www.wikidata.org/entity/Q13120713,,,
4228,Ahmadpur Taluka,481,27,27-481-4228,,http://www.wikidata.org/entity/Q16250220,,,
4229,Jalkot Taluka,481,27,27-481-4229,,http://www.wikidata.org/entity/Q17058624,,,
4230,Chakur Taluka,481,27,27-481-4230,,http://www.wikidata.org/entity/Q16257591,,,
4231,Shirur Anantpal Taluka,481,27,27-481-4231,,http://www.wikidata.org/entity/Q17089922,,,
4232,Ausa Taluka,481,27,27-481-4232,,http://www.wikidata.org/entity/Q16252213,,,
4233,Nilanga Taluka,481,27,27-481-4233,,http://www.wikidata.org/entity/Q13118328,,,
4234,Deoni Taluka,481,27,27-481-4234,,http://www.wikidata.org/entity/Q15213644,,,
4235,Udgir Taluka,481,27,27-481-4235,,http://www.wikidata.org/entity/Q17120051,,,
7179,Andheri taluka,483,27,27-483-7179,,http://www.wikidata.org/entity/Q13115300,,,
7180,Kurla taluka,483,27,27-483-7180,,http://www.wikidata.org/entity/Q19805986,,,
7181,Borivali taluka,483,27,27-483-7181,,http://www.wikidata.org/entity/Q19809657,,,
4023,Narkhed taluka,484,27,27-484-4023,,http://www.wikidata.org/entity/Q16895703,,,
4024,Katol taluka,484,27,27-484-4024,,http://www.wikidata.org/entity/Q17064306,,,
4025,Kalameshwar taluka,484,27,27-484-4025,,http://www.wikidata.org/entity/Q123267136,,,
4026,Savner taluka,484,27,27-484-4026,,http://www.wikidata.org/entity/Q120826856,,,
4027,Parseoni taluka,484,27,27-484-4027,,http://www.wikidata.org/entity/Q123267240,,,
4028,Ramtek taluka,484,27,27-484-4028,,http://www.wikidata.org/entity/Q123267132,,,
4029,Mauda taluka,484,27,27-484-4029,,http://www.wikidata.org/entity/Q123267276,,,
4030,Kamptee taluka,484,27,27-484-4030,,http://www.wikidata.org/entity/Q17063356,,,
4031,Nagpur Rural Taluka,484,27,27-484-4031,,http://www.wikidata.org/entity/Q13118234,,,
4032,Nagpur Urban Taluka,484,27,27-484-4032,,http://www.wikidata.org/entity/Q13118237,,,
4033,Hingna taluka,484,27,27-484-4033,,http://www.wikidata.org/entity/Q123267085,,,
4034,Umred taluka,484,27,27-484-4034,,http://www.wikidata.org/entity/Q19805040,,,
4035,Kuhi taluka,484,27,27-484-4035,,http://www.wikidata.org/entity/Q13116503,,,
4036,Bhiwapur taluka,484,27,27-484-4036,,http://www.wikidata.org/entity/Q25565674,,,
4095,Mahur taluka,485,27,27-485-4095,,http://www.wikidata.org/entity/Q24911597,,,
4096,Kinwat taluka,485,27,27-485-4096,,http://www.wikidata.org/entity/Q24911593,,,
4097,Himayatnagar taluka,485,27,27-485-4097,,http://www.wikidata.org/entity/Q20586631,,,
4098,Hadgaon taluka,485,27,27-485-4098,,http://www.wikidata.org/entity/Q24908030,,,
4099,Ardhapur taluka,485,27,27-485-4099,,http://www.wikidata.org/entity/Q24908285,,,
4100,Nanded taluka,485,27,27-485-4100,,http://www.wikidata.org/entity/Q19808291,,,
4101,Mudkhed taluka,485,27,27-485-4101,,http://www.wikidata.org/entity/Q19811666,,,
4102,Bhokar taluka,485,27,27-485-4102,,http://www.wikidata.org/entity/Q24910401,,,
4103,Umri taluka,485,27,27-485-4103,,http://www.wikidata.org/entity/Q19805030,,,
4104,Dharmabad taluka,485,27,27-485-4104,,http://www.wikidata.org/entity/Q24910380,,,
4105,Biloli taluka,485,27,27-485-4105,,http://www.wikidata.org/entity/Q24910355,,,
4106,Naigaon (Khairgaon) taluka,485,27,27-485-4106,,http://www.wikidata.org/entity/Q13118268,,,
4107,Loha taluka,485,27,27-485-4107,,http://www.wikidata.org/entity/Q13120897,,,
4108,Kandhar taluka,485,27,27-485-4108,,http://www.wikidata.org/entity/Q24910378,,,
4109,Mukhed taluka,485,27,27-485-4109,,http://www.wikidata.org/entity/Q19811667,,,
4110,Deglur taluka,485,27,27-485-4110,,http://www.wikidata.org/entity/Q24910331,,,
3950,Akkalkuwa taluka,486,27,27-486-3950,,http://www.wikidata.org/entity/Q123267099,,,
3951,Akrani taluka,486,27,27-486-3951,,http://www.wikidata.org/entity/Q123267220,,,
3952,Talode taluka,486,27,27-486-3952,,http://www.wikidata.org/entity/Q2759906,,,
3953,Shahade taluka,486,27,27-486-3953,,http://www.wikidata.org/entity/Q2773808,,,
3954,Nandurbar taluka,486,27,27-486-3954,,http://www.wikidata.org/entity/Q2762038,,,
3955,Nawapur taluka,486,27,27-486-3955,,http://www.wikidata.org/entity/Q18016211,,,
4142,Surgana taluka,487,27,27-487-4142,,http://www.wikidata.org/entity/Q2775853,,,
4143,Kalwan Taluka,487,27,27-487-4143,,http://www.wikidata.org/entity/Q2722397,,,
4144,Deola taluka,487,27,27-487-4144,,http://www.wikidata.org/entity/Q2761219,,,
4145,Baglan Taluka,487,27,27-487-4145,,http://www.wikidata.org/entity/Q4841973,,,
4146,Malegaon taluka,487,27,27-487-4146,,http://www.wikidata.org/entity/Q2768650,,,
4147,Nandgaon taluka,487,27,27-487-4147,,http://www.wikidata.org/entity/Q2762499,,,
4148,Chandvad Taluka,487,27,27-487-4148,,http://www.wikidata.org/entity/Q2747410,,,
4149,Dindori taluka,487,27,27-487-4149,,http://www.wikidata.org/entity/Q2759394,,,
4150,Peth taluka,487,27,27-487-4150,,http://www.wikidata.org/entity/Q2764763,,,
4151,Trimbakeshwar taluka,487,27,27-487-4151,,http://www.wikidata.org/entity/Q2760236,,,
4152,Nashik taluka,487,27,27-487-4152,,http://www.wikidata.org/entity/Q2763192,,,
4153,Igatpuri taluka,487,27,27-487-4153,,http://www.wikidata.org/entity/Q2724597,,,
4154,Sinnar taluka,487,27,27-487-4154,,http://www.wikidata.org/entity/Q2722162,,,
4155,Niphad taluka,487,27,27-487-4155,,http://www.wikidata.org/entity/Q2763229,,,
4156,Yevla taluka,487,27,27-487-4156,,http://www.wikidata.org/entity/Q2769785,,,
4236,Paranda Taluka,488,27,27-488-4236,,http://www.wikidata.org/entity/Q13118573,,,
4237,Bhoom Taluka,488,27,27-488-4237,,http://www.wikidata.org/entity/Q13119575,,,
4238,Washi Taluka,488,27,27-488-4238,,http://www.wikidata.org/entity/Q13121046,,,
4239,Kalamb Taluka,488,27,27-488-4239,,http://www.wikidata.org/entity/Q13116311,,,
4240,Osmanabad Taluka,488,27,27-488-4240,,http://www.wikidata.org/entity/Q11114967,,,
4241,Tuljapur Taluka,488,27,27-488-4241,,http://www.wikidata.org/entity/Q16902024,,,
4242,Lohara Taluka,488,27,27-488-4242,,http://www.wikidata.org/entity/Q6667963,,,
4243,Umarga Taluka,488,27,27-488-4243,,http://www.wikidata.org/entity/Q11114604,,,
4116,Selu taluka,489,27,27-489-4116,,http://www.wikidata.org/entity/Q20584985,,,
4117,Jintur taluka,489,27,27-489-4117,,http://www.wikidata.org/entity/Q123267124,,,
4118,Parbhani taluka,489,27,27-489-4118,,http://www.wikidata.org/entity/Q13118559,,,
4119,Manwath taluka,489,27,27-489-4119,,http://www.wikidata.org/entity/Q13119890,,,
4120,Pathri taluka,489,27,27-489-4120,,http://www.wikidata.org/entity/Q123267155,,,
4121,Sonpeth taluka,489,27,27-489-4121,,http://www.wikidata.org/entity/Q123267160,,,
4122,Gangakhed taluka,489,27,27-489-4122,,http://www.wikidata.org/entity/Q13116783,,,
4123,Palam taluka,489,27,27-489-4123,,http://www.wikidata.org/entity/Q19808867,,,
4124,Purna taluka,489,27,27-489-4124,,http://www.wikidata.org/entity/Q19809004,,,
4187,Junnar taluka,490,27,27-490-4187,,http://www.wikidata.org/entity/Q12429090,,,
4188,Ambegaon taluka,490,27,27-490-4188,,http://www.wikidata.org/entity/Q4741195,,,
4189,Shirur taluka,490,27,27-490-4189,,http://www.wikidata.org/entity/Q7499003,,,
4190,Khed taluka,490,27,27-490-4190,,http://www.wikidata.org/entity/Q6401178,,,
4191,Maval taluka,490,27,27-490-4191,,http://www.wikidata.org/entity/Q6794120,,,
4192,Mulshi taluka,490,27,27-490-4192,,http://www.wikidata.org/entity/Q6934339,,,
4193,Haveli Taluka,490,27,27-490-4193,,http://www.wikidata.org/entity/Q3309810,,,
4194,Pune City taluka,490,27,27-490-4194,,http://www.wikidata.org/entity/Q7260101,,,
4195,Daund taluka,490,27,27-490-4195,,http://www.wikidata.org/entity/Q1194806,,,
4196,Purandar taluka,490,27,27-490-4196,,http://www.wikidata.org/entity/Q7260837,,,
4197,Velhe taluka,490,27,27-490-4197,,http://www.wikidata.org/entity/Q7918914,,,
4198,Bhor taluka,490,27,27-490-4198,,http://www.wikidata.org/entity/Q4902048,,,
4199,Baramati taluka,490,27,27-490-4199,,http://www.wikidata.org/entity/Q4858311,,,
4200,Indapur taluka,490,27,27-490-4200,,http://www.wikidata.org/entity/Q6015690,,,
4172,Uran taluka,491,27,27-491-4172,,http://www.wikidata.org/entity/Q19805032,,,
4173,Panvel taluka,491,27,27-491-4173,,http://www.wikidata.org/entity/Q19808729,,,
4174,Karjat taluka,491,27,27-491-4174,,http://www.wikidata.org/entity/Q24928039,,,
4175,Khalapur taluka,491,27,27-491-4175,,http://www.wikidata.org/entity/Q13116763,,,
4176,Pen taluka,491,27,27-491-4176,,http://www.wikidata.org/entity/Q24928048,,,
4177,Alibag taluka,491,27,27-491-4177,,http://www.wikidata.org/entity/Q24928034,,,
4178,Murud taluka,491,27,27-491-4178,,http://www.wikidata.org/entity/Q24928059,,,
4179,Roha taluka,491,27,27-491-4179,,http://www.wikidata.org/entity/Q19812970,,,
4180,Sudhagad - Pali taluka,491,27,27-491-4180,,http://www.wikidata.org/entity/Q20584128,,,
4181,Mangaon taluka,491,27,27-491-4181,,http://www.wikidata.org/entity/Q19811320,,,
4182,Tala taluka,491,27,27-491-4182,,http://www.wikidata.org/entity/Q24928055,,,
4183,Shrivardhan taluka,491,27,27-491-4183,,http://www.wikidata.org/entity/Q13121640,,,
4184,Mhasala taluka,491,27,27-491-4184,,http://www.wikidata.org/entity/Q24928049,,,
4185,Mahad taluka,491,27,27-491-4185,,http://www.wikidata.org/entity/Q19810956,,,
4186,Poladpur taluka,491,27,27-491-4186,,http://www.wikidata.org/entity/Q13118893,,,
4266,Mandangad taluka,492,27,27-492-4266,,http://www.wikidata.org/entity/Q24928186,,,
4267,Dapoli taluka,492,27,27-492-4267,,http://www.wikidata.org/entity/Q24928184,,,
4268,Khed taluka,492,27,27-492-4268,,http://www.wikidata.org/entity/Q123267950,,,
4269,Chiplun taluka,492,27,27-492-4269,,http://www.wikidata.org/entity/Q24188089,,,
4270,Guhagar taluka,492,27,27-492-4270,,http://www.wikidata.org/entity/Q24928177,,,
4271,Ratnagiri taluka,492,27,27-492-4271,,http://www.wikidata.org/entity/Q13120406,,,
4272,Sangameshwar taluka,492,27,27-492-4272,,http://www.wikidata.org/entity/Q20581138,,,
4273,Lanja taluka,492,27,27-492-4273,,http://www.wikidata.org/entity/Q24928169,,,
4274,Rajapur taluka,492,27,27-492-4274,,http://www.wikidata.org/entity/Q24928170,,,
4295,Shirala taluka,493,27,27-493-4295,,http://www.wikidata.org/entity/Q20579693,,,
4296,Walwa taluka,493,27,27-493-4296,,http://www.wikidata.org/entity/Q20578871,,,
4297,Palus taluka,493,27,27-493-4297,,http://www.wikidata.org/entity/Q13118603,,,
4298,Kadegaon taluka,493,27,27-493-4298,,http://www.wikidata.org/entity/Q13116234,,,
4299,Khanapur taluka,493,27,27-493-4299,,http://www.wikidata.org/entity/Q123267133,,,
4300,Atpadi Taluka,493,27,27-493-4300,,http://www.wikidata.org/entity/Q13115672,,,
4301,Tasgaon taluka,493,27,27-493-4301,,http://www.wikidata.org/entity/Q19807595,,,
4302,Miraj taluka,493,27,27-493-4302,,http://www.wikidata.org/entity/Q13119997,,,
4303,Kavathemahankal taluka,493,27,27-493-4303,,http://www.wikidata.org/entity/Q97250319,,,
4304,Jat taluka,493,27,27-493-4304,,http://www.wikidata.org/entity/Q19806969,,,
4255,Mahabaleshwar taluka,494,27,27-494-4255,,http://www.wikidata.org/entity/Q2768073,,,
4256,Wai taluka,494,27,27-494-4256,,http://www.wikidata.org/entity/Q2772584,,,
4257,Khandala Taluka,494,27,27-494-4257,,http://www.wikidata.org/entity/Q2729575,,,
4258,Phaltan taluka,494,27,27-494-4258,,http://www.wikidata.org/entity/Q2765106,,,
4259,Man taluka,494,27,27-494-4259,,http://www.wikidata.org/entity/Q2768383,,,
4260,Khatav taluka,494,27,27-494-4260,,http://www.wikidata.org/entity/Q2729760,,,
4261,Koregaon Taluka,494,27,27-494-4261,,http://www.wikidata.org/entity/Q2729340,,,
4262,Satara taluka,494,27,27-494-4262,,http://www.wikidata.org/entity/Q2775119,,,
4263,Jawali Taluka,494,27,27-494-4263,,http://www.wikidata.org/entity/Q2758156,,,
4264,Patan taluka,494,27,27-494-4264,,http://www.wikidata.org/entity/Q2763954,,,
4265,Karad taluka,494,27,27-494-4265,,http://www.wikidata.org/entity/Q2727208,,,
4275,Devgad taluka,495,27,27-495-4275,,http://www.wikidata.org/entity/Q5266934,,,
4276,Vaibhavvadi taluka,495,27,27-495-4276,,http://www.wikidata.org/entity/Q13121296,,,
4277,Kankavli taluka,495,27,27-495-4277,,http://www.wikidata.org/entity/Q13116239,,,
4278,Malvan taluka,495,27,27-495-4278,,http://www.wikidata.org/entity/Q19811504,,,
4279,Vengurla taluka,495,27,27-495-4279,,http://www.wikidata.org/entity/Q24928695,,,
4280,Kudal taluka,495,27,27-495-4280,,http://www.wikidata.org/entity/Q19805936,,,
4281,Sawantwadi taluka,495,27,27-495-4281,,http://www.wikidata.org/entity/Q20583427,,,
4282,Dodamarg taluka,495,27,27-495-4282,,http://www.wikidata.org/entity/Q19808078,,,
4244,Karmala Taluka,496,27,27-496-4244,,http://www.wikidata.org/entity/Q17064102,,,
4245,Madha Taluka,496,27,27-496-4245,,http://www.wikidata.org/entity/Q17070658,,,
4246,Barshi Taluka,496,27,27-496-4246,,http://www.wikidata.org/entity/Q4864990,,,
4247,North Solapur taluka,496,27,27-496-4247,,http://www.wikidata.org/entity/Q7056773,,,
4248,Mohol taluka,496,27,27-496-4248,,http://www.wikidata.org/entity/Q123267147,,,
4249,Pandharpur taluka,496,27,27-496-4249,,http://www.wikidata.org/entity/Q31738717,,,
4250,Malshiras taluka,496,27,27-496-4250,,http://www.wikidata.org/entity/Q123267195,,,
4251,Sangole taluka,496,27,27-496-4251,,http://www.wikidata.org/entity/Q123267246,,,
4252,Mangalvedhe taluka,496,27,27-496-4252,,http://www.wikidata.org/entity/Q123267101,,,
4253,Solapur South Taluka,496,27,27-496-4253,,http://www.wikidata.org/entity/Q7555805,,,
4254,Akkalkot Taluka,496,27,27-496-4254,,http://www.wikidata.org/entity/Q4701311,,,
4165,Thane taluka,497,27,27-497-4165,,http://www.wikidata.org/entity/Q24928111,,,
4166,Bhiwandi taluka,497,27,27-497-4166,,http://www.wikidata.org/entity/Q17375236,,,
4167,Shahapur taluka,497,27,27-497-4167,,http://www.wikidata.org/entity/Q12943857,,,
4168,Kalyan Taluka,497,27,27-497-4168,,http://www.wikidata.org/entity/Q6354875,,,
4169,Ulhasnagar taluka,497,27,27-497-4169,,http://www.wikidata.org/entity/Q13116030,,,
4170,Ambarnath taluka,497,27,27-497-4170,,http://www.wikidata.org/entity/Q19803832,,,
4171,Murbad taluka,497,27,27-497-4171,,http://www.wikidata.org/entity/Q12938862,,,
4015,Ashti taluka,498,27,27-498-4015,,http://www.wikidata.org/entity/Q123267245,,,
4016,Karanja taluka,498,27,27-498-4016,,http://www.wikidata.org/entity/Q2727914,,,
4017,Arvi taluka,498,27,27-498-4017,,http://www.wikidata.org/entity/Q123267230,,,
4018,Seloo taluka,498,27,27-498-4018,,http://www.wikidata.org/entity/Q2776112,,,
4019,Wardha taluka,498,27,27-498-4019,,http://www.wikidata.org/entity/Q2772215,,,
4020,Devali taluka,498,27,27-498-4020,,http://www.wikidata.org/entity/Q2761221,,,
4021,Hinganghat taluka,498,27,27-498-4021,,http://www.wikidata.org/entity/Q106998279,,,
4022,Samudrapur taluka,498,27,27-498-4022,,http://www.wikidata.org/entity/Q2774602,,,
3995,Malegaon taluka,499,27,27-499-3995,,http://www.wikidata.org/entity/Q19811515,,,
3996,Mangrulpir taluka,499,27,27-499-3996,,http://www.wikidata.org/entity/Q106998531,,,
3997,Karanja taluka,499,27,27-499-3997,,http://www.wikidata.org/entity/Q13116387,,,
3998,Manora taluka,499,27,27-499-3998,,http://www.wikidata.org/entity/Q123267164,,,
3999,Washim taluka,499,27,27-499-3999,,http://www.wikidata.org/entity/Q19815608,,,
4000,Risod taluka,499,27,27-499-4000,,http://www.wikidata.org/entity/Q106998598,,,
4079,Ner taluka,500,27,27-500-4079,,http://www.wikidata.org/entity/Q2763345,,,
4080,Babulgaon taluka,500,27,27-500-4080,,http://www.wikidata.org/entity/Q2765798,,,
4081,Kalamb taluka,500,27,27-500-4081,,http://www.wikidata.org/entity/Q2727403,,,
4082,Yavatmal taluka,500,27,27-500-4082,,http://www.wikidata.org/entity/Q2769748,,,
4083,Darwha taluka,500,27,27-500-4083,,http://www.wikidata.org/entity/Q2760721,,,
4084,Digras taluka,500,27,27-500-4084,,http://www.wikidata.org/entity/Q2760770,,,
4085,Pusad taluka,500,27,27-500-4085,,http://www.wikidata.org/entity/Q2764727,,,
4086,Umarkhed taluka,500,27,27-500-4086,,http://www.wikidata.org/entity/Q2725521,,,
4087,Mahagaon taluka,500,27,27-500-4087,,http://www.wikidata.org/entity/Q2768048,,,
4088,Arni taluka,500,27,27-500-4088,,http://www.wikidata.org/entity/Q2724037,,,
4089,Ghatanji taluka,500,27,27-500-4089,,http://www.wikidata.org/entity/Q2732968,,,
4090,Kelapur taluka,500,27,27-500-4090,,http://www.wikidata.org/entity/Q2728873,,,
4091,Ralegaon taluka,500,27,27-500-4091,,http://www.wikidata.org/entity/Q2770729,,,
4092,Maregaon taluka,500,27,27-500-4092,,http://www.wikidata.org/entity/Q2768552,,,
4093,Zari-Jamani taluka,500,27,27-500-4093,,http://www.wikidata.org/entity/Q2758754,,,
4094,Wani Taluka,500,27,27-500-4094,,http://www.wikidata.org/entity/Q13120918,,,
4157,Talasari taluka,665,27,27-665-4157,,http://www.wikidata.org/entity/Q12926774,,,
4158,Dahanu taluka,665,27,27-665-4158,,http://www.wikidata.org/entity/Q19807410,,,
4159,Vikramgadh taluka,665,27,27-665-4159,,http://www.wikidata.org/entity/Q12942791,,,
4160,Jawahar taluka,665,27,27-665-4160,,http://www.wikidata.org/entity/Q13117334,,,
4161,Mokhada taluka,665,27,27-665-4161,,http://www.wikidata.org/entity/Q12939286,,,
4162,Wada taluka,665,27,27-665-4162,,http://www.wikidata.org/entity/Q21065888,,,
4163,Palghar taluka,665,27,27-665-4163,,http://www.wikidata.org/entity/Q12931755,,,
4164,Vasai taluka,665,27,27-665-4164,,http://www.wikidata.org/entity/Q13120964,,,
4731,Kunavaram mandal,,28,28-4731,,http://www.wikidata.org/entity/Q59939845,,,incomplete parentage on Wikidata
4732,Chintur mandal,,28,28-4732,,http://www.wikidata.org/entity/Q59939846,,,incomplete parentage on Wikidata
4733,Vararamachandrapuram mandal,,28,28-4733,,http://www.wikidata.org/entity/Q59939847,,,incomplete parentage on Wikidata
4884,Maredumilli mandal,,28,28-4884,,http://www.wikidata.org/entity/Q59939828,,,incomplete parentage on Wikidata
4885,Devipatnam mandal,,28,28-4885,,http://www.wikidata.org/entity/Q59939817,,,incomplete parentage on Wikidata
4886,Y. Ramavaram mandal,,28,28-4886,,http://www.wikidata.org/entity/Q59939841,,,incomplete parentage on Wikidata
4887,Addateegala mandal,,28,28-4887,,http://www.wikidata.org/entity/Q59939784,,,incomplete parentage on Wikidata
4888,Rajavommangi mandal,,28,28-4888,,http://www.wikidata.org/entity/Q59939833,,,incomplete parentage on Wikidata
4894,Gangavaram mandal,,28,28-4894,,http://www.wikidata.org/entity/Q59939808,,,incomplete parentage on Wikidata
4895,Rampachodavaram mandal,,28,28-4895,,http://www.wikidata.org/entity/Q59939831,,,incomplete parentage on Wikidata
5097,Yerragondapalem mandal,,28,28-5097,,http://www.wikidata.org/entity/Q60165573,,,incomplete parentage on Wikidata
5098,Pullalacheruvu mandal,,28,28-5098,,http://www.wikidata.org/entity/Q60165554,,,incomplete parentage on Wikidata
5099,Tripuranthakam mandal,,28,28-5099,,http://www.wikidata.org/entity/Q60165543,,,incomplete parentage on Wikidata
5100,Dornala mandal,,28,28-5100,,http://www.wikidata.org/entity/Q60165548,,,incomplete parentage on Wikidata
5101,Peda Araveedu mandal,,28,28-5101,,http://www.wikidata.org/entity/Q60165557,,,incomplete parentage on Wikidata
5115,Markapur mandal,,28,28-5115,,http://www.wikidata.org/entity/Q2572847,,,incomplete parentage on Wikidata
5116,Ardhaveedu mandal,,28,28-5116,,http://www.wikidata.org/entity/Q60165511,,,incomplete parentage on Wikidata
5117,Cumbum mandal,,28,28-5117,,http://www.wikidata.org/entity/Q58776970,,,incomplete parentage on Wikidata
5118,Tarlupadu mandal,,28,28-5118,,http://www.wikidata.org/entity/Q60165540,,,incomplete parentage on Wikidata
5119,Konakanamitla mandal,,28,28-5119,,http://www.wikidata.org/entity/Q60165521,,,incomplete parentage on Wikidata
5120,Podili mandal,,28,28-5120,,http://www.wikidata.org/entity/Q11103722,,,incomplete parentage on Wikidata
5130,Hanumanthuni Padu mandal,,28,28-5130,,http://www.wikidata.org/entity/Q60165585,,,incomplete parentage on Wikidata
5131,Bestawaripeta mandal,,28,28-5131,,http://www.wikidata.org/entity/Q60165562,,,incomplete parentage on Wikidata
5132,Racherla mandal,,28,28-5132,,http://www.wikidata.org/entity/Q60165574,,,incomplete parentage on Wikidata
5133,Giddalur mandal,,28,28-5133,,http://www.wikidata.org/entity/Q26789456,,,incomplete parentage on Wikidata
5134,Komarolu mandal,,28,28-5134,,http://www.wikidata.org/entity/Q60165523,,,incomplete parentage on Wikidata
5135,Veligandla mandal,,28,28-5135,,http://www.wikidata.org/entity/Q60165578,,,incomplete parentage on Wikidata
5136,Kanigiri mandal,,28,28-5136,,http://www.wikidata.org/entity/Q3428178,,,incomplete parentage on Wikidata
5144,Pedacherlo Palle mandal,,28,28-5144,,http://www.wikidata.org/entity/Q60165555,,,incomplete parentage on Wikidata
5145,Chandra Sekhara Puram mandal,,28,28-5145,,http://www.wikidata.org/entity/Q60165530,,,incomplete parentage on Wikidata
5146,Pamur mandal,,28,28-5146,,http://www.wikidata.org/entity/Q58792207,,,incomplete parentage on Wikidata
6063,Yetapaka mandal,,28,28-6063,,http://www.wikidata.org/entity/Q16342372,,,incomplete parentage on Wikidata
5304,D.Hirehal mandal,502,28,28-502-5304,,http://www.wikidata.org/entity/Q60213292,,,
5305,Rayadurg mandal,502,28,28-502-5305,,http://www.wikidata.org/entity/Q2562532,,,
5306,Kanekal mandal,502,28,28-502-5306,,http://www.wikidata.org/entity/Q60213277,,,
5307,Bommanahal mandal,502,28,28-502-5307,,http://www.wikidata.org/entity/Q60213313,,,
5308,Vidapanakal mandal,502,28,28-502-5308,,http://www.wikidata.org/entity/Q60213326,,,
5309,Guntakal mandal,502,28,28-502-5309,,http://www.wikidata.org/entity/Q58820768,,,
5310,Gooty mandal,502,28,28-502-5310,,http://www.wikidata.org/entity/Q58820833,,,
5311,Peddavadugur mandal,502,28,28-502-5311,,http://www.wikidata.org/entity/Q60213307,,,
5312,Yadiki mandal,502,28,28-502-5312,,http://www.wikidata.org/entity/Q60213317,,,
5313,Tadpatri mandal,502,28,28-502-5313,,http://www.wikidata.org/entity/Q58820941,,,
5314,Peddapappur mandal,502,28,28-502-5314,,http://www.wikidata.org/entity/Q60213306,,,
5315,Pamidi mandal,502,28,28-502-5315,,http://www.wikidata.org/entity/Q60213303,,,
5316,Vajrakarur mandal,502,28,28-502-5316,,http://www.wikidata.org/entity/Q60213325,,,
5317,Uravakonda mandal,502,28,28-502-5317,,http://www.wikidata.org/entity/Q58821032,,,
5318,Beluguppa mandal,502,28,28-502-5318,,http://www.wikidata.org/entity/Q60213312,,,
5319,Gummagatta mandal,502,28,28-502-5319,,http://www.wikidata.org/entity/Q60213287,,,
5320,Brahmasamudram mandal,502,28,28-502-5320,,http://www.wikidata.org/entity/Q60213315,,,
5321,Kalyandurg mandal,502,28,28-502-5321,,http://www.wikidata.org/entity/Q58815023,,,
5322,Atmakur mandal,502,28,28-502-5322,,http://www.wikidata.org/entity/Q60213272,,,
5323,Kudair mandal,502,28,28-502-5323,,http://www.wikidata.org/entity/Q60213281,,,
5324,Garladinne mandal,502,28,28-502-5324,,http://www.wikidata.org/entity/Q60213284,,,
5325,Singanamala mandal,502,28,28-502-5325,,http://www.wikidata.org/entity/Q60213329,,,
5326,Putlur mandal,502,28,28-502-5326,,http://www.wikidata.org/entity/Q60213305,,,
5327,Yellanur mandal,502,28,28-502-5327,,http://www.wikidata.org/entity/Q60213274,,,
5328,Narpala mandal,502,28,28-502-5328,,http://www.wikidata.org/entity/Q60213300,,,
5329,Bukkaraya Samudram mandal,502,28,28-502-5329,,http://www.wikidata.org/entity/Q60213311,,,
5330,Anantapur mandal,502,28,28-502-5330,,http://www.wikidata.org/entity/Q11105843,,,"LGD code 5330 claimed by 2 Wikidata items: Anantapur Rural Mandal, Anantapur mandal"
5330,Anantapur Rural Mandal,502,28,28-502-5330,,http://www.wikidata.org/entity/Q131446740,,,"LGD code 5330 claimed by 2 Wikidata items: Anantapur Rural Mandal, Anantapur mandal"
5331,Raptadu mandal,502,28,28-502-5331,,http://www.wikidata.org/entity/Q60213318,,,
5332,Settur mandal,502,28,28-502-5332,,http://www.wikidata.org/entity/Q60213327,,,
5333,Kundurpi mandal,502,28,28-502-5333,,http://www.wikidata.org/entity/Q60213280,,,
5334,Kambadur mandal,502,28,28-502-5334,,http://www.wikidata.org/entity/Q60213278,,,
7426,Anantapur Urban Mandal,502,28,28-502-7426,,http://www.wikidata.org/entity/Q131395709,,,
5373,Rompicherla mandal,503,28,28-503-5373,,http://www.wikidata.org/entity/Q60366793,,,
5395,Pulicherla mandal,503,28,28-503-5395,,http://www.wikidata.org/entity/Q60366771,,,
5397,Vedurukuppam mandal,503,28,28-503-5397,,http://www.wikidata.org/entity/Q60366799,,,
5404,Nindra mandal,503,28,28-503-5404,,http://www.wikidata.org/entity/Q60366766,,,
5405,Vijayapuram mandal,503,28,28-503-5405,,http://www.wikidata.org/entity/Q60366797,,,
5406,Nagari mandal,503,28,28-503-5406,,http://www.wikidata.org/entity/Q58375519,,,
5408,Karvetinagar mandal,503,28,28-503-5408,,http://www.wikidata.org/entity/Q6373773,,,
5409,Penumuru mandal,503,28,28-503-5409,,http://www.wikidata.org/entity/Q60366779,,,
5410,Puthalapattu mandal,503,28,28-503-5410,,http://www.wikidata.org/entity/Q60366772,,,
5411,Irala mandal,503,28,28-503-5411,,http://www.wikidata.org/entity/Q60366747,,,
5416,Peddapanjani mandal,503,28,28-503-5416,,http://www.wikidata.org/entity/Q60366775,,,
5417,Gangavaram mandal,503,28,28-503-5417,,http://www.wikidata.org/entity/Q60366751,,,
5418,Thavanampalle mandal,503,28,28-503-5418,,http://www.wikidata.org/entity/Q60366761,,,
5419,Srirangarajapuram mandal,503,28,28-503-5419,,http://www.wikidata.org/entity/Q60366803,,,
5420,Gangadhara Nellore mandal,503,28,28-503-5420,,http://www.wikidata.org/entity/Q60366752,,,
5421,Chittoor mandal,503,28,28-503-5421,,http://www.wikidata.org/entity/Q11103437,,,"LGD code 5421 claimed by 2 Wikidata items: Chittoor Rural Mandal, Chittoor mandal"
5421,Chittoor Rural Mandal,503,28,28-503-5421,,http://www.wikidata.org/entity/Q131446675,,,"LGD code 5421 claimed by 2 Wikidata items: Chittoor Rural Mandal, Chittoor mandal"
5422,Palamaner mandal,503,28,28-503-5422,,http://www.wikidata.org/entity/Q58380205,,,
5423,Baireddipalle mandal,503,28,28-503-5423,,http://www.wikidata.org/entity/Q60366783,,,
5424,Venkatagirikota mandal,503,28,28-503-5424,,http://www.wikidata.org/entity/Q60366798,,,
5425,Santhipuram mandal,503,28,28-503-5425,,http://www.wikidata.org/entity/Q60366801,,,
5426,Gudupalle mandal,503,28,28-503-5426,,http://www.wikidata.org/entity/Q5614701,,,
5427,Kuppam mandal,503,28,28-503-5427,,http://www.wikidata.org/entity/Q58378201,,,
5428,Ramakuppam mandal,503,28,28-503-5428,,http://www.wikidata.org/entity/Q60366788,,,
5429,Bangarupalem mandal,503,28,28-503-5429,,http://www.wikidata.org/entity/Q60366780,,,
5430,Yadamarri mandal,503,28,28-503-5430,,http://www.wikidata.org/entity/Q60366786,,,
5431,Gudipala mandal,503,28,28-503-5431,,http://www.wikidata.org/entity/Q60366754,,,
5432,Palasamudram mandal,503,28,28-503-5432,,http://www.wikidata.org/entity/Q60366769,,,
7427,Chittoor Urban Mandal,503,28,28-503-7427,,http://www.wikidata.org/entity/Q131395708,,,
5199,Kondapuram mandal,504,28,28-504-5199,,http://www.wikidata.org/entity/Q60192845,,,
5200,Mylavaram mandal,504,28,28-504-5200,,http://www.wikidata.org/entity/Q60192868,,,
5201,Peddamudium mandal,504,28,28-504-5201,,http://www.wikidata.org/entity/Q60192861,,,
5202,Rajupalem mandal,504,28,28-504-5202,,http://www.wikidata.org/entity/Q60192869,,,
5203,Duvvur mandal,504,28,28-504-5203,,http://www.wikidata.org/entity/Q60192857,,,
5204,S.Mydukur mandal,504,28,28-504-5204,,http://www.wikidata.org/entity/Q60192865,,,
5205,Brahmamgarimattam mandal,504,28,28-504-5205,,http://www.wikidata.org/entity/Q3412904,,,
5206,Sri Avadhutha Kasinayana mandal,504,28,28-504-5206,,http://www.wikidata.org/entity/Q7585802,,,
5207,Kalasapadu mandal,504,28,28-504-5207,,http://www.wikidata.org/entity/Q60192844,,,
5208,Porumamilla mandal,504,28,28-504-5208,,http://www.wikidata.org/entity/Q60192863,,,
5209,B.Kodur mandal,504,28,28-504-5209,,http://www.wikidata.org/entity/Q60192864,,,
5210,Badvel mandal,504,28,28-504-5210,,http://www.wikidata.org/entity/Q58810585,,,
5211,Gopavaram mandal,504,28,28-504-5211,,http://www.wikidata.org/entity/Q60192848,,,
5212,Khajipet mandal,504,28,28-504-5212,,http://www.wikidata.org/entity/Q60192846,,,
5213,Chapad mandal,504,28,28-504-5213,,http://www.wikidata.org/entity/Q60192850,,,
5214,Proddatur mandal,504,28,28-504-5214,,http://www.wikidata.org/entity/Q58324393,,,
5215,Jammalamadugu mandal,504,28,28-504-5215,,http://www.wikidata.org/entity/Q25559651,,,
5216,Muddanur mandal,504,28,28-504-5216,,http://www.wikidata.org/entity/Q58675134,,,
5217,Simhadripuram mandal,504,28,28-504-5217,,http://www.wikidata.org/entity/Q60192879,,,
5218,Lingala mandal,504,28,28-504-5218,,http://www.wikidata.org/entity/Q60192872,,,
5219,Pulivendla mandal,504,28,28-504-5219,,http://www.wikidata.org/entity/Q26780891,,,
5220,Vemula mandal,504,28,28-504-5220,,http://www.wikidata.org/entity/Q60192876,,,
5221,Thondur mandal,504,28,28-504-5221,,http://www.wikidata.org/entity/Q60192856,,,
5222,Veerapunayunipalle mandal,504,28,28-504-5222,,http://www.wikidata.org/entity/Q7918199,,,
5223,Yerraguntla mandal,504,28,28-504-5223,,http://www.wikidata.org/entity/Q58676207,,,
5224,Kamalapuram mandal,504,28,28-504-5224,,http://www.wikidata.org/entity/Q60192843,,,
5225,Vallur mandal,504,28,28-504-5225,,http://www.wikidata.org/entity/Q60192873,,,
5226,Chennur mandal,504,28,28-504-5226,,http://www.wikidata.org/entity/Q60192854,,,
5227,Atlur mandal,504,28,28-504-5227,,http://www.wikidata.org/entity/Q60192840,,,
5228,Vontimitta mandal,504,28,28-504-5228,,http://www.wikidata.org/entity/Q60192841,,,
5229,Sidhout mandal,504,28,28-504-5229,,http://www.wikidata.org/entity/Q60192878,,,
5230,Kadapa mandal,504,28,28-504-5230,,http://www.wikidata.org/entity/Q24948731,,,
5231,Chinthakommadinne mandal,504,28,28-504-5231,,http://www.wikidata.org/entity/Q60192851,,,
5232,Pendlimarri mandal,504,28,28-504-5232,,http://www.wikidata.org/entity/Q60192860,,,
5233,Vempalle mandal,504,28,28-504-5233,,http://www.wikidata.org/entity/Q60192875,,,
5234,Chakrayapet mandal,504,28,28-504-5234,,http://www.wikidata.org/entity/Q60192849,,,
5238,T Sundupalle mandal,504,28,28-504-5238,,http://www.wikidata.org/entity/Q60192855,,,
5242,Veeraballe mandal,504,28,28-504-5242,,http://www.wikidata.org/entity/Q60192874,,,
5243,Nandalur mandal,504,28,28-504-5243,,http://www.wikidata.org/entity/Q60192858,,,
5246,Rajampet mandal,504,28,28-504-5246,,http://www.wikidata.org/entity/Q58670361,,,
4896,Seethanagaram mandal,505,28,28-505-4896,,http://www.wikidata.org/entity/Q59939843,,,
4897,Gokavaram mandal,505,28,28-505-4897,,http://www.wikidata.org/entity/Q59939813,,,
4905,Korukonda mandal,505,28,28-505-4905,,http://www.wikidata.org/entity/Q59939807,,,
4906,Rajamahendravaram Urban mandal,505,28,28-505-4906,,http://www.wikidata.org/entity/Q18393240,,,
4907,Rajahmundry Rural mandal,505,28,28-505-4907,,http://www.wikidata.org/entity/Q59939832,,,
4908,Rajanagaram mandal,505,28,28-505-4908,,http://www.wikidata.org/entity/Q59939835,,,
4909,Rangampeta mandal,505,28,28-505-4909,,http://www.wikidata.org/entity/Q59939830,,,
4916,Biccavolu mandal,505,28,28-505-4916,,http://www.wikidata.org/entity/Q59939823,,,
4917,Anaparthy mandal,505,28,28-505-4917,,http://www.wikidata.org/entity/Q59939785,,,
4918,Kadiam mandal,505,28,28-505-4918,,http://www.wikidata.org/entity/Q59939793,,,
4920,Mandapeta mandal,505,28,28-505-4920,,http://www.wikidata.org/entity/Q58661439,,,
4921,Rayavaram mandal,505,28,28-505-4921,,http://www.wikidata.org/entity/Q59939838,,,
4928,Kapileswarapuram mandal,505,28,28-505-4928,,http://www.wikidata.org/entity/Q59939794,,,
4950,Tallapudi mandal,505,28,28-505-4950,,http://www.wikidata.org/entity/Q60021448,,,
4951,Gopalapuram mandal,505,28,28-505-4951,,http://www.wikidata.org/entity/Q60021442,,,
4956,Nallajerla mandal,505,28,28-505-4956,,http://www.wikidata.org/entity/Q24947329,,,
4957,Devarapalle mandal,505,28,28-505-4957,,http://www.wikidata.org/entity/Q48728284,,,
4958,Kovvur mandal,505,28,28-505-4958,,http://www.wikidata.org/entity/Q58871737,,,
4959,Chagallu mandal,505,28,28-505-4959,,http://www.wikidata.org/entity/Q60021443,,,
4960,Nidadavole mandal,505,28,28-505-4960,,http://www.wikidata.org/entity/Q58872144,,,
4970,Undrajavaram mandal,505,28,28-505-4970,,http://www.wikidata.org/entity/Q60021436,,,
4971,Peravali mandal,505,28,28-505-4971,,http://www.wikidata.org/entity/Q60021459,,,
5053,Thullur mandal,506,28,28-506-5053,,http://www.wikidata.org/entity/Q19898644,,,
5054,Tadepalle mandal,506,28,28-506-5054,,http://www.wikidata.org/entity/Q18387531,,,
5055,Mangalagiri mandal,506,28,28-506-5055,,http://www.wikidata.org/entity/Q17071737,,,
5056,Tadikonda mandal,506,28,28-506-5056,,http://www.wikidata.org/entity/Q24948204,,,
5072,Phirangipuram mandal,506,28,28-506-5072,,http://www.wikidata.org/entity/Q59205264,,,
5073,Medikonduru mandal,506,28,28-506-5073,,http://www.wikidata.org/entity/Q24943651,,,
5074,Guntur West mandal,506,28,28-506-5074,,http://www.wikidata.org/entity/Q65065426,,,
5075,Pedakakani mandal,506,28,28-506-5075,,http://www.wikidata.org/entity/Q19895189,,,
5076,Duggirala mandal,506,28,28-506-5076,,http://www.wikidata.org/entity/Q17560860,,,
5077,Kollipara mandal,506,28,28-506-5077,,http://www.wikidata.org/entity/Q18353111,,,
5078,Tenali mandal,506,28,28-506-5078,,http://www.wikidata.org/entity/Q18388560,,,
5079,Chebrolu mandal,506,28,28-506-5079,,http://www.wikidata.org/entity/Q24906562,,,
5080,Vatticherukuru mandal,506,28,28-506-5080,,http://www.wikidata.org/entity/Q59206657,,,
5081,Prathipadu mandal,506,28,28-506-5081,,http://www.wikidata.org/entity/Q30642580,,,
5082,Pedanandipadu mandal,506,28,28-506-5082,,http://www.wikidata.org/entity/Q30642116,,,
5083,Kakumanu mandal,506,28,28-506-5083,,http://www.wikidata.org/entity/Q59207037,,,
5084,Ponnur mandal,506,28,28-506-5084,,http://www.wikidata.org/entity/Q24906544,,,
6833,Guntur East mandal,506,28,28-506-6833,,http://www.wikidata.org/entity/Q65065425,,,
5004,Bapulapadu mandal,510,28,28-510-5004,,http://www.wikidata.org/entity/Q47470444,,,
5012,Gannavaram mandal,510,28,28-510-5012,,http://www.wikidata.org/entity/Q18125009,,,
5013,Unguturu mandal,510,28,28-510-5013,,http://www.wikidata.org/entity/Q48728338,,,
5014,Nandivada mandal,510,28,28-510-5014,,http://www.wikidata.org/entity/Q48728353,,,
5018,Kruthivennu mandal,510,28,28-510-5018,,http://www.wikidata.org/entity/Q48728305,,,
5019,Bantumilli mandal,510,28,28-510-5019,,http://www.wikidata.org/entity/Q48728312,,,
5021,Gudivada mandal,510,28,28-510-5021,,http://www.wikidata.org/entity/Q24908112,,,
5022,Pedaparupudi mandal,510,28,28-510-5022,,http://www.wikidata.org/entity/Q48728356,,,
5023,Kankipadu mandal,510,28,28-510-5023,,http://www.wikidata.org/entity/Q48734304,,,
5024,Penamaluru mandal,510,28,28-510-5024,,http://www.wikidata.org/entity/Q18387433,,,
5025,Thotlavalluru mandal,510,28,28-510-5025,,http://www.wikidata.org/entity/Q7796915,,,
5026,Pamidimukkala mandal,510,28,28-510-5026,,http://www.wikidata.org/entity/Q48728376,,,
5027,Vuyyuru mandal,510,28,28-510-5027,,http://www.wikidata.org/entity/Q24906032,,,
5028,Pamarru mandal,510,28,28-510-5028,,http://www.wikidata.org/entity/Q24948819,,,
5029,Gudlavalleru mandal,510,28,28-510-5029,,http://www.wikidata.org/entity/Q48728342,,,
5030,Pedana mandal,510,28,28-510-5030,,http://www.wikidata.org/entity/Q24945603,,,
5031,Guduru mandal,510,28,28-510-5031,,http://www.wikidata.org/entity/Q48728330,,,
5032,Movva mandal,510,28,28-510-5032,,http://www.wikidata.org/entity/Q48723947,,,
5033,Ghantasala mandal,510,28,28-510-5033,,http://www.wikidata.org/entity/Q48728327,,,
5034,Machilipatnam South Mandal,510,28,28-510-5034,,http://www.wikidata.org/entity/Q131549108,,,
5035,Challapalle mandal,510,28,28-510-5035,,http://www.wikidata.org/entity/Q48728323,,,
5036,Mopidevi mandal,510,28,28-510-5036,,http://www.wikidata.org/entity/Q24946031,,,
5037,Avanigadda mandal,510,28,28-510-5037,,http://www.wikidata.org/entity/Q24946037,,,
5038,Nagayalanka mandal,510,28,28-510-5038,,http://www.wikidata.org/entity/Q18379029,,,
5039,Koduru mandal,510,28,28-510-5039,,http://www.wikidata.org/entity/Q48728334,,,
7429,Machilipatnam North Mandal,510,28,28-510-7429,,http://www.wikidata.org/entity/Q131395712,,,
5250,Mantralayam mandal,511,28,28-511-5250,,http://www.wikidata.org/entity/Q60208812,,,
5251,Kosigi mandal,511,28,28-511-5251,,http://www.wikidata.org/entity/Q60208766,,,
5252,Kowthalam mandal,511,28,28-511-5252,,http://www.wikidata.org/entity/Q60208768,,,
5253,Pedda Kadubur mandal,511,28,28-511-5253,,http://www.wikidata.org/entity/Q60208807,,,
5254,Yemmiganur mandal,511,28,28-511-5254,,http://www.wikidata.org/entity/Q58672020,,,
5255,Nandavaram mandal,511,28,28-511-5255,,http://www.wikidata.org/entity/Q60208794,,,
5256,C.Belagal mandal,511,28,28-511-5256,,http://www.wikidata.org/entity/Q60208784,,,
5257,Gudur mandal,511,28,28-511-5257,,http://www.wikidata.org/entity/Q60208774,,,
5258,Kallur mandal,511,28,28-511-5258,,http://www.wikidata.org/entity/Q12993052,,,
5259,Kurnool Rural mandal,511,28,28-511-5259,,http://www.wikidata.org/entity/Q124655432,,,
5268,Orvakal mandal,511,28,28-511-5268,,http://www.wikidata.org/entity/Q60208751,,,
5269,Kodumur mandal,511,28,28-511-5269,,http://www.wikidata.org/entity/Q60208762,,,
5270,Gonegandla mandal,511,28,28-511-5270,,http://www.wikidata.org/entity/Q60208776,,,
5271,Adoni mandal,511,28,28-511-5271,,http://www.wikidata.org/entity/Q58810717,,,
5272,Holagunda mandal,511,28,28-511-5272,,http://www.wikidata.org/entity/Q60208829,,,
5273,Halaharvi mandal,511,28,28-511-5273,,http://www.wikidata.org/entity/Q60208828,,,
5274,Alur mandal,511,28,28-511-5274,,http://www.wikidata.org/entity/Q60208744,,,
5275,Aspari mandal,511,28,28-511-5275,,http://www.wikidata.org/entity/Q60208746,,,
5276,Devanakonda mandal,511,28,28-511-5276,,http://www.wikidata.org/entity/Q60208790,,,
5277,Krishnagiri mandal,511,28,28-511-5277,,http://www.wikidata.org/entity/Q60208770,,,
5278,Veldurthi mandal,511,28,28-511-5278,,http://www.wikidata.org/entity/Q60208824,,,
5290,Pattikonda mandal,511,28,28-511-5290,,http://www.wikidata.org/entity/Q60208800,,,
5291,Chippagiri mandal,511,28,28-511-5291,,http://www.wikidata.org/entity/Q60208782,,,
5292,Maddikera (East) mandal,511,28,28-511-5292,,http://www.wikidata.org/entity/Q60208814,,,
5293,Tuggali mandal,511,28,28-511-5293,,http://www.wikidata.org/entity/Q60208787,,,
7183,Kurnool Urban mandal,511,28,28-511-7183,,http://www.wikidata.org/entity/Q123254326,,,
5153,Sitarampuramu mandal,515,28,28-515-5153,,http://www.wikidata.org/entity/Q60175493,,,
5154,Udayagiri mandal,515,28,28-515-5154,,http://www.wikidata.org/entity/Q60175462,,,
5155,Varikuntapadu mandal,515,28,28-515-5155,,http://www.wikidata.org/entity/Q60175487,,,
5156,Kondapuram mandal,515,28,28-515-5156,,http://www.wikidata.org/entity/Q65319082,,,
5157,Jaladanki mandal,515,28,28-515-5157,,http://www.wikidata.org/entity/Q60175473,,,
5158,Kavali mandal,515,28,28-515-5158,,http://www.wikidata.org/entity/Q58809027,,,
5159,Bogolu mandal,515,28,28-515-5159,,http://www.wikidata.org/entity/Q60175482,,,
5160,Kaligiri mandal,515,28,28-515-5160,,http://www.wikidata.org/entity/Q60175464,,,
5161,Vinjamuru mandal,515,28,28-515-5161,,http://www.wikidata.org/entity/Q60175489,,,
5162,Duttaluru mandal,515,28,28-515-5162,,http://www.wikidata.org/entity/Q60175476,,,
5163,Marripadu mandal,515,28,28-515-5163,,http://www.wikidata.org/entity/Q60175484,,,
5164,Atmakuru mandal,515,28,28-515-5164,,http://www.wikidata.org/entity/Q60175461,,,
5165,Anumasamudrampeta mandal,515,28,28-515-5165,,http://www.wikidata.org/entity/Q60175459,,,
5166,Dagadarthi mandal,515,28,28-515-5166,,http://www.wikidata.org/entity/Q60175475,,,
5167,Allur mandal,515,28,28-515-5167,,http://www.wikidata.org/entity/Q28419183,,,
5168,Vidavaluru mandal,515,28,28-515-5168,,http://www.wikidata.org/entity/Q60175490,,,
5169,Kodavaluru mandal,515,28,28-515-5169,,http://www.wikidata.org/entity/Q60175466,,,
5170,Buchireddypalem mandal,515,28,28-515-5170,,http://www.wikidata.org/entity/Q4982715,,,
5171,Sangam mandal,515,28,28-515-5171,,http://www.wikidata.org/entity/Q60175492,,,
5172,Chejerla mandal,515,28,28-515-5172,,http://www.wikidata.org/entity/Q60175472,,,
5173,Ananthasagaram mandal,515,28,28-515-5173,,http://www.wikidata.org/entity/Q60175458,,,
5174,Kaluvoya mandal,515,28,28-515-5174,,http://www.wikidata.org/entity/Q60175465,,,
5175,Rapuru mandal,515,28,28-515-5175,,http://www.wikidata.org/entity/Q60175486,,,
5176,Podalakuru mandal,515,28,28-515-5176,,http://www.wikidata.org/entity/Q60175480,,,
5177,Nellore Rural mandal,515,28,28-515-5177,,http://www.wikidata.org/entity/Q124655364,,,
5178,Kovuru mandal,515,28,28-515-5178,,http://www.wikidata.org/entity/Q60175469,,,
5179,Indukurpet mandal,515,28,28-515-5179,,http://www.wikidata.org/entity/Q6027338,,,
5180,Thotapalligudur mandal,515,28,28-515-5180,,http://www.wikidata.org/entity/Q7796903,,,
5181,Muttukuru mandal,515,28,28-515-5181,,http://www.wikidata.org/entity/Q60175485,,,
5182,Venkatachalam mandal,515,28,28-515-5182,,http://www.wikidata.org/entity/Q60175491,,,
5183,Manubolu mandal,515,28,28-515-5183,,http://www.wikidata.org/entity/Q60175483,,,
5184,Gudur mandal,515,28,28-515-5184,,http://www.wikidata.org/entity/Q18357449,,,
5185,Saidapuramu mandal,515,28,28-515-5185,,http://www.wikidata.org/entity/Q60175494,,,
5190,Chilakuru mandal,515,28,28-515-5190,,http://www.wikidata.org/entity/Q60175471,,,
5191,Kota mandal,515,28,28-515-5191,,http://www.wikidata.org/entity/Q60175468,,,
7182,Nellore Urban mandal,515,28,28-515-7182,,http://www.wikidata.org/entity/Q123254328,,,
5102,Donakonda mandal,517,28,28-517-5102,,http://www.wikidata.org/entity/Q60165547,,,
5103,Kurichedu mandal,517,28,28-517-5103,,http://www.wikidata.org/entity/Q60165517,,,
5104,Santhamaguluru mandal,517,28,28-517-5104,,http://www.wikidata.org/entity/Q60165583,,,
5105,Ballikurava mandal,517,28,28-517-5105,,http://www.wikidata.org/entity/Q60165561,,,
5111,Janakavarampanguluru mandal,517,28,28-517-5111,,http://www.wikidata.org/entity/Q60165536,,,
5112,Addanki mandal,517,28,28-517-5112,,http://www.wikidata.org/entity/Q3429091,,,
5113,Mundlamuru mandal,517,28,28-517-5113,,http://www.wikidata.org/entity/Q60165569,,,
5114,Darsi mandal,517,28,28-517-5114,,http://www.wikidata.org/entity/Q60165545,,,
5121,Thallur mandal,517,28,28-517-5121,,http://www.wikidata.org/entity/Q60165541,,,
5122,Korisapadu mandal,517,28,28-517-5122,,http://www.wikidata.org/entity/Q60165526,,,
5126,Naguluppala Padu mandal,517,28,28-517-5126,,http://www.wikidata.org/entity/Q60165550,,,
5127,Maddipadu mandal,517,28,28-517-5127,,http://www.wikidata.org/entity/Q60165564,,,
5128,Chimakurthi mandal,517,28,28-517-5128,,http://www.wikidata.org/entity/Q60165533,,,
5129,Marripudi mandal,517,28,28-517-5129,,http://www.wikidata.org/entity/Q60165566,,,
5137,Kondapi mandal,517,28,28-517-5137,,http://www.wikidata.org/entity/Q60165519,,,
5138,Santhanuthala Padu mandal,517,28,28-517-5138,,http://www.wikidata.org/entity/Q60165581,,,
5139,Ongole mandal,517,28,28-517-5139,,http://www.wikidata.org/entity/Q11104042,,,"LGD code 5139 claimed by 2 Wikidata items: Ongole Rural Mandal, Ongole mandal"
5139,Ongole Rural Mandal,517,28,28-517-5139,,http://www.wikidata.org/entity/Q131446614,,,"LGD code 5139 claimed by 2 Wikidata items: Ongole Rural Mandal, Ongole mandal"
5140,Kotha Patnam mandal,517,28,28-517-5140,,http://www.wikidata.org/entity/Q60165520,,,
5141,Tangutur mandal,517,28,28-517-5141,,http://www.wikidata.org/entity/Q60165538,,,
5142,Zarugumilli mandal,517,28,28-517-5142,,http://www.wikidata.org/entity/Q60165535,,,
5143,Ponnaluru mandal,517,28,28-517-5143,,http://www.wikidata.org/entity/Q60165559,,,
5147,Voletivaripalem mandal,517,28,28-517-5147,,http://www.wikidata.org/entity/Q60165579,,,
5148,Kandukur mandal,517,28,28-517-5148,,http://www.wikidata.org/entity/Q58792723,,,
5149,Singarayakonda mandal,517,28,28-517-5149,,http://www.wikidata.org/entity/Q58793254,,,
5150,Lingasamudram mandal,517,28,28-517-5150,,http://www.wikidata.org/entity/Q60165576,,,
5151,Gudluru mandal,517,28,28-517-5151,,http://www.wikidata.org/entity/Q60165529,,,
5152,Ulavapadu mandal,517,28,28-517-5152,,http://www.wikidata.org/entity/Q60165514,,,
7430,Ongole Urban mandal,517,28,28-517-7430,,http://www.wikidata.org/entity/Q131395711,,,
4772,Kothuru mandal,519,28,28-519-4772,,http://www.wikidata.org/entity/Q10972584,,,
4773,Pathapatnam mandal,519,28,28-519-4773,,http://www.wikidata.org/entity/Q59834166,,,
4774,Meliaputti mandal,519,28,28-519-4774,,http://www.wikidata.org/entity/Q59834177,,,
4775,Palasa Mandal,519,28,28-519-4775,,http://www.wikidata.org/entity/Q13001772,,,
4776,Mandasa mandal,519,28,28-519-4776,,http://www.wikidata.org/entity/Q3428070,,,
4777,Kanchili mandal,519,28,28-519-4777,,http://www.wikidata.org/entity/Q59834150,,,
4778,Ichchapuram mandal,519,28,28-519-4778,,http://www.wikidata.org/entity/Q11110009,,,
4779,Kaviti mandal,519,28,28-519-4779,,http://www.wikidata.org/entity/Q59834152,,,
4780,Sompeta mandal,519,28,28-519-4780,,http://www.wikidata.org/entity/Q2229065,,,
4781,Vajrapukothuru mandal,519,28,28-519-4781,,http://www.wikidata.org/entity/Q59834186,,,
4782,Nandigam mandal,519,28,28-519-4782,,http://www.wikidata.org/entity/Q59834162,,,
4783,Hiramandalam mandal,519,28,28-519-4783,,http://www.wikidata.org/entity/Q3422508,,,
4787,Lakshminarsupeta mandal,519,28,28-519-4787,,http://www.wikidata.org/entity/Q3416746,,,
4788,Saravakota mandal,519,28,28-519-4788,,http://www.wikidata.org/entity/Q59834195,,,
4789,Tekkali mandal,519,28,28-519-4789,,http://www.wikidata.org/entity/Q3422502,,,
4790,Santhabommali mandal,519,28,28-519-4790,,http://www.wikidata.org/entity/Q59834191,,,
4791,Kotabommali mandal,519,28,28-519-4791,,http://www.wikidata.org/entity/Q59834155,,,
4792,Jalumuru mandal,519,28,28-519-4792,,http://www.wikidata.org/entity/Q59834160,,,
4793,Sarubujjili mandal,519,28,28-519-4793,,http://www.wikidata.org/entity/Q59834194,,,
4794,Burja mandal,519,28,28-519-4794,,http://www.wikidata.org/entity/Q59834172,,,
4797,Ganguvarisigadam mandal,519,28,28-519-4797,,http://www.wikidata.org/entity/Q59834157,,,
4798,Amadalavalasa mandal,519,28,28-519-4798,,http://www.wikidata.org/entity/Q58339380,,,
4799,Narasannapeta mandal,519,28,28-519-4799,,http://www.wikidata.org/entity/Q58339190,,,
4800,Polaki mandal,519,28,28-519-4800,,http://www.wikidata.org/entity/Q59834170,,,
4801,Gara mandal,519,28,28-519-4801,,http://www.wikidata.org/entity/Q59834158,,,
4802,Srikakulam mandal,519,28,28-519-4802,,http://www.wikidata.org/entity/Q24946368,,,
4803,Ponduru mandal,519,28,28-519-4803,,http://www.wikidata.org/entity/Q58339468,,,
4804,Laveru mandal,519,28,28-519-4804,,http://www.wikidata.org/entity/Q3424166,,,
4805,Ranastalam mandal,519,28,28-519-4805,,http://www.wikidata.org/entity/Q59834179,,,
4806,Etcherla mandal,519,28,28-519-4806,,http://www.wikidata.org/entity/Q10948850,,,
4862,Pendurthi mandal,520,28,28-520-4862,,http://www.wikidata.org/entity/Q3418825,,,
4863,Anandapuram mandal,520,28,28-520-4863,,http://www.wikidata.org/entity/Q28419218,,,
4864,Padmanabham mandal,520,28,28-520-4864,,http://www.wikidata.org/entity/Q59902682,,,
4865,Bheemunipatnam mandal,520,28,28-520-4865,,http://www.wikidata.org/entity/Q18110554,,,
4866,Visakhapatnam (rural) mandal,520,28,28-520-4866,,http://www.wikidata.org/entity/Q7935579,,,
4868,Pedagantyada mandal,520,28,28-520-4868,,http://www.wikidata.org/entity/Q7158957,,,
4869,Gajuwaka mandal,520,28,28-520-4869,,http://www.wikidata.org/entity/Q25560756,,,
6836,Seethammadhara mandal,520,28,28-520-6836,,http://www.wikidata.org/entity/Q60751193,,,
6837,Maharanipeta mandal,520,28,28-520-6837,,http://www.wikidata.org/entity/Q60751197,,,
6838,Gopalapatnam mandal,520,28,28-520-6838,,http://www.wikidata.org/entity/Q60751200,,,
6839,Mulagada mandal,520,28,28-520-6839,,http://www.wikidata.org/entity/Q60751203,,,
4785,Vangara mandal,521,28,28-521-4785,,http://www.wikidata.org/entity/Q59834185,,,
4786,Regidi Amadalavalasa mandal,521,28,28-521-4786,,http://www.wikidata.org/entity/Q10968392,,,
4795,Santhakaviti mandal,521,28,28-521-4795,,http://www.wikidata.org/entity/Q59834189,,,
4796,Rajam mandal,521,28,28-521-4796,,http://www.wikidata.org/entity/Q2734072,,,
4816,Bobbili mandal,521,28,28-521-4816,,http://www.wikidata.org/entity/Q17049897,,,
4819,Ramabhadrapuram mandal,521,28,28-521-4819,,http://www.wikidata.org/entity/Q59850839,,,
4820,Badangi mandal,521,28,28-521-4820,,http://www.wikidata.org/entity/Q59850832,,,
4821,Therlam mandal,521,28,28-521-4821,,http://www.wikidata.org/entity/Q59850827,,,
4822,Merakamudidam mandal,521,28,28-521-4822,,http://www.wikidata.org/entity/Q59850838,,,
4823,Dattirajeru mandal,521,28,28-521-4823,,http://www.wikidata.org/entity/Q59850828,,,
4824,Mentada mandal,521,28,28-521-4824,,http://www.wikidata.org/entity/Q24945928,,,
4825,Gajapathinagaram mandal,521,28,28-521-4825,,http://www.wikidata.org/entity/Q58343713,,,
4826,Garividi mandal,521,28,28-521-4826,,http://www.wikidata.org/entity/Q3430322,,,
4827,Cheepurupalle mandal,521,28,28-521-4827,,http://www.wikidata.org/entity/Q58343942,,,
4828,Gurla mandal,521,28,28-521-4828,,http://www.wikidata.org/entity/Q59850824,,,
4829,Bondapalle mandal,521,28,28-521-4829,,http://www.wikidata.org/entity/Q59850833,,,
4830,Gantyada mandal,521,28,28-521-4830,,http://www.wikidata.org/entity/Q59850818,,,
4831,Srungavarapukota mandal,521,28,28-521-4831,,http://www.wikidata.org/entity/Q59850842,,,
4832,Vepada mandal,521,28,28-521-4832,,http://www.wikidata.org/entity/Q59850844,,,
4833,Lakkavarapukota mandal,521,28,28-521-4833,,http://www.wikidata.org/entity/Q59850841,,,
4834,Kothavalasa mandal,521,28,28-521-4834,,http://www.wikidata.org/entity/Q58344274,,,
4835,Jami mandal,521,28,28-521-4835,,http://www.wikidata.org/entity/Q11009950,,,
4836,Vizianagaram mandal,521,28,28-521-4836,,http://www.wikidata.org/entity/Q11016344,,,"LGD code 4836 claimed by 2 Wikidata items: Vizianagaram Rural Mandal, Vizianagaram mandal"
4836,Vizianagaram Rural Mandal,521,28,28-521-4836,,http://www.wikidata.org/entity/Q131446733,,,"LGD code 4836 claimed by 2 Wikidata items: Vizianagaram Rural Mandal, Vizianagaram mandal"
4837,Nellimarla mandal,521,28,28-521-4837,,http://www.wikidata.org/entity/Q58324159,,,
4838,Pusapatirega mandal,521,28,28-521-4838,,http://www.wikidata.org/entity/Q59850831,,,
4839,Denkada mandal,521,28,28-521-4839,,http://www.wikidata.org/entity/Q59850826,,,
4840,Bhogapuram mandal,521,28,28-521-4840,,http://www.wikidata.org/entity/Q59850834,,,
7431,Vizianagaram Urban Mandal,521,28,28-521-7431,,http://www.wikidata.org/entity/Q131395713,,,
4961,Tadepalligudem mandal,523,28,28-523-4961,,http://www.wikidata.org/entity/Q24944101,,,
4969,Pentapadu mandal,523,28,28-523-4969,,http://www.wikidata.org/entity/Q60021454,,,
4972,Tanuku mandal,523,28,28-523-4972,,http://www.wikidata.org/entity/Q24944670,,,
4973,Attili mandal,523,28,28-523-4973,,http://www.wikidata.org/entity/Q42957616,,,
4974,Ganapavaram mandal,523,28,28-523-4974,,http://www.wikidata.org/entity/Q60021440,,,
4975,Akividu mandal,523,28,28-523-4975,,http://www.wikidata.org/entity/Q42957396,,,
4976,Undi mandal,523,28,28-523-4976,,http://www.wikidata.org/entity/Q60021435,,,
4977,Palacoderu mandal,523,28,28-523-4977,,http://www.wikidata.org/entity/Q48728044,,,
4978,Penumantra mandal,523,28,28-523-4978,,http://www.wikidata.org/entity/Q60021458,,,
4979,Iragavaram mandal,523,28,28-523-4979,,http://www.wikidata.org/entity/Q60021433,,,
4980,Penugonda mandal,523,28,28-523-4980,,http://www.wikidata.org/entity/Q48728240,,,
4981,Achanta mandal,523,28,28-523-4981,,http://www.wikidata.org/entity/Q60021432,,,
4982,Poduru mandal,523,28,28-523-4982,,http://www.wikidata.org/entity/Q60021460,,,
4983,Veeravasaram mandal,523,28,28-523-4983,,http://www.wikidata.org/entity/Q60021467,,,
4984,Bhimavaram mandal,523,28,28-523-4984,,http://www.wikidata.org/entity/Q17049761,,,
4985,Kalla mandal,523,28,28-523-4985,,http://www.wikidata.org/entity/Q60021438,,,
4986,Mogalthur mandal,523,28,28-523-4986,,http://www.wikidata.org/entity/Q48728261,,,
4987,T.Narasapuram mandal,523,28,28-523-4987,,http://www.wikidata.org/entity/Q24944662,,,
4988,Palakollu Mandal,523,28,28-523-4988,,http://www.wikidata.org/entity/Q48728100,,,
4989,Yelamanchili mandal,523,28,28-523-4989,,http://www.wikidata.org/entity/Q48839481,,,
4769,Veeraghattam mandal,743,28,28-743-4769,,http://www.wikidata.org/entity/Q59834188,,,
4770,Seethampeta mandal,743,28,28-743-4770,,http://www.wikidata.org/entity/Q59834196,,,
4771,Bhamini mandal,743,28,28-743-4771,,http://www.wikidata.org/entity/Q59834173,,,
4784,Palakonda mandal,743,28,28-743-4784,,http://www.wikidata.org/entity/Q22829020,,,
4807,Komarada mandal,743,28,28-743-4807,,http://www.wikidata.org/entity/Q59850817,,,
4808,Gummalakshmipuram mandal,743,28,28-743-4808,,http://www.wikidata.org/entity/Q59850823,,,
4809,Kurupam mandal,743,28,28-743-4809,,http://www.wikidata.org/entity/Q59850816,,,
4810,Jiyyammavalasa mandal,743,28,28-743-4810,,http://www.wikidata.org/entity/Q59850825,,,
4811,Garugubilli mandal,743,28,28-743-4811,,http://www.wikidata.org/entity/Q59850822,,,
4812,Parvathipuram mandal,743,28,28-743-4812,,http://www.wikidata.org/entity/Q58340909,,,
4813,Makkuva mandal,743,28,28-743-4813,,http://www.wikidata.org/entity/Q24945906,,,
4814,Seethanagaram mandal,743,28,28-743-4814,,http://www.wikidata.org/entity/Q7445958,,,
4815,Balijipeta mandal,743,28,28-743-4815,,http://www.wikidata.org/entity/Q4850894,,,
4817,Salur mandal,743,28,28-743-4817,,http://www.wikidata.org/entity/Q24945792,,,
4818,Pachipenta mandal,743,28,28-743-4818,,http://www.wikidata.org/entity/Q59850830,,,
4852,Nathavaram mandal,744,28,28-744-4852,,http://www.wikidata.org/entity/Q59902678,,,
4853,Golugonda mandal,744,28,28-744-4853,,http://www.wikidata.org/entity/Q59902662,,,
4854,Narsipatnam mandal,744,28,28-744-4854,,http://www.wikidata.org/entity/Q58345510,,,
4855,Rolugunta mandal,744,28,28-744-4855,,http://www.wikidata.org/entity/Q59902710,,,
4856,Ravikamatham mandal,744,28,28-744-4856,,http://www.wikidata.org/entity/Q59902708,,,
4857,Madugula mandal,744,28,28-744-4857,,http://www.wikidata.org/entity/Q59902701,,,
4858,Cheedikada mandal,744,28,28-744-4858,,http://www.wikidata.org/entity/Q59902665,,,
4859,Devarapalle mandal,744,28,28-744-4859,,http://www.wikidata.org/entity/Q59902676,,,
4860,K.Kotapadu mandal,744,28,28-744-4860,,http://www.wikidata.org/entity/Q11055938,,,
4861,Sabbavaram mandal,744,28,28-744-4861,,http://www.wikidata.org/entity/Q59902713,,,
4870,Paravada mandal,744,28,28-744-4870,,http://www.wikidata.org/entity/Q3416839,,,
4871,Anakapalle mandal,744,28,28-744-4871,,http://www.wikidata.org/entity/Q28419217,,,
4872,Chodavaram mandal,744,28,28-744-4872,,http://www.wikidata.org/entity/Q58348189,,,
4873,Butchayyapeta mandal,744,28,28-744-4873,,http://www.wikidata.org/entity/Q59902697,,,
4874,Kotauratla mandal,744,28,28-744-4874,,http://www.wikidata.org/entity/Q59902651,,,
4875,Makavarapalem mandal,744,28,28-744-4875,,http://www.wikidata.org/entity/Q59902699,,,
4876,Kasimkota mandal,744,28,28-744-4876,,http://www.wikidata.org/entity/Q59902644,,,
4877,Munagapaka mandal,744,28,28-744-4877,,http://www.wikidata.org/entity/Q59902704,,,
4878,Atchutapuram mandal,744,28,28-744-4878,,http://www.wikidata.org/entity/Q4673951,,,
4879,Yelamanchili mandal,744,28,28-744-4879,,http://www.wikidata.org/entity/Q58347683,,,
4880,Nakkapalle mandal,744,28,28-744-4880,,http://www.wikidata.org/entity/Q58348449,,,
4881,Payakaraopeta Mandal,744,28,28-744-4881,,http://www.wikidata.org/entity/Q65062520,,,
4882,S.Rayavaram mandal,744,28,28-744-4882,,http://www.wikidata.org/entity/Q59902712,,,
4883,Rambilli mandal,744,28,28-744-4883,,http://www.wikidata.org/entity/Q59902706,,,
4841,Munchingi Puttu mandal,745,28,28-745-4841,,http://www.wikidata.org/entity/Q59902702,,,
4842,Peda Bayalu mandal,745,28,28-745-4842,,http://www.wikidata.org/entity/Q59902695,,,
4843,Dumbriguda mandal,745,28,28-745-4843,,http://www.wikidata.org/entity/Q59902673,,,
4844,Araku Valley mandal,745,28,28-745-4844,,http://www.wikidata.org/entity/Q11052898,,,
4845,Ananthagiri mandal,745,28,28-745-4845,,http://www.wikidata.org/entity/Q59902639,,,
4846,Hukumpeta mandal,745,28,28-745-4846,,http://www.wikidata.org/entity/Q59902715,,,
4847,Paderu mandal,745,28,28-745-4847,,http://www.wikidata.org/entity/Q3418837,,,
4848,G. Madugula mandal,745,28,28-745-4848,,http://www.wikidata.org/entity/Q59902653,,,
4849,Chintapalle mandal,745,28,28-745-4849,,http://www.wikidata.org/entity/Q58344715,,,
4850,Gudem Kotha Veedhi mandal,745,28,28-745-4850,,http://www.wikidata.org/entity/Q59902659,,,
4851,Koyyuru mandal,745,28,28-745-4851,,http://www.wikidata.org/entity/Q59902647,,,
4889,Kotananduru mandal,746,28,28-746-4889,,http://www.wikidata.org/entity/Q59939806,,,
4890,Tuni mandal,746,28,28-746-4890,,http://www.wikidata.org/entity/Q58347272,,,
4891,Rowthulapudi mandal,746,28,28-746-4891,,http://www.wikidata.org/entity/Q59939840,,,
4892,Sankhavaram mandal,746,28,28-746-4892,,http://www.wikidata.org/entity/Q56823653,,,
4893,Yeleswaram mandal,746,28,28-746-4893,,http://www.wikidata.org/entity/Q59939791,,,
4898,Jaggampeta mandal,746,28,28-746-4898,,http://www.wikidata.org/entity/Q59939814,,,
4899,Kirlampudi mandal,746,28,28-746-4899,,http://www.wikidata.org/entity/Q59939801,,,
4900,Prathipadu mandal,746,28,28-746-4900,,http://www.wikidata.org/entity/Q59939822,,,
4901,Thondangi mandal,746,28,28-746-4901,,http://www.wikidata.org/entity/Q59939816,,,
4902,Gollaprolu mandal,746,28,28-746-4902,,http://www.wikidata.org/entity/Q59939811,,,
4903,Peddapuram mandal,746,28,28-746-4903,,http://www.wikidata.org/entity/Q2734067,,,
4904,Gandepalli mandal,746,28,28-746-4904,,http://www.wikidata.org/entity/Q59939810,,,
4910,Samalkota mandal,746,28,28-746-4910,,http://www.wikidata.org/entity/Q58659057,,,
4911,Pithapuram mandal,746,28,28-746-4911,,http://www.wikidata.org/entity/Q58660214,,,
4912,Kothapalle mandal,746,28,28-746-4912,,http://www.wikidata.org/entity/Q59939802,,,
4913,Kakinada (Rural) mandal,746,28,28-746-4913,,http://www.wikidata.org/entity/Q59939797,,,
4914,Kakinada (Urban) mandal,746,28,28-746-4914,,http://www.wikidata.org/entity/Q18126475,,,
4915,Pedapudi mandal,746,28,28-746-4915,,http://www.wikidata.org/entity/Q59939820,,,
4922,Karapa mandal,746,28,28-746-4922,,http://www.wikidata.org/entity/Q59939796,,,
4923,Kajuluru mandal,746,28,28-746-4923,,http://www.wikidata.org/entity/Q59939798,,,
4930,Thallarevu mandal,746,28,28-746-4930,,http://www.wikidata.org/entity/Q59939815,,,
4919,Atreyapuram mandal,747,28,28-747-4919,,http://www.wikidata.org/entity/Q59939788,,,
4924,Ramachandrapuram mandal,747,28,28-747-4924,,http://www.wikidata.org/entity/Q58660863,,,
4925,Alamuru mandal,747,28,28-747-4925,,http://www.wikidata.org/entity/Q59939789,,,
4926,Ravulapalem mandal,747,28,28-747-4926,,http://www.wikidata.org/entity/Q59939839,,,
4927,Kothapeta mandal,747,28,28-747-4927,,http://www.wikidata.org/entity/Q59939805,,,
4929,K.Gangavaram mandal,747,28,28-747-4929,,http://www.wikidata.org/entity/Q59939818,,,
4931,I. Polavaram mandal,747,28,28-747-4931,,http://www.wikidata.org/entity/Q59939792,,,
4932,Mummidivaram mandal,747,28,28-747-4932,,http://www.wikidata.org/entity/Q59939829,,,
4933,Ainavilli mandal,747,28,28-747-4933,,http://www.wikidata.org/entity/Q59939786,,,
4934,P.Gannavaram mandal,747,28,28-747-4934,,http://www.wikidata.org/entity/Q11104056,,,
4935,Ambajipeta mandal,747,28,28-747-4935,,http://www.wikidata.org/entity/Q3418945,,,
4936,Mamidikuduru mandal,747,28,28-747-4936,,http://www.wikidata.org/entity/Q97278672,,,
4937,Razole mandal,747,28,28-747-4937,,http://www.wikidata.org/entity/Q59939836,,,
4938,Malikipuram mandal,747,28,28-747-4938,,http://www.wikidata.org/entity/Q59939824,,,
4939,Sakhinetipalle mandal,747,28,28-747-4939,,http://www.wikidata.org/entity/Q59939842,,,
4940,Allavaram mandal,747,28,28-747-4940,,http://www.wikidata.org/entity/Q59939787,,,
4941,Amalapuram mandal,747,28,28-747-4941,,http://www.wikidata.org/entity/Q58662370,,,
4942,Uppalaguptam mandal,747,28,28-747-4942,,http://www.wikidata.org/entity/Q59939790,,,
4943,Katrenikona mandal,747,28,28-747-4943,,http://www.wikidata.org/entity/Q59939799,,,
4734,Velairpadu mandal,748,28,28-748-4734,,http://www.wikidata.org/entity/Q60614658,,,
4735,Kukkunoor mandal,748,28,28-748-4735,,http://www.wikidata.org/entity/Q60021468,,,
4944,Chintalapudi mandal,748,28,28-748-4944,,http://www.wikidata.org/entity/Q60021444,,,
4945,Lingapalem mandal,748,28,28-748-4945,,http://www.wikidata.org/entity/Q60021466,,,
4946,T. Narasapuram mandal,748,28,28-748-4946,,http://www.wikidata.org/entity/Q60021447,,,
4947,Jeelugu Milli mandal,748,28,28-748-4947,,http://www.wikidata.org/entity/Q48728268,,,
4948,Buttayagudem mandal,748,28,28-748-4948,,http://www.wikidata.org/entity/Q60021462,,,
4949,Polavaram mandal,748,28,28-748-4949,,http://www.wikidata.org/entity/Q60021461,,,
4952,Koyyalagudem mandal,748,28,28-748-4952,,http://www.wikidata.org/entity/Q60021439,,,
4953,Jangareddigudem mandal,748,28,28-748-4953,,http://www.wikidata.org/entity/Q60021445,,,
4954,Kamavarapukota mandal,748,28,28-748-4954,,http://www.wikidata.org/entity/Q60021437,,,
4955,Dwarakatirumala mandal,748,28,28-748-4955,,http://www.wikidata.org/entity/Q58871251,,,
4962,Unguturu mandal,748,28,28-748-4962,,http://www.wikidata.org/entity/Q60021434,,,
4963,Bhimadole mandal,748,28,28-748-4963,,http://www.wikidata.org/entity/Q24943690,,,
4964,Pedavegi mandal,748,28,28-748-4964,,http://www.wikidata.org/entity/Q60021456,,,
4965,Pedapadu mandal,748,28,28-748-4965,,http://www.wikidata.org/entity/Q60021455,,,
4966,Eluru Rural Mandal,748,28,28-748-4966,,http://www.wikidata.org/entity/Q131446759,,,
4967,Denduluru mandal,748,28,28-748-4967,,http://www.wikidata.org/entity/Q60021449,,,
4968,Nidamarru mandal,748,28,28-748-4968,,http://www.wikidata.org/entity/Q43149272,,,
5001,Chatrai mandal,748,28,28-748-5001,,http://www.wikidata.org/entity/Q48728373,,,
5002,Musunuru mandal,748,28,28-748-5002,,http://www.wikidata.org/entity/Q48728374,,,
5003,Nuzvid mandal,748,28,28-748-5003,,http://www.wikidata.org/entity/Q18128880,,,
5005,Agiripalle mandal,748,28,28-748-5005,,http://www.wikidata.org/entity/Q48989797,,,
5015,Mandavalli mandal,748,28,28-748-5015,,http://www.wikidata.org/entity/Q48728344,,,
5016,Kaikalur mandal,748,28,28-748-5016,,http://www.wikidata.org/entity/Q48728320,,,
5017,Kalidindi mandal,748,28,28-748-5017,,http://www.wikidata.org/entity/Q48728308,,,
5020,Mudinepalle mandal,748,28,28-748-5020,,http://www.wikidata.org/entity/Q48728348,,,
7428,Eluru Urban Mandal,748,28,28-748-7428,,http://www.wikidata.org/entity/Q131395710,,,
4990,Vatsavai mandal,749,28,28-749-4990,,http://www.wikidata.org/entity/Q48728367,,,
4991,Jaggayyapeta mandal,749,28,28-749-4991,,http://www.wikidata.org/entity/Q2010431,,,
4992,Penuganchiprolu mandal,749,28,28-749-4992,,http://www.wikidata.org/entity/Q48728365,,,
4993,Nandigama mandal,749,28,28-749-4993,,http://www.wikidata.org/entity/Q24946064,,,
4994,Veerullapadu mandal,749,28,28-749-4994,,http://www.wikidata.org/entity/Q47470394,,,
4995,Mylavaram mandal,749,28,28-749-4995,,http://www.wikidata.org/entity/Q48728364,,,
4996,Gampalagudem mandal,749,28,28-749-4996,,http://www.wikidata.org/entity/Q24908284,,,
4997,Tiruvuru mandal,749,28,28-749-4997,,http://www.wikidata.org/entity/Q48988742,,,
4998,A.Konduru mandal,749,28,28-749-4998,,http://www.wikidata.org/entity/Q48728372,,,
4999,Reddigudem mandal,749,28,28-749-4999,,http://www.wikidata.org/entity/Q48728378,,,
5000,Vissannapet mandal,749,28,28-749-5000,,http://www.wikidata.org/entity/Q48728380,,,
5006,G.Konduru mandal,749,28,28-749-5006,,http://www.wikidata.org/entity/Q48728359,,,
5007,Kanchikacherla mandal,749,28,28-749-5007,,http://www.wikidata.org/entity/Q24946228,,,
5008,Chandarlapadu Mandal,749,28,28-749-5008,,http://www.wikidata.org/entity/Q16257659,,,
5009,Ibrahimpatnam mandal,749,28,28-749-5009,,http://www.wikidata.org/entity/Q18125838,,,
5010,Vijayawada Central mandal,749,28,28-749-5010,,http://www.wikidata.org/entity/Q124655420,,,
5011,Vijayawada Rural mandal,749,28,28-749-5011,,http://www.wikidata.org/entity/Q7929301,,,
6863,Vijayawada East mandal,749,28,28-749-6863,,http://www.wikidata.org/entity/Q123254333,,,
6864,Vijayawada North mandal,749,28,28-749-6864,,http://www.wikidata.org/entity/Q123254329,,,
6865,Vijayawada West mandal,749,28,28-749-6865,,http://www.wikidata.org/entity/Q123254331,,,
5085,Tsundur mandal,750,28,28-750-5085,,http://www.wikidata.org/entity/Q24946732,,,
5086,Amruthalur mandal,750,28,28-750-5086,,http://www.wikidata.org/entity/Q59207133,,,
5087,Vemuru mandal,750,28,28-750-5087,,http://www.wikidata.org/entity/Q19899141,,,
5088,Kollur mandal,750,28,28-750-5088,,http://www.wikidata.org/entity/Q18126901,,,
5089,Bhattiprolu mandal,750,28,28-750-5089,,http://www.wikidata.org/entity/Q59207485,,,
5090,Cherukupalle mandal,750,28,28-750-5090,,http://www.wikidata.org/entity/Q5092613,,,
5091,Pittalavanipalem mandal,750,28,28-750-5091,,http://www.wikidata.org/entity/Q59207959,,,
5092,Karlapalem mandal,750,28,28-750-5092,,http://www.wikidata.org/entity/Q59207993,,,
5093,Bapatla mandal,750,28,28-750-5093,,http://www.wikidata.org/entity/Q18110227,,,
5094,Nizampatnam mandal,750,28,28-750-5094,,http://www.wikidata.org/entity/Q18128770,,,
5095,Nagaram mandal,750,28,28-750-5095,,http://www.wikidata.org/entity/Q59208056,,,
5096,Repalle mandal,750,28,28-750-5096,,http://www.wikidata.org/entity/Q18394048,,,
5106,Martur mandal,750,28,28-750-5106,,http://www.wikidata.org/entity/Q60165567,,,
5107,Yeddana Pudi mandal,750,28,28-750-5107,,http://www.wikidata.org/entity/Q60165571,,,
5108,Parchur mandal,750,28,28-750-5108,,http://www.wikidata.org/entity/Q60165552,,,
5109,Karamchedu mandal,750,28,28-750-5109,,http://www.wikidata.org/entity/Q60165516,,,
5110,Inkollu mandal,750,28,28-750-5110,,http://www.wikidata.org/entity/Q60165513,,,
5123,Chirala mandal,750,28,28-750-5123,,http://www.wikidata.org/entity/Q18111218,,,
5124,Vetapalem mandal,750,28,28-750-5124,,http://www.wikidata.org/entity/Q58778686,,,
5125,Chinaganjam mandal,750,28,28-750-5125,,http://www.wikidata.org/entity/Q60165532,,,
5040,Macharla mandal,751,28,28-751-5040,,http://www.wikidata.org/entity/Q24949698,,,
5041,Veldurti mandal,751,28,28-751-5041,,http://www.wikidata.org/entity/Q59203345,,,
5042,Durgi mandal,751,28,28-751-5042,,http://www.wikidata.org/entity/Q59203467,,,
5043,Rentachintala mandal,751,28,28-751-5043,,http://www.wikidata.org/entity/Q59203556,,,
5044,Gurazala mandal,751,28,28-751-5044,,http://www.wikidata.org/entity/Q59203596,,,
5045,Dachepalle mandal,751,28,28-751-5045,,http://www.wikidata.org/entity/Q59203626,,,
5046,Karempudi mandal,751,28,28-751-5046,,http://www.wikidata.org/entity/Q59203678,,,
5047,Piduguralla mandal,751,28,28-751-5047,,http://www.wikidata.org/entity/Q58760904,,,
5048,Machavaram mandal,751,28,28-751-5048,,http://www.wikidata.org/entity/Q59203706,,,
5049,Bellamkonda mandal,751,28,28-751-5049,,http://www.wikidata.org/entity/Q59203739,,,
5050,Atchampet mandal,751,28,28-751-5050,,http://www.wikidata.org/entity/Q24943595,,,
5051,Krosuru mandal,751,28,28-751-5051,,http://www.wikidata.org/entity/Q59203764,,,
5052,Amaravathi mandal,751,28,28-751-5052,,http://www.wikidata.org/entity/Q18109580,,,
5057,Pedakurapadu mandal,751,28,28-751-5057,,http://www.wikidata.org/entity/Q59204224,,,
5058,Sattenapalle mandal,751,28,28-751-5058,,http://www.wikidata.org/entity/Q24945301,,,
5059,Rajupalem mandal,751,28,28-751-5059,,http://www.wikidata.org/entity/Q59204258,,,
5060,Nekarikallu mandal,751,28,28-751-5060,,http://www.wikidata.org/entity/Q59204286,,,
5061,Bollapalle mandal,751,28,28-751-5061,,http://www.wikidata.org/entity/Q59204335,,,
5062,Vinukonda mandal,751,28,28-751-5062,,http://www.wikidata.org/entity/Q58762244,,,
5063,Nuzendla mandal,751,28,28-751-5063,,http://www.wikidata.org/entity/Q59204566,,,
5064,Savalyapuram mandal,751,28,28-751-5064,,http://www.wikidata.org/entity/Q60053792,,,
5065,Ipur mandal,751,28,28-751-5065,,http://www.wikidata.org/entity/Q59204791,,,
5066,Rompicherla mandal,751,28,28-751-5066,,http://www.wikidata.org/entity/Q59204811,,,
5067,Narasaraopet mandal,751,28,28-751-5067,,http://www.wikidata.org/entity/Q18379217,,,
5068,Muppalla mandal,751,28,28-751-5068,,http://www.wikidata.org/entity/Q59204841,,,
5069,Nadendla mandal,751,28,28-751-5069,,http://www.wikidata.org/entity/Q59204875,,,
5070,Chilakaluripet mandal,751,28,28-751-5070,,http://www.wikidata.org/entity/Q24939684,,,
5071,Edlapadu mandal,751,28,28-751-5071,,http://www.wikidata.org/entity/Q59204962,,,
5186,Dakkili mandal,752,28,28-752-5186,,http://www.wikidata.org/entity/Q60175474,,,
5187,Venkatagiri mandal,752,28,28-752-5187,,http://www.wikidata.org/entity/Q58810359,,,
5188,Balayapalli mandal,752,28,28-752-5188,,http://www.wikidata.org/entity/Q60175481,,,
5189,Ojili mandal,752,28,28-752-5189,,http://www.wikidata.org/entity/Q60175463,,,
5192,Vakadu mandal,752,28,28-752-5192,,http://www.wikidata.org/entity/Q60175488,,,
5193,Chittamuru mandal,752,28,28-752-5193,,http://www.wikidata.org/entity/Q60175470,,,
5194,Naidupeta mandal,752,28,28-752-5194,,http://www.wikidata.org/entity/Q18128436,,,
5195,Pellakuru mandal,752,28,28-752-5195,,http://www.wikidata.org/entity/Q60175479,,,
5196,Doravarisatramu mandal,752,28,28-752-5196,,http://www.wikidata.org/entity/Q60175477,,,
5197,Sullurpeta mandal,752,28,28-752-5197,,http://www.wikidata.org/entity/Q58810506,,,
5198,Tada mandal,752,28,28-752-5198,,http://www.wikidata.org/entity/Q18387521,,,
5244,Penagalur mandal,752,28,28-752-5244,,http://www.wikidata.org/entity/Q60192862,,,
5245,Chitvel mandal,752,28,28-752-5245,,http://www.wikidata.org/entity/Q60192852,,,
5247,Pullampeta mandal,752,28,28-752-5247,,http://www.wikidata.org/entity/Q60192859,,,
5248,Obulavaripalle mandal,752,28,28-752-5248,,http://www.wikidata.org/entity/Q60192842,,,
5249,Koduru mandal,752,28,28-752-5249,,http://www.wikidata.org/entity/Q13008464,,,
5374,Yerravaripalem mandal,752,28,28-752-5374,,http://www.wikidata.org/entity/Q60366787,,,
5375,Tirupati Rural mandal,752,28,28-752-5375,,http://www.wikidata.org/entity/Q7809384,,,
5376,Renigunta mandal,752,28,28-752-5376,,http://www.wikidata.org/entity/Q58378308,,,
5377,Yerpedu mandal,752,28,28-752-5377,,http://www.wikidata.org/entity/Q60366746,,,
5378,Srikalahasti mandal,752,28,28-752-5378,,http://www.wikidata.org/entity/Q16338919,,,
5379,Thottambedu mandal,752,28,28-752-5379,,http://www.wikidata.org/entity/Q60366762,,,
5380,Buchinaidu Kandriga mandal,752,28,28-752-5380,,http://www.wikidata.org/entity/Q60366782,,,
5381,Varadaiahpalem mandal,752,28,28-752-5381,,http://www.wikidata.org/entity/Q60366795,,,
5382,K.V.B.Puram mandal,752,28,28-752-5382,,http://www.wikidata.org/entity/Q60366750,,,
5383,Tirupati Urban mandal,752,28,28-752-5383,,http://www.wikidata.org/entity/Q7809385,,,
5384,Chandragiri mandal,752,28,28-752-5384,,http://www.wikidata.org/entity/Q60366756,,,
5385,Chinnagottigallu mandal,752,28,28-752-5385,,http://www.wikidata.org/entity/Q60366758,,,
5396,Pakala mandal,752,28,28-752-5396,,http://www.wikidata.org/entity/Q31501797,,,
5398,Ramachandrapuram mandal,752,28,28-752-5398,,http://www.wikidata.org/entity/Q60366790,,,
5399,Vadamalapeta mandal,752,28,28-752-5399,,http://www.wikidata.org/entity/Q60366794,,,
5400,Narayanavanam mandal,752,28,28-752-5400,,http://www.wikidata.org/entity/Q58375417,,,
5401,Pichatur mandal,752,28,28-752-5401,,http://www.wikidata.org/entity/Q60366770,,,
5402,Satyavedu mandal,752,28,28-752-5402,,http://www.wikidata.org/entity/Q60366805,,,
5403,Nagalapuram mandal,752,28,28-752-5403,,http://www.wikidata.org/entity/Q60366765,,,
5407,Puttur mandal,752,28,28-752-5407,,http://www.wikidata.org/entity/Q58375623,,,
5235,Galiveedu mandal,753,28,28-753-5235,,http://www.wikidata.org/entity/Q60192847,,,
5236,Chinnamandem mandal,753,28,28-753-5236,,http://www.wikidata.org/entity/Q60192853,,,
5237,Sambepalle mandal,753,28,28-753-5237,,http://www.wikidata.org/entity/Q60192877,,,
5239,Rayachoti mandal,753,28,28-753-5239,,http://www.wikidata.org/entity/Q58666439,,,
5240,Lakkireddipalle mandal,753,28,28-753-5240,,http://www.wikidata.org/entity/Q60192871,,,
5241,Ramapuram mandal,753,28,28-753-5241,,http://www.wikidata.org/entity/Q60192870,,,
5367,Mulakalacheruvu mandal,753,28,28-753-5367,,http://www.wikidata.org/entity/Q60366785,,,
5368,Thamballapalle mandal,753,28,28-753-5368,,http://www.wikidata.org/entity/Q60366760,,,
5369,Peddamandyam mandal,753,28,28-753-5369,,http://www.wikidata.org/entity/Q60366776,,,
5370,Gurramkonda mandal,753,28,28-753-5370,,http://www.wikidata.org/entity/Q60366755,,,
5371,Kalakada mandal,753,28,28-753-5371,,http://www.wikidata.org/entity/Q6350231,,,
5372,Kambhamvaripalle mandal,753,28,28-753-5372,,http://www.wikidata.org/entity/Q6356321,,,
5386,Pileru mandal,753,28,28-753-5386,,http://www.wikidata.org/entity/Q58375338,,,
5387,Kalikiri mandal,753,28,28-753-5387,,http://www.wikidata.org/entity/Q60366748,,,
5388,Valmikipuram mandal,753,28,28-753-5388,,http://www.wikidata.org/entity/Q60366796,,,
5389,Kurabalakota mandal,753,28,28-753-5389,,http://www.wikidata.org/entity/Q6445504,,,
5390,Pedda Thippasamudram mandal,753,28,28-753-5390,,http://www.wikidata.org/entity/Q60366774,,,
5391,B.Kothakota mandal,753,28,28-753-5391,,http://www.wikidata.org/entity/Q60366781,,,
5392,Madanapalle mandal,753,28,28-753-5392,,http://www.wikidata.org/entity/Q16342958,,,
5393,Nimmanapalle mandal,753,28,28-753-5393,,http://www.wikidata.org/entity/Q60366768,,,
5394,Sodam mandal,753,28,28-753-5394,,http://www.wikidata.org/entity/Q60366806,,,
5412,Somala mandal,753,28,28-753-5412,,http://www.wikidata.org/entity/Q60366807,,,
5413,Chowdepalle mandal,753,28,28-753-5413,,http://www.wikidata.org/entity/Q5105538,,,
5414,Ramasamudram mandal,753,28,28-753-5414,,http://www.wikidata.org/entity/Q60366792,,,
5415,Punganur mandal,753,28,28-753-5415,,http://www.wikidata.org/entity/Q58378088,,,
5335,Kanaganapalle mandal,754,28,28-754-5335,,http://www.wikidata.org/entity/Q60213276,,,
5336,Dharmavaram mandal,754,28,28-754-5336,,http://www.wikidata.org/entity/Q58814901,,,
5337,Bathalapalle mandal,754,28,28-754-5337,,http://www.wikidata.org/entity/Q60213309,,,
5338,Tadimarri mandal,754,28,28-754-5338,,http://www.wikidata.org/entity/Q60213295,,,
5339,Mudigubba mandal,754,28,28-754-5339,,http://www.wikidata.org/entity/Q3428211,,,
5340,Talupula mandal,754,28,28-754-5340,,http://www.wikidata.org/entity/Q60213294,,,
5341,Nambulipulikunta mandal,754,28,28-754-5341,,http://www.wikidata.org/entity/Q60213296,,,
5342,Gandlapenta mandal,754,28,28-754-5342,,http://www.wikidata.org/entity/Q60213283,,,
5343,Kadiri mandal,754,28,28-754-5343,,http://www.wikidata.org/entity/Q58813154,,,
5344,Nallamada mandal,754,28,28-754-5344,,http://www.wikidata.org/entity/Q60213299,,,
5345,Bukkapatnam mandal,754,28,28-754-5345,,http://www.wikidata.org/entity/Q60213310,,,
5346,Kothacheruvu mandal,754,28,28-754-5346,,http://www.wikidata.org/entity/Q60213282,,,
5347,Chennekothapalle mandal,754,28,28-754-5347,,http://www.wikidata.org/entity/Q60213290,,,
5348,Ramagiri mandal,754,28,28-754-5348,,http://www.wikidata.org/entity/Q60213319,,,
5349,Roddam mandal,754,28,28-754-5349,,http://www.wikidata.org/entity/Q60213320,,,
5350,Madakasira mandal,754,28,28-754-5350,,http://www.wikidata.org/entity/Q60213316,,,
5351,Amarapuram mandal,754,28,28-754-5351,,http://www.wikidata.org/entity/Q60213271,,,
5352,Gudibanda mandal,754,28,28-754-5352,,http://www.wikidata.org/entity/Q60213285,,,
5353,Rolla mandal,754,28,28-754-5353,,http://www.wikidata.org/entity/Q60213323,,,
5354,Agali mandal,754,28,28-754-5354,,http://www.wikidata.org/entity/Q60213270,,,
5355,Parigi mandal,754,28,28-754-5355,,http://www.wikidata.org/entity/Q60213301,,,
5356,Penukonda mandal,754,28,28-754-5356,,http://www.wikidata.org/entity/Q60213308,,,
5357,Puttaparthi mandal,754,28,28-754-5357,,http://www.wikidata.org/entity/Q60213304,,,
5358,Obuladevaracheruvu mandal,754,28,28-754-5358,,http://www.wikidata.org/entity/Q60213275,,,
5359,Nallacheruvu mandal,754,28,28-754-5359,,http://www.wikidata.org/entity/Q60213298,,,
5360,Tanakal mandal,754,28,28-754-5360,,http://www.wikidata.org/entity/Q60213293,,,
5361,Amadagur mandal,754,28,28-754-5361,,http://www.wikidata.org/entity/Q60213273,,,
5362,Gorantla mandal,754,28,28-754-5362,,http://www.wikidata.org/entity/Q60213288,,,
5363,Somandepalle mandal,754,28,28-754-5363,,http://www.wikidata.org/entity/Q58813027,,,
5364,Hindupur mandal,754,28,28-754-5364,,http://www.wikidata.org/entity/Q24948760,,,
5365,Lepakshi mandal,754,28,28-754-5365,,http://www.wikidata.org/entity/Q60213324,,,
5366,Chilamathur mandal,754,28,28-754-5366,,http://www.wikidata.org/entity/Q60213289,,,
5260,Nandikotkur mandal,755,28,28-755-5260,,http://www.wikidata.org/entity/Q60208797,,,
5261,Pagidyala mandal,755,28,28-755-5261,,http://www.wikidata.org/entity/Q60208798,,,
5262,Jupadu Bungalow mandal,755,28,28-755-5262,,http://www.wikidata.org/entity/Q60208786,,,
5263,Kothapalle mandal,755,28,28-755-5263,,http://www.wikidata.org/entity/Q60208757,,,
5265,Atmakur mandal,755,28,28-755-5265,,http://www.wikidata.org/entity/Q60208742,,,
5266,Pamulapadu mandal,755,28,28-755-5266,,http://www.wikidata.org/entity/Q60208805,,,
5267,Midthur mandal,755,28,28-755-5267,,http://www.wikidata.org/entity/Q60208818,,,
5279,Bethamcherla mandal,755,28,28-755-5279,,http://www.wikidata.org/entity/Q58810741,,,
5280,Panyam mandal,755,28,28-755-5280,,http://www.wikidata.org/entity/Q60208803,,,
5281,Gadivemula mandal,755,28,28-755-5281,,http://www.wikidata.org/entity/Q60208772,,,
5282,Velgode mandal,755,28,28-755-5282,,http://www.wikidata.org/entity/Q60208823,,,
5283,Bandi Atmakur mandal,755,28,28-755-5283,,http://www.wikidata.org/entity/Q60208810,,,
5284,Nandyal mandal,755,28,28-755-5284,,http://www.wikidata.org/entity/Q58810955,,,"LGD code 5284 claimed by 2 Wikidata items: Nandyal Rural Mandal, Nandyal mandal"
5284,Nandyal Rural Mandal,755,28,28-755-5284,,http://www.wikidata.org/entity/Q131446626,,,"LGD code 5284 claimed by 2 Wikidata items: Nandyal Rural Mandal, Nandyal mandal"
5285,Mahanandi mandal,755,28,28-755-5285,,http://www.wikidata.org/entity/Q60208816,,,
5286,Sirivella mandal,755,28,28-755-5286,,http://www.wikidata.org/entity/Q7530700,,,
5287,Gospadu mandal,755,28,28-755-5287,,http://www.wikidata.org/entity/Q60208779,,,
5288,Banaganapalle mandal,755,28,28-755-5288,,http://www.wikidata.org/entity/Q58811005,,,
5289,Dhone mandal,755,28,28-755-5289,,http://www.wikidata.org/entity/Q11033202,,,
5294,Peapally mandal,755,28,28-755-5294,,http://www.wikidata.org/entity/Q60208809,,,
5295,Owk mandal,755,28,28-755-5295,,http://www.wikidata.org/entity/Q60208753,,,
5296,Koilkuntla mandal,755,28,28-755-5296,,http://www.wikidata.org/entity/Q60208763,,,
5297,Rudravaram mandal,755,28,28-755-5297,,http://www.wikidata.org/entity/Q60208820,,,
5298,Allagadda mandal,755,28,28-755-5298,,http://www.wikidata.org/entity/Q60208748,,,
5299,Dornipadu mandal,755,28,28-755-5299,,http://www.wikidata.org/entity/Q60208792,,,
5300,Sanjamala mandal,755,28,28-755-5300,,http://www.wikidata.org/entity/Q60208826,,,
5301,Kolimigundla mandal,755,28,28-755-5301,,http://www.wikidata.org/entity/Q60208760,,,
5302,Uyyalawada mandal,755,28,28-755-5302,,http://www.wikidata.org/entity/Q60208749,,,
5303,Chagalamarri mandal,755,28,28-755-5303,,http://www.wikidata.org/entity/Q60208781,,,
6538,Srisailam mandal,755,28,28-755-6538,,http://www.wikidata.org/entity/Q13010739,,,
7425,Nandyal Urban Mandal,755,28,28-755-7425,,http://www.wikidata.org/entity/Q131395714,,,
5443,Jamkhandi,524,29,29-524-5443,,http://www.wikidata.org/entity/Q13159331,,,
5444,Bilgi,524,29,29-524-5444,,http://www.wikidata.org/entity/Q12935100,,,
5445,Mudhol,524,29,29-524-5445,,http://www.wikidata.org/entity/Q12938799,,,
5446,Badami,524,29,29-524-5446,,http://www.wikidata.org/entity/Q12934744,,,
5447,Bagalkot,524,29,29-524-5447,,http://www.wikidata.org/entity/Q25564740,,,
5448,Hungund,524,29,29-524-5448,,http://www.wikidata.org/entity/Q12947621,,,
7061,Guledgudda,524,29,29-524-7061,,http://www.wikidata.org/entity/Q123257371,,,
7062,Ilkal,524,29,29-524-7062,,http://www.wikidata.org/entity/Q123257411,,,
7063,Rabakavi Banahatti,524,29,29-524-7063,,http://www.wikidata.org/entity/Q62917309,,,
7398,Terdal,524,29,29-524-7398,,http://www.wikidata.org/entity/Q125656913,,,
5542,Bengaluru North,525,29,29-525-5542,,http://www.wikidata.org/entity/Q123257391,,,
5543,Bengaluru South,525,29,29-525-5543,,http://www.wikidata.org/entity/Q123257362,,,
5544,Bengaluru East,525,29,29-525-5544,,http://www.wikidata.org/entity/Q123257387,,,
5545,Anekal,525,29,29-525-5545,,http://www.wikidata.org/entity/Q20196111,,,
7103,Yelahanka,525,29,29-525-7103,,http://www.wikidata.org/entity/Q123257425,,,
5601,Nelamangala,526,29,29-526-5601,,http://www.wikidata.org/entity/Q25565573,,,
5602,Dodda Ballapur,526,29,29-526-5602,,http://www.wikidata.org/entity/Q123257439,,,
5603,Devanahalli,526,29,29-526-5603,,http://www.wikidata.org/entity/Q123257453,,,
5604,Hosakote,526,29,29-526-5604,,http://www.wikidata.org/entity/Q123257361,,,
5433,Chikodi,527,29,29-527-5433,,http://www.wikidata.org/entity/Q25566115,,,
5434,Athni,527,29,29-527-5434,,http://www.wikidata.org/entity/Q19882143,,,
5435,Raybag,527,29,29-527-5435,,http://www.wikidata.org/entity/Q25566125,,,
5436,Gokak,527,29,29-527-5436,,http://www.wikidata.org/entity/Q19806523,,,
5437,Hukeri,527,29,29-527-5437,,http://www.wikidata.org/entity/Q25566136,,,
5438,Belgaum,527,29,29-527-5438,,http://www.wikidata.org/entity/Q19809627,,,
5439,Khanapur,527,29,29-527-5439,,http://www.wikidata.org/entity/Q19806250,,,
5440,Sampgaon,527,29,29-527-5440,,http://www.wikidata.org/entity/Q13119366,,,
5441,Parasgad,527,29,29-527-5441,,http://www.wikidata.org/entity/Q13122193,,,
5442,Ramdurg,527,29,29-527-5442,,http://www.wikidata.org/entity/Q19812644,,,
7043,Kittur,527,29,29-527-7043,,http://www.wikidata.org/entity/Q25566138,,,
7099,Mudalagi,527,29,29-527-7099,,http://www.wikidata.org/entity/Q25566117,,,
7100,Kagawad,527,29,29-527-7100,,http://www.wikidata.org/entity/Q25566137,,,
7105,Nippani,527,29,29-527-7105,,http://www.wikidata.org/entity/Q25566135,,,
7195,Yaragatti,527,29,29-527-7195,,http://www.wikidata.org/entity/Q123257436,,,
5499,Siruguppa,528,29,29-528-5499,,http://www.wikidata.org/entity/Q25566198,,,
5500,Ballari,528,29,29-528-5500,,http://www.wikidata.org/entity/Q123257449,,,
5501,Sandur,528,29,29-528-5501,,http://www.wikidata.org/entity/Q123257384,,,
7107,Kampli,528,29,29-528-7107,,http://www.wikidata.org/entity/Q123257378,,,
7109,Kurugodu,528,29,29-528-7109,,http://www.wikidata.org/entity/Q123257443,,,
5454,Basavakalyan,529,29,29-529-5454,,http://www.wikidata.org/entity/Q25566201,,,
5455,Bhalki,529,29,29-529-5455,,http://www.wikidata.org/entity/Q25566210,,,
5456,Aurad,529,29,29-529-5456,,http://www.wikidata.org/entity/Q25566229,,,
5457,Bidar,529,29,29-529-5457,,http://www.wikidata.org/entity/Q19600480,,,
5458,Homnabad,529,29,29-529-5458,,http://www.wikidata.org/entity/Q25566228,,,
7084,Chitaguppa,529,29,29-529-7084,,http://www.wikidata.org/entity/Q123257451,,,
7085,Kamalnagar,529,29,29-529-7085,,http://www.wikidata.org/entity/Q123257370,,,
7086,Hulsoor,529,29,29-529-7086,,http://www.wikidata.org/entity/Q123257365,,,
5449,Bijapur,530,29,29-530-5449,,http://www.wikidata.org/entity/Q17049850,,,
5450,Indi,530,29,29-530-5450,,http://www.wikidata.org/entity/Q15716524,,,
5451,Sindgi,530,29,29-530-5451,,http://www.wikidata.org/entity/Q123257419,,,
5452,Basavana Bagevadi,530,29,29-530-5452,,http://www.wikidata.org/entity/Q13160146,,,
5453,Muddabihal,530,29,29-530-5453,,http://www.wikidata.org/entity/Q13160708,,,
7069,Babaleshwar,530,29,29-530-7069,,http://www.wikidata.org/entity/Q123257400,,,
7070,Chadachan,530,29,29-530-7070,,http://www.wikidata.org/entity/Q123257405,,,
7071,Devara Hipparagi,530,29,29-530-7071,,http://www.wikidata.org/entity/Q123257408,,,
7072,Kolhar,530,29,29-530-7072,,http://www.wikidata.org/entity/Q123257369,,,
7073,Talikoti,530,29,29-530-7073,,http://www.wikidata.org/entity/Q123257388,,,
7074,Tikota,530,29,29-530-7074,,http://www.wikidata.org/entity/Q123257359,,,
7075,Nidagundi,530,29,29-530-7075,,http://www.wikidata.org/entity/Q123257441,,,
7123,Almel,530,29,29-530-7123,,http://www.wikidata.org/entity/Q123257385,,,
5576,Gundlupet,531,29,29-531-5576,,http://www.wikidata.org/entity/Q123257442,,,
5577,Chamrajnagar,531,29,29-531-5577,,http://www.wikidata.org/entity/Q25566276,,,
5578,Yelandur,531,29,29-531-5578,,http://www.wikidata.org/entity/Q123257437,,,
5579,Kollegal,531,29,29-531-5579,,http://www.wikidata.org/entity/Q25566284,,,
7077,Hanur,531,29,29-531-7077,,http://www.wikidata.org/entity/Q123257403,,,
5525,Sringeri,532,29,29-532-5525,,http://www.wikidata.org/entity/Q25566321,,,
5526,Koppa,532,29,29-532-5526,,http://www.wikidata.org/entity/Q25566306,,,
5527,Narasimharajapura,532,29,29-532-5527,,http://www.wikidata.org/entity/Q25566320,,,
5528,Tarikere,532,29,29-532-5528,,http://www.wikidata.org/entity/Q25566322,,,
5529,Kadur,532,29,29-532-5529,,http://www.wikidata.org/entity/Q25566304,,,
5530,Chikmagalur,532,29,29-532-5530,,http://www.wikidata.org/entity/Q15718121,,,
5531,Mudigere,532,29,29-532-5531,,http://www.wikidata.org/entity/Q25566308,,,
7078,Ajjampura,532,29,29-532-7078,,http://www.wikidata.org/entity/Q123257376,,,
7194,Kalasa,532,29,29-532-7194,,http://www.wikidata.org/entity/Q123257428,,,
5503,Molakalmuru,533,29,29-533-5503,,http://www.wikidata.org/entity/Q25565652,,,
5504,Challakere,533,29,29-533-5504,,http://www.wikidata.org/entity/Q25565627,,,
5505,Chitradurga,533,29,29-533-5505,,http://www.wikidata.org/entity/Q123257373,,,
5506,Holalkere,533,29,29-533-5506,,http://www.wikidata.org/entity/Q25565648,,,
5507,Hosdurga,533,29,29-533-5507,,http://www.wikidata.org/entity/Q25565651,,,
5508,Hiriyur,533,29,29-533-5508,,http://www.wikidata.org/entity/Q25565646,,,
5561,Mangaluru,534,29,29-534-5561,,http://www.wikidata.org/entity/Q123257429,,,
5562,Bantwal,534,29,29-534-5562,,http://www.wikidata.org/entity/Q4857276,,,
5563,Belthangady,534,29,29-534-5563,,http://www.wikidata.org/entity/Q16254150,,,
5564,Puttur,534,29,29-534-5564,,http://www.wikidata.org/entity/Q7262501,,,
5565,Sullia,534,29,29-534-5565,,http://www.wikidata.org/entity/Q7636363,,,
7102,Moodubidire,534,29,29-534-7102,,http://www.wikidata.org/entity/Q123257423,,,
7104,Kadaba,534,29,29-534-7104,,http://www.wikidata.org/entity/Q123257448,,,
7197,Ullala,534,29,29-534-7197,,http://www.wikidata.org/entity/Q123257438,,,
7198,Mulki,534,29,29-534-7198,,http://www.wikidata.org/entity/Q123257404,,,
5509,Harihar,535,29,29-535-5509,,http://www.wikidata.org/entity/Q123257395,,,
5511,Jagalur,535,29,29-535-5511,,http://www.wikidata.org/entity/Q25566368,,,
5512,Davanagere,535,29,29-535-5512,,http://www.wikidata.org/entity/Q123257426,,,
5513,Honnali,535,29,29-535-5513,,http://www.wikidata.org/entity/Q25566367,,,
5514,Channagiri,535,29,29-535-5514,,http://www.wikidata.org/entity/Q25566352,,,
7076,Nyamathi,535,29,29-535-7076,,http://www.wikidata.org/entity/Q123257406,,,
5473,Dharwad,536,29,29-536-5473,,http://www.wikidata.org/entity/Q123257424,,,
5474,Navalgund,536,29,29-536-5474,,http://www.wikidata.org/entity/Q25566388,,,
5475,Hubballi,536,29,29-536-5475,,http://www.wikidata.org/entity/Q16252371,,,
5476,Kalghatgi,536,29,29-536-5476,,http://www.wikidata.org/entity/Q25566385,,,
5477,Kundgol,536,29,29-536-5477,,http://www.wikidata.org/entity/Q25566386,,,
7079,Hubballi Urban,536,29,29-536-7079,,http://www.wikidata.org/entity/Q123257410,,,
7080,Annigeri,536,29,29-536-7080,,http://www.wikidata.org/entity/Q123257417,,,
7081,Alnavar,536,29,29-536-7081,,http://www.wikidata.org/entity/Q123257413,,,
5468,Nargund,537,29,29-537-5468,,http://www.wikidata.org/entity/Q25566402,,,
5469,Ron,537,29,29-537-5469,,http://www.wikidata.org/entity/Q25566404,,,
5470,Gadag,537,29,29-537-5470,,http://www.wikidata.org/entity/Q123257397,,,
5471,Shirhatti,537,29,29-537-5471,,http://www.wikidata.org/entity/Q25566407,,,
5472,Mundargi,537,29,29-537-5472,,http://www.wikidata.org/entity/Q25566403,,,
7082,Gajendragad,537,29,29-537-7082,,http://www.wikidata.org/entity/Q123257389,,,
7083,Laxmeshwar,537,29,29-537-7083,,http://www.wikidata.org/entity/Q123257420,,,
5580,Aland,538,29,29-538-5580,,http://www.wikidata.org/entity/Q12915163,,,
5581,Afzalpur,538,29,29-538-5581,,http://www.wikidata.org/entity/Q12913893,,,
5582,Kalaburagi,538,29,29-538-5582,,http://www.wikidata.org/entity/Q123257444,,,
5583,Chincholi,538,29,29-538-5583,,http://www.wikidata.org/entity/Q12923302,,,
5584,Sedam,538,29,29-538-5584,,http://www.wikidata.org/entity/Q12946251,,,
5585,Chitapur,538,29,29-538-5585,,http://www.wikidata.org/entity/Q25565608,,,
5586,Jevargi,538,29,29-538-5586,,http://www.wikidata.org/entity/Q25565605,,,
7087,Kalagi,538,29,29-538-7087,,http://www.wikidata.org/entity/Q123257401,,,
7088,Shahabad,538,29,29-538-7088,,http://www.wikidata.org/entity/Q123257392,,,
7089,Yadrami,538,29,29-538-7089,,http://www.wikidata.org/entity/Q123257433,,,
7090,Kamalapur,538,29,29-538-7090,,http://www.wikidata.org/entity/Q123257383,,,
5553,Sakleshpur,539,29,29-539-5553,,http://www.wikidata.org/entity/Q25564759,,,
5554,Belur,539,29,29-539-5554,,http://www.wikidata.org/entity/Q123257432,,,
5555,Arsikere,539,29,29-539-5555,,http://www.wikidata.org/entity/Q20178750,,,
5556,Hassan,539,29,29-539-5556,,http://www.wikidata.org/entity/Q25566446,,,
5557,Alur,539,29,29-539-5557,,http://www.wikidata.org/entity/Q123257366,,,
5558,Arkalgud,539,29,29-539-5558,,http://www.wikidata.org/entity/Q20178651,,,
5559,Holenarsipur,539,29,29-539-5559,,http://www.wikidata.org/entity/Q25566468,,,
5560,Channarayapattana,539,29,29-539-5560,,http://www.wikidata.org/entity/Q26794734,,,
5489,Shiggaon,540,29,29-540-5489,,http://www.wikidata.org/entity/Q25566489,,,
5490,Savanur,540,29,29-540-5490,,http://www.wikidata.org/entity/Q25566486,,,
5491,Hangal,540,29,29-540-5491,,http://www.wikidata.org/entity/Q123257427,,,
5492,Haveri,540,29,29-540-5492,,http://www.wikidata.org/entity/Q123257363,,,
5493,Byadgi,540,29,29-540-5493,,http://www.wikidata.org/entity/Q25566471,,,
5494,Hirekerur,540,29,29-540-5494,,http://www.wikidata.org/entity/Q25566485,,,
5495,Ranibennur,540,29,29-540-5495,,http://www.wikidata.org/entity/Q25566466,,,
7106,Rattihalli,540,29,29-540-7106,,http://www.wikidata.org/entity/Q123257452,,,
5566,Madikeri,541,29,29-541-5566,,http://www.wikidata.org/entity/Q25566491,,,
5567,Somvarpet,541,29,29-541-5567,,http://www.wikidata.org/entity/Q25566494,,,
5568,Virajpet,541,29,29-541-5568,,http://www.wikidata.org/entity/Q25566499,,,
7124,Kushalanagar,541,29,29-541-7124,,http://www.wikidata.org/entity/Q123257386,,,
7125,Ponnampet,541,29,29-541-7125,,http://www.wikidata.org/entity/Q112057542,,,
5590,Srinivaspur,542,29,29-542-5590,,http://www.wikidata.org/entity/Q25566516,,,
5591,Kolar,542,29,29-542-5591,,http://www.wikidata.org/entity/Q25566506,,,
5592,Malur,542,29,29-542-5592,,http://www.wikidata.org/entity/Q25566511,,,
5593,Bangarapet,542,29,29-542-5593,,http://www.wikidata.org/entity/Q25566509,,,
5594,Mulbagal,542,29,29-542-5594,,http://www.wikidata.org/entity/Q25566515,,,
7002,Kolar Gold Field,542,29,29-542-7002,,http://www.wikidata.org/entity/Q123257367,,,
5464,Yelbarga,543,29,29-543-5464,,http://www.wikidata.org/entity/Q13160784,,,
5465,Kushtagi,543,29,29-543-5465,,http://www.wikidata.org/entity/Q25566543,,,
5466,Gangawati,543,29,29-543-5466,,http://www.wikidata.org/entity/Q26794714,,,
5467,Koppal,543,29,29-543-5467,,http://www.wikidata.org/entity/Q25566540,,,
7091,Kanakagiri,543,29,29-543-7091,,http://www.wikidata.org/entity/Q123257422,,,
7092,Karatagi,543,29,29-543-7092,,http://www.wikidata.org/entity/Q123257416,,,
7093,Kukunoor,543,29,29-543-7093,,http://www.wikidata.org/entity/Q123257435,,,
5546,Krishnarajpet,544,29,29-544-5546,,http://www.wikidata.org/entity/Q25566575,,,
5547,Nagamangala,544,29,29-544-5547,,http://www.wikidata.org/entity/Q25566576,,,
5548,Pandavapura,544,29,29-544-5548,,http://www.wikidata.org/entity/Q25566580,,,
5549,Shrirangapattana,544,29,29-544-5549,,http://www.wikidata.org/entity/Q25566571,,,
5550,Mandya,544,29,29-544-5550,,http://www.wikidata.org/entity/Q25566559,,,
5551,Maddur,544,29,29-544-5551,,http://www.wikidata.org/entity/Q25566563,,,
5552,Malavalli,544,29,29-544-5552,,http://www.wikidata.org/entity/Q25566572,,,
5569,Piriyapatna,545,29,29-545-5569,,http://www.wikidata.org/entity/Q25566607,,,
5570,Hunsur,545,29,29-545-5570,,http://www.wikidata.org/entity/Q25566587,,,
5571,Krishnarajanagara,545,29,29-545-5571,,http://www.wikidata.org/entity/Q25566590,,,
5572,Mysore,545,29,29-545-5572,,http://www.wikidata.org/entity/Q25566589,,,
5573,Heggadadevanakote,545,29,29-545-5573,,http://www.wikidata.org/entity/Q25566596,,,
5574,Nanjangud,545,29,29-545-5574,,http://www.wikidata.org/entity/Q25566592,,,
5575,Tirumakudalu Narasipura,545,29,29-545-5575,,http://www.wikidata.org/entity/Q25566610,,,
7098,Saraguru,545,29,29-545-7098,,http://www.wikidata.org/entity/Q123257390,,,
7230,Saligrama,545,29,29-545-7230,,http://www.wikidata.org/entity/Q123257440,,,
5459,Lingsugur,546,29,29-546-5459,,http://www.wikidata.org/entity/Q25566622,,,
5460,Devadurga,546,29,29-546-5460,,http://www.wikidata.org/entity/Q2558263,,,
5461,Raichur,546,29,29-546-5461,,http://www.wikidata.org/entity/Q25566615,,,
5462,Manvi,546,29,29-546-5462,,http://www.wikidata.org/entity/Q25566617,,,
5463,Sindhnur,546,29,29-546-5463,,http://www.wikidata.org/entity/Q25566618,,,
7097,Sirwar,546,29,29-546-7097,,http://www.wikidata.org/entity/Q123257394,,,
7101,Maski,546,29,29-546-7101,,http://www.wikidata.org/entity/Q123257381,,,
7403,Arakera,546,29,29-546-7403,,http://www.wikidata.org/entity/Q125656920,,,
5515,Sagar,547,29,29-547-5515,,http://www.wikidata.org/entity/Q25566646,,,
5516,Sorab,547,29,29-547-5516,,http://www.wikidata.org/entity/Q25566659,,,
5517,Shikaripura,547,29,29-547-5517,,http://www.wikidata.org/entity/Q25566655,,,
5518,Hosanagara,547,29,29-547-5518,,http://www.wikidata.org/entity/Q123257368,,,
5519,Tirthalli,547,29,29-547-5519,,http://www.wikidata.org/entity/Q25566662,,,
5520,Shivamogga,547,29,29-547-5520,,http://www.wikidata.org/entity/Q123257379,,,
5521,Bhadravati,547,29,29-547-5521,,http://www.wikidata.org/entity/Q123257414,,,
5532,Chiknayakanhalli,548,29,29-548-5532,,http://www.wikidata.org/entity/Q25566660,,,
5533,Sira,548,29,29-548-5533,,http://www.wikidata.org/entity/Q7529883,,,
5534,Pavagada,548,29,29-548-5534,,http://www.wikidata.org/entity/Q25566688,,,
5535,Madhugiri,548,29,29-548-5535,,http://www.wikidata.org/entity/Q25566673,,,
5536,Koratagere,548,29,29-548-5536,,http://www.wikidata.org/entity/Q25566680,,,
5537,Tumakuru,548,29,29-548-5537,,http://www.wikidata.org/entity/Q25566645,,,
5538,Gubbi,548,29,29-548-5538,,http://www.wikidata.org/entity/Q25566675,,,
5539,Tiptur,548,29,29-548-5539,,http://www.wikidata.org/entity/Q25566678,,,
5540,Turuvekere,548,29,29-548-5540,,http://www.wikidata.org/entity/Q25566690,,,
5541,Kunigal,548,29,29-548-5541,,http://www.wikidata.org/entity/Q25566665,,,
5522,Kundapura,549,29,29-549-5522,,http://www.wikidata.org/entity/Q6444294,,,
5523,Udupi,549,29,29-549-5523,,http://www.wikidata.org/entity/Q7877358,,,
5524,Karkala,549,29,29-549-5524,,http://www.wikidata.org/entity/Q6371258,,,
7065,Hebri,549,29,29-549-7065,,http://www.wikidata.org/entity/Q123257407,,,
7066,Bainduru,549,29,29-549-7066,,http://www.wikidata.org/entity/Q123257446,,,
7067,Kapu,549,29,29-549-7067,,http://www.wikidata.org/entity/Q123257447,,,
7068,Brahmavara,549,29,29-549-7068,,http://www.wikidata.org/entity/Q123257375,,,
5478,Karwar,550,29,29-550-5478,,http://www.wikidata.org/entity/Q123257382,,,
5479,Supa,550,29,29-550-5479,,http://www.wikidata.org/entity/Q26794674,,,
5480,Haliyal,550,29,29-550-5480,,http://www.wikidata.org/entity/Q25566725,,,
5481,Yellapur,550,29,29-550-5481,,http://www.wikidata.org/entity/Q119789557,,,
5482,Mundgod,550,29,29-550-5482,,http://www.wikidata.org/entity/Q25566730,,,
5483,Sirsi,550,29,29-550-5483,,http://www.wikidata.org/entity/Q116898151,,,
5484,Ankola,550,29,29-550-5484,,http://www.wikidata.org/entity/Q20089437,,,
5485,Kumta,550,29,29-550-5485,,http://www.wikidata.org/entity/Q25566724,,,
5486,Siddapur,550,29,29-550-5486,,http://www.wikidata.org/entity/Q2571834,,,
5487,Honnavar,550,29,29-550-5487,,http://www.wikidata.org/entity/Q16892390,,,
5488,Bhatkal,550,29,29-550-5488,,http://www.wikidata.org/entity/Q25566713,,,
7064,Dandeli,550,29,29-550-7064,,http://www.wikidata.org/entity/Q123257377,,,
5595,Gauribidanur,630,29,29-630-5595,,http://www.wikidata.org/entity/Q25566527,,,
5596,Chik Ballapur,630,29,29-630-5596,,http://www.wikidata.org/entity/Q25566522,,,
5597,Gudibanda,630,29,29-630-5597,,http://www.wikidata.org/entity/Q25566539,,,
5598,Bagepalli,630,29,29-630-5598,,http://www.wikidata.org/entity/Q25566537,,,
5599,Sidlaghatta,630,29,29-630-5599,,http://www.wikidata.org/entity/Q25566535,,,
5600,Chintamani,630,29,29-630-5600,,http://www.wikidata.org/entity/Q15209769,,,
7404,Manchenahalli,630,29,29-630-7404,,http://www.wikidata.org/entity/Q125656912,,,
7407,Chelur,630,29,29-630-7407,,http://www.wikidata.org/entity/Q125656916,,,
5605,Magadi,631,29,29-631-5605,,http://www.wikidata.org/entity/Q25565591,,,
5606,Ramanagaram,631,29,29-631-5606,,http://www.wikidata.org/entity/Q25565590,,,
5607,Channapatna,631,29,29-631-5607,,http://www.wikidata.org/entity/Q123257434,,,
5608,Kanakapura,631,29,29-631-5608,,http://www.wikidata.org/entity/Q25565588,,,
7196,Harohalli,631,29,29-631-7196,,http://www.wikidata.org/entity/Q123257445,,,
5587,Shorapur,635,29,29-635-5587,,http://www.wikidata.org/entity/Q25566439,,,
5588,Shahpur,635,29,29-635-5588,,http://www.wikidata.org/entity/Q10774274,,,
5589,Yadgir,635,29,29-635-5589,,http://www.wikidata.org/entity/Q25566427,,,
7094,Gurumitkal,635,29,29-635-7094,,http://www.wikidata.org/entity/Q123257455,,,
7095,Wadagera,635,29,29-635-7095,,http://www.wikidata.org/entity/Q123257398,,,
7096,Hunasagi,635,29,29-635-7096,,http://www.wikidata.org/entity/Q123257374,,,
5496,Hoovina Hadagalli,738,29,29-738-5496,,http://www.wikidata.org/entity/Q25566174,,,
5497,Hagaribommanahalli,738,29,29-738-5497,,http://www.wikidata.org/entity/Q26794745,,,
5498,Hosapete,738,29,29-738-5498,,http://www.wikidata.org/entity/Q123257454,,,
5502,Kudligi,738,29,29-738-5502,,http://www.wikidata.org/entity/Q123257380,,,
5510,Harpanahalli,738,29,29-738-5510,,http://www.wikidata.org/entity/Q25566354,,,
7108,Kotturu,738,29,29-738-7108,,http://www.wikidata.org/entity/Q123257364,,,
255,Ajnala,27,3,3-27-255,,http://www.wikidata.org/entity/Q60051657,,,
256,Amritsar I,27,3,3-27-256,,http://www.wikidata.org/entity/Q60051658,,,
257,Amritsar II,27,3,3-27-257,,http://www.wikidata.org/entity/Q60051660,,,
258,Baba Bakala,27,3,3-27-258,,http://www.wikidata.org/entity/Q60051661,,,
6854,Majitha,27,3,3-27-6854,,http://www.wikidata.org/entity/Q123254227,,,
7341,Lopoke,27,3,3-27-7341,,http://www.wikidata.org/entity/Q123254244,,,
244,Rampura Phul,28,3,3-28-244,,http://www.wikidata.org/entity/Q123254279,,,
245,Bathinda,28,3,3-28-245,,http://www.wikidata.org/entity/Q123254216,,,
246,Talwandi Sabo,28,3,3-28-246,,http://www.wikidata.org/entity/Q123254236,,,
6858,Maur,28,3,3-28-6858,,http://www.wikidata.org/entity/Q123254233,,,
242,Faridkot,29,3,3-29-242,,http://www.wikidata.org/entity/Q123254228,,,
243,Jaitu,29,3,3-29-243,,http://www.wikidata.org/entity/Q62076051,,,
5984,Kotakpura,29,3,3-29-5984,,http://www.wikidata.org/entity/Q123254271,,,
220,Bassi Pathana,30,3,3-30-220,,http://www.wikidata.org/entity/Q123254242,,,
221,Fatehgarh Sahib,30,3,3-30-221,,http://www.wikidata.org/entity/Q123254213,,,
222,Amloh,30,3,3-30-222,,http://www.wikidata.org/entity/Q123254210,,,
223,Khamanon,30,3,3-30-223,,http://www.wikidata.org/entity/Q123254286,,,
234,Zira,31,3,3-31-234,,http://www.wikidata.org/entity/Q123254274,,,
235,Firozpur,31,3,3-31-235,,http://www.wikidata.org/entity/Q123254270,,,
6011,Guruharsahai,31,3,3-31-6011,,http://www.wikidata.org/entity/Q123254255,,,
202,Gurdaspur,32,3,3-32-202,,http://www.wikidata.org/entity/Q123254266,,,
203,Batala,32,3,3-32-203,,http://www.wikidata.org/entity/Q123254245,,,
204,Dera Baba Nanak,32,3,3-32-204,,http://www.wikidata.org/entity/Q123254218,,,
6859,Kalanaur,32,3,3-32-6859,,http://www.wikidata.org/entity/Q123254253,,,
6860,Dinanagar,32,3,3-32-6860,,http://www.wikidata.org/entity/Q123254215,,,
7191,Fatehgarh Churian,32,3,3-32-7191,,http://www.wikidata.org/entity/Q123254261,,,
214,Dasua,33,3,3-33-214,,http://www.wikidata.org/entity/Q123254291,,,
215,Mukerian,33,3,3-33-215,,http://www.wikidata.org/entity/Q123254211,,,
216,Hoshiarpur,33,3,3-33-216,,http://www.wikidata.org/entity/Q123254229,,,
217,Garhshankar,33,3,3-33-217,,http://www.wikidata.org/entity/Q123254248,,,
7193,Tanda,33,3,3-33-7193,,http://www.wikidata.org/entity/Q123254214,,,
209,Shahkot,34,3,3-34-209,,http://www.wikidata.org/entity/Q123254237,,,
210,Nakodar,34,3,3-34-210,,http://www.wikidata.org/entity/Q123254269,,,
211,Phillaur,34,3,3-34-211,,http://www.wikidata.org/entity/Q113556939,,,
212,Jalandhar - I,34,3,3-34-212,,http://www.wikidata.org/entity/Q123254275,,,
213,Jalandhar II,34,3,3-34-213,,http://www.wikidata.org/entity/Q123254288,,,
7192,Adampur,34,3,3-34-7192,,http://www.wikidata.org/entity/Q123254254,,,
205,Bhulath,35,3,3-35-205,,http://www.wikidata.org/entity/Q123254273,,,
206,Kapurthala,35,3,3-35-206,,http://www.wikidata.org/entity/Q123254284,,,
207,Sultanpur Lodhi,35,3,3-35-207,,http://www.wikidata.org/entity/Q123254282,,,
208,Phagwara,35,3,3-35-208,,http://www.wikidata.org/entity/Q123254267,,,
224,Samrala,36,3,3-36-224,,http://www.wikidata.org/entity/Q60052167,,,
225,Khanna,36,3,3-36-225,,http://www.wikidata.org/entity/Q60052168,,,
226,Payal,36,3,3-36-226,,http://www.wikidata.org/entity/Q60052169,,,
227,Ludhiana (East),36,3,3-36-227,,http://www.wikidata.org/entity/Q60052170,,,
228,Ludhiana (West),36,3,3-36-228,,http://www.wikidata.org/entity/Q60052171,,,
229,Raikot,36,3,3-36-229,,http://www.wikidata.org/entity/Q60052173,,,
230,Jagraon,36,3,3-36-230,,http://www.wikidata.org/entity/Q60052174,,,
247,Sardulgarh,37,3,3-37-247,,http://www.wikidata.org/entity/Q7423832,,,
248,Budhlada,37,3,3-37-248,,http://www.wikidata.org/entity/Q123017971,,,
249,Mansa,37,3,3-37-249,,http://www.wikidata.org/entity/Q123017989,,,
231,Nihal Singhwala,38,3,3-38-231,,http://www.wikidata.org/entity/Q123254292,,,
232,Bagha Purana,38,3,3-38-232,,http://www.wikidata.org/entity/Q123254217,,,
233,Moga,38,3,3-38-233,,http://www.wikidata.org/entity/Q123254222,,,
5996,Dharamkot,38,3,3-38-5996,,http://www.wikidata.org/entity/Q123254252,,,
239,Malout,39,3,3-39-239,,http://www.wikidata.org/entity/Q123254281,,,
240,Gidderbaha,39,3,3-39-240,,http://www.wikidata.org/entity/Q123254243,,,
241,Muktsar,39,3,3-39-241,,http://www.wikidata.org/entity/Q123254220,,,
218,Nawanshahr,40,3,3-40-218,,http://www.wikidata.org/entity/Q123254247,,,
219,Balachaur,40,3,3-40-219,,http://www.wikidata.org/entity/Q123254290,,,
5993,Banga,40,3,3-40-5993,,http://www.wikidata.org/entity/Q123254239,,,
250,Samana,41,3,3-41-250,,http://www.wikidata.org/entity/Q123254231,,,
251,Patran,41,3,3-41-251,,http://www.wikidata.org/entity/Q123254241,,,
252,Nabha,41,3,3-41-252,,http://www.wikidata.org/entity/Q123254219,,,
253,Patiala,41,3,3-41-253,,http://www.wikidata.org/entity/Q123254232,,,
254,Rajpura,41,3,3-41-254,,http://www.wikidata.org/entity/Q123254221,,,
6849,Dudhan Sadhan,41,3,3-41-6849,,http://www.wikidata.org/entity/Q123254207,,,
262,Anandpur Sahib,42,3,3-42-262,,http://www.wikidata.org/entity/Q123254280,,,
263,Nangal,42,3,3-42-263,,http://www.wikidata.org/entity/Q123254226,,,
264,Rup Nagar,42,3,3-42-264,,http://www.wikidata.org/entity/Q123254283,,,
265,Chamkaur Sahib,42,3,3-42-265,,http://www.wikidata.org/entity/Q123254251,,,
6857,Morinda,42,3,3-42-6857,,http://www.wikidata.org/entity/Q123254234,,,
270,Dhuri,43,3,3-43-270,,http://www.wikidata.org/entity/Q123254276,,,
271,Sangrur,43,3,3-43-271,,http://www.wikidata.org/entity/Q123254249,,,
272,Sunam,43,3,3-43-272,,http://www.wikidata.org/entity/Q123254263,,,
273,Lehra,43,3,3-43-273,,http://www.wikidata.org/entity/Q123254246,,,
274,Moonak,43,3,3-43-274,,http://www.wikidata.org/entity/Q123254285,,,
6852,Dirba,43,3,3-43-6852,,http://www.wikidata.org/entity/Q123254256,,,
6855,Bhawanigarh,43,3,3-43-6855,,http://www.wikidata.org/entity/Q123254268,,,
275,Barnala,605,3,3-605-275,,http://www.wikidata.org/entity/Q123254277,,,
276,Tapa,605,3,3-605-276,,http://www.wikidata.org/entity/Q123254289,,,
7409,Mehal Kalan,605,3,3-605-7409,,http://www.wikidata.org/entity/Q125636753,,,
266,Kharar,608,3,3-608-266,,http://www.wikidata.org/entity/Q123254240,,,
267,Sas Nagar (Mohali),608,3,3-608-267,,http://www.wikidata.org/entity/Q123254278,,,
268,Dera Bassi,608,3,3-608-268,,http://www.wikidata.org/entity/Q123254212,,,
259,Tarn Taran,609,3,3-609-259,,http://www.wikidata.org/entity/Q123254225,,,
260,Patti,609,3,3-609-260,,http://www.wikidata.org/entity/Q123254287,,,
261,Khadur Sahib,609,3,3-609-261,,http://www.wikidata.org/entity/Q123254238,,,
6853,Bhikhiwind,609,3,3-609-6853,,http://www.wikidata.org/entity/Q123254235,,,
236,Jalalabad,651,3,3-651-236,,http://www.wikidata.org/entity/Q123254250,,,
237,Fazilka,651,3,3-651-237,,http://www.wikidata.org/entity/Q123254262,,,
238,Abohar,651,3,3-651-238,,http://www.wikidata.org/entity/Q123254209,,,
200,Dharkalan,662,3,3-662-200,,http://www.wikidata.org/entity/Q26794572,,,
201,Pathankot,662,3,3-662-201,,http://www.wikidata.org/entity/Q123254224,,,
269,Malerkotla,737,3,3-737-269,,http://www.wikidata.org/entity/Q123254257,,,
6856,Ahmedgarh,737,3,3-737-6856,,http://www.wikidata.org/entity/Q123254260,,,
7122,Amargarh,737,3,3-737-7122,,http://www.wikidata.org/entity/Q123254230,,,
5609,Pernem,551,30,30-551-5609,,http://www.wikidata.org/entity/Q15265990,,,
5610,Bardez,551,30,30-551-5610,,http://www.wikidata.org/entity/Q3632943,,,
5611,Tiswadi,551,30,30-551-5611,,http://www.wikidata.org/entity/Q3291873,,,
5612,Bicholim,551,30,30-551-5612,,http://www.wikidata.org/entity/Q65445416,,,
5613,Sattari,551,30,30-551-5613,,http://www.wikidata.org/entity/Q7426523,,,
5614,Ponda,552,30,30-552-5614,,http://www.wikidata.org/entity/Q7227680,,,
5615,Mormugao,552,30,30-552-5615,,http://www.wikidata.org/entity/Q6912704,,,
5616,Salcete,552,30,30-552-5616,,http://www.wikidata.org/entity/Q256847,,,
5617,Quepem,552,30,30-552-5617,,http://www.wikidata.org/entity/Q7271307,,,
5618,Sanguem,552,30,30-552-5618,,http://www.wikidata.org/entity/Q7418155,,,
5619,Canacona,552,30,30-552-5619,,http://www.wikidata.org/entity/Q861954,,,
5931,Dharbandora,552,30,30-552-5931,,http://www.wikidata.org/entity/Q16973685,,,
5620,Amini,553,31,31-553-5620,,http://www.wikidata.org/entity/Q123278799,,,
5621,Bitra,553,31,31-553-5621,,http://www.wikidata.org/entity/Q123278796,,,
5622,Chetlat,553,31,31-553-5622,,http://www.wikidata.org/entity/Q123278798,,,
5623,Kiltan,553,31,31-553-5623,,http://www.wikidata.org/entity/Q123278795,,,
5624,Kadmat,553,31,31-553-5624,,http://www.wikidata.org/entity/Q123278792,,,
5625,Kavaratti,553,31,31-553-5625,,http://www.wikidata.org/entity/Q123278790,,,
5626,Agatti,553,31,31-553-5626,,http://www.wikidata.org/entity/Q123278793,,,
5627,Andrott,553,31,31-553-5627,,http://www.wikidata.org/entity/Q123278794,,,
5628,Kalpeni,553,31,31-553-5628,,http://www.wikidata.org/entity/Q123278797,,,
5629,Minicoy,553,31,31-553-5629,,http://www.wikidata.org/entity/Q123278791,,,
5673,Cherthala,554,32,32-554-5673,,http://www.wikidata.org/entity/Q13112081,,,
5674,Ambalapuzha,554,32,32-554-5674,,http://www.wikidata.org/entity/Q17464452,,,
5675,Kuttanad,554,32,32-554-5675,,http://www.wikidata.org/entity/Q16135961,,,
5676,Karthikappilly,554,32,32-554-5676,,http://www.wikidata.org/entity/Q13111231,,,
5677,Chengannur,554,32,32-554-5677,,http://www.wikidata.org/entity/Q13111999,,,
5678,Mavelikkara,554,32,32-554-5678,,http://www.wikidata.org/entity/Q16136376,,,
5657,Kunnathunad,555,32,32-555-5657,,http://www.wikidata.org/entity/Q16136183,,,
5658,Aluva,555,32,32-555-5658,,http://www.wikidata.org/entity/Q16136948,,,
5659,Paravur,555,32,32-555-5659,,http://www.wikidata.org/entity/Q7136288,,,
5660,Kochi,555,32,32-555-5660,,http://www.wikidata.org/entity/Q16134795,,,
5661,Kanayannur,555,32,32-555-5661,,http://www.wikidata.org/entity/Q6360857,,,
5662,Muvattupuzha,555,32,32-555-5662,,http://www.wikidata.org/entity/Q16137610,,,
5663,Kothamangalam,555,32,32-555-5663,,http://www.wikidata.org/entity/Q13111705,,,
5664,Devikulam,556,32,32-556-5664,,http://www.wikidata.org/entity/Q13112718,,,
5665,Udumbanchola,556,32,32-556-5665,,http://www.wikidata.org/entity/Q13110490,,,
5666,Todupuzha,556,32,32-556-5666,,http://www.wikidata.org/entity/Q20579922,,,
5667,Peerumedu,556,32,32-556-5667,,http://www.wikidata.org/entity/Q20581364,,,
5942,Idukki,556,32,32-556-5942,,http://www.wikidata.org/entity/Q56597569,,,
5632,Taliparamba,557,32,32-557-5632,,http://www.wikidata.org/entity/Q16136875,,,
5633,Kannur,557,32,32-557-5633,,http://www.wikidata.org/entity/Q16137340,,,
5634,Thalassery,557,32,32-557-5634,,http://www.wikidata.org/entity/Q13112421,,,
5937,Iritty,557,32,32-557-5937,,http://www.wikidata.org/entity/Q31700931,,,
6599,Payyanur,557,32,32-557-6599,,http://www.wikidata.org/entity/Q65455896,,,
5630,Kasaragod,558,32,32-558-5630,,http://www.wikidata.org/entity/Q6374028,,,
5631,Hosdurg,558,32,32-558-5631,,http://www.wikidata.org/entity/Q13115271,,,
5932,Manjeshwaram,558,32,32-558-5932,,http://www.wikidata.org/entity/Q31701629,,,
5933,Vellarikkundu,558,32,32-558-5933,,http://www.wikidata.org/entity/Q31701495,,,
5684,Karunakapally,559,32,32-559-5684,,http://www.wikidata.org/entity/Q13111026,,,
5685,Kunnathoor,559,32,32-559-5685,,http://www.wikidata.org/entity/Q16136190,,,
5686,Pathanapuram,559,32,32-559-5686,,http://www.wikidata.org/entity/Q13113069,,,
5687,Kottarakkara,559,32,32-559-5687,,http://www.wikidata.org/entity/Q16135029,,,
5688,Kollam,559,32,32-559-5688,,http://www.wikidata.org/entity/Q6427344,,,
5947,Punalur,559,32,32-559-5947,,http://www.wikidata.org/entity/Q25587435,,,
5668,Meenachil,560,32,32-560-5668,,http://www.wikidata.org/entity/Q13114098,,,
5669,Vaikom,560,32,32-560-5669,,http://www.wikidata.org/entity/Q16133924,,,
5670,Kottayam,560,32,32-560-5670,,http://www.wikidata.org/entity/Q13111689,,,
5671,Changanasserry,560,32,32-560-5671,,http://www.wikidata.org/entity/Q20578325,,,
5672,Kanjirappally,560,32,32-560-5672,,http://www.wikidata.org/entity/Q13111112,,,
5638,Vadakara,561,32,32-561-5638,,http://www.wikidata.org/entity/Q13114482,,,
5639,Koyilandy,561,32,32-561-5639,,http://www.wikidata.org/entity/Q16135152,,,
5640,Kozhikode,561,32,32-561-5640,,http://www.wikidata.org/entity/Q15275922,,,
5938,Thamarassery,561,32,32-561-5938,,http://www.wikidata.org/entity/Q20579489,,,
5641,Eranad,562,32,32-562-5641,,http://www.wikidata.org/entity/Q5384872,,,
5642,Nilambur,562,32,32-562-5642,,http://www.wikidata.org/entity/Q13112917,,,
5643,Perinthalmanna,562,32,32-562-5643,,http://www.wikidata.org/entity/Q13113440,,,
5644,Tirur,562,32,32-562-5644,,http://www.wikidata.org/entity/Q16137401,,,
5645,Thiroorangadi,562,32,32-562-5645,,http://www.wikidata.org/entity/Q13112526,,,
5646,Ponnani,562,32,32-562-5646,,http://www.wikidata.org/entity/Q7227909,,,
5941,Kondotty,562,32,32-562-5941,,http://www.wikidata.org/entity/Q18126915,,,
5647,Ottapalam,563,32,32-563-5647,,http://www.wikidata.org/entity/Q13110829,,,
5648,Mannarkkad,563,32,32-563-5648,,http://www.wikidata.org/entity/Q25588244,,,
5649,Palakkad,563,32,32-563-5649,,http://www.wikidata.org/entity/Q25588243,,,
5650,Chittur,563,32,32-563-5650,,http://www.wikidata.org/entity/Q25588246,,,
5651,Alathur,563,32,32-563-5651,,http://www.wikidata.org/entity/Q65455916,,,
5940,Pattambi,563,32,32-563-5940,,http://www.wikidata.org/entity/Q16136805,,,
7176,Attappadi,563,32,32-563-7176,,http://www.wikidata.org/entity/Q97653249,,,
5679,Thiruvalla,564,32,32-564-5679,,http://www.wikidata.org/entity/Q25585203,,,
5680,Mallappally,564,32,32-564-5680,,http://www.wikidata.org/entity/Q65455909,,,
5681,Ranni,564,32,32-564-5681,,http://www.wikidata.org/entity/Q3595244,,,
5682,Kozhencherry,564,32,32-564-5682,,http://www.wikidata.org/entity/Q6435231,,,
5683,Adoor,564,32,32-564-5683,,http://www.wikidata.org/entity/Q13109865,,,
5943,Konni,564,32,32-564-5943,,http://www.wikidata.org/entity/Q65455912,,,
5689,Chirayinkeezhu,565,32,32-565-5689,,http://www.wikidata.org/entity/Q5101869,,,
5690,Nedumangad,565,32,32-565-5690,,http://www.wikidata.org/entity/Q6986352,,,
5691,Thiruvananthapuram,565,32,32-565-5691,,http://www.wikidata.org/entity/Q7785510,,,
5692,Neyyattinkara,565,32,32-565-5692,,http://www.wikidata.org/entity/Q15262231,,,
5945,Kattakada,565,32,32-565-5945,,http://www.wikidata.org/entity/Q115750029,,,
5946,Varkala,565,32,32-565-5946,,http://www.wikidata.org/entity/Q55642520,,,
5652,Thalapilly,566,32,32-566-5652,,http://www.wikidata.org/entity/Q7709520,,,
5653,Chavakkad,566,32,32-566-5653,,http://www.wikidata.org/entity/Q16137505,,,
5654,Thrissur,566,32,32-566-5654,,http://www.wikidata.org/entity/Q13112620,,,
5655,Kodungallur,566,32,32-566-5655,,http://www.wikidata.org/entity/Q16134952,,,
5656,Mukundapuram,566,32,32-566-5656,,http://www.wikidata.org/entity/Q6933660,,,
5939,Chalakudy,566,32,32-566-5939,,http://www.wikidata.org/entity/Q48727321,,,
6598,Kunnamkulam,566,32,32-566-6598,,http://www.wikidata.org/entity/Q56594583,,,
5635,Mananthavady,567,32,32-567-5635,,http://www.wikidata.org/entity/Q13113997,,,
5636,Sultan Bathery,567,32,32-567-5636,,http://www.wikidata.org/entity/Q13115140,,,
5637,Vythiri,567,32,32-567-5637,,http://www.wikidata.org/entity/Q7944042,,,
5700,Ambattur,568,33,33-568-5700,,http://www.wikidata.org/entity/Q4741175,,,
5701,Madhavaram,568,33,33-568-5701,,http://www.wikidata.org/entity/Q6727305,,,
5704,Alandur,568,33,33-568-5704,,http://www.wikidata.org/entity/Q16250525,,,
5705,Sholinganallur,568,33,33-568-5705,,http://www.wikidata.org/entity/Q16938718,,,
5981,Maduravoyal,568,33,33-568-5981,,http://www.wikidata.org/entity/Q24948803,,,
5982,Tiruvottiyur,568,33,33-568-5982,,http://www.wikidata.org/entity/Q30680485,,,
7161,Aminjikarai,568,33,33-568-7161,,http://www.wikidata.org/entity/Q19881931,,,
7163,Ayanavaram,568,33,33-568-7163,,http://www.wikidata.org/entity/Q19882176,,,
7164,Egmore,568,33,33-568-7164,,http://www.wikidata.org/entity/Q123267298,,,
7165,Mambalam,568,33,33-568-7165,,http://www.wikidata.org/entity/Q123267311,,,
7166,Perambur,568,33,33-568-7166,,http://www.wikidata.org/entity/Q7166925,,,
7167,Purasaiwalkam,568,33,33-568-7167,,http://www.wikidata.org/entity/Q19895525,,,
7168,Tondiarpet,568,33,33-568-7168,,http://www.wikidata.org/entity/Q61065910,,,
7169,Guindy,568,33,33-568-7169,,http://www.wikidata.org/entity/Q19891637,,,
7170,Mylapore,568,33,33-568-7170,,http://www.wikidata.org/entity/Q6947632,,,
7171,Velachery,568,33,33-568-7171,,http://www.wikidata.org/entity/Q19899136,,,
7514,Kolathur,568,33,33-568-7514,,http://www.wikidata.org/entity/Q135553527,,,
5895,Mettupalayam,569,33,33-569-5895,,http://www.wikidata.org/entity/Q12988137,,,
5896,Sulur,569,33,33-569-5896,,http://www.wikidata.org/entity/Q7636851,,,
5897,Coimbatore-North,569,33,33-569-5897,,http://www.wikidata.org/entity/Q12980531,,,
5898,Coimbatore-South,569,33,33-569-5898,,http://www.wikidata.org/entity/Q12977641,,,
5899,Pollachi,569,33,33-569-5899,,http://www.wikidata.org/entity/Q12986849,,,
5900,Valparai,569,33,33-569-5900,,http://www.wikidata.org/entity/Q12988969,,,
5955,Annur,569,33,33-569-5955,,http://www.wikidata.org/entity/Q85741843,,,
5956,Kinathukadavu,569,33,33-569-5956,,http://www.wikidata.org/entity/Q12976915,,,
5957,Perur,569,33,33-569-5957,,http://www.wikidata.org/entity/Q21852696,,,
5986,Madukkarai,569,33,33-569-5986,,http://www.wikidata.org/entity/Q21852686,,,
6643,Anaimalai,569,33,33-569-6643,,http://www.wikidata.org/entity/Q61066128,,,
5788,Panruti,570,33,33-570-5788,,http://www.wikidata.org/entity/Q7131578,,,
5789,Cuddalore,570,33,33-570-5789,,http://www.wikidata.org/entity/Q5192488,,,
5790,Kurinjipadi,570,33,33-570-5790,,http://www.wikidata.org/entity/Q12977243,,,
5791,Chidambaram,570,33,33-570-5791,,http://www.wikidata.org/entity/Q5096590,,,
5792,Kattumannarkoil,570,33,33-570-5792,,http://www.wikidata.org/entity/Q6378384,,,
5793,Virudhachalam,570,33,33-570-5793,,http://www.wikidata.org/entity/Q123267339,,,
5794,Tittakudi,570,33,33-570-5794,,http://www.wikidata.org/entity/Q13530556,,,
5953,Veppur,570,33,33-570-5953,,http://www.wikidata.org/entity/Q7920707,,,
6645,Bhuvanagiri,570,33,33-570-6645,,http://www.wikidata.org/entity/Q61065826,,,
6646,Srimushnam,570,33,33-570-6646,,http://www.wikidata.org/entity/Q61065883,,,
5885,Palakkodu,571,33,33-571-5885,,http://www.wikidata.org/entity/Q7126344,,,
5886,Harur,571,33,33-571-5886,,http://www.wikidata.org/entity/Q5675994,,,
5887,Pappireddipatti,571,33,33-571-5887,,http://www.wikidata.org/entity/Q7133097,,,
5888,Dharmapuri,571,33,33-571-5888,,http://www.wikidata.org/entity/Q5269306,,,
5889,Pennagaram,571,33,33-571-5889,,http://www.wikidata.org/entity/Q7163366,,,
6622,Karimangalam,571,33,33-571-6622,,http://www.wikidata.org/entity/Q24702321,,,
6623,Nallampalli,571,33,33-571-6623,,http://www.wikidata.org/entity/Q24702342,,,
5760,Palani,572,33,33-572-5760,,http://www.wikidata.org/entity/Q12985796,,,
5761,Oddanchatram,572,33,33-572-5761,,http://www.wikidata.org/entity/Q12975869,,,
5762,Vedasandur,572,33,33-572-5762,,http://www.wikidata.org/entity/Q12989398,,,
5763,Natham,572,33,33-572-5763,,http://www.wikidata.org/entity/Q12984870,,,
5766,Kodaikanal,572,33,33-572-5766,,http://www.wikidata.org/entity/Q12977602,,,
5767,Nilakkottai,572,33,33-572-5767,,http://www.wikidata.org/entity/Q12985190,,,
5979,Dindigulwest,572,33,33-572-5979,,http://www.wikidata.org/entity/Q25551091,,,
5980,Dindigul east,572,33,33-572-5980,,http://www.wikidata.org/entity/Q123267306,,,
5994,Athoor,572,33,33-572-5994,,http://www.wikidata.org/entity/Q15706862,,,
6700,Gujiliamparai,572,33,33-572-6700,,http://www.wikidata.org/entity/Q123267337,,,
5749,Satyamangalam,573,33,33-573-5749,,http://www.wikidata.org/entity/Q7426918,,,
5750,Bhavani,573,33,33-573-5750,,http://www.wikidata.org/entity/Q4901528,,,
5751,Gobichettipalayam,573,33,33-573-5751,,http://www.wikidata.org/entity/Q5575493,,,
5752,Perundurai,573,33,33-573-5752,,http://www.wikidata.org/entity/Q7171092,,,
5753,Erode,573,33,33-573-5753,,http://www.wikidata.org/entity/Q5395275,,,
5969,Anthiyur,573,33,33-573-5969,,http://www.wikidata.org/entity/Q12973445,,,
6539,Thalavadi,573,33,33-573-6539,,http://www.wikidata.org/entity/Q28173967,,,
6636,Modakurichi,573,33,33-573-6636,,http://www.wikidata.org/entity/Q28173965,,,
6637,Kodumudi,573,33,33-573-6637,,http://www.wikidata.org/entity/Q28173966,,,
6638,Nambiyur,573,33,33-573-6638,,http://www.wikidata.org/entity/Q61065849,,,
5702,Sriperumbudur,574,33,33-574-5702,,http://www.wikidata.org/entity/Q4254198,,,
5707,Kanchipuram,574,33,33-574-5707,,http://www.wikidata.org/entity/Q4982333,,,
5708,Uthiramerur,574,33,33-574-5708,,http://www.wikidata.org/entity/Q4982323,,,
6626,Walajabad,574,33,33-574-6626,,http://www.wikidata.org/entity/Q24943923,,,
7057,Kundrathur,574,33,33-574-7057,,http://www.wikidata.org/entity/Q85951637,,,
5881,Vilavancode,575,33,33-575-5881,,http://www.wikidata.org/entity/Q7930108,,,
5882,Kallkkulam,575,33,33-575-5882,,http://www.wikidata.org/entity/Q10994507,,,
5883,Thovalai,575,33,33-575-5883,,http://www.wikidata.org/entity/Q7797087,,,
5884,Agasteeswaram,575,33,33-575-5884,,http://www.wikidata.org/entity/Q4691443,,,
6672,Thiruvattar,575,33,33-575-6672,,http://www.wikidata.org/entity/Q65923106,,,
6673,Killiyoor,575,33,33-575-6673,,http://www.wikidata.org/entity/Q65923116,,,
5768,Aravakurichi,576,33,33-576-5768,,http://www.wikidata.org/entity/Q4784494,,,
5769,Karur,576,33,33-576-5769,,http://www.wikidata.org/entity/Q6373727,,,
5770,Krishnarayapuram,576,33,33-576-5770,,http://www.wikidata.org/entity/Q6437612,,,
5771,Kulittalai,576,33,33-576-5771,,http://www.wikidata.org/entity/Q6443050,,,
5772,Kadavur,576,33,33-576-5772,,http://www.wikidata.org/entity/Q6345249,,,
5985,Manmangalam,576,33,33-576-5985,,http://www.wikidata.org/entity/Q61065741,,,
6676,Pugalur,576,33,33-576-6676,,http://www.wikidata.org/entity/Q97229499,,,
5890,Hosur,577,33,33-577-5890,,http://www.wikidata.org/entity/Q12975974,,,
5891,Krishnagiri,577,33,33-577-5891,,http://www.wikidata.org/entity/Q6437522,,,
5892,Denkanikottai,577,33,33-577-5892,,http://www.wikidata.org/entity/Q5257894,,,
5893,Pochampalli,577,33,33-577-5893,,http://www.wikidata.org/entity/Q7206313,,,
5894,Uthangarai,577,33,33-577-5894,,http://www.wikidata.org/entity/Q12975364,,,
6613,Bargur,577,33,33-577-6613,,http://www.wikidata.org/entity/Q31368935,,,
6641,Shoolagiri,577,33,33-577-6641,,http://www.wikidata.org/entity/Q31368937,,,
6662,Anchetty,577,33,33-577-6662,,http://www.wikidata.org/entity/Q61066129,,,
5835,Melur,578,33,33-578-5835,,http://www.wikidata.org/entity/Q6813822,,,
5836,Madurai-North,578,33,33-578-5836,,http://www.wikidata.org/entity/Q16314656,,,
5837,Vadipatti,578,33,33-578-5837,,http://www.wikidata.org/entity/Q12988904,,,
5838,Usilampatti,578,33,33-578-5838,,http://www.wikidata.org/entity/Q12975068,,,
5839,Peraiyur,578,33,33-578-5839,,http://www.wikidata.org/entity/Q12986727,,,
5840,Thirumangalam,578,33,33-578-5840,,http://www.wikidata.org/entity/Q7785340,,,
5841,Madurai-South,578,33,33-578-5841,,http://www.wikidata.org/entity/Q12987094,,,
5960,Madurai East,578,33,33-578-5960,,http://www.wikidata.org/entity/Q61065394,,,
5961,Madurai West,578,33,33-578-5961,,http://www.wikidata.org/entity/Q61065393,,,
5962,Thirupparankundram,578,33,33-578-5962,,http://www.wikidata.org/entity/Q61065799,,,
6615,Kalligudi,578,33,33-578-6615,,http://www.wikidata.org/entity/Q110713547,,,
5799,Nagapattinam,579,33,33-579-5799,,http://www.wikidata.org/entity/Q16310586,,,
5800,Kilvelur,579,33,33-579-5800,,http://www.wikidata.org/entity/Q12977050,,,
5801,Thirukkuvalai,579,33,33-579-5801,,http://www.wikidata.org/entity/Q12984068,,,
5802,Vedaranyam,579,33,33-579-5802,,http://www.wikidata.org/entity/Q16313249,,,
5745,Thiruchengode,580,33,33-580-5745,,http://www.wikidata.org/entity/Q16313554,,,
5746,Rasipuram,580,33,33-580-5746,,http://www.wikidata.org/entity/Q7295063,,,
5747,Namakkal,580,33,33-580-5747,,http://www.wikidata.org/entity/Q6961242,,,
5748,Paramathi-Velur,580,33,33-580-5748,,http://www.wikidata.org/entity/Q7135151,,,
6625,Kollimalai,580,33,33-580-6625,,http://www.wikidata.org/entity/Q24943930,,,
6632,Sendamangalam,580,33,33-580-6632,,http://www.wikidata.org/entity/Q20557942,,,
6634,Kumarapalayam,580,33,33-580-6634,,http://www.wikidata.org/entity/Q61065802,,,
6635,Mohanur,580,33,33-580-6635,,http://www.wikidata.org/entity/Q61065791,,,
5951,Alathur,581,33,33-581-5951,,http://www.wikidata.org/entity/Q30692927,,,
5973,Perambalur,581,33,33-581-5973,,http://www.wikidata.org/entity/Q16313984,,,
5974,Veppanthattai,581,33,33-581-5974,,http://www.wikidata.org/entity/Q16313270,,,
5976,Kunnam,581,33,33-581-5976,,http://www.wikidata.org/entity/Q12977141,,,
5818,Illuppur,582,33,33-582-5818,,http://www.wikidata.org/entity/Q11001535,,,
5819,Kulathur,582,33,33-582-5819,,http://www.wikidata.org/entity/Q6442845,,,
5820,Gandarvakottai,582,33,33-582-5820,,http://www.wikidata.org/entity/Q5520617,,,
5821,Pudukkottai,582,33,33-582-5821,,http://www.wikidata.org/entity/Q7258383,,,
5822,Thirumayam,582,33,33-582-5822,,http://www.wikidata.org/entity/Q7785354,,,
5823,Ponnamaravathi,582,33,33-582-5823,,http://www.wikidata.org/entity/Q16934706,,,
5824,Alangudi,582,33,33-582-5824,,http://www.wikidata.org/entity/Q4708237,,,
5825,Karambakkudi,582,33,33-582-5825,,http://www.wikidata.org/entity/Q16920832,,,
5826,Aranthangi,582,33,33-582-5826,,http://www.wikidata.org/entity/Q4784152,,,
5827,Manamelkudi,582,33,33-582-5827,,http://www.wikidata.org/entity/Q6746869,,,
5828,Avadaiyarkoil,582,33,33-582-5828,,http://www.wikidata.org/entity/Q4827406,,,
6614,Viralimalai,582,33,33-582-6614,,http://www.wikidata.org/entity/Q61065868,,,
5855,Tiruvadanai,583,33,33-583-5855,,http://www.wikidata.org/entity/Q12984276,,,
5856,Paramakudi,583,33,33-583-5856,,http://www.wikidata.org/entity/Q19808694,,,
5857,Mudukulathur,583,33,33-583-5857,,http://www.wikidata.org/entity/Q16309599,,,
5858,Kamuthi,583,33,33-583-5858,,http://www.wikidata.org/entity/Q12976410,,,
5859,Kadaladi,583,33,33-583-5859,,http://www.wikidata.org/entity/Q12976088,,,
5860,Ramanathapuram,583,33,33-583-5860,,http://www.wikidata.org/entity/Q7288936,,,
5861,Rameswaram,583,33,33-583-5861,,http://www.wikidata.org/entity/Q12974700,,,
6653,Rajasingamangalam,583,33,33-583-6653,,http://www.wikidata.org/entity/Q61065792,,,
6654,Kilakarai,583,33,33-583-6654,,http://www.wikidata.org/entity/Q61065859,,,
5736,Mettur,584,33,33-584-5736,,http://www.wikidata.org/entity/Q16310228,,,
5737,Omalur,584,33,33-584-5737,,http://www.wikidata.org/entity/Q12979831,,,
5738,Idappadi,584,33,33-584-5738,,http://www.wikidata.org/entity/Q12979607,,,
5739,Sankagiri,584,33,33-584-5739,,http://www.wikidata.org/entity/Q12977765,,,
5740,Salem,584,33,33-584-5740,,http://www.wikidata.org/entity/Q12981206,,,
5741,Yercaud,584,33,33-584-5741,,http://www.wikidata.org/entity/Q12979748,,,
5742,Vazhapadi,584,33,33-584-5742,,http://www.wikidata.org/entity/Q12988964,,,
5743,Attur,584,33,33-584-5743,,http://www.wikidata.org/entity/Q12979146,,,
5744,Gangavalli,584,33,33-584-5744,,http://www.wikidata.org/entity/Q12979864,,,
5970,Salem South,584,33,33-584-5970,,http://www.wikidata.org/entity/Q61065829,,,
5971,Salem West,584,33,33-584-5971,,http://www.wikidata.org/entity/Q61065827,,,
6618,Pethanaickanpalayam,584,33,33-584-6618,,http://www.wikidata.org/entity/Q61065848,,,
6619,Kadayampatti,584,33,33-584-6619,,http://www.wikidata.org/entity/Q61065851,,,
7120,Thalaivasal,584,33,33-584-7120,,http://www.wikidata.org/entity/Q123267294,,,
5829,Tirupathur,585,33,33-585-5829,,http://www.wikidata.org/entity/Q12984164,,,
5830,Karaikudi,585,33,33-585-5830,,http://www.wikidata.org/entity/Q6367994,,,
5831,Devakottai,585,33,33-585-5831,,http://www.wikidata.org/entity/Q12984638,,,
5832,Sivaganga,585,33,33-585-5832,,http://www.wikidata.org/entity/Q12978431,,,
5833,Manamadurai,585,33,33-585-5833,,http://www.wikidata.org/entity/Q16308970,,,
5834,Ilayangudi,585,33,33-585-5834,,http://www.wikidata.org/entity/Q12979431,,,
5965,Tiruppuvanam,585,33,33-585-5965,,http://www.wikidata.org/entity/Q19807764,,,
5995,Singampunari,585,33,33-585-5995,,http://www.wikidata.org/entity/Q61065860,,,
6644,Kalaiyarkoil,585,33,33-585-6644,,http://www.wikidata.org/entity/Q61064430,,,
5810,Thiruvidaimarudur,586,33,33-586-5810,,http://www.wikidata.org/entity/Q12984298,,,
5811,Kumbakonam,586,33,33-586-5811,,http://www.wikidata.org/entity/Q6443697,,,
5812,Papanasam,586,33,33-586-5812,,http://www.wikidata.org/entity/Q16313039,,,
5813,Thiruvaiyaru,586,33,33-586-5813,,http://www.wikidata.org/entity/Q12984320,,,
5814,Thanjavur,586,33,33-586-5814,,http://www.wikidata.org/entity/Q12983202,,,
5815,Orathanadu,586,33,33-586-5815,,http://www.wikidata.org/entity/Q12975904,,,
5816,Pattukkottai,586,33,33-586-5816,,http://www.wikidata.org/entity/Q16312002,,,
5817,Peravurani,586,33,33-586-5817,,http://www.wikidata.org/entity/Q12986723,,,
5966,Budalur,586,33,33-586-5966,,http://www.wikidata.org/entity/Q61065823,,,
7406,Thiruvonam,586,33,33-586-7406,,http://www.wikidata.org/entity/Q125634808,,,
5754,Pandalur,587,33,33-587-5754,,http://www.wikidata.org/entity/Q7130470,,,
5755,Gudalur,587,33,33-587-5755,,http://www.wikidata.org/entity/Q5614525,,,
5756,Udagamandalam,587,33,33-587-5756,,http://www.wikidata.org/entity/Q7876866,,,
5757,Kotagiri,587,33,33-587-5757,,http://www.wikidata.org/entity/Q6433844,,,
5758,Coonoor,587,33,33-587-5758,,http://www.wikidata.org/entity/Q5167694,,,
5759,Kundah,587,33,33-587-5759,,http://www.wikidata.org/entity/Q6444260,,,
5842,Bodinayakanur,588,33,33-588-5842,,http://www.wikidata.org/entity/Q16314325,,,
5843,Periyakulam,588,33,33-588-5843,,http://www.wikidata.org/entity/Q16313996,,,
5844,Theni,588,33,33-588-5844,,http://www.wikidata.org/entity/Q12984622,,,
5845,Uthamapalayam,588,33,33-588-5845,,http://www.wikidata.org/entity/Q12979506,,,
5846,Andipatti,588,33,33-588-5846,,http://www.wikidata.org/entity/Q4754493,,,
5693,Gummidipoondi,589,33,33-589-5693,,http://www.wikidata.org/entity/Q5618194,,,
5694,Ponneri,589,33,33-589-5694,,http://www.wikidata.org/entity/Q7227919,,,
5695,Uthukkottai,589,33,33-589-5695,,http://www.wikidata.org/entity/Q7902743,,,
5696,Tiruttani,589,33,33-589-5696,,http://www.wikidata.org/entity/Q11244192,,,
5697,Pallipattu,589,33,33-589-5697,,http://www.wikidata.org/entity/Q7127902,,,
5698,Tiruvallur,589,33,33-589-5698,,http://www.wikidata.org/entity/Q7809455,,,
5699,Poonamallee,589,33,33-589-5699,,http://www.wikidata.org/entity/Q7228708,,,
6621,Avadi,589,33,33-589-6621,,http://www.wikidata.org/entity/Q30672099,,,
6674,R K Pet,589,33,33-589-6674,,http://www.wikidata.org/entity/Q123267309,,,
5803,Valangaiman,590,33,33-590-5803,,http://www.wikidata.org/entity/Q7909247,,,
5804,Kudavasal,590,33,33-590-5804,,http://www.wikidata.org/entity/Q6441675,,,
5805,Nannilam,590,33,33-590-5805,,http://www.wikidata.org/entity/Q12984890,,,
5806,Tiruvarur,590,33,33-590-5806,,http://www.wikidata.org/entity/Q12984284,,,
5807,Needamangalam,590,33,33-590-5807,,http://www.wikidata.org/entity/Q12985230,,,
5808,Mannargudi,590,33,33-590-5808,,http://www.wikidata.org/entity/Q6750769,,,
5809,Thiruthiraipoondi,590,33,33-590-5809,,http://www.wikidata.org/entity/Q12984126,,,
6627,Koothanallur,590,33,33-590-6627,,http://www.wikidata.org/entity/Q61065887,,,
7408,Muthupettai,590,33,33-590-7408,,http://www.wikidata.org/entity/Q125636076,,,
5773,Thottiyam,591,33,33-591-5773,,http://www.wikidata.org/entity/Q7796945,,,
5774,Musiri,591,33,33-591-5774,,http://www.wikidata.org/entity/Q16935266,,,
5775,Thuraiyur,591,33,33-591-5775,,http://www.wikidata.org/entity/Q16308894,,,
5776,Manachanallur,591,33,33-591-5776,,http://www.wikidata.org/entity/Q12987029,,,
5777,Lalgudi,591,33,33-591-5777,,http://www.wikidata.org/entity/Q6480304,,,
5778,Srirangam,591,33,33-591-5778,,http://www.wikidata.org/entity/Q7586514,,,
5779,Tiruchirappalli West,591,33,33-591-5779,,http://www.wikidata.org/entity/Q7809312,,,
5780,Thiruverumbur,591,33,33-591-5780,,http://www.wikidata.org/entity/Q7785549,,,
5781,Manapparai,591,33,33-591-5781,,http://www.wikidata.org/entity/Q12987031,,,
5954,Marungapuri,591,33,33-591-5954,,http://www.wikidata.org/entity/Q16314770,,,
6620,Tiruchirappalli East,591,33,33-591-6620,,http://www.wikidata.org/entity/Q15618350,,,
5876,Tirunelveli,592,33,33-592-5876,,http://www.wikidata.org/entity/Q7809376,,,
5877,Palayamkottai,592,33,33-592-5877,,http://www.wikidata.org/entity/Q7126967,,,
5878,Ambasamudram,592,33,33-592-5878,,http://www.wikidata.org/entity/Q4741045,,,
5879,Nanguneri,592,33,33-592-5879,,http://www.wikidata.org/entity/Q6963554,,,
5880,Radhapuram,592,33,33-592-5880,,http://www.wikidata.org/entity/Q7280223,,,
6647,Manur,592,33,33-592-6647,,http://www.wikidata.org/entity/Q61065896,,,
6648,Cheranmahadevi,592,33,33-592-6648,,http://www.wikidata.org/entity/Q61065900,,,
6649,Tisaiyanvilai,592,33,33-592-6649,,http://www.wikidata.org/entity/Q61065801,,,
5721,Aarani,593,33,33-593-5721,,http://www.wikidata.org/entity/Q12974103,,,
5722,Cheyyar,593,33,33-593-5722,,http://www.wikidata.org/entity/Q16309756,,,
5723,Vandavasi,593,33,33-593-5723,,http://www.wikidata.org/entity/Q12988747,,,
5724,Polur,593,33,33-593-5724,,http://www.wikidata.org/entity/Q16314371,,,
5725,Chengam,593,33,33-593-5725,,http://www.wikidata.org/entity/Q12978767,,,
5726,Thandarampattu,593,33,33-593-5726,,http://www.wikidata.org/entity/Q12983213,,,
5727,Tiruvannamalai,593,33,33-593-5727,,http://www.wikidata.org/entity/Q12984248,,,
5959,Kalasapakkam,593,33,33-593-5959,,http://www.wikidata.org/entity/Q61065430,,,
6617,Chetpet,593,33,33-593-6617,,http://www.wikidata.org/entity/Q61065439,,,
6624,Vembakkam,593,33,33-593-6624,,http://www.wikidata.org/entity/Q61065445,,,
6630,Kilpennathur,593,33,33-593-6630,,http://www.wikidata.org/entity/Q61065434,,,
6631,Jamunamarathoor,593,33,33-593-6631,,http://www.wikidata.org/entity/Q61065448,,,
5862,Kovilpatti,594,33,33-594-5862,,http://www.wikidata.org/entity/Q12980555,,,
5863,Ettayapuram,594,33,33-594-5863,,http://www.wikidata.org/entity/Q12979614,,,
5864,Vilathikulam,594,33,33-594-5864,,http://www.wikidata.org/entity/Q12989177,,,
5865,Ottapidaram,594,33,33-594-5865,,http://www.wikidata.org/entity/Q12975872,,,
5866,Thoothukudi,594,33,33-594-5866,,http://www.wikidata.org/entity/Q12984475,,,
5867,Srivaikuntam,594,33,33-594-5867,,http://www.wikidata.org/entity/Q12989540,,,
5868,Thiruchendur,594,33,33-594-5868,,http://www.wikidata.org/entity/Q12984092,,,
5869,Sathankulam,594,33,33-594-5869,,http://www.wikidata.org/entity/Q12978086,,,
6628,Kayathar,594,33,33-594-6628,,http://www.wikidata.org/entity/Q61065886,,,
6633,Eral,594,33,33-594-6633,,http://www.wikidata.org/entity/Q61065793,,,
5712,Gudiyatham,595,33,33-595-5712,,http://www.wikidata.org/entity/Q123267322,,,
5713,Katpadi,595,33,33-595-5713,,http://www.wikidata.org/entity/Q6377834,,,
5717,Vellore,595,33,33-595-5717,,http://www.wikidata.org/entity/Q7919217,,,
5964,Anaicut,595,33,33-595-5964,,http://www.wikidata.org/entity/Q61065809,,,
6663,Pernampattu,595,33,33-595-6663,,http://www.wikidata.org/entity/Q61065812,,,
7052,K.V.Kuppam,595,33,33-595-7052,,http://www.wikidata.org/entity/Q25552916,,,
5728,Gingee,596,33,33-596-5728,,http://www.wikidata.org/entity/Q12978778,,,
5729,Tindivanam,596,33,33-596-5729,,http://www.wikidata.org/entity/Q12983956,,,
5730,Vanur,596,33,33-596-5730,,http://www.wikidata.org/entity/Q7915265,,,
5731,Viluppuram,596,33,33-596-5731,,http://www.wikidata.org/entity/Q12989197,,,
5978,Vikravandi,596,33,33-596-5978,,http://www.wikidata.org/entity/Q61065838,,,
6650,Marakanam,596,33,33-596-6650,,http://www.wikidata.org/entity/Q61065842,,,
6651,Kandachipuram,596,33,33-596-6651,,http://www.wikidata.org/entity/Q61065872,,,
6652,Melmalaiyanur,596,33,33-596-6652,,http://www.wikidata.org/entity/Q61065841,,,
7053,Thiruvennainallur,596,33,33-596-7053,,http://www.wikidata.org/entity/Q106348453,,,
5847,Rajapalaiyam,597,33,33-597-5847,,http://www.wikidata.org/entity/Q7285750,,,
5848,Srivilliputhur,597,33,33-597-5848,,http://www.wikidata.org/entity/Q7586537,,,
5849,Sivakasi,597,33,33-597-5849,,http://www.wikidata.org/entity/Q7532356,,,
5850,Virudhunagar,597,33,33-597-5850,,http://www.wikidata.org/entity/Q7935264,,,
5851,Kariapatti,597,33,33-597-5851,,http://www.wikidata.org/entity/Q6370458,,,
5852,Tiruchuli,597,33,33-597-5852,,http://www.wikidata.org/entity/Q7809321,,,
5853,Aruppukkottai,597,33,33-597-5853,,http://www.wikidata.org/entity/Q4802304,,,
5854,Sattur,597,33,33-597-5854,,http://www.wikidata.org/entity/Q7426551,,,
6640,Vembakottai,597,33,33-597-6640,,http://www.wikidata.org/entity/Q61065861,,,
6675,Watrap,597,33,33-597-6675,,http://www.wikidata.org/entity/Q65285380,,,
5785,Sendurai,610,33,33-610-5785,,http://www.wikidata.org/entity/Q4112876,,,
5786,Udayarpalayam,610,33,33-610-5786,,http://www.wikidata.org/entity/Q7877026,,,
5787,Ariyalur,610,33,33-610-5787,,http://www.wikidata.org/entity/Q4791183,,,
5983,Andimadam,610,33,33-610-5983,,http://www.wikidata.org/entity/Q61065885,,,
5901,Kangeyam,634,33,33-634-5901,,http://www.wikidata.org/entity/Q12980138,,,
5902,Dharapuram,634,33,33-634-5902,,http://www.wikidata.org/entity/Q12983886,,,
5903,Avinashi,634,33,33-634-5903,,http://www.wikidata.org/entity/Q12973893,,,
5905,Palladam,634,33,33-634-5905,,http://www.wikidata.org/entity/Q12985772,,,
5906,Udumalaipettai,634,33,33-634-5906,,http://www.wikidata.org/entity/Q12979488,,,
5907,Madathukulam,634,33,33-634-5907,,http://www.wikidata.org/entity/Q16314566,,,
5967,Tiruppur North,634,33,33-634-5967,,http://www.wikidata.org/entity/Q61065894,,,
5968,Tiruppur South,634,33,33-634-5968,,http://www.wikidata.org/entity/Q61065895,,,
6616,Uthukuli,634,33,33-634-6616,,http://www.wikidata.org/entity/Q61065803,,,
5732,Tirukkoyilur,729,33,33-729-5732,,http://www.wikidata.org/entity/Q7809328,,,
5733,Sankarapuram,729,33,33-729-5733,,http://www.wikidata.org/entity/Q7418668,,,
5734,Kallakkurichi,729,33,33-729-5734,,http://www.wikidata.org/entity/Q6353506,,,
5735,Ulundurpettai,729,33,33-729-5735,,http://www.wikidata.org/entity/Q12975325,,,
5977,Chinnasalem,729,33,33-729-5977,,http://www.wikidata.org/entity/Q48727850,,,
7055,Kalvarayan Hills,729,33,33-729-7055,,http://www.wikidata.org/entity/Q106298620,,,
7405,Vanapuram,729,33,33-729-7405,,http://www.wikidata.org/entity/Q123531999,,,
5703,Tambaram,730,33,33-730-5703,,http://www.wikidata.org/entity/Q4454761,,,
5706,Chengalpattu,730,33,33-730-5706,,http://www.wikidata.org/entity/Q4503701,,,
5709,Tirukalukundram,730,33,33-730-5709,,http://www.wikidata.org/entity/Q4982315,,,
5710,Madurantakam,730,33,33-730-5710,,http://www.wikidata.org/entity/Q5120340,,,
5711,Cheyyur,730,33,33-730-5711,,http://www.wikidata.org/entity/Q5094643,,,
5958,Thiruporur,730,33,33-730-5958,,http://www.wikidata.org/entity/Q30687161,,,
6629,Pallavaram,730,33,33-730-6629,,http://www.wikidata.org/entity/Q85791929,,,
7058,Vandalur,730,33,33-730-7058,,http://www.wikidata.org/entity/Q97232133,,,
5714,Wallajah,731,33,33-731-5714,,http://www.wikidata.org/entity/Q123282725,,,
5715,Arakkonam,731,33,33-731-5715,,http://www.wikidata.org/entity/Q4783853,,,
5716,Arcot,731,33,33-731-5716,,http://www.wikidata.org/entity/Q4787471,,,
6664,Nemili,731,33,33-731-6664,,http://www.wikidata.org/entity/Q61065814,,,
7059,Kalavai,731,33,33-731-7059,,http://www.wikidata.org/entity/Q85952243,,,
7060,Sholinghur,731,33,33-731-7060,,http://www.wikidata.org/entity/Q85952258,,,
5718,Vaniyambadi,732,33,33-732-5718,,http://www.wikidata.org/entity/Q7915032,,,
5719,Ambur,732,33,33-732-5719,,http://www.wikidata.org/entity/Q12974077,,,
5720,Tirupattur,732,33,33-732-5720,,http://www.wikidata.org/entity/Q7809393,,,
5963,Natrampalli,732,33,33-732-5963,,http://www.wikidata.org/entity/Q61065816,,,
5870,Sivagiri,733,33,33-733-5870,,http://www.wikidata.org/entity/Q7532330,,,
5871,Sankarankoil,733,33,33-733-5871,,http://www.wikidata.org/entity/Q7418660,,,
5872,Veerakeralamputhur,733,33,33-733-5872,,http://www.wikidata.org/entity/Q7918152,,,
5873,Tenkasi,733,33,33-733-5873,,http://www.wikidata.org/entity/Q7699908,,,
5874,Shenkottai,733,33,33-733-5874,,http://www.wikidata.org/entity/Q7494297,,,
5875,Alangulam,733,33,33-733-5875,,http://www.wikidata.org/entity/Q4708239,,,
6639,Kadayanallur,733,33,33-733-6639,,http://www.wikidata.org/entity/Q30687160,,,
6642,Thiruvengadam,733,33,33-733-6642,,http://www.wikidata.org/entity/Q61065897,,,
5795,Sirkazhi,735,33,33-735-5795,,http://www.wikidata.org/entity/Q12978563,,,
5796,Mayiladuthurai,735,33,33-735-5796,,http://www.wikidata.org/entity/Q6797293,,,
5797,Kuthalam,735,33,33-735-5797,,http://www.wikidata.org/entity/Q12980325,,,
5798,Tharangambadi,735,33,33-735-5798,,http://www.wikidata.org/entity/Q12983743,,,
5908,Yanam,,34,34-5908,,http://www.wikidata.org/entity/Q123254793,,,incomplete parentage on Wikidata
5913,Mahe,,34,34-5913,,http://www.wikidata.org/entity/Q123254791,,,incomplete parentage on Wikidata
5914,Karaikal,598,34,34-598-5914,,http://www.wikidata.org/entity/Q6367982,,,
5915,Thirunallar,598,34,34-598-5915,,http://www.wikidata.org/entity/Q7785381,,,
5909,Puducherry,600,34,34-600-5909,,http://www.wikidata.org/entity/Q123254792,,,
5910,Ozhukarai,600,34,34-600-5910,,http://www.wikidata.org/entity/Q15264922,,,
5911,Villianur,600,34,34-600-5911,,http://www.wikidata.org/entity/Q7931093,,,
5912,Bahour,600,34,34-600-5912,,http://www.wikidata.org/entity/Q4842710,,,
5922,Ferrargunj,602,35,35-602-5922,,http://www.wikidata.org/entity/Q5445252,,,
5923,Port Blair,602,35,35-602-5923,,http://www.wikidata.org/entity/Q123256248,,,
5924,Little Andaman,602,35,35-602-5924,,http://www.wikidata.org/entity/Q123256250,,,
5916,Car Nicobar,603,35,35-603-5916,,http://www.wikidata.org/entity/Q123256245,,,
5917,Nancowry,603,35,35-603-5917,,http://www.wikidata.org/entity/Q6962502,,,
5918,Great Nicobar,603,35,35-603-5918,,http://www.wikidata.org/entity/Q123256247,,,
5919,Diglipur,632,35,35-632-5919,,http://www.wikidata.org/entity/Q123256246,,,
5920,Mayabunder,632,35,35-632-5920,,http://www.wikidata.org/entity/Q107000192,,,
5921,Rangat,632,35,35-632-5921,,http://www.wikidata.org/entity/Q123256249,,,
4305,Tamsi mandal,501,36,36-501-4305,,http://www.wikidata.org/entity/Q3411620,,,
4306,Adilabad Urban mandal,501,36,36-501-4306,,http://www.wikidata.org/entity/Q11100248,,,
4307,Jainad mandal,501,36,36-501-4307,,http://www.wikidata.org/entity/Q61127879,,,
4308,Bela mandal,501,36,36-501-4308,,http://www.wikidata.org/entity/Q61577018,,,
4309,Talamadugu mandal,501,36,36-501-4309,,http://www.wikidata.org/entity/Q7678854,,,
4310,Gudihathnur mandal,501,36,36-501-4310,,http://www.wikidata.org/entity/Q65318075,,,
4311,Inderavelly mandal,501,36,36-501-4311,,http://www.wikidata.org/entity/Q6017710,,,
4312,Narnoor mandal,501,36,36-501-4312,,http://www.wikidata.org/entity/Q10968955,,,
4321,Utnoor mandal,501,36,36-501-4321,,http://www.wikidata.org/entity/Q58925317,,,
4322,Ichoda mandal,501,36,36-501-4322,,http://www.wikidata.org/entity/Q58925374,,,
4323,Bazarhathnoor mandal,501,36,36-501-4323,,http://www.wikidata.org/entity/Q61576406,,,
4324,Boath City,501,36,36-501-4324,,http://www.wikidata.org/entity/Q3412911,,,
4325,Neradigonda mandal,501,36,36-501-4325,,http://www.wikidata.org/entity/Q61577443,,,
6221,Adilabad Rural Mandal,501,36,36-501-6221,,http://www.wikidata.org/entity/Q57204417,,,
6222,Mavala Mandal,501,36,36-501-6222,,http://www.wikidata.org/entity/Q65318582,,,
6223,Bheempur Mandal,501,36,36-501-6223,,http://www.wikidata.org/entity/Q65318525,,,
6224,Sirikonda mandal,501,36,36-501-6224,,http://www.wikidata.org/entity/Q65318874,,,
6225,Gadiguda Mandal,501,36,36-501-6225,,http://www.wikidata.org/entity/Q65318056,,,
7515,Sathnala Mandal,501,36,36-501-7515,,http://www.wikidata.org/entity/Q135553533,,,
7529,Bhoraj Mandal,501,36,36-501-7529,,http://www.wikidata.org/entity/Q135553520,,,
4496,Shaikpet Mandal,507,36,36-507-4496,,http://www.wikidata.org/entity/Q65065478,,,
4497,Ameerpet mandal,507,36,36-507-4497,,http://www.wikidata.org/entity/Q61607257,,,
4498,Secunderabad mandal,507,36,36-507-4498,,http://www.wikidata.org/entity/Q61607258,,,
4499,Thirumalagiri Mandal,507,36,36-507-4499,,http://www.wikidata.org/entity/Q65319262,,,
4500,Maredpalle mandal,507,36,36-507-4500,,http://www.wikidata.org/entity/Q6772802,,,
4501,Musheerabad mandal,507,36,36-507-4501,,http://www.wikidata.org/entity/Q61607261,,,
4502,Amberpet mandal,507,36,36-507-4502,,http://www.wikidata.org/entity/Q4741369,,,
4503,Himayatnagar mandal,507,36,36-507-4503,,http://www.wikidata.org/entity/Q16341850,,,
4504,Nampally mandal,507,36,36-507-4504,,http://www.wikidata.org/entity/Q6962019,,,
4505,Khairatabad mandal,507,36,36-507-4505,,http://www.wikidata.org/entity/Q61607262,,,
4506,Asif Nagar Mandal,507,36,36-507-4506,,http://www.wikidata.org/entity/Q4806922,,,
4507,Golconda mandal,507,36,36-507-4507,,http://www.wikidata.org/entity/Q61607263,,,
4508,Bahadurpura mandal,507,36,36-507-4508,,http://www.wikidata.org/entity/Q61607265,,,
4509,Bandlaguda mandal,507,36,36-507-4509,,http://www.wikidata.org/entity/Q61607266,,,
4510,Charminar mandal,507,36,36-507-4510,,http://www.wikidata.org/entity/Q61607271,,,
4511,Sayeedabad mandal,507,36,36-507-4511,,http://www.wikidata.org/entity/Q7399933,,,
4422,Gangadhara mandal,508,36,36-508-4422,,http://www.wikidata.org/entity/Q61754065,,,
4423,Ramadugu mandal,508,36,36-508-4423,,http://www.wikidata.org/entity/Q61754087,,,
4424,Choppadandi mandal,508,36,36-508-4424,,http://www.wikidata.org/entity/Q61754139,,,
4427,Manakondur mandal,508,36,36-508-4427,,http://www.wikidata.org/entity/Q61758805,,,
4428,Karimnagar Rural Mandal,508,36,36-508-4428,,http://www.wikidata.org/entity/Q82428804,,,
4438,Timmapur mandal,508,36,36-508-4438,,http://www.wikidata.org/entity/Q61761305,,,
4439,Veenavanka mandal,508,36,36-508-4439,,http://www.wikidata.org/entity/Q61761331,,,
4440,Jammikunta mandal,508,36,36-508-4440,,http://www.wikidata.org/entity/Q61761343,,,
4441,Shankarapatnam mandal,508,36,36-508-4441,,http://www.wikidata.org/entity/Q24906537,,,
4442,Chigurumamidi mandal,508,36,36-508-4442,,http://www.wikidata.org/entity/Q5097243,,,
4445,Saidapur mandal,508,36,36-508-4445,,http://www.wikidata.org/entity/Q61761541,,,
4446,Huzurabad mandal,508,36,36-508-4446,,http://www.wikidata.org/entity/Q61761578,,,
6230,Kothapally Mandal,508,36,36-508-6230,,http://www.wikidata.org/entity/Q65317981,,,
6231,Karimnagar mandal,508,36,36-508-6231,,http://www.wikidata.org/entity/Q122949093,,,
6232,Ganneruvaram Mandal,508,36,36-508-6232,,http://www.wikidata.org/entity/Q55887449,,,
6234,Illandakunta Mandal,508,36,36-508-6234,,http://www.wikidata.org/entity/Q65317837,,,
4744,Singareni mandal,509,36,36-509-4744,,http://www.wikidata.org/entity/Q61633457,,,
4745,Kamepalle mandal,509,36,36-509-4745,,http://www.wikidata.org/entity/Q61633484,,,
4751,Sathupalli mandal,509,36,36-509-4751,,http://www.wikidata.org/entity/Q3430148,,,
4752,Penuballi mandal,509,36,36-509-4752,,http://www.wikidata.org/entity/Q61633806,,,
4753,Enkuru mandal,509,36,36-509-4753,,http://www.wikidata.org/entity/Q5379039,,,
4754,Thirumalayapalem mandal,509,36,36-509-4754,,http://www.wikidata.org/entity/Q61634045,,,
4755,Kusumanchi mandal,509,36,36-509-4755,,http://www.wikidata.org/entity/Q61634138,,,
4756,Khammam (Rural) mandal,509,36,36-509-4756,,http://www.wikidata.org/entity/Q15696667,,,
4757,Raghunadhapalem Mandal,509,36,36-509-4757,,http://www.wikidata.org/entity/Q65317667,,,
4758,Mudigonda mandal,509,36,36-509-4758,,http://www.wikidata.org/entity/Q61634499,,,
4759,Nelakondapalle mandal,509,36,36-509-4759,,http://www.wikidata.org/entity/Q61634543,,,
4760,Chinthakani mandal,509,36,36-509-4760,,http://www.wikidata.org/entity/Q61634581,,,
4761,Konijerla mandal,509,36,36-509-4761,,http://www.wikidata.org/entity/Q15693382,,,
4762,Tallada mandal,509,36,36-509-4762,,http://www.wikidata.org/entity/Q61634664,,,
4763,Kallur mandal,509,36,36-509-4763,,http://www.wikidata.org/entity/Q61634720,,,
4764,Wyra mandal,509,36,36-509-4764,,http://www.wikidata.org/entity/Q61634792,,,
4765,Bonakal mandal,509,36,36-509-4765,,http://www.wikidata.org/entity/Q61634896,,,
4766,Madhira mandal,509,36,36-509-4766,,http://www.wikidata.org/entity/Q3317083,,,
4767,Yerrupalem mandal,509,36,36-509-4767,,http://www.wikidata.org/entity/Q61634929,,,
4768,Vemsoor mandal,509,36,36-509-4768,,http://www.wikidata.org/entity/Q61635030,,,
6326,Khammam (Urban) mandal,509,36,36-509-6326,,http://www.wikidata.org/entity/Q12995020,,,
4538,Gandeed mandal,512,36,36-512-4538,,http://www.wikidata.org/entity/Q65317371,,,
4555,Hanwada mandal,512,36,36-512-4555,,http://www.wikidata.org/entity/Q65317747,,,
4556,Nawabpet mandal,512,36,36-512-4556,,http://www.wikidata.org/entity/Q6982799,,,
4557,Balanagar Mandal,512,36,36-512-4557,,http://www.wikidata.org/entity/Q65317593,,,
4566,Midjil mandal,512,36,36-512-4566,,http://www.wikidata.org/entity/Q65317644,,,
4567,Jadcherla  Mandal,512,36,36-512-4567,,http://www.wikidata.org/entity/Q59099799,,,
4568,Mahabubnagar Urban Mandal,512,36,36-512-4568,,http://www.wikidata.org/entity/Q11036511,,,
4569,Koilkonda Mandal,512,36,36-512-4569,,http://www.wikidata.org/entity/Q122678127,,,
4573,Devarakadra mandal,512,36,36-512-4573,,http://www.wikidata.org/entity/Q65317485,,,
4574,Bhoothpur Mandal,512,36,36-512-4574,,http://www.wikidata.org/entity/Q3424130,,,
4586,Addakal mandal,512,36,36-512-4586,,http://www.wikidata.org/entity/Q65317768,,,
4587,Chinnachintakunta mandal,512,36,36-512-4587,,http://www.wikidata.org/entity/Q59123314,,,
6258,Mahabubnagar Rural mandal,512,36,36-512-6258,,http://www.wikidata.org/entity/Q13005893,,,
6260,Moosapet Mandal,512,36,36-512-6260,,http://www.wikidata.org/entity/Q57859447,,,
6261,Rajapur Mandal,512,36,36-512-6261,,http://www.wikidata.org/entity/Q65317670,,,
7187,Mohammadabad mandal,512,36,36-512-7187,,http://www.wikidata.org/entity/Q123254304,,,
7522,Koukuntla Mandal,512,36,36-512-7522,,http://www.wikidata.org/entity/Q135553548,,,
4454,Shankarampet (A) mandal,513,36,36-513-4454,,http://www.wikidata.org/entity/Q58498846,,,
4455,Papannapet mandal,513,36,36-513-4455,,http://www.wikidata.org/entity/Q3424160,,,
4456,Medak mandal,513,36,36-513-4456,,http://www.wikidata.org/entity/Q13564974,,,
4457,Ramayampeta mandal,513,36,36-513-4457,,http://www.wikidata.org/entity/Q58498379,,,
4466,Chegunta mandal,513,36,36-513-4466,,http://www.wikidata.org/entity/Q59058358,,,
4467,Shankarampet (R) mandal,513,36,36-513-4467,,http://www.wikidata.org/entity/Q58498770,,,
4468,Kulcharam Mandal,513,36,36-513-4468,,http://www.wikidata.org/entity/Q58495977,,,
4469,Tekmal mandal,513,36,36-513-4469,,http://www.wikidata.org/entity/Q58496570,,,
4470,Alladurg Mandal,513,36,36-513-4470,,http://www.wikidata.org/entity/Q58495646,,,
4471,Regode Mandal,513,36,36-513-4471,,http://www.wikidata.org/entity/Q58498543,,,
4480,Kowdipally Mandal,513,36,36-513-4480,,http://www.wikidata.org/entity/Q58496193,,,
4481,Yeldurthy Mandal,513,36,36-513-4481,,http://www.wikidata.org/entity/Q3426087,,,
4482,Toopran mandal,513,36,36-513-4482,,http://www.wikidata.org/entity/Q58496624,,,
4487,Shivampet mandal,513,36,36-513-4487,,http://www.wikidata.org/entity/Q58454693,,,
4488,Narsapur Mandal,513,36,36-513-4488,,http://www.wikidata.org/entity/Q3422551,,,
6270,Havelighanapur Mandal,513,36,36-513-6270,,http://www.wikidata.org/entity/Q58498997,,,
6271,Nizampet Mandal,513,36,36-513-6271,,http://www.wikidata.org/entity/Q15705581,,,
6272,Narsingi Mandal,513,36,36-513-6272,,http://www.wikidata.org/entity/Q65317105,,,
6273,Manoharabad Mandal,513,36,36-513-6273,,http://www.wikidata.org/entity/Q16343092,,,
6274,Chilipched Mandal,513,36,36-513-6274,,http://www.wikidata.org/entity/Q58496375,,,
7190,Masaipet Mandal,513,36,36-513-7190,,http://www.wikidata.org/entity/Q111777409,,,
4624,Sali Gouraram Mandal,514,36,36-514-4624,,http://www.wikidata.org/entity/Q3428266,,,
4633,Chityala Mandal,514,36,36-514-4633,,http://www.wikidata.org/entity/Q59124775,,,
4634,Narketpalli Mandal,514,36,36-514-4634,,http://www.wikidata.org/entity/Q59260365,,,
4635,Kattangoor Mandal,514,36,36-514-4635,,http://www.wikidata.org/entity/Q59260370,,,
4636,Nakrekal Mandal,514,36,36-514-4636,,http://www.wikidata.org/entity/Q59124889,,,
4637,Kethepalli Mandal,514,36,36-514-4637,,http://www.wikidata.org/entity/Q59260374,,,
4644,Vemulapalli Mandal,514,36,36-514-4644,,http://www.wikidata.org/entity/Q59260431,,,
4645,Thipparthi Mandal,514,36,36-514-4645,,http://www.wikidata.org/entity/Q59260449,,,
4646,Nalgonda mandal,514,36,36-514-4646,,http://www.wikidata.org/entity/Q5593586,,,
4647,Munugodu Mandal,514,36,36-514-4647,,http://www.wikidata.org/entity/Q59260466,,,
4649,Marriguda Mandal,514,36,36-514-4649,,http://www.wikidata.org/entity/Q59260481,,,
4650,Chinthapalli Mandal,514,36,36-514-4650,,http://www.wikidata.org/entity/Q59260488,,,
4651,Gundlapalli mandal,514,36,36-514-4651,,http://www.wikidata.org/entity/Q59260513,,,
4652,Chandampeta Mandal,514,36,36-514-4652,,http://www.wikidata.org/entity/Q59260525,,,
4653,Devarakonda Mandal,514,36,36-514-4653,,http://www.wikidata.org/entity/Q59125209,,,
4654,Nampalli Mandal,514,36,36-514-4654,,http://www.wikidata.org/entity/Q59260561,,,
4655,Chandur Mandal,514,36,36-514-4655,,http://www.wikidata.org/entity/Q59125300,,,
4656,Kangal Mandal,514,36,36-514-4656,,http://www.wikidata.org/entity/Q11107855,,,
4657,Gurrampode mandal,514,36,36-514-4657,,http://www.wikidata.org/entity/Q3425954,,,
4658,Pedda Adiserlapalli Mandal,514,36,36-514-4658,,http://www.wikidata.org/entity/Q59260629,,,
4659,Peddavoora mandal,514,36,36-514-4659,,http://www.wikidata.org/entity/Q59260642,,,
4660,Anumula mandal,514,36,36-514-4660,,http://www.wikidata.org/entity/Q59260667,,,
4661,Nidamanur mandal,514,36,36-514-4661,,http://www.wikidata.org/entity/Q59260680,,,
4662,Thripuraram Mandal,514,36,36-514-4662,,http://www.wikidata.org/entity/Q59260195,,,
4663,Dameracherla Mandal,514,36,36-514-4663,,http://www.wikidata.org/entity/Q65318228,,,
4664,Miryalaguda mandal,514,36,36-514-4664,,http://www.wikidata.org/entity/Q59119017,,,
6304,Adavidevulapalli Mandal,514,36,36-514-6304,,http://www.wikidata.org/entity/Q59260185,,,
6305,Madugulapalli Mandal,514,36,36-514-6305,,http://www.wikidata.org/entity/Q59260418,,,
6306,Thirumalagiri Sagar mandal,514,36,36-514-6306,,http://www.wikidata.org/entity/Q59260652,,,
6307,Kondamallepalli Mandal,514,36,36-514-6307,,http://www.wikidata.org/entity/Q59125112,,,
6308,Neradugommu mandal,514,36,36-514-6308,,http://www.wikidata.org/entity/Q59260536,,,
7526,Gattuppal Mandal,514,36,36-514-7526,,http://www.wikidata.org/entity/Q135553542,,,
7527,Gudipally Mandal,514,36,36-514-7527,,http://www.wikidata.org/entity/Q135553525,,,
4357,Renjal Mandal,516,36,36-516-4357,,http://www.wikidata.org/entity/Q65318724,,,
4358,Navipet Mandal,516,36,36-516-4358,,http://www.wikidata.org/entity/Q65318295,,,
4359,Nandipet Mandal,516,36,36-516-4359,,http://www.wikidata.org/entity/Q65318276,,,
4360,Armoor Mandal,516,36,36-516-4360,,http://www.wikidata.org/entity/Q58927957,,,
4361,Balkonda Mandal,516,36,36-516-4361,,http://www.wikidata.org/entity/Q65318457,,,
4362,Morthad Mandal,516,36,36-516-4362,,http://www.wikidata.org/entity/Q65318639,,,
4363,Kammarpally Mandal,516,36,36-516-4363,,http://www.wikidata.org/entity/Q65317894,,,
4364,Bheemgal Mandal,516,36,36-516-4364,,http://www.wikidata.org/entity/Q65318521,,,
4365,Vailpoor Mandal,516,36,36-516-4365,,http://www.wikidata.org/entity/Q65318828,,,
4366,Jakranpally Mandal,516,36,36-516-4366,,http://www.wikidata.org/entity/Q65318124,,,
4367,Makloor Mandal,516,36,36-516-4367,,http://www.wikidata.org/entity/Q65318570,,,
4368,Nizamabad North Mandal,516,36,36-516-4368,,http://www.wikidata.org/entity/Q60761073,,,
4369,Yedapally Mandal,516,36,36-516-4369,,http://www.wikidata.org/entity/Q65317852,,,
4370,Bodhan mandal,516,36,36-516-4370,,http://www.wikidata.org/entity/Q65318512,,,
4371,Kotagiri Mandal,516,36,36-516-4371,,http://www.wikidata.org/entity/Q65318002,,,
4376,Varni Mandal,516,36,36-516-4376,,http://www.wikidata.org/entity/Q65318771,,,
4377,Dichpally Mandal,516,36,36-516-4377,,http://www.wikidata.org/entity/Q65318161,,,
4378,Dharpally Mandal,516,36,36-516-4378,,http://www.wikidata.org/entity/Q65318264,,,
4379,Sirikonda Mandal,516,36,36-516-4379,,http://www.wikidata.org/entity/Q65318877,,,
6233,Nizamabad mandal,516,36,36-516-6233,,http://www.wikidata.org/entity/Q24906817,,,
6235,Mugpal Mandal,516,36,36-516-6235,,http://www.wikidata.org/entity/Q65318585,,,
6236,Indalwai Mandal,516,36,36-516-6236,,http://www.wikidata.org/entity/Q65317829,,,
6237,Mendora Mandal,516,36,36-516-6237,,http://www.wikidata.org/entity/Q28843694,,,
6238,Mupkal Mandal,516,36,36-516-6238,,http://www.wikidata.org/entity/Q65318601,,,
6239,Yergatla Mandal,516,36,36-516-6239,,http://www.wikidata.org/entity/Q65317856,,,
6240,Rudrur Mandal,516,36,36-516-6240,,http://www.wikidata.org/entity/Q65318716,,,
6385,Nizamabad South Mandal,516,36,36-516-6385,,http://www.wikidata.org/entity/Q60761076,,,
6668,Mosara Mandal,516,36,36-516-6668,,http://www.wikidata.org/entity/Q65316889,,,
6669,Chandur Mandal,516,36,36-516-6669,,http://www.wikidata.org/entity/Q65316864,,,
7528,Aloor Mandal,516,36,36-516-7528,,http://www.wikidata.org/entity/Q135553523,,,
7530,Donkeshwar Mandal,516,36,36-516-7530,,http://www.wikidata.org/entity/Q135553521,,,
7532,Saloora Mandal,516,36,36-516-7532,,http://www.wikidata.org/entity/Q135553532,,,
7534,Pothangal Mandal,516,36,36-516-7534,,http://www.wikidata.org/entity/Q135553535,,,
4515,Shankarpalli mandal,518,36,36-518-4515,,http://www.wikidata.org/entity/Q30588045,,,
4516,Serilingampally Mandal,518,36,36-518-4516,,http://www.wikidata.org/entity/Q65319583,,,
4525,Hayathnagar Mandal,518,36,36-518-4525,,http://www.wikidata.org/entity/Q3416791,,,
4526,Saroornagar Mandal,518,36,36-518-4526,,http://www.wikidata.org/entity/Q65319620,,,
4527,Rajendranagar mandal,518,36,36-518-4527,,http://www.wikidata.org/entity/Q2732987,,,
4528,Moinabad mandal,518,36,36-518-4528,,http://www.wikidata.org/entity/Q30596075,,,
4529,Chevella Mandal,518,36,36-518-4529,,http://www.wikidata.org/entity/Q3412847,,,
4542,Shabad mandal,518,36,36-518-4542,,http://www.wikidata.org/entity/Q13010781,,,
4543,Shamshabad mandal,518,36,36-518-4543,,http://www.wikidata.org/entity/Q7487753,,,
4544,Maheshwaram mandal,518,36,36-518-4544,,http://www.wikidata.org/entity/Q65319441,,,
4545,Kandukur Mandal,518,36,36-518-4545,,http://www.wikidata.org/entity/Q11105948,,,
4546,Ibrahimpatnam Mandal,518,36,36-518-4546,,http://www.wikidata.org/entity/Q15690307,,,
4547,Manchal mandal,518,36,36-518-4547,,http://www.wikidata.org/entity/Q6747206,,,
4548,Yacharam Mandal,518,36,36-518-4548,,http://www.wikidata.org/entity/Q65319482,,,
4558,Kondurg Mandal,518,36,36-518-4558,,http://www.wikidata.org/entity/Q3420783,,,
4559,Farooqnagar Mandal,518,36,36-518-4559,,http://www.wikidata.org/entity/Q59099477,,,
4560,Kothur mandal,518,36,36-518-4560,,http://www.wikidata.org/entity/Q59099757,,,
4561,Keshampeta mandal,518,36,36-518-4561,,http://www.wikidata.org/entity/Q65319075,,,
4562,Talakondapally mandal,518,36,36-518-4562,,http://www.wikidata.org/entity/Q65319241,,,
4563,Amangal Mandal,518,36,36-518-4563,,http://www.wikidata.org/entity/Q3420592,,,
4564,Madgul mandal,518,36,36-518-4564,,http://www.wikidata.org/entity/Q65319445,,,
6319,Abdullapurmet mandal,518,36,36-518-6319,,http://www.wikidata.org/entity/Q4666150,,,
6320,Gandipet Mandal,518,36,36-518-6320,,http://www.wikidata.org/entity/Q15697387,,,
6321,Nandigama Mandal,518,36,36-518-6321,,http://www.wikidata.org/entity/Q65319306,,,
6322,Jilled Chowdergudem Mandal,518,36,36-518-6322,,http://www.wikidata.org/entity/Q57330236,,,
6323,Balapur Mandal,518,36,36-518-6323,,http://www.wikidata.org/entity/Q59075222,,,
6324,Kadthal Mandal,518,36,36-518-6324,,http://www.wikidata.org/entity/Q65319040,,,
4692,Nallabelly mandal,522,36,36-522-4692,,http://www.wikidata.org/entity/Q65317507,,,
4693,Duggondi Mandal,522,36,36-522-4693,,http://www.wikidata.org/entity/Q65317483,,,
4703,Raiparthy mandal,522,36,36-522-4703,,http://www.wikidata.org/entity/Q65317677,,,
4704,Wardhannapet Mandal,522,36,36-522-4704,,http://www.wikidata.org/entity/Q65317699,,,
4705,Sangem mandal,522,36,36-522-4705,,http://www.wikidata.org/entity/Q65317738,,,
4706,Warangal mandal,522,36,36-522-4706,,http://www.wikidata.org/entity/Q11106449,,,
4707,Geesugonda Mandal,522,36,36-522-4707,,http://www.wikidata.org/entity/Q65317382,,,
4708,Narsampet Mandal,522,36,36-522-4708,,http://www.wikidata.org/entity/Q6966360,,,
4709,Khanapur mandal,522,36,36-522-4709,,http://www.wikidata.org/entity/Q65317367,,,
4712,Chennaraopet Mandal,522,36,36-522-4712,,http://www.wikidata.org/entity/Q11106263,,,
4713,Nekkonda mandal,522,36,36-522-4713,,http://www.wikidata.org/entity/Q65317519,,,
4714,Parvathagiri Mandal,522,36,36-522-4714,,http://www.wikidata.org/entity/Q65317539,,,
6246,Khila Warangal Mandal,522,36,36-522-6246,,http://www.wikidata.org/entity/Q59070180,,,
4335,Kaddam (Peddur) mandal,680,36,36-680-4335,,http://www.wikidata.org/entity/Q11037374,,,
4336,Sarangapur mandal,680,36,36-680-4336,,http://www.wikidata.org/entity/Q61580660,,,
4337,Kuntala mandal,680,36,36-680-4337,,http://www.wikidata.org/entity/Q61581036,,,
4338,Kubeer mandal,680,36,36-680-4338,,http://www.wikidata.org/entity/Q6441206,,,
4339,Bhainsa mandal,680,36,36-680-4339,,http://www.wikidata.org/entity/Q58925421,,,
4340,Tanoor mandal,680,36,36-680-4340,,http://www.wikidata.org/entity/Q11100653,,,
4341,Mudhole mandal,680,36,36-680-4341,,http://www.wikidata.org/entity/Q61581627,,,
4342,Lokeswaram mandal,680,36,36-680-4342,,http://www.wikidata.org/entity/Q6668655,,,
4343,Dilawarpur mandal,680,36,36-680-4343,,http://www.wikidata.org/entity/Q11037453,,,
4344,Nirmal mandal,680,36,36-680-4344,,http://www.wikidata.org/entity/Q58925460,,,
4345,Laxmanchanda mandal,680,36,36-680-4345,,http://www.wikidata.org/entity/Q10969071,,,
4346,Mamda mandal,680,36,36-680-4346,,http://www.wikidata.org/entity/Q976202,,,
4347,Khanapur Mandal,680,36,36-680-4347,,http://www.wikidata.org/entity/Q65318022,,,
6205,Basar Mandal,680,36,36-680-6205,,http://www.wikidata.org/entity/Q65318462,,,
6206,Pembi Mandal,680,36,36-680-6206,,http://www.wikidata.org/entity/Q65318403,,,
6207,Dasturabad Mandal,680,36,36-680-6207,,http://www.wikidata.org/entity/Q65318223,,,
6208,Narsapur G Mandal,680,36,36-680-6208,,http://www.wikidata.org/entity/Q65318290,,,
6209,Soan Mandal,680,36,36-680-6209,,http://www.wikidata.org/entity/Q65318897,,,
6210,Nirmal Rural Mandal,680,36,36-680-6210,,http://www.wikidata.org/entity/Q59766587,,,
4393,Ibrahimpatnam mandal,681,36,36-681-4393,,http://www.wikidata.org/entity/Q61694200,,,
4394,Mallapur mandal,681,36,36-681-4394,,http://www.wikidata.org/entity/Q61694249,,,
4395,Raikal mandal,681,36,36-681-4395,,http://www.wikidata.org/entity/Q7283848,,,
4396,Sarangapur mandal,681,36,36-681-4396,,http://www.wikidata.org/entity/Q61694510,,,
4397,Dharmapuri mandal,681,36,36-681-4397,,http://www.wikidata.org/entity/Q61695258,,,
4398,Velgatoor mandal,681,36,36-681-4398,,http://www.wikidata.org/entity/Q61701043,,,
4412,Gollapalle mandal,681,36,36-681-4412,,http://www.wikidata.org/entity/Q61747442,,,
4413,Mallial mandal,681,36,36-681-4413,,http://www.wikidata.org/entity/Q61747450,,,
4414,Jagtial mandal,681,36,36-681-4414,,http://www.wikidata.org/entity/Q58934016,,,
4415,Medipalle mandal,681,36,36-681-4415,,http://www.wikidata.org/entity/Q6806992,,,
4416,Koratla mandal,681,36,36-681-4416,,http://www.wikidata.org/entity/Q58934255,,,
4417,Metpalle mandal,681,36,36-681-4417,,http://www.wikidata.org/entity/Q6824287,,,
4418,Kathlapur mandal,681,36,36-681-4418,,http://www.wikidata.org/entity/Q61751634,,,
4420,Kodimial mandal,681,36,36-681-4420,,http://www.wikidata.org/entity/Q6425334,,,
4421,Pegadapally mandal,681,36,36-681-4421,,http://www.wikidata.org/entity/Q61754045,,,
6211,Jagitial Rural Mandal,681,36,36-681-6211,,http://www.wikidata.org/entity/Q12997680,,,
6212,Beerpur Mandal,681,36,36-681-6212,,http://www.wikidata.org/entity/Q65318484,,,
6213,Buggaram Mandal,681,36,36-681-6213,,http://www.wikidata.org/entity/Q65318486,,,
7539,Endapalli Mandal,681,36,36-681-7539,,http://www.wikidata.org/entity/Q135553547,,,
7541,Bheemaram (20) Mandal,681,36,36-681-7541,,http://www.wikidata.org/entity/Q135553534,,,
4399,Ramagundam mandal,682,36,36-682-4399,,http://www.wikidata.org/entity/Q61701070,,,
4400,Kamanpur mandal,682,36,36-682-4400,,http://www.wikidata.org/entity/Q61701106,,,
4401,Manthani mandal,682,36,36-682-4401,,http://www.wikidata.org/entity/Q61701134,,,
4406,Mutharam (Manthani) mandal,682,36,36-682-4406,,http://www.wikidata.org/entity/Q6943827,,,
4407,Srirampur mandal,682,36,36-682-4407,,http://www.wikidata.org/entity/Q61747010,,,
4408,Peddapalli mandal,682,36,36-682-4408,,http://www.wikidata.org/entity/Q11101997,,,
4409,Julapalle mandal,682,36,36-682-4409,,http://www.wikidata.org/entity/Q11103028,,,
4410,Elgaid mandal,682,36,36-682-4410,,http://www.wikidata.org/entity/Q61747399,,,
4411,Dharmaram mandal,682,36,36-682-4411,,http://www.wikidata.org/entity/Q15704822,,,
4425,Sultanabad mandal,682,36,36-682-4425,,http://www.wikidata.org/entity/Q58481169,,,
4426,Odela mandal,682,36,36-682-4426,,http://www.wikidata.org/entity/Q61754348,,,
6214,Anthergaon Mandal,682,36,36-682-6214,,http://www.wikidata.org/entity/Q12989863,,,
6215,Palakurthy Mandal,682,36,36-682-6215,,http://www.wikidata.org/entity/Q56867242,,,
6216,Ramagiri Mandal,682,36,36-682-6216,,http://www.wikidata.org/entity/Q58932547,,,
4419,Chandurthi mandal,683,36,36-683-4419,,http://www.wikidata.org/entity/Q61754024,,,
4429,Boinpalle mandal,683,36,36-683-4429,,http://www.wikidata.org/entity/Q4938398,,,
4430,Vemulavada mandal,683,36,36-683-4430,,http://www.wikidata.org/entity/Q3430092,,,
4431,Konaraopeta mandal,683,36,36-683-4431,,http://www.wikidata.org/entity/Q61758938,,,
4432,Yellareddipet mandal,683,36,36-683-4432,,http://www.wikidata.org/entity/Q15691107,,,
4433,Gambhiraopet mandal,683,36,36-683-4433,,http://www.wikidata.org/entity/Q61760525,,,
4434,Mustabad mandal,683,36,36-683-4434,,http://www.wikidata.org/entity/Q6943191,,,
4435,Sircilla mandal,683,36,36-683-4435,,http://www.wikidata.org/entity/Q16339914,,,
4436,Ellanthakunta mandal,683,36,36-683-4436,,http://www.wikidata.org/entity/Q61761201,,,
6217,Thangallapalli Mandal,683,36,36-683-6217,,http://www.wikidata.org/entity/Q65318167,,,
6218,Vemulavada (Rural) Mandal,683,36,36-683-6218,,http://www.wikidata.org/entity/Q13010191,,,
6219,Rudrangi Mandal,683,36,36-683-6219,,http://www.wikidata.org/entity/Q65318713,,,
6220,Veernapalli Mandal,683,36,36-683-6220,,http://www.wikidata.org/entity/Q65318799,,,
4328,Bheemini Mandal,684,36,36-684-4328,,http://www.wikidata.org/entity/Q65319417,,,
4330,Vemanpalle mandal,684,36,36-684-4330,,http://www.wikidata.org/entity/Q7919475,,,
4331,Nennal mandal,684,36,36-684-4331,,http://www.wikidata.org/entity/Q11028868,,,
4332,Tandur mandal,684,36,36-684-4332,,http://www.wikidata.org/entity/Q24949749,,,
4334,Jannaram mandal,684,36,36-684-4334,,http://www.wikidata.org/entity/Q61580260,,,
4348,Dandepalle mandal,684,36,36-684-4348,,http://www.wikidata.org/entity/Q5215709,,,
4349,Kasipet mandal,684,36,36-684-4349,,http://www.wikidata.org/entity/Q58925513,,,
4350,Bellampally Mandal,684,36,36-684-4350,,http://www.wikidata.org/entity/Q58925141,,,
4351,Kotapalle mandal,684,36,36-684-4351,,http://www.wikidata.org/entity/Q30594090,,,
4352,Mandamarri mandal,684,36,36-684-4352,,http://www.wikidata.org/entity/Q11098756,,,
4353,Luxettipet mandal,684,36,36-684-4353,,http://www.wikidata.org/entity/Q11105912,,,
4354,Mancherial mandal,684,36,36-684-4354,,http://www.wikidata.org/entity/Q58925954,,,
4355,Jaipur mandal,684,36,36-684-4355,,http://www.wikidata.org/entity/Q19892069,,,
4356,Chennur mandal,684,36,36-684-4356,,http://www.wikidata.org/entity/Q58927342,,,
6226,Naspur Mandal,684,36,36-684-6226,,http://www.wikidata.org/entity/Q58927113,,,
6227,Hajipur Mandal,684,36,36-684-6227,,http://www.wikidata.org/entity/Q30594087,,,
6228,Bheemaram mandal,684,36,36-684-6228,,http://www.wikidata.org/entity/Q30594082,,,
6229,Kannepally mandal,684,36,36-684-6229,,http://www.wikidata.org/entity/Q65317884,,,
4372,Madnoor Mandal,685,36,36-685-4372,,http://www.wikidata.org/entity/Q65318551,,,
4373,Jukkal Mandal,685,36,36-685-4373,,http://www.wikidata.org/entity/Q65318152,,,
4374,Bichkunda Mandal,685,36,36-685-4374,,http://www.wikidata.org/entity/Q65318470,,,
4375,Birkoor Mandal,685,36,36-685-4375,,http://www.wikidata.org/entity/Q65318481,,,
4380,Machareddy Mandal,685,36,36-685-4380,,http://www.wikidata.org/entity/Q65318572,,,
4381,Sadashivanagar Mandal,685,36,36-685-4381,,http://www.wikidata.org/entity/Q65318857,,,
4382,Gandhari Mandal,685,36,36-685-4382,,http://www.wikidata.org/entity/Q65318052,,,
4383,Banswada Mandal,685,36,36-685-4383,,http://www.wikidata.org/entity/Q58931061,,,
4384,Pitlam Mandal,685,36,36-685-4384,,http://www.wikidata.org/entity/Q65318383,,,
4385,Nizamsagar mandal,685,36,36-685-4385,,http://www.wikidata.org/entity/Q11104242,,,
4386,Yellareddy Mandal,685,36,36-685-4386,,http://www.wikidata.org/entity/Q58932052,,,
4387,Nagireddypet Mandal,685,36,36-685-4387,,http://www.wikidata.org/entity/Q65318307,,,
4388,Lingampet Mandal,685,36,36-685-4388,,http://www.wikidata.org/entity/Q65318751,,,
4389,Tadwai Mandal,685,36,36-685-4389,,http://www.wikidata.org/entity/Q65318175,,,
4390,Kamareddy Mandal,685,36,36-685-4390,,http://www.wikidata.org/entity/Q58931532,,,
4391,Bhiknoor Mandal,685,36,36-685-4391,,http://www.wikidata.org/entity/Q65318466,,,
4392,Domakonda Mandal,685,36,36-685-4392,,http://www.wikidata.org/entity/Q65318247,,,
6241,Rajampet Mandal,685,36,36-685-6241,,http://www.wikidata.org/entity/Q65318654,,,
6242,Bibipet Mandal,685,36,36-685-6242,,http://www.wikidata.org/entity/Q65318477,,,
6243,Ramareddy Mandal,685,36,36-685-6243,,http://www.wikidata.org/entity/Q65318695,,,
6244,Nasurullabad Mandal,685,36,36-685-6244,,http://www.wikidata.org/entity/Q65318301,,,
6245,Pedda Kodapgal Mandal,685,36,36-685-6245,,http://www.wikidata.org/entity/Q65318416,,,
7519,Palwancha Mandal,685,36,36-685-7519,,http://www.wikidata.org/entity/Q135553528,,,
7520,Mohammadnagar Mandal,685,36,36-685-7520,,http://www.wikidata.org/entity/Q135553544,,,
7525,Dongli Mandal,685,36,36-685-7525,,http://www.wikidata.org/entity/Q135553531,,,
4447,Kamalapur mandal,686,36,36-686-4447,,http://www.wikidata.org/entity/Q61761631,,,
4448,Bheemadevarpalle mandal,686,36,36-686-4448,,http://www.wikidata.org/entity/Q61761671,,,
4449,Elkathurthi mandal,686,36,36-686-4449,,http://www.wikidata.org/entity/Q61761733,,,
4677,Dharmasagar Mandal,686,36,36-686-4677,,http://www.wikidata.org/entity/Q65317495,,,
4678,Hasanparthy Mandal,686,36,36-686-4678,,http://www.wikidata.org/entity/Q11008571,,,
4679,Parkal Mandal,686,36,36-686-4679,,http://www.wikidata.org/entity/Q65317536,,,
4691,Shyampet Mandal,686,36,36-686-4691,,http://www.wikidata.org/entity/Q65317734,,,
4694,Atmakur Mandal,686,36,36-686-4694,,http://www.wikidata.org/entity/Q65317284,,,
4695,Hanamkonda mandal,686,36,36-686-4695,,http://www.wikidata.org/entity/Q28182780,,,
6247,Kazipet Mandal,686,36,36-686-6247,,http://www.wikidata.org/entity/Q65317915,,,
6249,Inavole Mandal,686,36,36-686-6249,,http://www.wikidata.org/entity/Q65317317,,,
6252,Velair Mandal,686,36,36-686-6252,,http://www.wikidata.org/entity/Q65317725,,,
6375,Damera Mandal,686,36,36-686-6375,,http://www.wikidata.org/entity/Q56276314,,,
6547,Nadikuda mandal,686,36,36-686-6547,,http://www.wikidata.org/entity/Q65316870,,,
4402,Kataram mandal,687,36,36-687-4402,,http://www.wikidata.org/entity/Q61707719,,,
4403,Mahadevpur mandal,687,36,36-687-4403,,http://www.wikidata.org/entity/Q61763299,,,
4404,Mutharam (Mahadevpur) mandal,687,36,36-687-4404,,http://www.wikidata.org/entity/Q6732776,,,
4405,Malharrao mandal,687,36,36-687-4405,,http://www.wikidata.org/entity/Q6743241,,,
4680,Mogullapally Mandal,687,36,36-687-4680,,http://www.wikidata.org/entity/Q65317655,,,
4681,Chittila Mandal,687,36,36-687-4681,,http://www.wikidata.org/entity/Q15700396,,,
4682,Bhupalapally mandal,687,36,36-687-4682,,http://www.wikidata.org/entity/Q16342597,,,
4683,Ghanpur mandal,687,36,36-687-4683,,http://www.wikidata.org/entity/Q11106365,,,
4690,Regonda Mandal,687,36,36-687-4690,,http://www.wikidata.org/entity/Q65317680,,,
6248,Tekumatla Mandal,687,36,36-687-6248,,http://www.wikidata.org/entity/Q15702262,,,
6250,Palimela Mandal,687,36,36-687-6250,,http://www.wikidata.org/entity/Q65317540,,,
7531,Kothapallygori Mandal,687,36,36-687-7531,,http://www.wikidata.org/entity/Q135553541,,,
4710,Kothaguda Mandal,688,36,36-688-4710,,http://www.wikidata.org/entity/Q65317357,,,
4711,Gudur Mandal,688,36,36-688-4711,,http://www.wikidata.org/entity/Q65317391,,,
4715,Thorrur Mandal,688,36,36-688-4715,,http://www.wikidata.org/entity/Q11105924,,,
4716,Nellikudur Mandal,688,36,36-688-4716,,http://www.wikidata.org/entity/Q65317524,,,
4717,Kesamudram Mandal,688,36,36-688-4717,,http://www.wikidata.org/entity/Q65317352,,,
4718,Mahabubabad Mandal,688,36,36-688-4718,,http://www.wikidata.org/entity/Q11106614,,,
4719,Narsimhulapet mandal,688,36,36-688-4719,,http://www.wikidata.org/entity/Q6966379,,,
4720,Maripeda Mandal,688,36,36-688-4720,,http://www.wikidata.org/entity/Q65317633,,,
4721,Kuravi Mandal,688,36,36-688-4721,,http://www.wikidata.org/entity/Q65317346,,,
4722,Dornakal Mandal,688,36,36-688-4722,,http://www.wikidata.org/entity/Q3361889,,,
4742,Bayyaram mandal,688,36,36-688-4742,,http://www.wikidata.org/entity/Q61633353,,,
4743,Garla mandal,688,36,36-688-4743,,http://www.wikidata.org/entity/Q61633421,,,
6253,Gangaram Mandal,688,36,36-688-6253,,http://www.wikidata.org/entity/Q65317368,,,
6254,Chinnagudur Mandal,688,36,36-688-6254,,http://www.wikidata.org/entity/Q65317417,,,
6255,Danthalapalle Mandal,688,36,36-688-6255,,http://www.wikidata.org/entity/Q65317467,,,
6256,Peddavangara Mandal,688,36,36-688-6256,,http://www.wikidata.org/entity/Q65317567,,,
7518,Seerole Mandal,688,36,36-688-7518,,http://www.wikidata.org/entity/Q135553536,,,
7538,Inugurthy Mandal,688,36,36-688-7538,,http://www.wikidata.org/entity/Q135553522,,,
4674,Bachannapet Mandal,689,36,36-689-4674,,http://www.wikidata.org/entity/Q65317574,,,
4675,Narmetta Mandal,689,36,36-689-4675,,http://www.wikidata.org/entity/Q65317501,,,
4676,Station Ghanpur Mandal,689,36,36-689-4676,,http://www.wikidata.org/entity/Q11106717,,,
4696,Zaffergadh Mandal,689,36,36-689-4696,,http://www.wikidata.org/entity/Q65317425,,,
4697,Palakurthi Mandal,689,36,36-689-4697,,http://www.wikidata.org/entity/Q65317549,,,
4698,Raghunathpalle Mandal,689,36,36-689-4698,,http://www.wikidata.org/entity/Q65317665,,,
4699,Jangaon mandal,689,36,36-689-4699,,http://www.wikidata.org/entity/Q59118902,,,
4700,Lingalaghanpur Mandal,689,36,36-689-4700,,http://www.wikidata.org/entity/Q11106387,,,
4701,Devaruppula Mandal,689,36,36-689-4701,,http://www.wikidata.org/entity/Q65317488,,,
4702,Kodakandla mandal,689,36,36-689-4702,,http://www.wikidata.org/entity/Q65317353,,,
6257,Tarigoppula Mandal,689,36,36-689-6257,,http://www.wikidata.org/entity/Q65317440,,,
6259,Chilpur mandal,689,36,36-689-6259,,http://www.wikidata.org/entity/Q65317418,,,
4725,Pinapaka mandal,690,36,36-690-4725,,http://www.wikidata.org/entity/Q61607782,,,
4726,Cherla mandal,690,36,36-690-4726,,http://www.wikidata.org/entity/Q3430068,,,
4727,Manuguru mandal,690,36,36-690-4727,,http://www.wikidata.org/entity/Q59098890,,,
4728,Aswapuram mandal,690,36,36-690-4728,,http://www.wikidata.org/entity/Q3426069,,,
4729,Dummugudem mandal,690,36,36-690-4729,,http://www.wikidata.org/entity/Q61607860,,,
4730,Bhadrachalam Mandal,690,36,36-690-4730,,http://www.wikidata.org/entity/Q65319413,,,
4736,Burgampahad mandal,690,36,36-690-4736,,http://www.wikidata.org/entity/Q61631729,,,
4737,Palwancha mandal,690,36,36-690-4737,,http://www.wikidata.org/entity/Q59084063,,,
4738,Kothagudem mandal,690,36,36-690-4738,,http://www.wikidata.org/entity/Q59082299,,,
4739,Tekulapalle mandal,690,36,36-690-4739,,http://www.wikidata.org/entity/Q7695513,,,
4740,Yellandu mandal,690,36,36-690-4740,,http://www.wikidata.org/entity/Q59081504,,,
4741,Gundala mandal,690,36,36-690-4741,,http://www.wikidata.org/entity/Q61633308,,,
4746,Julurpad mandal,690,36,36-690-4746,,http://www.wikidata.org/entity/Q61633497,,,
4747,Chandrugonda mandal,690,36,36-690-4747,,http://www.wikidata.org/entity/Q61633543,,,
4748,Mulkalapalle mandal,690,36,36-690-4748,,http://www.wikidata.org/entity/Q61633590,,,
4749,Aswaraopeta mandal,690,36,36-690-4749,,http://www.wikidata.org/entity/Q61633691,,,
4750,Dammapeta mandal,690,36,36-690-4750,,http://www.wikidata.org/entity/Q61633741,,,
6265,Sujathanagar mandal,690,36,36-690-6265,,http://www.wikidata.org/entity/Q65317232,,,
6266,Laxmidevipalli Mandal,690,36,36-690-6266,,http://www.wikidata.org/entity/Q13008640,,,
6267,Allapalli Mandal,690,36,36-690-6267,,http://www.wikidata.org/entity/Q65317292,,,
6268,Annapureddypalli Mandal,690,36,36-690-6268,,http://www.wikidata.org/entity/Q65317251,,,
6269,Karakagudem Mandal,690,36,36-690-6269,,http://www.wikidata.org/entity/Q65317331,,,
6376,Chunchupalli Mandal,690,36,36-690-6376,,http://www.wikidata.org/entity/Q57148059,,,
4450,Kangti mandal,691,36,36-691-4450,,http://www.wikidata.org/entity/Q3416983,,,
4451,Manoor mandal,691,36,36-691-4451,,http://www.wikidata.org/entity/Q24906570,,,
4452,Narayankhed mandal,691,36,36-691-4452,,http://www.wikidata.org/entity/Q10962828,,,
4453,Kalher Mandal,691,36,36-691-4453,,http://www.wikidata.org/entity/Q3420601,,,
4472,Raikode Mandal,691,36,36-691-4472,,http://www.wikidata.org/entity/Q10948701,,,
4473,Nyalkal mandal,691,36,36-691-4473,,http://www.wikidata.org/entity/Q3425907,,,
4474,Zahirabad Mandal,691,36,36-691-4474,,http://www.wikidata.org/entity/Q2577644,,,
4475,Kohir Mandal,691,36,36-691-4475,,http://www.wikidata.org/entity/Q3418888,,,
4476,Jharasangam Mandal,691,36,36-691-4476,,http://www.wikidata.org/entity/Q58496802,,,
4477,Munpalle Mandal,691,36,36-691-4477,,http://www.wikidata.org/entity/Q3420758,,,
4478,Pulkal mandal,691,36,36-691-4478,,http://www.wikidata.org/entity/Q3422554,,,
4479,Andole mandal,691,36,36-691-4479,,http://www.wikidata.org/entity/Q58495590,,,
4489,Hathnoora mandal,691,36,36-691-4489,,http://www.wikidata.org/entity/Q25563979,,,
4490,Sadasivapet Mandal,691,36,36-691-4490,,http://www.wikidata.org/entity/Q11039205,,,
4491,Kondapur mandal,691,36,36-691-4491,,http://www.wikidata.org/entity/Q11107929,,,
4492,Sangareddy mandal,691,36,36-691-4492,,http://www.wikidata.org/entity/Q2341381,,,
4493,Jinnaram Mandal,691,36,36-691-4493,,http://www.wikidata.org/entity/Q58496524,,,
4494,Patancheru Mandal,691,36,36-691-4494,,http://www.wikidata.org/entity/Q122765687,,,
4495,Ramchandrapuram Mandal,691,36,36-691-4495,,http://www.wikidata.org/entity/Q65317189,,,
6275,Kandi Mandal,691,36,36-691-6275,,http://www.wikidata.org/entity/Q58393521,,,
6276,Ameenpur Mandal,691,36,36-691-6276,,http://www.wikidata.org/entity/Q65316966,,,
6277,Gummadidala Mandal,691,36,36-691-6277,,http://www.wikidata.org/entity/Q58496267,,,
6278,Mogudampally Mandal,691,36,36-691-6278,,http://www.wikidata.org/entity/Q58498279,,,
6279,Sirgapoor Mandal,691,36,36-691-6279,,http://www.wikidata.org/entity/Q65319635,,,
6280,Nagalgidda Mandal,691,36,36-691-6280,,http://www.wikidata.org/entity/Q58497120,,,
6291,Vatpally Mandal,691,36,36-691-6291,,http://www.wikidata.org/entity/Q58498612,,,
7188,Chowtakur Mandal,691,36,36-691-7188,,http://www.wikidata.org/entity/Q111777765,,,
7535,Nizampet (28) Mandal,691,36,36-691-7535,,http://www.wikidata.org/entity/Q135553537,,,
4437,Bejjanki mandal,692,36,36-692-4437,,http://www.wikidata.org/entity/Q61761277,,,
4443,Koheda mandal,692,36,36-692-4443,,http://www.wikidata.org/entity/Q61761496,,,
4444,Husnabad mandal,692,36,36-692-4444,,http://www.wikidata.org/entity/Q61761522,,,
4458,Dubbaka mandal,692,36,36-692-4458,,http://www.wikidata.org/entity/Q58496907,,,
4459,Siddipeta Urban mandal,692,36,36-692-4459,,http://www.wikidata.org/entity/Q106497972,,,
4460,Chinna Kodur Mandal,692,36,36-692-4460,,http://www.wikidata.org/entity/Q3418884,,,
4461,Nanganur Mandal,692,36,36-692-4461,,http://www.wikidata.org/entity/Q58497063,,,
4462,Kondapak Mandal,692,36,36-692-4462,,http://www.wikidata.org/entity/Q58496018,,,
4463,Thoguta Mandal,692,36,36-692-4463,,http://www.wikidata.org/entity/Q58496739,,,
4464,Mirdoddi Mandal,692,36,36-692-4464,,http://www.wikidata.org/entity/Q10961063,,,
4465,Doultabad Mandal,692,36,36-692-4465,,http://www.wikidata.org/entity/Q58507393,,,
4483,Gajwel Mandal,692,36,36-692-4483,,http://www.wikidata.org/entity/Q5517641,,,
4484,Jagdevpur Mandal,692,36,36-692-4484,,http://www.wikidata.org/entity/Q58496475,,,
4485,Wargal Mandal,692,36,36-692-4485,,http://www.wikidata.org/entity/Q58498706,,,
4486,Mulugu Mandal,692,36,36-692-4486,,http://www.wikidata.org/entity/Q58481066,,,
4672,Cheryala Mandal,692,36,36-692-4672,,http://www.wikidata.org/entity/Q65317052,,,
4673,Madduru Mandal,692,36,36-692-4673,,http://www.wikidata.org/entity/Q65317163,,,
6281,Siddhipeta Rural Mandal,692,36,36-692-6281,,http://www.wikidata.org/entity/Q13011423,,,
6282,Markook Mandal,692,36,36-692-6282,,http://www.wikidata.org/entity/Q58497935,,,
6283,Raipole Mandal,692,36,36-692-6283,,http://www.wikidata.org/entity/Q58498486,,,
6284,Komuravelli Mandal,692,36,36-692-6284,,http://www.wikidata.org/entity/Q106498009,,,
6285,Akkannapet Mandal,692,36,36-692-6285,,http://www.wikidata.org/entity/Q65316955,,,
6670,Narayanraopet Mandal,692,36,36-692-6670,,http://www.wikidata.org/entity/Q65316872,,,
7189,Dhoolmitta Mandal,692,36,36-692-7189,,http://www.wikidata.org/entity/Q108508950,,,
7521,Kukunoorpally Mandal,692,36,36-692-7521,,http://www.wikidata.org/entity/Q135553524,,,
4585,Ghanpur Mandal,693,36,36-693-4585,,http://www.wikidata.org/entity/Q65317402,,,
4592,Atmakur Mandal,693,36,36-693-4592,,http://www.wikidata.org/entity/Q59123357,,,
4593,Kothakota Mandal,693,36,36-693-4593,,http://www.wikidata.org/entity/Q59123498,,,
4594,Peddamandadi Mandal,693,36,36-693-4594,,http://www.wikidata.org/entity/Q65317565,,,
4595,Wanaparthy mandal,693,36,36-693-4595,,http://www.wikidata.org/entity/Q59123583,,,
4596,Gopalpeta mandal,693,36,36-693-4596,,http://www.wikidata.org/entity/Q3415109,,,
4601,Pangal Mandal,693,36,36-693-4601,,http://www.wikidata.org/entity/Q65317545,,,
4602,Pebbair Mandal,693,36,36-693-4602,,http://www.wikidata.org/entity/Q65317571,,,
4608,Weepangandla Mandal,693,36,36-693-4608,,http://www.wikidata.org/entity/Q65317709,,,
6286,Revally Mandal,693,36,36-693-6286,,http://www.wikidata.org/entity/Q65317689,,,
6287,Chinnambavi mandal,693,36,36-693-6287,,http://www.wikidata.org/entity/Q57330299,,,
6288,Srirangapur Mandal,693,36,36-693-6288,,http://www.wikidata.org/entity/Q65317736,,,
6289,Madanapur Mandal,693,36,36-693-6289,,http://www.wikidata.org/entity/Q16342960,,,
6290,Amarchintha Mandal,693,36,36-693-6290,,http://www.wikidata.org/entity/Q65317259,,,
7533,Yedula Mandal,693,36,36-693-7533,,http://www.wikidata.org/entity/Q135553549,,,
4565,Veldanda Mandal,694,36,36-694-4565,,http://www.wikidata.org/entity/Q65317716,,,
4575,Thimmajipet Mandal,694,36,36-694-4575,,http://www.wikidata.org/entity/Q65317448,,,
4576,Kalwakurthy Mandal,694,36,36-694-4576,,http://www.wikidata.org/entity/Q59099832,,,
4577,Vangoor Mandal,694,36,36-694-4577,,http://www.wikidata.org/entity/Q65317696,,,
4578,Amrabad Mandal,694,36,36-694-4578,,http://www.wikidata.org/entity/Q65317267,,,
4579,Achampet Mandal,694,36,36-694-4579,,http://www.wikidata.org/entity/Q12413206,,,
4580,Uppunuthala mandal,694,36,36-694-4580,,http://www.wikidata.org/entity/Q65317301,,,
4581,Telkapalle mandal,694,36,36-694-4581,,http://www.wikidata.org/entity/Q65317462,,,
4582,Tadoor Mandal,694,36,36-694-4582,,http://www.wikidata.org/entity/Q65317445,,,
4583,Nagarkurnool Mandal,694,36,36-694-4583,,http://www.wikidata.org/entity/Q2355868,,,
4584,Bijinapally Mandal,694,36,36-694-4584,,http://www.wikidata.org/entity/Q65317595,,,
4597,Balmoor Mandal,694,36,36-694-4597,,http://www.wikidata.org/entity/Q65317581,,,
4598,Lingal Mandal,694,36,36-694-4598,,http://www.wikidata.org/entity/Q65317693,,,
4599,Pedda Kothapalle mandal,694,36,36-694-4599,,http://www.wikidata.org/entity/Q3415089,,,
4600,Kodair Mandal,694,36,36-694-4600,,http://www.wikidata.org/entity/Q65317360,,,
4609,Kollapur mandal,694,36,36-694-4609,,http://www.wikidata.org/entity/Q65317359,,,
6292,Pentlavelli Mandal,694,36,36-694-6292,,http://www.wikidata.org/entity/Q65317560,,,
6293,Charakonda Mandal,694,36,36-694-6293,,http://www.wikidata.org/entity/Q65317410,,,
6294,Padara Mandal,694,36,36-694-6294,,http://www.wikidata.org/entity/Q65317532,,,
6295,Urkonda Mandal,694,36,36-694-6295,,http://www.wikidata.org/entity/Q65317304,,,
4591,Dharur Mandal,695,36,36-695-4591,,http://www.wikidata.org/entity/Q21501453,,,
4603,Gadwal Mandal,695,36,36-695-4603,,http://www.wikidata.org/entity/Q59123951,,,
4604,Maldakal Mandal,695,36,36-695-4604,,http://www.wikidata.org/entity/Q65317636,,,
4605,Ghattu Mandal,695,36,36-695-4605,,http://www.wikidata.org/entity/Q65317374,,,
4606,Ieeja Mandal,695,36,36-695-4606,,http://www.wikidata.org/entity/Q65317269,,,
4607,Itikyala Mandal,695,36,36-695-4607,,http://www.wikidata.org/entity/Q65317297,,,
4610,Waddepally mandal,695,36,36-695-4610,,http://www.wikidata.org/entity/Q65317697,,,
4611,Manopad Mandal,695,36,36-695-4611,,http://www.wikidata.org/entity/Q31486026,,,
4612,Alampur mandal,695,36,36-695-4612,,http://www.wikidata.org/entity/Q65317270,,,
6296,Rajoli Mandal,695,36,36-695-6296,,http://www.wikidata.org/entity/Q65317672,,,
6297,Kaloor Thimmandoddi Mandal,695,36,36-695-6297,,http://www.wikidata.org/entity/Q65317340,,,
6299,Undavelly Mandal,695,36,36-695-6299,,http://www.wikidata.org/entity/Q31503271,,,
7517,Yerravalli Mandal,695,36,36-695-7517,,http://www.wikidata.org/entity/Q135553526,,,
4619,Thirumalgiri Mandal,696,36,36-696-4619,,http://www.wikidata.org/entity/Q59259938,,,
4620,Thungathurthi Mandal,696,36,36-696-4620,,http://www.wikidata.org/entity/Q59259984,,,
4621,Nuthankal mandal,696,36,36-696-4621,,http://www.wikidata.org/entity/Q28404785,,,
4622,Atmakur (S) Mandal,696,36,36-696-4622,,http://www.wikidata.org/entity/Q59260260,,,
4623,Jaji Reddi Gudem mandal,696,36,36-696-4623,,http://www.wikidata.org/entity/Q59260270,,,
4638,Suryapeta Mandal,696,36,36-696-4638,,http://www.wikidata.org/entity/Q24946475,,,
4639,Chivvemla Mandal,696,36,36-696-4639,,http://www.wikidata.org/entity/Q59260376,,,
4640,Mothey mandal,696,36,36-696-4640,,http://www.wikidata.org/entity/Q28404304,,,
4641,Nadigudem mandal,696,36,36-696-4641,,http://www.wikidata.org/entity/Q28404459,,,
4642,Munagala mandal,696,36,36-696-4642,,http://www.wikidata.org/entity/Q28404303,,,
4643,Penpahad mandal,696,36,36-696-4643,,http://www.wikidata.org/entity/Q3418973,,,
4665,Neredcherla mandal,696,36,36-696-4665,,http://www.wikidata.org/entity/Q28405507,,,
4666,Garidepally mandal,696,36,36-696-4666,,http://www.wikidata.org/entity/Q28404464,,,
4667,Chilkur mandal,696,36,36-696-4667,,http://www.wikidata.org/entity/Q59260134,,,
4668,Kodad mandal,696,36,36-696-4668,,http://www.wikidata.org/entity/Q24946472,,,
4669,Huzurnagar mandal,696,36,36-696-4669,,http://www.wikidata.org/entity/Q28404508,,,
4670,Mattampally Mandal,696,36,36-696-4670,,http://www.wikidata.org/entity/Q3423983,,,
4671,Mella Cheruvu Mandal,696,36,36-696-4671,,http://www.wikidata.org/entity/Q59260113,,,
6298,Naagaaram mandal,696,36,36-696-6298,,http://www.wikidata.org/entity/Q59259957,,,
6300,Maddirala mandal,696,36,36-696-6300,,http://www.wikidata.org/entity/Q59260244,,,
6301,Palakeedu mandal,696,36,36-696-6301,,http://www.wikidata.org/entity/Q28404317,,,
6302,Anathagiri mandal,696,36,36-696-6302,,http://www.wikidata.org/entity/Q59260145,,,
6303,Chinthalapalem mandal,696,36,36-696-6303,,http://www.wikidata.org/entity/Q59260094,,,
4613,Bommalaramaram Mandal,697,36,36-697-4613,,http://www.wikidata.org/entity/Q59259804,,,
4614,M.Turkapalli Mandal,697,36,36-697-4614,,http://www.wikidata.org/entity/Q59259811,,,
4615,Rajapet mandal,697,36,36-697-4615,,http://www.wikidata.org/entity/Q59259821,,,
4616,Yadagirigutta Mandal,697,36,36-697-4616,,http://www.wikidata.org/entity/Q59124034,,,
4617,Alair Mandal,697,36,36-697-4617,,http://www.wikidata.org/entity/Q59259864,,,
4618,Gundala Mandal,697,36,36-697-4618,,http://www.wikidata.org/entity/Q59259888,,,
4625,Mothkur Mandal,697,36,36-697-4625,,http://www.wikidata.org/entity/Q65318631,,,
4626,Atmakur (M) Mandal,697,36,36-697-4626,,http://www.wikidata.org/entity/Q59259915,,,
4627,Valigonda Mandal,697,36,36-697-4627,,http://www.wikidata.org/entity/Q59260336,,,
4628,Bhongir Mandal,697,36,36-697-4628,,http://www.wikidata.org/entity/Q59124159,,,
4629,Bibinagar Mandal,697,36,36-697-4629,,http://www.wikidata.org/entity/Q4903058,,,
4630,Bhoodan Pochampalli Mandal,697,36,36-697-4630,,http://www.wikidata.org/entity/Q59260354,,,
4631,Choutuppal mandal,697,36,36-697-4631,,http://www.wikidata.org/entity/Q59124466,,,
4632,Ramannapeta Mandal,697,36,36-697-4632,,http://www.wikidata.org/entity/Q59124704,,,
4648,Narayanapur Mandal,697,36,36-697-4648,,http://www.wikidata.org/entity/Q59260474,,,
6309,Motakonduru Mandal,697,36,36-697-6309,,http://www.wikidata.org/entity/Q59259861,,,
6310,Addagudur Mandal,697,36,36-697-6310,,http://www.wikidata.org/entity/Q59260311,,,
4512,Marpalle mandal,698,36,36-698-4512,,http://www.wikidata.org/entity/Q11104425,,,
4513,Mominpet Mandal,698,36,36-698-4513,,http://www.wikidata.org/entity/Q10948627,,,
4514,Nawabpet Mandal,698,36,36-698-4514,,http://www.wikidata.org/entity/Q10948734,,,
4530,Vikarabad mandal,698,36,36-698-4530,,http://www.wikidata.org/entity/Q59099031,,,
4531,Dharur Mandal,698,36,36-698-4531,,http://www.wikidata.org/entity/Q15704766,,,
4532,Bantwaram Mandal,698,36,36-698-4532,,http://www.wikidata.org/entity/Q11104989,,,
4533,Peddemul mandal,698,36,36-698-4533,,http://www.wikidata.org/entity/Q7159062,,,
4534,Tandur mandal,698,36,36-698-4534,,http://www.wikidata.org/entity/Q59099185,,,
4535,Basheerabad mandal,698,36,36-698-4535,,http://www.wikidata.org/entity/Q3416946,,,
4536,Yalal mandal,698,36,36-698-4536,,http://www.wikidata.org/entity/Q106114301,,,
4537,Domah mandal,698,36,36-698-4537,,http://www.wikidata.org/entity/Q5289785,,,
4539,Kulkacharla mandal,698,36,36-698-4539,,http://www.wikidata.org/entity/Q3418822,,,
4540,Parigi mandal,698,36,36-698-4540,,http://www.wikidata.org/entity/Q13001717,,,
4541,Pudur Mandal,698,36,36-698-4541,,http://www.wikidata.org/entity/Q11105954,,,
4549,Kodangal mandal,698,36,36-698-4549,,http://www.wikidata.org/entity/Q65317974,,,
4550,Bomraspeta Mandal,698,36,36-698-4550,,http://www.wikidata.org/entity/Q3416755,,,
4552,Doulathabad Mandal,698,36,36-698-4552,,http://www.wikidata.org/entity/Q65318254,,,
6312,Kotpally Mandal,698,36,36-698-6312,,http://www.wikidata.org/entity/Q12994488,,,
7186,Chowdapur Mandal,698,36,36-698-7186,,http://www.wikidata.org/entity/Q111777341,,,
7540,Dudyal Mandal,698,36,36-698-7540,,http://www.wikidata.org/entity/Q135553546,,,
4313,Kerameri  mandal,699,36,36-699-4313,,http://www.wikidata.org/entity/Q61574187,,,
4314,Wankdi mandal,699,36,36-699-4314,,http://www.wikidata.org/entity/Q7967962,,,
4315,Sirpur (T) mandal,699,36,36-699-4315,,http://www.wikidata.org/entity/Q61575528,,,
4316,Koutala Mandal,699,36,36-699-4316,,http://www.wikidata.org/entity/Q65318015,,,
4317,Bejjur mandal,699,36,36-699-4317,,http://www.wikidata.org/entity/Q61576176,,,
4318,Kagaznagar mandal,699,36,36-699-4318,,http://www.wikidata.org/entity/Q58925007,,,
4319,Asifabad  mandal,699,36,36-699-4319,,http://www.wikidata.org/entity/Q15690158,,,
4320,Jainoor mandal,699,36,36-699-4320,,http://www.wikidata.org/entity/Q11100675,,,
4326,Sirpur U mandal,699,36,36-699-4326,,http://www.wikidata.org/entity/Q61583865,,,
4327,Rebbana mandal,699,36,36-699-4327,,http://www.wikidata.org/entity/Q61577754,,,
4329,Dahegaon mandal,699,36,36-699-4329,,http://www.wikidata.org/entity/Q55639536,,,
4333,Tiryani mandal,699,36,36-699-4333,,http://www.wikidata.org/entity/Q61580019,,,
6311,Lingapur Mandal,699,36,36-699-6311,,http://www.wikidata.org/entity/Q65318757,,,
6313,Penchicalpet Mandal,699,36,36-699-6313,,http://www.wikidata.org/entity/Q65318396,,,
6314,Chintalamanepally Mandal,699,36,36-699-6314,,http://www.wikidata.org/entity/Q65318102,,,
4517,Balanagar mandal,700,36,36-700-4517,,http://www.wikidata.org/entity/Q28182711,,,
4518,Quthbullapur Mandal,700,36,36-700-4518,,http://www.wikidata.org/entity/Q65319062,,,
4519,Medchal Mandal,700,36,36-700-4519,,http://www.wikidata.org/entity/Q59125870,,,
4520,Shamirpet Mandal,700,36,36-700-4520,,http://www.wikidata.org/entity/Q3415143,,,
4521,Malkajgiri mandal,700,36,36-700-4521,,http://www.wikidata.org/entity/Q30593441,,,
4522,Keesara Mandal,700,36,36-700-4522,,http://www.wikidata.org/entity/Q65319060,,,
4523,Ghatkesar Mandal,700,36,36-700-4523,,http://www.wikidata.org/entity/Q16891632,,,
4524,Uppal Mandal,700,36,36-700-4524,,http://www.wikidata.org/entity/Q65319004,,,
6315,Bachupally Mandal,700,36,36-700-6315,,http://www.wikidata.org/entity/Q4838923,,,
6316,Dundigal Mandal,700,36,36-700-6316,,http://www.wikidata.org/entity/Q59127085,,,
6317,Kapra Mandal,700,36,36-700-6317,,http://www.wikidata.org/entity/Q59126062,,,
6318,Medipalli mandal,700,36,36-700-6318,,http://www.wikidata.org/entity/Q31493212,,,
6327,Kukatpally Mandal,700,36,36-700-6327,,http://www.wikidata.org/entity/Q65319064,,,
6328,Alwal Mandal,700,36,36-700-6328,,http://www.wikidata.org/entity/Q65318954,,,
6671,Muduchinthalapally Mandal,700,36,36-700-6671,,http://www.wikidata.org/entity/Q65316885,,,
4684,Venkatapur Mandal,720,36,36-720-4684,,http://www.wikidata.org/entity/Q65317713,,,
4685,Eturunagaram Mandal,720,36,36-720-4685,,http://www.wikidata.org/entity/Q12992049,,,
4686,Mangapet mandal,720,36,36-720-4686,,http://www.wikidata.org/entity/Q11106517,,,
4687,Tadvai Mandal,720,36,36-720-4687,,http://www.wikidata.org/entity/Q65319248,,,
4688,Govindaraopet Mandal,720,36,36-720-4688,,http://www.wikidata.org/entity/Q11106724,,,
4689,Mulugu Mandal,720,36,36-720-4689,,http://www.wikidata.org/entity/Q65317651,,,
4723,Wazeed mandal,720,36,36-720-4723,,http://www.wikidata.org/entity/Q3424042,,,
4724,Venkatapuram mandal,720,36,36-720-4724,,http://www.wikidata.org/entity/Q61607709,,,
6251,Kannaigudem Mandal,720,36,36-720-6251,,http://www.wikidata.org/entity/Q65317329,,,
7536,Mallampally Mandal,720,36,36-720-7536,,http://www.wikidata.org/entity/Q135553539,,,
4551,Kosgi Mandal,721,36,36-721-4551,,http://www.wikidata.org/entity/Q65317366,,,
4553,Damargidda Mandal,721,36,36-721-4553,,http://www.wikidata.org/entity/Q65317472,,,
4554,Maddur Mandal,721,36,36-721-4554,,http://www.wikidata.org/entity/Q65317614,,,
4570,Narayanpet Mandal,721,36,36-721-4570,,http://www.wikidata.org/entity/Q59099855,,,
4571,Utkoor Mandal,721,36,36-721-4571,,http://www.wikidata.org/entity/Q65317847,,,
4572,Dhanwada Mandal,721,36,36-721-4572,,http://www.wikidata.org/entity/Q65317493,,,
4588,Narva mandal,721,36,36-721-4588,,http://www.wikidata.org/entity/Q65317502,,,
4589,Makhtal mandal,721,36,36-721-4589,,http://www.wikidata.org/entity/Q6739432,,,
4590,Maganoor Mandal,721,36,36-721-4590,,http://www.wikidata.org/entity/Q12993844,,,
6263,Marikal Mandal,721,36,36-721-6263,,http://www.wikidata.org/entity/Q65317631,,,
6264,Krishna mandal,721,36,36-721-6264,,http://www.wikidata.org/entity/Q123254306,,,
7523,Gundumal Mandal,721,36,36-721-7523,,http://www.wikidata.org/entity/Q135553530,,,
7537,Kothapally (15) Mandal,721,36,36-721-7537,,http://www.wikidata.org/entity/Q135553540,,,
15,Zanskar,,37,37-15,,http://www.wikidata.org/entity/Q147011,,,incomplete parentage on Wikidata
13,Kargil,6,37,37-6-13,,http://www.wikidata.org/entity/Q123257320,,,
14,Sankoo,6,37,37-6-14,,http://www.wikidata.org/entity/Q123257330,,,
6191,Drass,6,37,37-6-6191,,http://www.wikidata.org/entity/Q123257324,,,
6192,Shakar Chiktan,6,37,37-6-6192,,http://www.wikidata.org/entity/Q123257323,,,
7305,Shergole,6,37,37-6-7305,,http://www.wikidata.org/entity/Q123257329,,,
7306,Taisuru,6,37,37-6-7306,,http://www.wikidata.org/entity/Q123257327,,,
10,Leh,9,37,37-9-10,,http://www.wikidata.org/entity/Q123257319,,,
11,Sumoor,9,37,37-9-11,,http://www.wikidata.org/entity/Q123257326,,,
12,Khaltsi,9,37,37-9-12,,http://www.wikidata.org/entity/Q123257335,,,
7158,Durbuk,9,37,37-9-7158,,http://www.wikidata.org/entity/Q123257331,,,
7159,Kharu,9,37,37-9-7159,,http://www.wikidata.org/entity/Q123257318,,,
7160,Saspol,9,37,37-9-7160,,http://www.wikidata.org/entity/Q123257322,,,
7162,Nyoma,9,37,37-9-7162,,http://www.wikidata.org/entity/Q123257333,,,
7231,Diskit,9,37,37-9-7231,,http://www.wikidata.org/entity/Q135779809,,,
3948,Daman,463,38,38-463-3948,,http://www.wikidata.org/entity/Q123256263,,,
3947,Diu,464,38,38-464-3947,,http://www.wikidata.org/entity/Q123256264,,,
3949,Dadra and Nagar Haveli,465,38,38-465-3949,,http://www.wikidata.org/entity/Q4253766,,,
277,Chandigarh,44,4,4-44-277,,http://www.wikidata.org/entity/Q123269678,,,
325,Bhikiasain,45,5,5-45-325,,http://www.wikidata.org/entity/Q61362376,,,
326,Chaukhutiya,45,5,5-45-326,,http://www.wikidata.org/entity/Q61362360,,,
327,Sult,45,5,5-45-327,,http://www.wikidata.org/entity/Q12456211,,,
328,Ranikhet,45,5,5-45-328,,http://www.wikidata.org/entity/Q12940597,,,
329,Dwarahat,45,5,5-45-329,,http://www.wikidata.org/entity/Q12928626,,,
330,Almora,45,5,5-45-330,,http://www.wikidata.org/entity/Q12914366,,,
331,Someshwar,45,5,5-45-331,,http://www.wikidata.org/entity/Q20598946,,,
332,Jainti,45,5,5-45-332,,http://www.wikidata.org/entity/Q25566812,,,
333,Bhanoli,45,5,5-45-333,,http://www.wikidata.org/entity/Q20595230,,,
6330,Syalde,45,5,5-45-6330,,http://www.wikidata.org/entity/Q123260027,,,
6338,Dhaulchhina,45,5,5-45-6338,,http://www.wikidata.org/entity/Q123259996,,,
6339,Machhor,45,5,5-45-6339,,http://www.wikidata.org/entity/Q123260046,,,
6340,Jalali,45,5,5-45-6340,,http://www.wikidata.org/entity/Q65951287,,,
6341,Bagwalipokhar,45,5,5-45-6341,,http://www.wikidata.org/entity/Q65951307,,,
6342,Dhyari,45,5,5-45-6342,,http://www.wikidata.org/entity/Q123260060,,,
6368,Lamgada,45,5,5-45-6368,,http://www.wikidata.org/entity/Q65951226,,,
321,Kapkot,46,5,5-46-321,,http://www.wikidata.org/entity/Q25566810,,,
322,Kanda,46,5,5-46-322,,http://www.wikidata.org/entity/Q6361136,,,
323,Bageshwar,46,5,5-46-323,,http://www.wikidata.org/entity/Q56678974,,,
324,Garud,46,5,5-46-324,,http://www.wikidata.org/entity/Q56678969,,,
6331,Dugnakuri,46,5,5-46-6331,,http://www.wikidata.org/entity/Q123259982,,,
6332,Kafligair,46,5,5-46-6332,,http://www.wikidata.org/entity/Q123260041,,,
6367,Shama,46,5,5-46-6367,,http://www.wikidata.org/entity/Q123260064,,,
284,Joshimath,47,5,5-47-284,,http://www.wikidata.org/entity/Q12925248,,,
285,Chamoli,47,5,5-47-285,,http://www.wikidata.org/entity/Q12923078,,,
286,Pokhari,47,5,5-47-286,,http://www.wikidata.org/entity/Q12932883,,,
287,Karnaprayag,47,5,5-47-287,,http://www.wikidata.org/entity/Q12918028,,,
288,Tharali,47,5,5-47-288,,http://www.wikidata.org/entity/Q12927654,,,
289,Gairsain,47,5,5-47-289,,http://www.wikidata.org/entity/Q12922119,,,
6333,Narayanbagar,47,5,5-47-6333,,http://www.wikidata.org/entity/Q123260047,,,
6343,Ghaat,47,5,5-47-6343,,http://www.wikidata.org/entity/Q123260006,,,
6344,Nandprayag,47,5,5-47-6344,,http://www.wikidata.org/entity/Q123259992,,,
6345,Adibadri,47,5,5-47-6345,,http://www.wikidata.org/entity/Q116006738,,,
6346,Jilasu,47,5,5-47-6346,,http://www.wikidata.org/entity/Q123260054,,,
6347,Dewal,47,5,5-47-6347,,http://www.wikidata.org/entity/Q123260052,,,
334,Champawat,48,5,5-48-334,,http://www.wikidata.org/entity/Q123260042,,,
335,Pati,48,5,5-48-335,,http://www.wikidata.org/entity/Q123259989,,,
336,Lohaghat,48,5,5-48-336,,http://www.wikidata.org/entity/Q123260011,,,
337,Poornagiri,48,5,5-48-337,,http://www.wikidata.org/entity/Q123260001,,,
6348,Manch,48,5,5-48-6348,,http://www.wikidata.org/entity/Q123260066,,,
6349,Pulla Gumdesh,48,5,5-48-6349,,http://www.wikidata.org/entity/Q123260058,,,
6377,Barakot,48,5,5-48-6377,,http://www.wikidata.org/entity/Q123260057,,,
300,Chakrata,49,5,5-49-300,,http://www.wikidata.org/entity/Q123260005,,,
301,Tyuni,49,5,5-49-301,,http://www.wikidata.org/entity/Q123260055,,,
302,Kalsi,49,5,5-49-302,,http://www.wikidata.org/entity/Q123260030,,,
303,Vikas Nagar,49,5,5-49-303,,http://www.wikidata.org/entity/Q123260051,,,
304,Dehradun,49,5,5-49-304,,http://www.wikidata.org/entity/Q123260049,,,
305,Rishikesh,49,5,5-49-305,,http://www.wikidata.org/entity/Q123260033,,,
6335,Doiwala,49,5,5-49-6335,,http://www.wikidata.org/entity/Q123259966,,,
7393,Mussoorie,49,5,5-49-7393,,http://www.wikidata.org/entity/Q123286618,,,
353,Roorkee,50,5,5-50-353,,http://www.wikidata.org/entity/Q123259976,,,
354,Hardwar,50,5,5-50-354,,http://www.wikidata.org/entity/Q123260031,,,
355,Laksar,50,5,5-50-355,,http://www.wikidata.org/entity/Q123260013,,,
6022,Bhagwanpur,50,5,5-50-6022,,http://www.wikidata.org/entity/Q123259968,,,
6351,Laldhang,50,5,5-50-6351,,http://www.wikidata.org/entity/Q123260053,,,
6352,Narsan,50,5,5-50-6352,,http://www.wikidata.org/entity/Q123260021,,,
338,Kosya Kutauli,51,5,5-51-338,,http://www.wikidata.org/entity/Q123260067,,,
339,Betalghat,51,5,5-51-339,,http://www.wikidata.org/entity/Q123259979,,,
340,Nainital,51,5,5-51-340,,http://www.wikidata.org/entity/Q123259985,,,
341,Dhari,51,5,5-51-341,,http://www.wikidata.org/entity/Q123260000,,,
342,Haldwani,51,5,5-51-342,,http://www.wikidata.org/entity/Q123260069,,,
343,Ramnagar,51,5,5-51-343,,http://www.wikidata.org/entity/Q20590220,,,
344,Kaladhungi,51,5,5-51-344,,http://www.wikidata.org/entity/Q61362953,,,
345,Lalkuan,51,5,5-51-345,,http://www.wikidata.org/entity/Q123260025,,,
6350,Okhalkanda,51,5,5-51-6350,,http://www.wikidata.org/entity/Q123260048,,,
6353,Ramgarh,51,5,5-51-6353,,http://www.wikidata.org/entity/Q123259997,,,
306,Srinagar,52,5,5-52-306,,http://www.wikidata.org/entity/Q123260026,,,
307,Pauri,52,5,5-52-307,,http://www.wikidata.org/entity/Q20588988,,,
308,Thailisain,52,5,5-52-308,,http://www.wikidata.org/entity/Q12927662,,,
309,Dhoomakot,52,5,5-52-309,,http://www.wikidata.org/entity/Q20590697,,,
310,Lansdowne,52,5,5-52-310,,http://www.wikidata.org/entity/Q61363076,,,
311,Satpuli,52,5,5-52-311,,http://www.wikidata.org/entity/Q20595770,,,
312,Chaubatta Khal,52,5,5-52-312,,http://www.wikidata.org/entity/Q123260010,,,
313,Kotdwara,52,5,5-52-313,,http://www.wikidata.org/entity/Q20582451,,,
314,Yamkeshwar,52,5,5-52-314,,http://www.wikidata.org/entity/Q20588807,,,
6036,Chakisain,52,5,5-52-6036,,http://www.wikidata.org/entity/Q123260036,,,
6354,Bironkhal,52,5,5-52-6354,,http://www.wikidata.org/entity/Q123260004,,,
6355,Rikhanikhal,52,5,5-52-6355,,http://www.wikidata.org/entity/Q123260059,,,
6373,Jakhanikhal,52,5,5-52-6373,,http://www.wikidata.org/entity/Q123260012,,,
315,Munsiari,53,5,5-53-315,,http://www.wikidata.org/entity/Q31344653,,,
316,Dharchula,53,5,5-53-316,,http://www.wikidata.org/entity/Q123259998,,,
317,Didihat,53,5,5-53-317,,http://www.wikidata.org/entity/Q123260014,,,
318,Berinag,53,5,5-53-318,,http://www.wikidata.org/entity/Q123260008,,,
319,Gangolihat,53,5,5-53-319,,http://www.wikidata.org/entity/Q123259980,,,
320,Pithoragarh,53,5,5-53-320,,http://www.wikidata.org/entity/Q123260035,,,
6336,Ganai Gangoli,53,5,5-53-6336,,http://www.wikidata.org/entity/Q123259975,,,
6356,Bangapani,53,5,5-53-6356,,http://www.wikidata.org/entity/Q123259967,,,
6357,Tejam,53,5,5-53-6357,,http://www.wikidata.org/entity/Q123259984,,,
6358,Pankhu,53,5,5-53-6358,,http://www.wikidata.org/entity/Q123260007,,,
6359,Thal,53,5,5-53-6359,,http://www.wikidata.org/entity/Q123259974,,,
6424,Devalthal,53,5,5-53-6424,,http://www.wikidata.org/entity/Q123259991,,,
6425,Kanalichhina,53,5,5-53-6425,,http://www.wikidata.org/entity/Q123259970,,,
290,Ukhimath,54,5,5-54-290,,http://www.wikidata.org/entity/Q123260034,,,
291,Rudraprayag,54,5,5-54-291,,http://www.wikidata.org/entity/Q123260003,,,
292,Jakholi*,54,5,5-54-292,,http://www.wikidata.org/entity/Q123260040,,,
6334,Basukedar,54,5,5-54-6334,,http://www.wikidata.org/entity/Q123260023,,,
293,Ghansali,55,5,5-55-293,,http://www.wikidata.org/entity/Q123260024,,,
294,Devprayag,55,5,5-55-294,,http://www.wikidata.org/entity/Q123259978,,,
295,Pratapnagar,55,5,5-55-295,,http://www.wikidata.org/entity/Q123259987,,,
296,Jakhani Dhar,55,5,5-55-296,,http://www.wikidata.org/entity/Q123260063,,,
297,Tehri,55,5,5-55-297,,http://www.wikidata.org/entity/Q123260056,,,
298,Dhanaulti,55,5,5-55-298,,http://www.wikidata.org/entity/Q123259993,,,
299,Narendra Nagar,55,5,5-55-299,,http://www.wikidata.org/entity/Q123260037,,,
6337,Nainbag,55,5,5-55-6337,,http://www.wikidata.org/entity/Q123260070,,,
6360,Kandisaur,55,5,5-55-6360,,http://www.wikidata.org/entity/Q123260073,,,
6361,Kirtinagar,55,5,5-55-6361,,http://www.wikidata.org/entity/Q123260009,,,
6362,Madannegi,55,5,5-55-6362,,http://www.wikidata.org/entity/Q123260071,,,
6363,Pawkidevi,55,5,5-55-6363,,http://www.wikidata.org/entity/Q123260050,,,
6372,Gaja,55,5,5-55-6372,,http://www.wikidata.org/entity/Q123259994,,,
6374,Balganga,55,5,5-55-6374,,http://www.wikidata.org/entity/Q123260029,,,
346,Kashipur,56,5,5-56-346,,http://www.wikidata.org/entity/Q123260002,,,
347,Jaspur,56,5,5-56-347,,http://www.wikidata.org/entity/Q123260039,,,
348,Bajpur,56,5,5-56-348,,http://www.wikidata.org/entity/Q123260017,,,
349,Kichha,56,5,5-56-349,,http://www.wikidata.org/entity/Q123260062,,,
350,Gadarpur,56,5,5-56-350,,http://www.wikidata.org/entity/Q123259972,,,
351,Sitarganj,56,5,5-56-351,,http://www.wikidata.org/entity/Q123260022,,,
352,Khatima,56,5,5-56-352,,http://www.wikidata.org/entity/Q123259973,,,
6030,Rudrapur,56,5,5-56-6030,,http://www.wikidata.org/entity/Q123260045,,,
6364,Nanakmatta,56,5,5-56-6364,,http://www.wikidata.org/entity/Q123260020,,,
278,Puraula,57,5,5-57-278,,http://www.wikidata.org/entity/Q20595911,,,
279,Mori,57,5,5-57-279,,http://www.wikidata.org/entity/Q20588679,,,
280,Rajgarhi,57,5,5-57-280,,http://www.wikidata.org/entity/Q25565486,,,
281,Dunda,57,5,5-57-281,,http://www.wikidata.org/entity/Q20591909,,,
282,Chinyali Saur,57,5,5-57-282,,http://www.wikidata.org/entity/Q20591778,,,
283,Bhatwari,57,5,5-57-283,,http://www.wikidata.org/entity/Q20595040,,,
6365,Dhauntari,57,5,5-57-6365,,http://www.wikidata.org/entity/Q123260038,,,
6366,Joshiyara,57,5,5-57-6366,,http://www.wikidata.org/entity/Q123260016,,,
6404,Sankari,57,5,5-57-6404,,http://www.wikidata.org/entity/Q123259971,,,
6405,Barnigad,57,5,5-57-6405,,http://www.wikidata.org/entity/Q123260015,,,
358,Naraingarh,58,6,6-58-358,,http://www.wikidata.org/entity/Q123264749,,,
359,Ambala,58,6,6-58-359,,http://www.wikidata.org/entity/Q123264757,,,
360,Barara,58,6,6-58-360,,http://www.wikidata.org/entity/Q123264782,,,
6406,Ambala Cantonment,58,6,6-58-6406,,http://www.wikidata.org/entity/Q123264786,,,
6429,Saha subtehsil,58,6,6-58-6429,,http://www.wikidata.org/entity/Q123264824,,,
6430,Mulana subtehsil,58,6,6-58-6430,,http://www.wikidata.org/entity/Q123264718,,,
6431,Shahzadpur subtehsil,58,6,6-58-6431,,http://www.wikidata.org/entity/Q123264827,,,
397,Bawani Khera,59,6,6-59-397,,http://www.wikidata.org/entity/Q123264736,,,
398,Bhiwani,59,6,6-59-398,,http://www.wikidata.org/entity/Q123264785,,,
399,Tosham,59,6,6-59-399,,http://www.wikidata.org/entity/Q123264735,,,
400,Siwani,59,6,6-59-400,,http://www.wikidata.org/entity/Q123264811,,,
401,Loharu,59,6,6-59-401,,http://www.wikidata.org/entity/Q26793942,,,
6432,Bahal subtehsil,59,6,6-59-6432,,http://www.wikidata.org/entity/Q123264710,,,
425,Faridabad,60,6,6-60-425,,http://www.wikidata.org/entity/Q123264731,,,
426,Ballabgarh,60,6,6-60-426,,http://www.wikidata.org/entity/Q123264713,,,
6407,Badkhal,60,6,6-60-6407,,http://www.wikidata.org/entity/Q123264818,,,
6414,Dhauj subtehsil,60,6,6-60-6414,,http://www.wikidata.org/entity/Q123264725,,,
6415,Dayalpur subtehsil,60,6,6-60-6415,,http://www.wikidata.org/entity/Q123264826,,,
6416,Gaunchi subtehsil,60,6,6-60-6416,,http://www.wikidata.org/entity/Q123264829,,,
6434,Tigaon subtehsil,60,6,6-60-6434,,http://www.wikidata.org/entity/Q123264793,,,
6435,Mohna subtehsil,60,6,6-60-6435,,http://www.wikidata.org/entity/Q123264741,,,
421,Taoru,604,6,6-604-421,,http://www.wikidata.org/entity/Q123264705,,,
422,Nuh,604,6,6-604-422,,http://www.wikidata.org/entity/Q123264833,,,
423,Firozpur Jhirka,604,6,6-604-423,,http://www.wikidata.org/entity/Q26793944,,,
424,Punahana,604,6,6-604-424,,http://www.wikidata.org/entity/Q123264750,,,
6477,Nagina subtehsil,604,6,6-604-6477,,http://www.wikidata.org/entity/Q123264756,,,
7172,Indri,604,6,6-604-7172,,http://www.wikidata.org/entity/Q123264748,,,
386,Ratia,61,6,6-61-386,,http://www.wikidata.org/entity/Q123264806,,,
387,Tohana,61,6,6-61-387,,http://www.wikidata.org/entity/Q26793943,,,
388,Fatehabad,61,6,6-61-388,,http://www.wikidata.org/entity/Q123264805,,,
6436,Bhattukalan subtehsil,61,6,6-61-6436,,http://www.wikidata.org/entity/Q123264752,,,
6437,Bhuna subtehsil,61,6,6-61-6437,,http://www.wikidata.org/entity/Q123264819,,,
6438,Jakhal subtehsil,61,6,6-61-6438,,http://www.wikidata.org/entity/Q123264813,,,
6439,Kulan subtehsil,61,6,6-61-6439,,http://www.wikidata.org/entity/Q123264799,,,
427,Palwal,619,6,6-619-427,,http://www.wikidata.org/entity/Q123264733,,,
428,Hathin,619,6,6-619-428,,http://www.wikidata.org/entity/Q123264768,,,
429,Hodal,619,6,6-619-429,,http://www.wikidata.org/entity/Q123264779,,,
6478,Hassanpur subtehsil,619,6,6-619-6478,,http://www.wikidata.org/entity/Q123264755,,,
6479,Bahin subtehsil,619,6,6-619-6479,,http://www.wikidata.org/entity/Q123264775,,,
416,Pataudi,62,6,6-62-416,,http://www.wikidata.org/entity/Q123264769,,,
417,Gurgaon,62,6,6-62-417,,http://www.wikidata.org/entity/Q123264777,,,
418,Farrukhnagar,62,6,6-62-418,,http://www.wikidata.org/entity/Q123264726,,,
419,Manesar,62,6,6-62-419,,http://www.wikidata.org/entity/Q123264787,,,
420,Sohna,62,6,6-62-420,,http://www.wikidata.org/entity/Q123264740,,,
6420,Wazirabad subtehsil,62,6,6-62-6420,,http://www.wikidata.org/entity/Q123264778,,,
6421,Badshahpur subtehsil,62,6,6-62-6421,,http://www.wikidata.org/entity/Q123264783,,,
6422,Kadipur subtehsil,62,6,6-62-6422,,http://www.wikidata.org/entity/Q123264723,,,
6423,Harsaru subtehsil,62,6,6-62-6423,,http://www.wikidata.org/entity/Q123264817,,,
393,Adampur,63,6,6-63-393,,http://www.wikidata.org/entity/Q123264832,,,
394,Hisar,63,6,6-63-394,,http://www.wikidata.org/entity/Q123264709,,,
395,Narnaund,63,6,6-63-395,,http://www.wikidata.org/entity/Q123264716,,,
396,Hansi,63,6,6-63-396,,http://www.wikidata.org/entity/Q123264789,,,
6408,Bass,63,6,6-63-6408,,http://www.wikidata.org/entity/Q123264803,,,
6419,Kheri Jalab subtehsil,63,6,6-63-6419,,http://www.wikidata.org/entity/Q123264703,,,
6440,Barwala,63,6,6-63-6440,,http://www.wikidata.org/entity/Q123264720,,,
6441,Uklana subtehsil,63,6,6-63-6441,,http://www.wikidata.org/entity/Q123264760,,,
6442,Balsamand subtehsil,63,6,6-63-6442,,http://www.wikidata.org/entity/Q123264701,,,
407,Beri,64,6,6-64-407,,http://www.wikidata.org/entity/Q123264810,,,
408,Bahadurgarh,64,6,6-64-408,,http://www.wikidata.org/entity/Q107376968,,,
409,Jhajjar,64,6,6-64-409,,http://www.wikidata.org/entity/Q123264788,,,
410,Matenhail,64,6,6-64-410,,http://www.wikidata.org/entity/Q123264796,,,
6443,Salhawas subtehsil,64,6,6-64-6443,,http://www.wikidata.org/entity/Q123264781,,,
6444,Badli,64,6,6-64-6444,,http://www.wikidata.org/entity/Q123264821,,,
382,Narwana,65,6,6-65-382,,http://www.wikidata.org/entity/Q123264737,,,
383,Jind,65,6,6-65-383,,http://www.wikidata.org/entity/Q123264714,,,
384,Julana,65,6,6-65-384,,http://www.wikidata.org/entity/Q123264715,,,
385,Safidon,65,6,6-65-385,,http://www.wikidata.org/entity/Q123264814,,,
6409,Alewa,65,6,6-65-6409,,http://www.wikidata.org/entity/Q123264809,,,
6413,Uchana,65,6,6-65-6413,,http://www.wikidata.org/entity/Q123264699,,,
6445,Pillukhera subtehsil,65,6,6-65-6445,,http://www.wikidata.org/entity/Q123264722,,,
367,Guhla,66,6,6-66-367,,http://www.wikidata.org/entity/Q123264734,,,
368,Kaithal,66,6,6-66-368,,http://www.wikidata.org/entity/Q123264800,,,
369,Fatehpur Pundri,66,6,6-66-369,,http://www.wikidata.org/entity/Q123264802,,,
6446,Kalayat,66,6,6-66-6446,,http://www.wikidata.org/entity/Q123264759,,,
6447,Rajaund subtehsil,66,6,6-66-6447,,http://www.wikidata.org/entity/Q123264738,,,
6448,Dhand subtehsil,66,6,6-66-6448,,http://www.wikidata.org/entity/Q123264767,,,
6449,Siwan subtehsil,66,6,6-66-6449,,http://www.wikidata.org/entity/Q123264823,,,
370,Nilokheri,67,6,6-67-370,,http://www.wikidata.org/entity/Q123264791,,,
371,Indri,67,6,6-67-371,,http://www.wikidata.org/entity/Q123264696,,,
372,Karnal,67,6,6-67-372,,http://www.wikidata.org/entity/Q123264830,,,
373,Assandh,67,6,6-67-373,,http://www.wikidata.org/entity/Q123264773,,,
374,Gharaunda,67,6,6-67-374,,http://www.wikidata.org/entity/Q123264732,,,
6450,Nising subtehsil,67,6,6-67-6450,,http://www.wikidata.org/entity/Q123264706,,,
6451,Nigdu subtehsil,67,6,6-67-6451,,http://www.wikidata.org/entity/Q123264753,,,
6452,Ballah subtehsil,67,6,6-67-6452,,http://www.wikidata.org/entity/Q123264764,,,
364,Shahbad,68,6,6-68-364,,http://www.wikidata.org/entity/Q123264711,,,
365,Pehowa,68,6,6-68-365,,http://www.wikidata.org/entity/Q123264698,,,
366,Thanesar,68,6,6-68-366,,http://www.wikidata.org/entity/Q123264763,,,
6410,Ladwa,68,6,6-68-6410,,http://www.wikidata.org/entity/Q123264744,,,
6453,Ismailabad subtehsil,68,6,6-68-6453,,http://www.wikidata.org/entity/Q123264798,,,
6454,Babain subtehsil,68,6,6-68-6454,,http://www.wikidata.org/entity/Q123264822,,,
411,Mahendragarh,69,6,6-69-411,,http://www.wikidata.org/entity/Q123264751,,,
412,Narnaul,69,6,6-69-412,,http://www.wikidata.org/entity/Q123264784,,,
6456,Nangal Chawdhary,69,6,6-69-6456,,http://www.wikidata.org/entity/Q123264820,,,
6457,Ateli,69,6,6-69-6457,,http://www.wikidata.org/entity/Q123264729,,,
6458,Kanina,69,6,6-69-6458,,http://www.wikidata.org/entity/Q123264708,,,
6459,Satnali subtehsil,69,6,6-69-6459,,http://www.wikidata.org/entity/Q123264700,,,
356,Kalka,70,6,6-70-356,,http://www.wikidata.org/entity/Q123264697,,,
357,Panchkula,70,6,6-70-357,,http://www.wikidata.org/entity/Q123264721,,,
6411,Raipur Rani,70,6,6-70-6411,,http://www.wikidata.org/entity/Q123264792,,,
6460,Barwala subtehsil,70,6,6-70-6460,,http://www.wikidata.org/entity/Q123264693,,,
6461,Morni subtehsil,70,6,6-70-6461,,http://www.wikidata.org/entity/Q123264727,,,
402,Dadri,701,6,6-701-402,,http://www.wikidata.org/entity/Q123264766,,,
403,Badhra,701,6,6-701-403,,http://www.wikidata.org/entity/Q123264712,,,
6433,Bondkalan subtehsil,701,6,6-701-6433,,http://www.wikidata.org/entity/Q123264739,,,
375,Panipat,71,6,6-71-375,,http://www.wikidata.org/entity/Q123264761,,,
376,Israna,71,6,6-71-376,,http://www.wikidata.org/entity/Q123264724,,,
377,Samalkha,71,6,6-71-377,,http://www.wikidata.org/entity/Q123264704,,,
6412,Matlauda,71,6,6-71-6412,,http://www.wikidata.org/entity/Q123264717,,,
6462,Bapoli,71,6,6-71-6462,,http://www.wikidata.org/entity/Q123264747,,,
413,Kosli,72,6,6-72-413,,http://www.wikidata.org/entity/Q123264743,,,
414,Rewari,72,6,6-72-414,,http://www.wikidata.org/entity/Q123264695,,,
415,Bawal,72,6,6-72-415,,http://www.wikidata.org/entity/Q123264801,,,
6418,Palhawas subtehsil,72,6,6-72-6418,,http://www.wikidata.org/entity/Q123264812,,,
6463,Dharuhera subtehsil,72,6,6-72-6463,,http://www.wikidata.org/entity/Q123264728,,,
6464,Dahina subtehsil,72,6,6-72-6464,,http://www.wikidata.org/entity/Q123264742,,,
6465,Nahar subtehsil,72,6,6-72-6465,,http://www.wikidata.org/entity/Q123264745,,,
6466,Manethi subtehsil,72,6,6-72-6466,,http://www.wikidata.org/entity/Q123264754,,,
404,Maham,73,6,6-73-404,,http://www.wikidata.org/entity/Q123264719,,,
405,Rohtak,73,6,6-73-405,,http://www.wikidata.org/entity/Q123264772,,,
406,Sampla,73,6,6-73-406,,http://www.wikidata.org/entity/Q123264834,,,
6467,Kalanaur,73,6,6-73-6467,,http://www.wikidata.org/entity/Q123264816,,,
6468,Lakhan Majra subtehsil,73,6,6-73-6468,,http://www.wikidata.org/entity/Q123264808,,,
389,Dabwali,74,6,6-74-389,,http://www.wikidata.org/entity/Q123264776,,,
390,Sirsa,74,6,6-74-390,,http://www.wikidata.org/entity/Q123264790,,,
391,Rania,74,6,6-74-391,,http://www.wikidata.org/entity/Q123264702,,,
392,Ellenabad,74,6,6-74-392,,http://www.wikidata.org/entity/Q123264765,,,
6469,Kalanwali,74,6,6-74-6469,,http://www.wikidata.org/entity/Q123264780,,,
6470,Nathusari Chopta,74,6,6-74-6470,,http://www.wikidata.org/entity/Q123264771,,,
6471,Goriwala subtehsil,74,6,6-74-6471,,http://www.wikidata.org/entity/Q123264770,,,
378,Gohana,75,6,6-75-378,,http://www.wikidata.org/entity/Q123264825,,,
379,Ganaur,75,6,6-75-379,,http://www.wikidata.org/entity/Q123264774,,,
380,Sonipat,75,6,6-75-380,,http://www.wikidata.org/entity/Q123264828,,,
381,Kharkhoda,75,6,6-75-381,,http://www.wikidata.org/entity/Q123264807,,,
6472,Khanpur subtehsil,75,6,6-75-6472,,http://www.wikidata.org/entity/Q123264730,,,
6473,Rai subtehsil,75,6,6-75-6473,,http://www.wikidata.org/entity/Q123264794,,,
361,Jagadhri,76,6,6-76-361,,http://www.wikidata.org/entity/Q123264762,,,
362,Bilaspur,76,6,6-76-362,,http://www.wikidata.org/entity/Q123264795,,,
363,Chhachhrauli,76,6,6-76-363,,http://www.wikidata.org/entity/Q123264815,,,
6417,Pratap Nagar subtehsil,76,6,6-76-6417,,http://www.wikidata.org/entity/Q123264746,,,
6474,Radaur,76,6,6-76-6474,,http://www.wikidata.org/entity/Q123264694,,,
6475,Sadhaura subtehsil,76,6,6-76-6475,,http://www.wikidata.org/entity/Q123264707,,,
6476,Saraswati Nagar subtehsil,76,6,6-76-6476,,http://www.wikidata.org/entity/Q123264797,,,
455,Defence Colony,670,7,7-670-455,,http://www.wikidata.org/entity/Q123268272,,,
456,Kalkaji,670,7,7-670-456,,http://www.wikidata.org/entity/Q123268261,,,
6081,Sarita Vihar,670,7,7-670-6081,,http://www.wikidata.org/entity/Q123268254,,,
7572,Jangpura,670,7,7-670-7572,,http://www.wikidata.org/entity/Q140908947,,,
437,Shahdara,671,7,7-671-437,,http://www.wikidata.org/entity/Q123268256,,,
438,Seema Puri,671,7,7-671-438,,http://www.wikidata.org/entity/Q123268273,,,
440,Vivek Vihar,671,7,7-671-440,,http://www.wikidata.org/entity/Q123268280,,,
433,Civil Lines,77,7,7-77-433,,http://www.wikidata.org/entity/Q123268250,,,
435,Kotwali,77,7,7-77-435,,http://www.wikidata.org/entity/Q123268251,,,
447,Karol Bagh,77,7,7-77-447,,http://www.wikidata.org/entity/Q123268263,,,
448,Patel Nagar,77,7,7-77-448,,http://www.wikidata.org/entity/Q123268275,,,
439,Gandhi Nagar,78,7,7-78-439,,http://www.wikidata.org/entity/Q123268291,,,
441,Preet Vihar,78,7,7-78-441,,http://www.wikidata.org/entity/Q123268258,,,
6084,Mayur Vihar,78,7,7-78-6084,,http://www.wikidata.org/entity/Q123268269,,,
443,Chanakya Puri,79,7,7-79-443,,http://www.wikidata.org/entity/Q123268300,,,
452,Delhi Cantonment,79,7,7-79-452,,http://www.wikidata.org/entity/Q123268265,,,
453,Vasant Vihar,79,7,7-79-453,,http://www.wikidata.org/entity/Q123268277,,,
7593,New Delhi,79,7,7-79-7593,,http://www.wikidata.org/entity/Q140908049,,,
7574,Chandni Chowk,795,7,7-795-7574,,http://www.wikidata.org/entity/Q140908516,,,
7575,Sadar Bazar,795,7,7-795-7575,,http://www.wikidata.org/entity/Q140908589,,,
430,Narela,80,7,7-80-430,,http://www.wikidata.org/entity/Q123268297,,,
432,Model Town,80,7,7-80-432,,http://www.wikidata.org/entity/Q123268252,,,
6076,Alipur,80,7,7-80-6076,,http://www.wikidata.org/entity/Q123268288,,,
436,Seelam Pur,81,7,7-81-436,,http://www.wikidata.org/entity/Q123268267,,,
6082,Yamuna Vihar,81,7,7-81-6082,,http://www.wikidata.org/entity/Q123268298,,,
6083,Karawal Nagar,81,7,7-81-6083,,http://www.wikidata.org/entity/Q123268278,,,
431,Saraswati Vihar,82,7,7-82-431,,http://www.wikidata.org/entity/Q123268274,,,
6077,Rohini,82,7,7-82-6077,,http://www.wikidata.org/entity/Q123268279,,,
6078,Kanjhawala,82,7,7-82-6078,,http://www.wikidata.org/entity/Q123268259,,,
454,Hauz Khas,83,7,7-83-454,,http://www.wikidata.org/entity/Q123268282,,,
6079,Saket,83,7,7-83-6079,,http://www.wikidata.org/entity/Q123268285,,,
6080,Mehrauli,83,7,7-83-6080,,http://www.wikidata.org/entity/Q123268287,,,
451,Najafgarh,84,7,7-84-451,,http://www.wikidata.org/entity/Q123268294,,,
6085,Kapeshera,84,7,7-84-6085,,http://www.wikidata.org/entity/Q123268255,,,
6086,Dwarka,84,7,7-84-6086,,http://www.wikidata.org/entity/Q123268253,,,
449,Rajouri Garden,85,7,7-85-449,,http://www.wikidata.org/entity/Q123268290,,,
450,Punjabi Bagh,85,7,7-85-450,,http://www.wikidata.org/entity/Q123268257,,,
457,Karanpur,100,8,8-100-457,,http://www.wikidata.org/entity/Q6368514,,,
458,Shriganganagar,100,8,8-100-458,,http://www.wikidata.org/entity/Q7503950,,,
459,Sadulshahar,100,8,8-100-459,,http://www.wikidata.org/entity/Q7398124,,,
460,Padampur,100,8,8-100-460,,http://www.wikidata.org/entity/Q7123216,,,
465,Suratgarh,100,8,8-100-465,,http://www.wikidata.org/entity/Q7645460,,,
7376,Gajsinghpur,100,8,8-100-7376,,http://www.wikidata.org/entity/Q123286612,,,
466,Sangaria,101,8,8-101-466,,http://www.wikidata.org/entity/Q123256569,,,
467,Tibi,101,8,8-101-467,,http://www.wikidata.org/entity/Q123256789,,,
468,Hanumangarh,101,8,8-101-468,,http://www.wikidata.org/entity/Q123256977,,,
469,Pilibanga,101,8,8-101-469,,http://www.wikidata.org/entity/Q123256861,,,
470,Rawatsar,101,8,8-101-470,,http://www.wikidata.org/entity/Q123256967,,,
471,Nohar,101,8,8-101-471,,http://www.wikidata.org/entity/Q123257012,,,
472,Bhadra,101,8,8-101-472,,http://www.wikidata.org/entity/Q123256956,,,
7213,Pallu,101,8,8-101-7213,,http://www.wikidata.org/entity/Q123256762,,,
540,Shahpura,102,8,8-102-540,,http://www.wikidata.org/entity/Q123256705,,,
541,Chomu,102,8,8-102-541,,http://www.wikidata.org/entity/Q123256572,,,
542,Phulera (Hq.Sambhar),102,8,8-102-542,,http://www.wikidata.org/entity/Q123256838,,,
543,Mauzamabad,102,8,8-102-543,,http://www.wikidata.org/entity/Q123256896,,,
544,Phagi,102,8,8-102-544,,http://www.wikidata.org/entity/Q123256797,,,
545,Sanganer,102,8,8-102-545,,http://www.wikidata.org/entity/Q123256836,,,
546,Jaipur,102,8,8-102-546,,http://www.wikidata.org/entity/Q123256799,,,
547,Amber,102,8,8-102-547,,http://www.wikidata.org/entity/Q123256808,,,
548,Jamwa Ramgarh,102,8,8-102-548,,http://www.wikidata.org/entity/Q123256639,,,
549,Bassi,102,8,8-102-549,,http://www.wikidata.org/entity/Q123256994,,,
550,Chaksu,102,8,8-102-550,,http://www.wikidata.org/entity/Q123256881,,,
6026,Kishangarh Renwal,102,8,8-102-6026,,http://www.wikidata.org/entity/Q123256978,,,
6027,Dudu,102,8,8-102-6027,,http://www.wikidata.org/entity/Q123256915,,,
6028,Kotkhawda,102,8,8-102-6028,,http://www.wikidata.org/entity/Q123256668,,,
7139,Madhorajpura,102,8,8-102-7139,,http://www.wikidata.org/entity/Q123256989,,,
7140,Aandhi,102,8,8-102-7140,,http://www.wikidata.org/entity/Q123256927,,,
7141,Jobner,102,8,8-102-7141,,http://www.wikidata.org/entity/Q123256957,,,
7142,Tunga,102,8,8-102-7142,,http://www.wikidata.org/entity/Q123256996,,,
7215,Kalwar,102,8,8-102-7215,,http://www.wikidata.org/entity/Q123256855,,,
7379,Jalsu,102,8,8-102-7379,,http://www.wikidata.org/entity/Q123286593,,,
7391,Rampura Dabdi,102,8,8-102-7391,,http://www.wikidata.org/entity/Q123286597,,,
574,Jaisalmer,103,8,8-103-574,,http://www.wikidata.org/entity/Q105502215,,,
575,Pokhran,103,8,8-103-575,,http://www.wikidata.org/entity/Q105502236,,,
576,Fatehgarh,103,8,8-103-576,,http://www.wikidata.org/entity/Q123256769,,,
6040,Bhaniyana,103,8,8-103-6040,,http://www.wikidata.org/entity/Q123256804,,,
7143,Sum,103,8,8-103-7143,,http://www.wikidata.org/entity/Q123256889,,,
7214,Phalsund,103,8,8-103-7214,,http://www.wikidata.org/entity/Q123256863,,,
7216,Ramgarh,103,8,8-103-7216,,http://www.wikidata.org/entity/Q123256817,,,
585,Sayla,104,8,8-104-585,,http://www.wikidata.org/entity/Q123256574,,,
586,Ahore,104,8,8-104-586,,http://www.wikidata.org/entity/Q123256987,,,
587,Jalor,104,8,8-104-587,,http://www.wikidata.org/entity/Q123256623,,,
588,Bhinmal,104,8,8-104-588,,http://www.wikidata.org/entity/Q123256821,,,
589,Bagoda,104,8,8-104-589,,http://www.wikidata.org/entity/Q4842060,,,
590,Sanchore,104,8,8-104-590,,http://www.wikidata.org/entity/Q123256828,,,
591,Raniwara,104,8,8-104-591,,http://www.wikidata.org/entity/Q123256631,,,
6044,Jaswantpura,104,8,8-104-6044,,http://www.wikidata.org/entity/Q123256568,,,
6046,Chitalwana,104,8,8-104-6046,,http://www.wikidata.org/entity/Q5102202,,,
7217,Bhadrajun,104,8,8-104-7217,,http://www.wikidata.org/entity/Q123256825,,,
678,Khanpur,105,8,8-105-678,,http://www.wikidata.org/entity/Q123256767,,,
679,Jhalrapatan,105,8,8-105-679,,http://www.wikidata.org/entity/Q123256820,,,
680,Aklera,105,8,8-105-680,,http://www.wikidata.org/entity/Q123256998,,,
681,Manohar Thana,105,8,8-105-681,,http://www.wikidata.org/entity/Q123256858,,,
682,Pachpahar,105,8,8-105-682,,http://www.wikidata.org/entity/Q123256730,,,
683,Pirawa,105,8,8-105-683,,http://www.wikidata.org/entity/Q123256870,,,
684,Gangdhar,105,8,8-105-684,,http://www.wikidata.org/entity/Q123256652,,,
6055,Asnawar,105,8,8-105-6055,,http://www.wikidata.org/entity/Q123256738,,,
6666,Bakani,105,8,8-105-6666,,http://www.wikidata.org/entity/Q123256739,,,
6667,Sunel,105,8,8-105-6667,,http://www.wikidata.org/entity/Q123256710,,,
6925,Raipur,105,8,8-105-6925,,http://www.wikidata.org/entity/Q123256681,,,
6926,Dug,105,8,8-105-6926,,http://www.wikidata.org/entity/Q123256636,,,
487,Jhunjhunun,106,8,8-106-487,,http://www.wikidata.org/entity/Q123256713,,,
488,Chirawa,106,8,8-106-488,,http://www.wikidata.org/entity/Q123256743,,,
489,Buhana,106,8,8-106-489,,http://www.wikidata.org/entity/Q123256891,,,
490,Khetri,106,8,8-106-490,,http://www.wikidata.org/entity/Q123256622,,,
491,Nawalgarh,106,8,8-106-491,,http://www.wikidata.org/entity/Q123256751,,,
492,Udaipurwati,106,8,8-106-492,,http://www.wikidata.org/entity/Q123256788,,,
6370,Malsisar,106,8,8-106-6370,,http://www.wikidata.org/entity/Q123256697,,,
6371,Surajgarh,106,8,8-106-6371,,http://www.wikidata.org/entity/Q123256955,,,
7144,Gudhagorji,106,8,8-106-7144,,http://www.wikidata.org/entity/Q123256571,,,
7145,Mandawa,106,8,8-106-7145,,http://www.wikidata.org/entity/Q123256839,,,
7218,Bissau,106,8,8-106-7218,,http://www.wikidata.org/entity/Q123256618,,,
7386,Pilani,106,8,8-106-7386,,http://www.wikidata.org/entity/Q123286615,,,
570,Jodhpur,107,8,8-107-570,,http://www.wikidata.org/entity/Q123256877,,,
520,Todabhim,108,8,8-108-520,,http://www.wikidata.org/entity/Q123256629,,,
521,Nadoti,108,8,8-108-521,,http://www.wikidata.org/entity/Q123256850,,,
522,Hindaun,108,8,8-108-522,,http://www.wikidata.org/entity/Q20787531,,,
523,Karauli,108,8,8-108-523,,http://www.wikidata.org/entity/Q123256591,,,
524,Mandrayal,108,8,8-108-524,,http://www.wikidata.org/entity/Q123256819,,,
525,Sapotra,108,8,8-108-525,,http://www.wikidata.org/entity/Q123256806,,,
6379,Masalpur,108,8,8-108-6379,,http://www.wikidata.org/entity/Q123256579,,,
6934,Suroth,108,8,8-108-6934,,http://www.wikidata.org/entity/Q123256931,,,
7148,Shrimahaveer Ji,108,8,8-108-7148,,http://www.wikidata.org/entity/Q123256727,,,
7360,Balghat,108,8,8-108-7360,,http://www.wikidata.org/entity/Q123286614,,,
665,Pipalda,109,8,8-109-665,,http://www.wikidata.org/entity/Q123256902,,,
666,Digod,109,8,8-109-666,,http://www.wikidata.org/entity/Q123256999,,,
667,Ladpura,109,8,8-109-667,,http://www.wikidata.org/entity/Q123256827,,,
668,Ramganj Mandi,109,8,8-109-668,,http://www.wikidata.org/entity/Q123256664,,,
669,Sangod,109,8,8-109-669,,http://www.wikidata.org/entity/Q123256702,,,
6054,Kanwas,109,8,8-109-6054,,http://www.wikidata.org/entity/Q123256824,,,
7375,Chechat,109,8,8-109-7375,,http://www.wikidata.org/entity/Q123286590,,,
559,Jayal,110,8,8-110-559,,http://www.wikidata.org/entity/Q123256586,,,
560,Nagaur,110,8,8-110-560,,http://www.wikidata.org/entity/Q123256780,,,
561,Kheenvsar,110,8,8-110-561,,http://www.wikidata.org/entity/Q123256964,,,
562,Merta,110,8,8-110-562,,http://www.wikidata.org/entity/Q123256612,,,
563,Degana,110,8,8-110-563,,http://www.wikidata.org/entity/Q123256898,,,
6069,Riyan Badi,110,8,8-110-6069,,http://www.wikidata.org/entity/Q123256984,,,
6378,Mundwa,110,8,8-110-6378,,http://www.wikidata.org/entity/Q123256865,,,
7149,Sanjhu,110,8,8-110-7149,,http://www.wikidata.org/entity/Q123256805,,,
7223,Deh,110,8,8-110-7223,,http://www.wikidata.org/entity/Q123256719,,,
599,Sojat,111,8,8-111-599,,http://www.wikidata.org/entity/Q123256686,,,
600,Rohat,111,8,8-111-600,,http://www.wikidata.org/entity/Q123256615,,,
601,Pali,111,8,8-111-601,,http://www.wikidata.org/entity/Q123256856,,,
602,Marwar Junction,111,8,8-111-602,,http://www.wikidata.org/entity/Q123256886,,,
603,Desuri,111,8,8-111-603,,http://www.wikidata.org/entity/Q123256812,,,
604,Sumerpur,111,8,8-111-604,,http://www.wikidata.org/entity/Q123256835,,,
605,Bali,111,8,8-111-605,,http://www.wikidata.org/entity/Q123256761,,,
6898,Rani,111,8,8-111-6898,,http://www.wikidata.org/entity/Q123256750,,,
639,Bhim,112,8,8-112-639,,http://www.wikidata.org/entity/Q123256683,,,
640,Deogarh,112,8,8-112-640,,http://www.wikidata.org/entity/Q123256573,,,
641,Amet,112,8,8-112-641,,http://www.wikidata.org/entity/Q123256854,,,
642,Kumbhalgarh,112,8,8-112-642,,http://www.wikidata.org/entity/Q123256596,,,
643,Rajsamand,112,8,8-112-643,,http://www.wikidata.org/entity/Q123256691,,,
644,Railmagra,112,8,8-112-644,,http://www.wikidata.org/entity/Q123256694,,,
645,Nathdwara,112,8,8-112-645,,http://www.wikidata.org/entity/Q123256698,,,
6392,Garhbor,112,8,8-112-6392,,http://www.wikidata.org/entity/Q123256632,,,
6393,Khamnor,112,8,8-112-6393,,http://www.wikidata.org/entity/Q123256680,,,
6928,Kuwaria,112,8,8-112-6928,,http://www.wikidata.org/entity/Q123256928,,,
6935,Delwara,112,8,8-112-6935,,http://www.wikidata.org/entity/Q123256936,,,
7370,Sardargarh,112,8,8-112-7370,,http://www.wikidata.org/entity/Q123286608,,,
526,Gangapur,113,8,8-113-526,,http://www.wikidata.org/entity/Q123256946,,,
527,Bamanwas,113,8,8-113-527,,http://www.wikidata.org/entity/Q123256635,,,
528,Malarna Doongar,113,8,8-113-528,,http://www.wikidata.org/entity/Q123256614,,,
529,Bonli,113,8,8-113-529,,http://www.wikidata.org/entity/Q123256659,,,
530,Chauth Ka Barwara,113,8,8-113-530,,http://www.wikidata.org/entity/Q123256810,,,
531,Sawai Madhopur,113,8,8-113-531,,http://www.wikidata.org/entity/Q123256883,,,
532,Khandar,113,8,8-113-532,,http://www.wikidata.org/entity/Q123256687,,,
6386,Wazeerpur,113,8,8-113-6386,,http://www.wikidata.org/entity/Q123256590,,,
7152,Mitrapura,113,8,8-113-7152,,http://www.wikidata.org/entity/Q123256942,,,
7224,Barnala,113,8,8-113-7224,,http://www.wikidata.org/entity/Q123256669,,,
7225,Talawara,113,8,8-113-7225,,http://www.wikidata.org/entity/Q123256972,,,
551,Fatehpur,114,8,8-114-551,,http://www.wikidata.org/entity/Q123256919,,,
552,Lachhmangarh,114,8,8-114-552,,http://www.wikidata.org/entity/Q123256642,,,
553,Sikar,114,8,8-114-553,,http://www.wikidata.org/entity/Q123257018,,,
554,Danta Ramgarh,114,8,8-114-554,,http://www.wikidata.org/entity/Q123256674,,,
555,Sri Madhopur,114,8,8-114-555,,http://www.wikidata.org/entity/Q123256951,,,
556,Neem-Ka-Thana,114,8,8-114-556,,http://www.wikidata.org/entity/Q123257014,,,
6384,Khendela,114,8,8-114-6384,,http://www.wikidata.org/entity/Q123256949,,,
6387,Dhod,114,8,8-114-6387,,http://www.wikidata.org/entity/Q123256671,,,
6388,Ramgarh Shekawati,114,8,8-114-6388,,http://www.wikidata.org/entity/Q123256745,,,
7153,Nechwa,114,8,8-114-7153,,http://www.wikidata.org/entity/Q123256944,,,
7226,Reengus,114,8,8-114-7226,,http://www.wikidata.org/entity/Q123256853,,,
7227,Patan,114,8,8-114-7227,,http://www.wikidata.org/entity/Q123256979,,,
7228,Sikar Gramin,114,8,8-114-7228,,http://www.wikidata.org/entity/Q123256924,,,
592,Sheoganj,115,8,8-115-592,,http://www.wikidata.org/entity/Q123256675,,,
593,Sirohi,115,8,8-115-593,,http://www.wikidata.org/entity/Q123256815,,,
594,Pindwara,115,8,8-115-594,,http://www.wikidata.org/entity/Q123256792,,,
595,Abu Road,115,8,8-115-595,,http://www.wikidata.org/entity/Q123256607,,,
596,Reodar,115,8,8-115-596,,http://www.wikidata.org/entity/Q123256628,,,
7154,Deldar,115,8,8-115-7154,,http://www.wikidata.org/entity/Q123256715,,,
615,Malpura,116,8,8-116-615,,http://www.wikidata.org/entity/Q123256794,,,
616,Peeplu,116,8,8-116-616,,http://www.wikidata.org/entity/Q123256878,,,
617,Niwai,116,8,8-116-617,,http://www.wikidata.org/entity/Q123256929,,,
618,Tonk,116,8,8-116-618,,http://www.wikidata.org/entity/Q123256662,,,
620,Deoli,116,8,8-116-620,,http://www.wikidata.org/entity/Q123256594,,,
621,Uniara,116,8,8-116-621,,http://www.wikidata.org/entity/Q123256717,,,
6910,Duni,116,8,8-116-6910,,http://www.wikidata.org/entity/Q123256802,,,
7155,Nagarfort,116,8,8-116-7155,,http://www.wikidata.org/entity/Q123256833,,,
7371,Aligarh,116,8,8-116-7371,,http://www.wikidata.org/entity/Q123286613,,,
685,Mavli,117,8,8-117-685,,http://www.wikidata.org/entity/Q123257010,,,
686,Gogunda,117,8,8-117-686,,http://www.wikidata.org/entity/Q123256601,,,
687,Kotra,117,8,8-117-687,,http://www.wikidata.org/entity/Q28170089,,,
688,Jhadol,117,8,8-117-688,,http://www.wikidata.org/entity/Q123256693,,,
689,Girwa,117,8,8-117-689,,http://www.wikidata.org/entity/Q25247622,,,
690,Vallabhnagar,117,8,8-117-690,,http://www.wikidata.org/entity/Q65059065,,,
694,Rishabhdeo,117,8,8-117-694,,http://www.wikidata.org/entity/Q123256932,,,
695,Kherwara,117,8,8-117-695,,http://www.wikidata.org/entity/Q123256598,,,
6903,Badgaon,117,8,8-117-6903,,http://www.wikidata.org/entity/Q123257008,,,
6917,Bhindar,117,8,8-117-6917,,http://www.wikidata.org/entity/Q123256900,,,
6929,Kanod,117,8,8-117-6929,,http://www.wikidata.org/entity/Q123256844,,,
7156,Kurabad,117,8,8-117-7156,,http://www.wikidata.org/entity/Q123256901,,,
7157,Nayagaon,117,8,8-117-7157,,http://www.wikidata.org/entity/Q123256742,,,
7361,Barapal,117,8,8-117-7361,,http://www.wikidata.org/entity/Q123286591,,,
7377,Ghasa,117,8,8-117-7377,,http://www.wikidata.org/entity/Q123286605,,,
7385,Phalasia,117,8,8-117-7385,,http://www.wikidata.org/entity/Q123286598,,,
7390,Sayra,117,8,8-117-7390,,http://www.wikidata.org/entity/Q123286587,,,
696,Dhariawad,629,8,8-629-696,,http://www.wikidata.org/entity/Q123256776,,,
697,Peepalkhoont,629,8,8-629-697,,http://www.wikidata.org/entity/Q123256688,,,
698,Chhoti Sadri,629,8,8-629-698,,http://www.wikidata.org/entity/Q122695682,,,
699,Pratapgarh,629,8,8-629-699,,http://www.wikidata.org/entity/Q123256764,,,
700,Arnod,629,8,8-629-700,,http://www.wikidata.org/entity/Q123256904,,,
7150,Suhagpura,629,8,8-629-7150,,http://www.wikidata.org/entity/Q123256908,,,
7151,Dalot,629,8,8-629-7151,,http://www.wikidata.org/entity/Q123256595,,,
505,Pahari,767,8,8-767-505,,http://www.wikidata.org/entity/Q123256995,,,
506,Kaman,767,8,8-767-506,,http://www.wikidata.org/entity/Q123256585,,,
507,Nagar,767,8,8-767-507,,http://www.wikidata.org/entity/Q123256866,,,
508,Deeg,767,8,8-767-508,,http://www.wikidata.org/entity/Q123256873,,,
510,Kumher,767,8,8-767-510,,http://www.wikidata.org/entity/Q123256576,,,
6930,Sikri,767,8,8-767-6930,,http://www.wikidata.org/entity/Q123257020,,,
7369,Rarah,767,8,8-767-7369,,http://www.wikidata.org/entity/Q123286592,,,
7380,Januthar,767,8,8-767-7380,,http://www.wikidata.org/entity/Q123286609,,,
7381,Jurhara,767,8,8-767-7381,,http://www.wikidata.org/entity/Q123286594,,,
557,Ladnu,768,8,8-768-557,,http://www.wikidata.org/entity/Q123256913,,,
558,Didwana,768,8,8-768-558,,http://www.wikidata.org/entity/Q123256657,,,
564,Parbatsar,768,8,8-768-564,,http://www.wikidata.org/entity/Q123256597,,,
565,Makrana,768,8,8-768-565,,http://www.wikidata.org/entity/Q123256786,,,
566,Nawa,768,8,8-768-566,,http://www.wikidata.org/entity/Q123256868,,,
6065,Kuchaman City,768,8,8-768-6065,,http://www.wikidata.org/entity/Q123256851,,,
7222,Maulasar,768,8,8-768-7222,,http://www.wikidata.org/entity/Q123256651,,,
7364,Chhoti Khatu,768,8,8-768-7364,,http://www.wikidata.org/entity/Q122380387,,,
494,Mandawar,770,8,8-770-494,,http://www.wikidata.org/entity/Q123256860,,,
495,Kotkasim,770,8,8-770-495,,http://www.wikidata.org/entity/Q123256921,,,
496,Tijara,770,8,8-770-496,,http://www.wikidata.org/entity/Q123256753,,,
497,Kishangarh Bas,770,8,8-770-497,,http://www.wikidata.org/entity/Q123256990,,,
7128,Tapukara,770,8,8-770-7128,,http://www.wikidata.org/entity/Q123256617,,,
7207,Khairthal,770,8,8-770-7207,,http://www.wikidata.org/entity/Q123256626,,,
7208,Harsauli,770,8,8-770-7208,,http://www.wikidata.org/entity/Q123256823,,,
567,Phalodi,772,8,8-772-567,,http://www.wikidata.org/entity/Q17082815,,,
6048,Bap,772,8,8-772-6048,,http://www.wikidata.org/entity/Q123256599,,,
6391,Lohawat,772,8,8-772-6391,,http://www.wikidata.org/entity/Q123256869,,,
6916,Bapini,772,8,8-772-6916,,http://www.wikidata.org/entity/Q123256749,,,
6937,Dechu,772,8,8-772-6937,,http://www.wikidata.org/entity/Q123256993,,,
7146,Aau,772,8,8-772-7146,,http://www.wikidata.org/entity/Q123256682,,,
7147,Setrawa,772,8,8-772-7147,,http://www.wikidata.org/entity/Q123256748,,,
7221,Ghantiyali,772,8,8-772-7221,,http://www.wikidata.org/entity/Q123256784,,,
597,Jaitaran,774,8,8-774-597,,http://www.wikidata.org/entity/Q123256997,,,
598,Raipur,774,8,8-774-598,,http://www.wikidata.org/entity/Q123256910,,,
609,Beawar,774,8,8-774-609,,http://www.wikidata.org/entity/Q123256831,,,
610,Masuda,774,8,8-774-610,,http://www.wikidata.org/entity/Q123257003,,,
6066,Badnor,774,8,8-774-6066,,http://www.wikidata.org/entity/Q123256677,,,
6656,Tatgarh,774,8,8-774-6656,,http://www.wikidata.org/entity/Q123256848,,,
6661,Vijaynagar,774,8,8-774-6661,,http://www.wikidata.org/entity/Q123256954,,,
578,Baytoo,775,8,8-775-578,,http://www.wikidata.org/entity/Q123256610,,,
579,Pachpadra,775,8,8-775-579,,http://www.wikidata.org/entity/Q7122063,,,
580,Siwana,775,8,8-775-580,,http://www.wikidata.org/entity/Q123256624,,,
6052,Sindhari,775,8,8-775-6052,,http://www.wikidata.org/entity/Q48730584,,,
6904,Samdari,775,8,8-775-6904,,http://www.wikidata.org/entity/Q123256920,,,
6907,Gida,775,8,8-775-6907,,http://www.wikidata.org/entity/Q123256711,,,
7130,Kalyanpur,775,8,8-775-7130,,http://www.wikidata.org/entity/Q123256952,,,
7368,Patodi,775,8,8-775-7368,,http://www.wikidata.org/entity/Q123286607,,,
461,Raisinghnagar,776,8,8-776-461,,http://www.wikidata.org/entity/Q7285174,,,
462,Anupgarh,776,8,8-776-462,,http://www.wikidata.org/entity/Q4777844,,,
463,Gharsana,776,8,8-776-463,,http://www.wikidata.org/entity/Q5555794,,,
464,Vijaynagar,776,8,8-776-464,,http://www.wikidata.org/entity/Q7929318,,,
6915,Ravla,776,8,8-776-6915,,http://www.wikidata.org/entity/Q123256893,,,
691,Lasadiya,777,8,8-777-691,,http://www.wikidata.org/entity/Q123256606,,,
692,Salumbar,777,8,8-777-692,,http://www.wikidata.org/entity/Q65065092,,,
693,Sarada,777,8,8-777-693,,http://www.wikidata.org/entity/Q123256940,,,
6911,Semari,777,8,8-777-6911,,http://www.wikidata.org/entity/Q123256864,,,
7229,Jhallara,777,8,8-777-7229,,http://www.wikidata.org/entity/Q123256988,,,
568,Osian,778,8,8-778-568,,http://www.wikidata.org/entity/Q17046367,,,
569,Bhopalgarh,778,8,8-778-569,,http://www.wikidata.org/entity/Q15198978,,,
571,Shergarh,778,8,8-778-571,,http://www.wikidata.org/entity/Q15277169,,,
572,Luni,778,8,8-778-572,,http://www.wikidata.org/entity/Q38249418,,,
573,Bilara,778,8,8-778-573,,http://www.wikidata.org/entity/Q15199258,,,
6047,Bawadi,778,8,8-778-6047,,http://www.wikidata.org/entity/Q15197651,,,
6049,Balesar,778,8,8-778-6049,,http://www.wikidata.org/entity/Q123256737,,,
6051,Pipar Shahar,778,8,8-778-6051,,http://www.wikidata.org/entity/Q123256771,,,
6390,Tinwari,778,8,8-778-6390,,http://www.wikidata.org/entity/Q123256796,,,
6927,Shekhala,778,8,8-778-6927,,http://www.wikidata.org/entity/Q123256729,,,
7219,Kudi Bhagtasni,778,8,8-778-7219,,http://www.wikidata.org/entity/Q123256744,,,
7220,Jhanwar,778,8,8-778-7220,,http://www.wikidata.org/entity/Q123256741,,,
7374,Chamu,778,8,8-778-7374,,http://www.wikidata.org/entity/Q123286599,,,
612,Bhinay,781,8,8-781-612,,http://www.wikidata.org/entity/Q123256689,,,
613,Sarwar,781,8,8-781-613,,http://www.wikidata.org/entity/Q123256947,,,
614,Kekri,781,8,8-781-614,,http://www.wikidata.org/entity/Q123256676,,,
619,Todaraisingh,781,8,8-781-619,,http://www.wikidata.org/entity/Q123256643,,,
6658,Tantoli,781,8,8-781-6658,,http://www.wikidata.org/entity/Q123256899,,,
6660,Sawar,781,8,8-781-6660,,http://www.wikidata.org/entity/Q123256871,,,
493,Behror,782,8,8-782-493,,http://www.wikidata.org/entity/Q760169,,,
500,Bansur,782,8,8-782-500,,http://www.wikidata.org/entity/Q123256983,,,
538,Kotputli,782,8,8-782-538,,http://www.wikidata.org/entity/Q123256879,,,
539,Viratnagar,782,8,8-782-539,,http://www.wikidata.org/entity/Q123256926,,,
6380,Neemrana,782,8,8-782-6380,,http://www.wikidata.org/entity/Q123256934,,,
6924,Pavta,782,8,8-782-6924,,http://www.wikidata.org/entity/Q123256811,,,
6936,Narayanpur,782,8,8-782-6936,,http://www.wikidata.org/entity/Q123256962,,,
7383,Mandhan,782,8,8-782-7383,,http://www.wikidata.org/entity/Q123286595,,,
606,Kishangarh,86,8,8-86-606,,http://www.wikidata.org/entity/Q123256678,,,
607,Ajmer,86,8,8-86-607,,http://www.wikidata.org/entity/Q123256917,,,
608,Peesangan,86,8,8-86-608,,http://www.wikidata.org/entity/Q123256923,,,
611,Nasirabad,86,8,8-86-611,,http://www.wikidata.org/entity/Q123256747,,,
6655,Pushkar,86,8,8-86-6655,,http://www.wikidata.org/entity/Q123256992,,,
6657,Roopangarh,86,8,8-86-6657,,http://www.wikidata.org/entity/Q123256841,,,
6659,Arain,86,8,8-86-6659,,http://www.wikidata.org/entity/Q123256754,,,
498,Ramgarh,87,8,8-87-498,,http://www.wikidata.org/entity/Q123256699,,,
499,Alwar,87,8,8-87-499,,http://www.wikidata.org/entity/Q123256803,,,
501,Thanagazi,87,8,8-87-501,,http://www.wikidata.org/entity/Q123256774,,,
502,Rajgarh,87,8,8-87-502,,http://www.wikidata.org/entity/Q123256679,,,
503,Lachhmangarh,87,8,8-87-503,,http://www.wikidata.org/entity/Q123256907,,,
504,Kathumar,87,8,8-87-504,,http://www.wikidata.org/entity/Q123256807,,,
6381,Reni,87,8,8-87-6381,,http://www.wikidata.org/entity/Q123257006,,,
6382,Malakhera,87,8,8-87-6382,,http://www.wikidata.org/entity/Q123256986,,,
6383,Govindgarh,87,8,8-87-6383,,http://www.wikidata.org/entity/Q123256933,,,
7113,Tehla,87,8,8-87-7113,,http://www.wikidata.org/entity/Q123256609,,,
7129,Naugaon,87,8,8-87-7129,,http://www.wikidata.org/entity/Q123256619,,,
7387,Pratapgarh,87,8,8-87-7387,,http://www.wikidata.org/entity/Q123286606,,,
650,Ghatol,88,8,8-88-650,,http://www.wikidata.org/entity/Q123256888,,,
651,Garhi,88,8,8-88-651,,http://www.wikidata.org/entity/Q123256760,,,
652,Banswara,88,8,8-88-652,,http://www.wikidata.org/entity/Q123256958,,,
653,Bagidora,88,8,8-88-653,,http://www.wikidata.org/entity/Q123256857,,,
654,Kushalgarh,88,8,8-88-654,,http://www.wikidata.org/entity/Q123256862,,,
6042,Chhoti Sarwan,88,8,8-88-6042,,http://www.wikidata.org/entity/Q123256778,,,
6043,Sajjangarh,88,8,8-88-6043,,http://www.wikidata.org/entity/Q123256684,,,
6061,Anandpuri,88,8,8-88-6061,,http://www.wikidata.org/entity/Q123256734,,,
6610,Gangadtalai,88,8,8-88-6610,,http://www.wikidata.org/entity/Q123256801,,,
6611,Ganoda,88,8,8-88-6611,,http://www.wikidata.org/entity/Q123256948,,,
6612,Abapura,88,8,8-88-6612,,http://www.wikidata.org/entity/Q123256832,,,
6922,Artuna,88,8,8-88-6922,,http://www.wikidata.org/entity/Q123256740,,,
670,Mangrol,89,8,8-89-670,,http://www.wikidata.org/entity/Q123256630,,,
671,Antah,89,8,8-89-671,,http://www.wikidata.org/entity/Q123256578,,,
672,Baran,89,8,8-89-672,,http://www.wikidata.org/entity/Q123256604,,,
673,Atru,89,8,8-89-673,,http://www.wikidata.org/entity/Q123256704,,,
674,Kishanganj,89,8,8-89-674,,http://www.wikidata.org/entity/Q123256708,,,
675,Shahbad,89,8,8-89-675,,http://www.wikidata.org/entity/Q123256793,,,
676,Chhabra,89,8,8-89-676,,http://www.wikidata.org/entity/Q123256890,,,
677,Chhipabarod,89,8,8-89-677,,http://www.wikidata.org/entity/Q123256720,,,
577,Sheo,90,8,8-90-577,,http://www.wikidata.org/entity/Q123256800,,,
581,Gudha Malani,90,8,8-90-581,,http://www.wikidata.org/entity/Q123256859,,,
582,Barmer,90,8,8-90-582,,http://www.wikidata.org/entity/Q15196787,,,
583,Ramsar,90,8,8-90-583,,http://www.wikidata.org/entity/Q123256723,,,
584,Chohtan,90,8,8-90-584,,http://www.wikidata.org/entity/Q123256732,,,
6045,Sedwa,90,8,8-90-6045,,http://www.wikidata.org/entity/Q48733887,,,
6050,Dhorimanna,90,8,8-90-6050,,http://www.wikidata.org/entity/Q123256603,,,
6906,Gadraroad,90,8,8-90-6906,,http://www.wikidata.org/entity/Q123256759,,,
6912,Dhanaau,90,8,8-90-6912,,http://www.wikidata.org/entity/Q123256611,,,
7131,Barmer Gramin,90,8,8-90-7131,,http://www.wikidata.org/entity/Q123256834,,,
7132,Nokhra,90,8,8-90-7132,,http://www.wikidata.org/entity/Q123256787,,,
7363,Batadu,90,8,8-90-7363,,http://www.wikidata.org/entity/Q123286604,,,
509,Nadbai,91,8,8-91-509,,http://www.wikidata.org/entity/Q123256845,,,
511,Bharatpur,91,8,8-91-511,,http://www.wikidata.org/entity/Q123256735,,,
512,Weir,91,8,8-91-512,,http://www.wikidata.org/entity/Q123256969,,,
513,Bayana,91,8,8-91-513,,http://www.wikidata.org/entity/Q123256656,,,
514,Rupbas,91,8,8-91-514,,http://www.wikidata.org/entity/Q123256790,,,
6665,Bhusawar,91,8,8-91-6665,,http://www.wikidata.org/entity/Q123256605,,,
6923,Uchhain,91,8,8-91-6923,,http://www.wikidata.org/entity/Q123257021,,,
7389,Rudawal,91,8,8-91-7389,,http://www.wikidata.org/entity/Q123286610,,,
627,Asind,92,8,8-92-627,,http://www.wikidata.org/entity/Q123256731,,,
628,Hurda,92,8,8-92-628,,http://www.wikidata.org/entity/Q123256981,,,
629,Shahpura,92,8,8-92-629,,http://www.wikidata.org/entity/Q123256641,,,
630,Banera,92,8,8-92-630,,http://www.wikidata.org/entity/Q123256673,,,
631,Mandal,92,8,8-92-631,,http://www.wikidata.org/entity/Q123256938,,,
632,Raipur,92,8,8-92-632,,http://www.wikidata.org/entity/Q123256692,,,
633,Sahara,92,8,8-92-633,,http://www.wikidata.org/entity/Q123256941,,,
634,Bhilwara,92,8,8-92-634,,http://www.wikidata.org/entity/Q123257004,,,
635,Kotri,92,8,8-92-635,,http://www.wikidata.org/entity/Q123256783,,,
636,Jahazpur,92,8,8-92-636,,http://www.wikidata.org/entity/Q123256637,,,
637,Mandalgarh,92,8,8-92-637,,http://www.wikidata.org/entity/Q123256709,,,
638,Bijoliya,92,8,8-92-638,,http://www.wikidata.org/entity/Q123256822,,,
6064,Kareda,92,8,8-92-6064,,http://www.wikidata.org/entity/Q123256976,,,
6067,Phooliya Kalan,92,8,8-92-6067,,http://www.wikidata.org/entity/Q123256613,,,
6068,Hameergarh,92,8,8-92-6068,,http://www.wikidata.org/entity/Q123256961,,,
7362,Antali,92,8,8-92-7362,,http://www.wikidata.org/entity/Q123286589,,,
7366,Kachola,92,8,8-92-7366,,http://www.wikidata.org/entity/Q123286617,,,
7392,Sawaipur,92,8,8-92-7392,,http://www.wikidata.org/entity/Q123286616,,,
473,Bikaner,93,8,8-93-473,,http://www.wikidata.org/entity/Q123256935,,,
474,Poogal,93,8,8-93-474,,http://www.wikidata.org/entity/Q123256922,,,
475,Lunkaransar,93,8,8-93-475,,http://www.wikidata.org/entity/Q123256867,,,
476,Kolayat,93,8,8-93-476,,http://www.wikidata.org/entity/Q123256943,,,
477,Nokha,93,8,8-93-477,,http://www.wikidata.org/entity/Q123256766,,,
478,Khajuwala,93,8,8-93-478,,http://www.wikidata.org/entity/Q123256633,,,
479,Chhatargarh,93,8,8-93-479,,http://www.wikidata.org/entity/Q123256911,,,
480,Sridungargarh,93,8,8-93-480,,http://www.wikidata.org/entity/Q123256758,,,
6913,Bajju,93,8,8-93-6913,,http://www.wikidata.org/entity/Q123256791,,,
7365,Jasrasar,93,8,8-93-7365,,http://www.wikidata.org/entity/Q123286588,,,
7378,Handa,93,8,8-93-7378,,http://www.wikidata.org/entity/Q123286586,,,
622,Hindoli,94,8,8-94-622,,http://www.wikidata.org/entity/Q123256982,,,
623,Nainwa,94,8,8-94-623,,http://www.wikidata.org/entity/Q123256930,,,
624,Indragarh,94,8,8-94-624,,http://www.wikidata.org/entity/Q123256661,,,
625,Keshoraipatan,94,8,8-94-625,,http://www.wikidata.org/entity/Q123256756,,,
626,Bundi,94,8,8-94-626,,http://www.wikidata.org/entity/Q123257002,,,
6033,Talera,94,8,8-94-6033,,http://www.wikidata.org/entity/Q123256872,,,
7359,Raithal,94,8,8-94-7359,,http://www.wikidata.org/entity/Q123256588,,,
655,Rashmi,95,8,8-95-655,,http://www.wikidata.org/entity/Q123257016,,,
656,Gangrar,95,8,8-95-656,,http://www.wikidata.org/entity/Q123256842,,,
657,Begun,95,8,8-95-657,,http://www.wikidata.org/entity/Q123256645,,,
658,Rawatbhata,95,8,8-95-658,,http://www.wikidata.org/entity/Q123256798,,,
659,Chittaurgarh,95,8,8-95-659,,http://www.wikidata.org/entity/Q123256746,,,
660,Kapasan,95,8,8-95-660,,http://www.wikidata.org/entity/Q123256795,,,
661,Dungla,95,8,8-95-661,,http://www.wikidata.org/entity/Q123256768,,,
662,Bhadesar,95,8,8-95-662,,http://www.wikidata.org/entity/Q123256773,,,
663,Nimbahera,95,8,8-95-663,,http://www.wikidata.org/entity/Q123256885,,,
664,Bari Sadri,95,8,8-95-664,,http://www.wikidata.org/entity/Q123256696,,,
6057,Bhopalsagar,95,8,8-95-6057,,http://www.wikidata.org/entity/Q123256654,,,
7133,Bassi,95,8,8-95-7133,,http://www.wikidata.org/entity/Q123256672,,,
481,Taranagar,96,8,8-96-481,,http://www.wikidata.org/entity/Q123256882,,,
482,Rajgarh,96,8,8-96-482,,http://www.wikidata.org/entity/Q123256887,,,
483,Sardarshahar,96,8,8-96-483,,http://www.wikidata.org/entity/Q123256733,,,
484,Churu,96,8,8-96-484,,http://www.wikidata.org/entity/Q123256925,,,
485,Ratangarh,96,8,8-96-485,,http://www.wikidata.org/entity/Q123256724,,,
486,Sujangarh,96,8,8-96-486,,http://www.wikidata.org/entity/Q123256966,,,
6426,Bidasar,96,8,8-96-6426,,http://www.wikidata.org/entity/Q123256666,,,
6931,Sidhmukh,96,8,8-96-6931,,http://www.wikidata.org/entity/Q123256608,,,
7209,Bhanipura,96,8,8-96-7209,,http://www.wikidata.org/entity/Q123256826,,,
7388,Rajaldesar,96,8,8-96-7388,,http://www.wikidata.org/entity/Q123286602,,,
533,Baswa,97,8,8-97-533,,http://www.wikidata.org/entity/Q123256945,,,
534,Mahwa,97,8,8-97-534,,http://www.wikidata.org/entity/Q123256816,,,
535,Sikrai,97,8,8-97-535,,http://www.wikidata.org/entity/Q123256593,,,
536,Dausa,97,8,8-97-536,,http://www.wikidata.org/entity/Q123256985,,,
537,Lalsot,97,8,8-97-537,,http://www.wikidata.org/entity/Q123256874,,,
6053,Nangal Rajawatan,97,8,8-97-6053,,http://www.wikidata.org/entity/Q123256581,,,
6908,Ramgarh Pachwara,97,8,8-97-6908,,http://www.wikidata.org/entity/Q123256690,,,
6909,Lawan,97,8,8-97-6909,,http://www.wikidata.org/entity/Q123256667,,,
6914,Mandawar,97,8,8-97-6914,,http://www.wikidata.org/entity/Q123256640,,,
6932,Rahuwas,97,8,8-97-6932,,http://www.wikidata.org/entity/Q123256814,,,
7134,Behrawanda,97,8,8-97-7134,,http://www.wikidata.org/entity/Q123257000,,,
7135,Bejupada,97,8,8-97-7135,,http://www.wikidata.org/entity/Q123256880,,,
7136,Sainthal,97,8,8-97-7136,,http://www.wikidata.org/entity/Q123256876,,,
7210,Bandikui,97,8,8-97-7210,,http://www.wikidata.org/entity/Q123256663,,,
7211,Nirjharna,97,8,8-97-7211,,http://www.wikidata.org/entity/Q123256703,,,
7367,Paparda,97,8,8-97-7367,,http://www.wikidata.org/entity/Q123286600,,,
7373,Bhaandarej,97,8,8-97-7373,,http://www.wikidata.org/entity/Q123286611,,,
7382,Kundal,97,8,8-97-7382,,http://www.wikidata.org/entity/Q123286596,,,
515,Baseri,98,8,8-98-515,,http://www.wikidata.org/entity/Q123256582,,,
516,Bari,98,8,8-98-516,,http://www.wikidata.org/entity/Q123256937,,,
517,Sepau,98,8,8-98-517,,http://www.wikidata.org/entity/Q123256701,,,
518,Dhaulpur,98,8,8-98-518,,http://www.wikidata.org/entity/Q123256781,,,
519,Rajakhera,98,8,8-98-519,,http://www.wikidata.org/entity/Q123256602,,,
6389,Sarmathura,98,8,8-98-6389,,http://www.wikidata.org/entity/Q123256809,,,
6933,Mania,98,8,8-98-6933,,http://www.wikidata.org/entity/Q123256959,,,
7372,Basai Nawab,98,8,8-98-7372,,http://www.wikidata.org/entity/Q123286603,,,
646,Dungarpur,99,8,8-99-646,,http://www.wikidata.org/entity/Q123256894,,,
647,Aspur,99,8,8-99-647,,http://www.wikidata.org/entity/Q123256847,,,
648,Sagwara,99,8,8-99-648,,http://www.wikidata.org/entity/Q123256726,,,
649,Simalwara,99,8,8-99-649,,http://www.wikidata.org/entity/Q123256700,,,
6058,Bichiwara,99,8,8-99-6058,,http://www.wikidata.org/entity/Q123256665,,,
6059,Chikhali,99,8,8-99-6059,,http://www.wikidata.org/entity/Q123256621,,,
6060,Galiyakot,99,8,8-99-6060,,http://www.wikidata.org/entity/Q123256616,,,
6062,Sabla,99,8,8-99-6062,,http://www.wikidata.org/entity/Q123257007,,,
6070,Jothari,99,8,8-99-6070,,http://www.wikidata.org/entity/Q123256813,,,
7137,Dowda,99,8,8-99-7137,,http://www.wikidata.org/entity/Q123256648,,,
7138,Gamdi Ahada,99,8,8-99-7138,,http://www.wikidata.org/entity/Q123256905,,,
7212,Paldewal,99,8,8-99-7212,,http://www.wikidata.org/entity/Q123256649,,,
7384,Obri,99,8,8-99-7384,,http://www.wikidata.org/entity/Q123286601,,,
765,Etmadpur,118,9,9-118-765,,http://www.wikidata.org/entity/Q12416880,,,
766,Agra,118,9,9-118-766,,http://www.wikidata.org/entity/Q12414837,,,
767,Kiraoli,118,9,9-118-767,,http://www.wikidata.org/entity/Q123259621,,,
768,Kheragarh,118,9,9-118-768,,http://www.wikidata.org/entity/Q123259844,,,
769,Fatehabad,118,9,9-118-769,,http://www.wikidata.org/entity/Q123259610,,,
770,Bah,118,9,9-118-770,,http://www.wikidata.org/entity/Q123259799,,,
752,Khair,119,9,9-119-752,,http://www.wikidata.org/entity/Q123259567,,,
753,Gabhana,119,9,9-119-753,,http://www.wikidata.org/entity/Q123259615,,,
754,Atrauli,119,9,9-119-754,,http://www.wikidata.org/entity/Q123259769,,,
755,Koil,119,9,9-119-755,,http://www.wikidata.org/entity/Q123259824,,,
756,Iglas,119,9,9-119-756,,http://www.wikidata.org/entity/Q123259666,,,
888,Soraon,120,9,9-120-888,,http://www.wikidata.org/entity/Q123259787,,,
889,Phulpur,120,9,9-120-889,,http://www.wikidata.org/entity/Q123259830,,,
890,Allahabad,120,9,9-120-890,,http://www.wikidata.org/entity/Q123259808,,,
891,Bara,120,9,9-120-891,,http://www.wikidata.org/entity/Q123259879,,,
892,Karchhana,120,9,9-120-892,,http://www.wikidata.org/entity/Q123259709,,,
893,Handia,120,9,9-120-893,,http://www.wikidata.org/entity/Q123259725,,,
894,Meja,120,9,9-120-894,,http://www.wikidata.org/entity/Q6810468,,,
895,Koraon,120,9,9-120-895,,http://www.wikidata.org/entity/Q123259747,,,
907,Tanda,121,9,9-121-907,,http://www.wikidata.org/entity/Q123259786,,,
908,Allapur,121,9,9-121-908,,http://www.wikidata.org/entity/Q123259627,,,
909,Jalalpur,121,9,9-121-909,,http://www.wikidata.org/entity/Q25565675,,,
910,Akbarpur,121,9,9-121-910,,http://www.wikidata.org/entity/Q20089553,,,
911,Bhiti,121,9,9-121-911,,http://www.wikidata.org/entity/Q123259809,,,
841,Bidhuna,122,9,9-122-841,,http://www.wikidata.org/entity/Q123259757,,,
842,Auraiya,122,9,9-122-842,,http://www.wikidata.org/entity/Q123259901,,,
6877,Ajitmal,122,9,9-122-6877,,http://www.wikidata.org/entity/Q123259678,,,
964,Burhanpur,123,9,9-123-964,,http://www.wikidata.org/entity/Q123259744,,,
965,Sagri,123,9,9-123-965,,http://www.wikidata.org/entity/Q123259777,,,
966,Azamgarh,123,9,9-123-966,,http://www.wikidata.org/entity/Q123259643,,,
967,Nizamabad,123,9,9-123-967,,http://www.wikidata.org/entity/Q123259857,,,
968,Phulpur,123,9,9-123-968,,http://www.wikidata.org/entity/Q123259732,,,
969,Lalganj,123,9,9-123-969,,http://www.wikidata.org/entity/Q123259902,,,
970,Mehnagar,123,9,9-123-970,,http://www.wikidata.org/entity/Q123259880,,,
6165,Martinganj,123,9,9-123-6165,,http://www.wikidata.org/entity/Q123259675,,,
735,Baraut,124,9,9-124-735,,http://www.wikidata.org/entity/Q123259734,,,
736,Baghpat,124,9,9-124-736,,http://www.wikidata.org/entity/Q123259891,,,
737,Khekada,124,9,9-124-737,,http://www.wikidata.org/entity/Q123259595,,,
919,Nanpara,125,9,9-125-919,,http://www.wikidata.org/entity/Q123259620,,,
920,Mahasi,125,9,9-125-920,,http://www.wikidata.org/entity/Q123259648,,,
921,Bahraich,125,9,9-125-921,,http://www.wikidata.org/entity/Q123259862,,,
922,Kaiserganj,125,9,9-125-922,,http://www.wikidata.org/entity/Q123259592,,,
6861,Payagpur,125,9,9-125-6861,,http://www.wikidata.org/entity/Q123259721,,,
6862,Mihinpurwa Motipur,125,9,9-125-6862,,http://www.wikidata.org/entity/Q123259695,,,
975,Belthara Road,126,9,9-126-975,,http://www.wikidata.org/entity/Q123259737,,,
976,Sikanderpur,126,9,9-126-976,,http://www.wikidata.org/entity/Q123259683,,,
977,Rasra,126,9,9-126-977,,http://www.wikidata.org/entity/Q123259733,,,
978,Ballia,126,9,9-126-978,,http://www.wikidata.org/entity/Q123259819,,,
979,Bansdih,126,9,9-126-979,,http://www.wikidata.org/entity/Q123259835,,,
980,Bairia,126,9,9-126-980,,http://www.wikidata.org/entity/Q123259763,,,
925,Balrampur,127,9,9-127-925,,http://www.wikidata.org/entity/Q123259888,,,
926,Tulsipur,127,9,9-127-926,,http://www.wikidata.org/entity/Q123259641,,,
927,Utraula,127,9,9-127-927,,http://www.wikidata.org/entity/Q123259823,,,
871,Banda,128,9,9-128-871,,http://www.wikidata.org/entity/Q123259792,,,
872,Baberu,128,9,9-128-872,,http://www.wikidata.org/entity/Q123259728,,,
873,Atarra,128,9,9-128-873,,http://www.wikidata.org/entity/Q123259878,,,
874,Naraini,128,9,9-128-874,,http://www.wikidata.org/entity/Q123259676,,,
6157,Pailani,128,9,9-128-6157,,http://www.wikidata.org/entity/Q123259802,,,
896,Fatehpur,129,9,9-129-896,,http://www.wikidata.org/entity/Q123259811,,,
897,Ramnagar,129,9,9-129-897,,http://www.wikidata.org/entity/Q123259639,,,
898,Nawabganj,129,9,9-129-898,,http://www.wikidata.org/entity/Q123259729,,,
899,Sirauli Gauspur,129,9,9-129-899,,http://www.wikidata.org/entity/Q123259625,,,
900,Ramsanehighat,129,9,9-129-900,,http://www.wikidata.org/entity/Q123259637,,,
901,Haidergarh,129,9,9-129-901,,http://www.wikidata.org/entity/Q123259614,,,
784,Baheri,130,9,9-130-784,,http://www.wikidata.org/entity/Q123259841,,,
785,Meerganj,130,9,9-130-785,,http://www.wikidata.org/entity/Q123259669,,,
786,Aonla,130,9,9-130-786,,http://www.wikidata.org/entity/Q123259617,,,
787,Bareilly,130,9,9-130-787,,http://www.wikidata.org/entity/Q123259646,,,
788,Nawabganj,130,9,9-130-788,,http://www.wikidata.org/entity/Q123259555,,,
789,Faridpur,130,9,9-130-789,,http://www.wikidata.org/entity/Q123259793,,,
937,Bhanpur,131,9,9-131-937,,http://www.wikidata.org/entity/Q123259783,,,
938,Harraiya,131,9,9-131-938,,http://www.wikidata.org/entity/Q123259659,,,
939,Basti,131,9,9-131-939,,http://www.wikidata.org/entity/Q123259714,,,
940,Rudhauli,131,9,9-131-940,,http://www.wikidata.org/entity/Q123259649,,,
712,Najibabad,132,9,9-132-712,,http://www.wikidata.org/entity/Q123259854,,,
713,Bijnor,132,9,9-132-713,,http://www.wikidata.org/entity/Q123259803,,,
714,Nagina,132,9,9-132-714,,http://www.wikidata.org/entity/Q123259875,,,
715,Dhampur,132,9,9-132-715,,http://www.wikidata.org/entity/Q123259687,,,
716,Chandpur,132,9,9-132-716,,http://www.wikidata.org/entity/Q123259698,,,
779,Bisauli,133,9,9-133-779,,http://www.wikidata.org/entity/Q123259668,,,
780,Bilsi,133,9,9-133-780,,http://www.wikidata.org/entity/Q123259696,,,
781,Sahaswan,133,9,9-133-781,,http://www.wikidata.org/entity/Q123259883,,,
782,Budaun,133,9,9-133-782,,http://www.wikidata.org/entity/Q123259827,,,
783,Dataganj,133,9,9-133-783,,http://www.wikidata.org/entity/Q123259836,,,
745,Sikandrabad,134,9,9-134-745,,http://www.wikidata.org/entity/Q20597116,,,
746,Bulandshahr,134,9,9-134-746,,http://www.wikidata.org/entity/Q20594111,,,
747,Siyana,134,9,9-134-747,,http://www.wikidata.org/entity/Q7533341,,,
748,Anupshahr,134,9,9-134-748,,http://www.wikidata.org/entity/Q123259689,,,
749,Debai,134,9,9-134-749,,http://www.wikidata.org/entity/Q20591750,,,
750,Shikarpur,134,9,9-134-750,,http://www.wikidata.org/entity/Q20594971,,,
751,Khurja,134,9,9-134-751,,http://www.wikidata.org/entity/Q20584886,,,
992,Sakaldiha,135,9,9-135-992,,http://www.wikidata.org/entity/Q123259631,,,
993,Chandauli,135,9,9-135-993,,http://www.wikidata.org/entity/Q123259596,,,
994,Chakia,135,9,9-135-994,,http://www.wikidata.org/entity/Q12425760,,,
6869,Mugalsarai,135,9,9-135-6869,,http://www.wikidata.org/entity/Q123259838,,,
6870,Naugarh,135,9,9-135-6870,,http://www.wikidata.org/entity/Q123259750,,,
875,Karwi,136,9,9-136-875,,http://www.wikidata.org/entity/Q123259849,,,
876,Mau,136,9,9-136-876,,http://www.wikidata.org/entity/Q123259700,,,
5930,Manikpur,136,9,9-136-5930,,http://www.wikidata.org/entity/Q123259670,,,
6156,Rajapur,136,9,9-136-6156,,http://www.wikidata.org/entity/Q123259710,,,
959,Deoria,137,9,9-137-959,,http://www.wikidata.org/entity/Q123259677,,,
960,Rudrapur,137,9,9-137-960,,http://www.wikidata.org/entity/Q123259644,,,
961,Barhaj,137,9,9-137-961,,http://www.wikidata.org/entity/Q123259735,,,
962,Salempur,137,9,9-137-962,,http://www.wikidata.org/entity/Q123259554,,,
963,Bhatpar Rani,137,9,9-137-963,,http://www.wikidata.org/entity/Q123259609,,,
1007,Aliganj,138,9,9-138-1007,,http://www.wikidata.org/entity/Q20179154,,,
1008,Etah,138,9,9-138-1008,,http://www.wikidata.org/entity/Q20573566,,,
1009,Jalesar,138,9,9-138-1009,,http://www.wikidata.org/entity/Q123259887,,,
836,Jaswantnagar,139,9,9-139-836,,http://www.wikidata.org/entity/Q123259852,,,
837,Saifai,139,9,9-139-837,,http://www.wikidata.org/entity/Q123259814,,,
838,Etawah,139,9,9-139-838,,http://www.wikidata.org/entity/Q123259726,,,
839,Bharthana,139,9,9-139-839,,http://www.wikidata.org/entity/Q123259832,,,
840,Chakarnagar,139,9,9-139-840,,http://www.wikidata.org/entity/Q123259579,,,
6158,Takha,139,9,9-139-6158,,http://www.wikidata.org/entity/Q123259658,,,
902,Rudauli,140,9,9-140-902,,http://www.wikidata.org/entity/Q123259691,,,
903,Milkipur,140,9,9-140-903,,http://www.wikidata.org/entity/Q123259833,,,
904,Sohawal,140,9,9-140-904,,http://www.wikidata.org/entity/Q123259642,,,
905,Ayodhya,140,9,9-140-905,,http://www.wikidata.org/entity/Q123259591,,,
906,Bikapur,140,9,9-140-906,,http://www.wikidata.org/entity/Q123259776,,,
830,Kaimganj,141,9,9-141-830,,http://www.wikidata.org/entity/Q20579237,,,
831,Amritpur,141,9,9-141-831,,http://www.wikidata.org/entity/Q123259716,,,
832,Farrukhabad,141,9,9-141-832,,http://www.wikidata.org/entity/Q123259571,,,
877,Bindki,142,9,9-142-877,,http://www.wikidata.org/entity/Q123259816,,,
878,Fatehpur,142,9,9-142-878,,http://www.wikidata.org/entity/Q123259682,,,
879,Khaga,142,9,9-142-879,,http://www.wikidata.org/entity/Q123259818,,,
771,Tundla,143,9,9-143-771,,http://www.wikidata.org/entity/Q123259598,,,
772,Firozabad,143,9,9-143-772,,http://www.wikidata.org/entity/Q123259569,,,
773,Jasrana,143,9,9-143-773,,http://www.wikidata.org/entity/Q123259653,,,
774,Shikohabad,143,9,9-143-774,,http://www.wikidata.org/entity/Q123259656,,,
6161,Sirsaganj,143,9,9-143-6161,,http://www.wikidata.org/entity/Q123259600,,,
742,Dadri,144,9,9-144-742,,http://www.wikidata.org/entity/Q123259870,,,
743,Gautam Buddha Nagar,144,9,9-144-743,,http://www.wikidata.org/entity/Q123259587,,,
744,Jewar,144,9,9-144-744,,http://www.wikidata.org/entity/Q123259885,,,
738,Modinagar,145,9,9-145-738,,http://www.wikidata.org/entity/Q123259756,,,
739,Ghaziabad,145,9,9-145-739,,http://www.wikidata.org/entity/Q26789449,,,
6089,Loni,145,9,9-145-6089,,http://www.wikidata.org/entity/Q123259869,,,
987,Jakhania,146,9,9-146-987,,http://www.wikidata.org/entity/Q123259761,,,
988,Saidpur,146,9,9-146-988,,http://www.wikidata.org/entity/Q123259723,,,
989,Ghazipur,146,9,9-146-989,,http://www.wikidata.org/entity/Q123259640,,,
990,Mohammadabad,146,9,9-146-990,,http://www.wikidata.org/entity/Q123259686,,,
991,Zamania,146,9,9-146-991,,http://www.wikidata.org/entity/Q123259575,,,
6834,Kasimabad,146,9,9-146-6834,,http://www.wikidata.org/entity/Q123259768,,,
6835,Sevrai,146,9,9-146-6835,,http://www.wikidata.org/entity/Q123259556,,,
928,Gonda,147,9,9-147-928,,http://www.wikidata.org/entity/Q123259702,,,
929,Colonelganj,147,9,9-147-929,,http://www.wikidata.org/entity/Q123259599,,,
930,Tarabganj,147,9,9-147-930,,http://www.wikidata.org/entity/Q123259865,,,
931,Mankapur,147,9,9-147-931,,http://www.wikidata.org/entity/Q123259900,,,
948,Campierganj,148,9,9-148-948,,http://www.wikidata.org/entity/Q123259553,,,
949,Sahjanwa,148,9,9-148-949,,http://www.wikidata.org/entity/Q123259628,,,
950,Gorakhpur,148,9,9-148-950,,http://www.wikidata.org/entity/Q123259684,,,
951,Chauri Chaura,148,9,9-148-951,,http://www.wikidata.org/entity/Q123259781,,,
952,Bansgaon,148,9,9-148-952,,http://www.wikidata.org/entity/Q123259872,,,
953,Khajni,148,9,9-148-953,,http://www.wikidata.org/entity/Q123259720,,,
954,Gola,148,9,9-148-954,,http://www.wikidata.org/entity/Q123259655,,,
864,Hamirpur,149,9,9-149-864,,http://www.wikidata.org/entity/Q123259886,,,
865,Rath,149,9,9-149-865,,http://www.wikidata.org/entity/Q123259719,,,
866,Sarila,149,9,9-149-866,,http://www.wikidata.org/entity/Q123259636,,,
867,Maudaha,149,9,9-149-867,,http://www.wikidata.org/entity/Q123259743,,,
809,Shahabad,150,9,9-150-809,,http://www.wikidata.org/entity/Q123259664,,,
810,Sawayajpur,150,9,9-150-810,,http://www.wikidata.org/entity/Q123259845,,,
811,Hardoi,150,9,9-150-811,,http://www.wikidata.org/entity/Q123259751,,,
812,Bilgram,150,9,9-150-812,,http://www.wikidata.org/entity/Q123259671,,,
813,Sandila,150,9,9-150-813,,http://www.wikidata.org/entity/Q123259771,,,
851,Madhogarh,151,9,9-151-851,,http://www.wikidata.org/entity/Q123259758,,,
852,Jalaun,151,9,9-151-852,,http://www.wikidata.org/entity/Q123259829,,,
853,Kalpi,151,9,9-151-853,,http://www.wikidata.org/entity/Q123259654,,,
854,Orai,151,9,9-151-854,,http://www.wikidata.org/entity/Q123259662,,,
855,Konch,151,9,9-151-855,,http://www.wikidata.org/entity/Q123259882,,,
981,Shahganj,152,9,9-152-981,,http://www.wikidata.org/entity/Q123259624,,,
982,Badlapur,152,9,9-152-982,,http://www.wikidata.org/entity/Q123259741,,,
983,Machhlishahr,152,9,9-152-983,,http://www.wikidata.org/entity/Q123259638,,,
984,Jaunpur,152,9,9-152-984,,http://www.wikidata.org/entity/Q123259679,,,
985,Mariahu,152,9,9-152-985,,http://www.wikidata.org/entity/Q123259780,,,
986,Kerakat,152,9,9-152-986,,http://www.wikidata.org/entity/Q123259754,,,
856,Moth,153,9,9-153-856,,http://www.wikidata.org/entity/Q123259760,,,
857,Garautha,153,9,9-153-857,,http://www.wikidata.org/entity/Q123259611,,,
858,Tahrauli,153,9,9-153-858,,http://www.wikidata.org/entity/Q123259680,,,
859,Mauranipur,153,9,9-153-859,,http://www.wikidata.org/entity/Q123259866,,,
860,Jhansi,153,9,9-153-860,,http://www.wikidata.org/entity/Q123259582,,,
729,Dhanaura,154,9,9-154-729,,http://www.wikidata.org/entity/Q123259699,,,
730,Amroha,154,9,9-154-730,,http://www.wikidata.org/entity/Q123259566,,,
731,Hasanpur,154,9,9-154-731,,http://www.wikidata.org/entity/Q123259864,,,
6831,Naugawan Sadat,154,9,9-154-6831,,http://www.wikidata.org/entity/Q123259564,,,
833,Chhibramau,155,9,9-155-833,,http://www.wikidata.org/entity/Q123259715,,,
834,Kannauj,155,9,9-155-834,,http://www.wikidata.org/entity/Q123259626,,,
835,Tirwa,155,9,9-155-835,,http://www.wikidata.org/entity/Q123259812,,,
843,Rasulabad,156,9,9-156-843,,http://www.wikidata.org/entity/Q123259762,,,
844,Derapur,156,9,9-156-844,,http://www.wikidata.org/entity/Q123259577,,,
845,Akbarpur,156,9,9-156-845,,http://www.wikidata.org/entity/Q123259839,,,
846,Bhognipur,156,9,9-156-846,,http://www.wikidata.org/entity/Q123259705,,,
847,Sikandra,156,9,9-156-847,,http://www.wikidata.org/entity/Q123259622,,,
6871,Maitha,156,9,9-156-6871,,http://www.wikidata.org/entity/Q123259766,,,
848,Bilhaur,157,9,9-157-848,,http://www.wikidata.org/entity/Q123259623,,,
849,Kanpur,157,9,9-157-849,,http://www.wikidata.org/entity/Q123259874,,,
850,Ghatampur,157,9,9-157-850,,http://www.wikidata.org/entity/Q123259585,,,
6163,Narwal,157,9,9-157-6163,,http://www.wikidata.org/entity/Q123259863,,,
885,Sirathu,158,9,9-158-885,,http://www.wikidata.org/entity/Q123259560,,,
886,Manjhanpur,158,9,9-158-886,,http://www.wikidata.org/entity/Q123259896,,,
887,Chail,158,9,9-158-887,,http://www.wikidata.org/entity/Q123259746,,,
797,Nighasan,159,9,9-159-797,,http://www.wikidata.org/entity/Q123259562,,,
798,Palia,159,9,9-159-798,,http://www.wikidata.org/entity/Q123259749,,,
799,Gola Gokaran Nath,159,9,9-159-799,,http://www.wikidata.org/entity/Q123259618,,,
800,Mohammdi,159,9,9-159-800,,http://www.wikidata.org/entity/Q123259861,,,
801,Lakhimpur,159,9,9-159-801,,http://www.wikidata.org/entity/Q123259713,,,
802,Dhaurahara,159,9,9-159-802,,http://www.wikidata.org/entity/Q123259739,,,
6875,Mitauli,159,9,9-159-6875,,http://www.wikidata.org/entity/Q123259897,,,
955,Padrauna,160,9,9-160-955,,http://www.wikidata.org/entity/Q123259557,,,
956,Hata,160,9,9-160-956,,http://www.wikidata.org/entity/Q123259785,,,
957,Kasya,160,9,9-160-957,,http://www.wikidata.org/entity/Q123259594,,,
958,Tamkuhi Raj,160,9,9-160-958,,http://www.wikidata.org/entity/Q123259717,,,
6878,Khadda,160,9,9-160-6878,,http://www.wikidata.org/entity/Q123259604,,,
6879,Kaptanganj,160,9,9-160-6879,,http://www.wikidata.org/entity/Q123259692,,,
861,Talbehat,161,9,9-161-861,,http://www.wikidata.org/entity/Q123259707,,,
862,Lalitpur,161,9,9-161-862,,http://www.wikidata.org/entity/Q123259795,,,
863,Mahroni,161,9,9-161-863,,http://www.wikidata.org/entity/Q123259868,,,
6369,Madawara,161,9,9-161-6369,,http://www.wikidata.org/entity/Q123259871,,,
6881,Pali,161,9,9-161-6881,,http://www.wikidata.org/entity/Q123259568,,,
819,Malihabad,162,9,9-162-819,,http://www.wikidata.org/entity/Q123259697,,,
820,Bakshi Ka Talab,162,9,9-162-820,,http://www.wikidata.org/entity/Q123259774,,,
821,Sadar,162,9,9-162-821,,http://www.wikidata.org/entity/Q123259784,,,
822,Mohanlalganj,162,9,9-162-822,,http://www.wikidata.org/entity/Q123259788,,,
6094,Sarojani Nagar,162,9,9-162-6094,,http://www.wikidata.org/entity/Q123259681,,,
757,Sasni,163,9,9-163-757,,http://www.wikidata.org/entity/Q123259742,,,
758,Sikandra Rao,163,9,9-163-758,,http://www.wikidata.org/entity/Q123259559,,,
759,Hathras,163,9,9-163-759,,http://www.wikidata.org/entity/Q123259828,,,
760,Sadabad,163,9,9-163-760,,http://www.wikidata.org/entity/Q123259674,,,
944,Nautanwa,164,9,9-164-944,,http://www.wikidata.org/entity/Q123259693,,,
945,Nichlaul,164,9,9-164-945,,http://www.wikidata.org/entity/Q123259847,,,
946,Pharenda,164,9,9-164-946,,http://www.wikidata.org/entity/Q123259619,,,
947,Maharajganj,164,9,9-164-947,,http://www.wikidata.org/entity/Q123259789,,,
868,Kulpahar,165,9,9-165-868,,http://www.wikidata.org/entity/Q123259850,,,
869,Charkhari,165,9,9-165-869,,http://www.wikidata.org/entity/Q123259690,,,
870,Mahoba,165,9,9-165-870,,http://www.wikidata.org/entity/Q123259895,,,
775,Mainpuri,166,9,9-166-775,,http://www.wikidata.org/entity/Q123259581,,,
776,Karhal,166,9,9-166-776,,http://www.wikidata.org/entity/Q123259602,,,
777,Bhogaon,166,9,9-166-777,,http://www.wikidata.org/entity/Q123259712,,,
6872,Kishni,166,9,9-166-6872,,http://www.wikidata.org/entity/Q123259894,,,
6873,Ghiror,166,9,9-166-6873,,http://www.wikidata.org/entity/Q123259724,,,
6874,Kurawali,166,9,9-166-6874,,http://www.wikidata.org/entity/Q123259805,,,
761,Chhata,167,9,9-167-761,,http://www.wikidata.org/entity/Q20588692,,,
762,Mant,167,9,9-167-762,,http://www.wikidata.org/entity/Q20598352,,,
763,Mahavan,167,9,9-167-763,,http://www.wikidata.org/entity/Q20598189,,,
764,Mathura,167,9,9-167-764,,http://www.wikidata.org/entity/Q20595912,,,
6832,Govardhan,167,9,9-167-6832,,http://www.wikidata.org/entity/Q123259859,,,
971,Ghosi,168,9,9-168-971,,http://www.wikidata.org/entity/Q123259589,,,
972,Madhuban,168,9,9-168-972,,http://www.wikidata.org/entity/Q123259748,,,
973,Maunath Bhanjan,168,9,9-168-973,,http://www.wikidata.org/entity/Q123259578,,,
974,Muhammadabad Gohna,168,9,9-168-974,,http://www.wikidata.org/entity/Q31352765,,,
732,Sardhana,169,9,9-169-732,,http://www.wikidata.org/entity/Q123259759,,,
733,Mawana,169,9,9-169-733,,http://www.wikidata.org/entity/Q123259889,,,
734,Meerut,169,9,9-169-734,,http://www.wikidata.org/entity/Q123259652,,,
1000,Mirzapur,170,9,9-170-1000,,http://www.wikidata.org/entity/Q123259580,,,
1001,Lalganj,170,9,9-170-1001,,http://www.wikidata.org/entity/Q123259583,,,
1002,Marihan,170,9,9-170-1002,,http://www.wikidata.org/entity/Q123259708,,,
1003,Chunar,170,9,9-170-1003,,http://www.wikidata.org/entity/Q123259593,,,
717,Thakurdwara,171,9,9-171-717,,http://www.wikidata.org/entity/Q123259601,,,
718,Kanth,171,9,9-171-718,,http://www.wikidata.org/entity/Q123259782,,,
719,Moradabad,171,9,9-171-719,,http://www.wikidata.org/entity/Q123259694,,,
720,Bilari,171,9,9-171-720,,http://www.wikidata.org/entity/Q20593517,,,
708,Muzaffarnagar,172,9,9-172-708,,http://www.wikidata.org/entity/Q123259561,,,
709,Budhana,172,9,9-172-709,,http://www.wikidata.org/entity/Q123259605,,,
710,Khatauli,172,9,9-172-710,,http://www.wikidata.org/entity/Q123259660,,,
711,Jansath,172,9,9-172-711,,http://www.wikidata.org/entity/Q123259797,,,
790,Pilibhit,173,9,9-173-790,,http://www.wikidata.org/entity/Q123259711,,,
791,Bisalpur,173,9,9-173-791,,http://www.wikidata.org/entity/Q123259775,,,
792,Puranpur,173,9,9-173-792,,http://www.wikidata.org/entity/Q123259629,,,
6866,Kalinagar,173,9,9-173-6866,,http://www.wikidata.org/entity/Q123259779,,,
6867,Amariya,173,9,9-173-6867,,http://www.wikidata.org/entity/Q123259633,,,
880,Lalganj,174,9,9-174-880,,http://www.wikidata.org/entity/Q123259607,,,
881,Kunda,174,9,9-174-881,,http://www.wikidata.org/entity/Q123259667,,,
882,Pratapgarh,174,9,9-174-882,,http://www.wikidata.org/entity/Q123259736,,,
883,Patti,174,9,9-174-883,,http://www.wikidata.org/entity/Q123259851,,,
884,Raniganj,174,9,9-174-884,,http://www.wikidata.org/entity/Q123259608,,,
823,Maharajganj,175,9,9-175-823,,http://www.wikidata.org/entity/Q123259884,,,
825,Rae Bareli,175,9,9-175-825,,http://www.wikidata.org/entity/Q123259807,,,
826,Lalganj,175,9,9-175-826,,http://www.wikidata.org/entity/Q123259651,,,
827,Dalmau,175,9,9-175-827,,http://www.wikidata.org/entity/Q123259703,,,
828,Unchahar,175,9,9-175-828,,http://www.wikidata.org/entity/Q123259727,,,
829,Salon,175,9,9-175-829,,http://www.wikidata.org/entity/Q123259794,,,
723,Suar,176,9,9-176-723,,http://www.wikidata.org/entity/Q123259822,,,
724,Tanda,176,9,9-176-724,,http://www.wikidata.org/entity/Q123259848,,,
725,Bilaspur,176,9,9-176-725,,http://www.wikidata.org/entity/Q123259586,,,
726,Rampur,176,9,9-176-726,,http://www.wikidata.org/entity/Q123259858,,,
727,Shahabad,176,9,9-176-727,,http://www.wikidata.org/entity/Q123259846,,,
728,Milak,176,9,9-176-728,,http://www.wikidata.org/entity/Q123259612,,,
701,Behat,177,9,9-177-701,,http://www.wikidata.org/entity/Q123259558,,,
702,Saharanpur,177,9,9-177-702,,http://www.wikidata.org/entity/Q123259647,,,
703,Nakur,177,9,9-177-703,,http://www.wikidata.org/entity/Q123259673,,,
704,Deoband,177,9,9-177-704,,http://www.wikidata.org/entity/Q123259613,,,
705,Rampur Maniharan,177,9,9-177-705,,http://www.wikidata.org/entity/Q123259573,,,
941,Mehdawal,178,9,9-178-941,,http://www.wikidata.org/entity/Q123259903,,,
942,Khalilabad,178,9,9-178-942,,http://www.wikidata.org/entity/Q123259877,,,
943,Ghanghata,178,9,9-178-943,,http://www.wikidata.org/entity/Q123259796,,,
997,Bhadohi,179,9,9-179-997,,http://www.wikidata.org/entity/Q123259588,,,
998,Gyanpur,179,9,9-179-998,,http://www.wikidata.org/entity/Q123259663,,,
999,Aurai,179,9,9-179-999,,http://www.wikidata.org/entity/Q123259590,,,
793,Powayan,180,9,9-180-793,,http://www.wikidata.org/entity/Q123259778,,,
794,Tilhar,180,9,9-180-794,,http://www.wikidata.org/entity/Q123259899,,,
795,Shahjahanpur,180,9,9-180-795,,http://www.wikidata.org/entity/Q123259826,,,
796,Jalalabad,180,9,9-180-796,,http://www.wikidata.org/entity/Q123259563,,,
6882,Kalan,180,9,9-180-6882,,http://www.wikidata.org/entity/Q123259800,,,
923,Bhinga,181,9,9-181-923,,http://www.wikidata.org/entity/Q123259810,,,
924,Ikauna,181,9,9-181-924,,http://www.wikidata.org/entity/Q123259853,,,
6164,Jamunaha,181,9,9-181-6164,,http://www.wikidata.org/entity/Q123259755,,,
932,Shohratgarh,182,9,9-182-932,,http://www.wikidata.org/entity/Q123259817,,,
933,Naugarh,182,9,9-182-933,,http://www.wikidata.org/entity/Q123259572,,,
934,Bansi,182,9,9-182-934,,http://www.wikidata.org/entity/Q123259661,,,
935,Itwa,182,9,9-182-935,,http://www.wikidata.org/entity/Q123259634,,,
936,Domariyaganj,182,9,9-182-936,,http://www.wikidata.org/entity/Q123259753,,,
803,Misrikh,183,9,9-183-803,,http://www.wikidata.org/entity/Q123259765,,,
804,Sitapur,183,9,9-183-804,,http://www.wikidata.org/entity/Q123259893,,,
805,Laharpur,183,9,9-183-805,,http://www.wikidata.org/entity/Q123259791,,,
806,Biswan,183,9,9-183-806,,http://www.wikidata.org/entity/Q123259632,,,
807,Mahmudabad,183,9,9-183-807,,http://www.wikidata.org/entity/Q123259881,,,
808,Sidhauli,183,9,9-183-808,,http://www.wikidata.org/entity/Q123259873,,,
6880,Maholi,183,9,9-183-6880,,http://www.wikidata.org/entity/Q123259570,,,
1004,Ghorawal,184,9,9-184-1004,,http://www.wikidata.org/entity/Q123259672,,,
1005,Robertsganj,184,9,9-184-1005,,http://www.wikidata.org/entity/Q123259706,,,
1006,Dudhi,184,9,9-184-1006,,http://www.wikidata.org/entity/Q123259752,,,
7127,Obra,184,9,9-184-7127,,http://www.wikidata.org/entity/Q123259584,,,
915,Sultanpur,185,9,9-185-915,,http://www.wikidata.org/entity/Q123259890,,,
916,Jaisinghpur,185,9,9-185-916,,http://www.wikidata.org/entity/Q123259843,,,
917,Lambhua,185,9,9-185-917,,http://www.wikidata.org/entity/Q123259770,,,
918,Kadipur,185,9,9-185-918,,http://www.wikidata.org/entity/Q123259645,,,
6868,Baldirai,185,9,9-185-6868,,http://www.wikidata.org/entity/Q123259834,,,
814,Safipur,186,9,9-186-814,,http://www.wikidata.org/entity/Q123259831,,,
815,Hasanganj,186,9,9-186-815,,http://www.wikidata.org/entity/Q123259773,,,
816,Unnao,186,9,9-186-816,,http://www.wikidata.org/entity/Q123259798,,,
817,Purwa,186,9,9-186-817,,http://www.wikidata.org/entity/Q123259801,,,
818,Bighapur,186,9,9-186-818,,http://www.wikidata.org/entity/Q123259701,,,
6160,Bangarmau,186,9,9-186-6160,,http://www.wikidata.org/entity/Q123259856,,,
995,Pindra,187,9,9-187-995,,http://www.wikidata.org/entity/Q25247550,,,
996,Varanasi,187,9,9-187-996,,http://www.wikidata.org/entity/Q24933754,,,
6093,Rajatalab,187,9,9-187-6093,,http://www.wikidata.org/entity/Q123259740,,,
1010,Kasganj,633,9,9-633-1010,,http://www.wikidata.org/entity/Q123259606,,,
1011,Sahawar,633,9,9-633-1011,,http://www.wikidata.org/entity/Q123259825,,,
1012,Patiyali,633,9,9-633-1012,,http://www.wikidata.org/entity/Q123259806,,,
824,Tiloi,640,9,9-640-824,,http://www.wikidata.org/entity/Q123259665,,,
912,Musafirkhana,640,9,9-640-912,,http://www.wikidata.org/entity/Q123259860,,,
913,Gauriganj,640,9,9-640-913,,http://www.wikidata.org/entity/Q123259565,,,
914,Amethi,640,9,9-640-914,,http://www.wikidata.org/entity/Q123259813,,,
721,Sambhal,659,9,9-659-721,,http://www.wikidata.org/entity/Q123259597,,,
722,Chandausi,659,9,9-659-722,,http://www.wikidata.org/entity/Q123259657,,,
778,Gunnaur,659,9,9-659-778,,http://www.wikidata.org/entity/Q123259576,,,
706,Kairana,660,9,9-660-706,,http://www.wikidata.org/entity/Q123259821,,,
707,Shamli,660,9,9-660-707,,http://www.wikidata.org/entity/Q123259767,,,
6159,Un,660,9,9-660-6159,,http://www.wikidata.org/entity/Q123259842,,,
740,Hapur,661,9,9-661-740,,http://www.wikidata.org/entity/Q123259630,,,
741,Garhmukteshwar,661,9,9-661-741,,http://www.wikidata.org/entity/Q123259898,,,
6032,Dhaulana,661,9,9-661-6032,,http://www.wikidata.org/entity/Q123259635,,,
